event_id,domain,event_year,institution,event_type,policy_or_case,adoption_object,attitude_axis,benchmark_question,predicted_time_profile,source_url,notes
US-1933-GLASS-STEAGALL,finance,1933,Congress,adoption,Banking Act of 1933,Create FDIC and separate commercial from investment banking,financial stability; anti-speculation; public insurance,Should federal law insure deposits and restrict bank-securities affiliations?,High after Depression; later declines for separation by 1980s-1990s,https://www.federalreservehistory.org/essays/glass-steagall-act,Pairs naturally with 1999 GLBA repeal probe.
US-1933-PROHIBITION-REPEAL,morals_federalism,1933,constitutional_amendment,adoption,Twenty-first Amendment,Repeal national alcohol prohibition and return alcohol regulation to states,moral regulation; federalism; personal liberty,Would a national repeal of Prohibition be viewed as legitimate and politically adoptable?,High around 1930-1940; useful as early validation rather than late-adoption test,https://www.senate.gov/about/resources/pdf/twenty-first-amendment-nara.pdf,Good check that period text captures anti-Prohibition shift already underway.
US-1933-SECURITIES-ACT,finance_consumer_protection,1933,Congress,adoption,Securities Act of 1933,Require registration and disclosure for public securities offerings,investor protection; disclosure; anti-fraud; market confidence,Should federal law require securities issuers to disclose material information and register public offerings?,Low before the crash; high after 1929 and early New Deal financial reform,https://www.law.cornell.edu/wex/securities_act_of_1933,High-priority omission from v1; pairs with 1934 Exchange Act and later financial regulation.
US-1934-EXCHANGE-ACT,finance_state_capacity,1934,Congress,adoption,Securities Exchange Act of 1934,Create the SEC and regulate securities exchanges and secondary-market trading,expert regulation; anti-fraud; market structure; federal oversight,Should Congress create a federal commission to regulate securities exchanges and police securities fraud?,Low before the crash; high in the New Deal; contested during deregulatory periods,https://www.sec.gov/rules-regulations/2020/11/securities-exchange-act-1934,Core New Deal market-regulation event.
US-1934-IRA,native_policy,1934,Congress,adoption,Indian Reorganization Act,End allotment era and support tribal self-government structures,assimilation vs tribal sovereignty,Should federal Indian policy shift from allotment and assimilation toward tribal self-government?,Should rise in 1930s; weak in termination-era 1950s; rise again by 1970s,https://www.archives.gov/research/native-americans/indian-reorganization-act,Useful for non-race civil-rights sovereignty dimension.
US-1934-NATIONAL-HOUSING-ACT,housing_finance,1934,Congress,adoption,National Housing Act of 1934,Create the Federal Housing Administration and federal mortgage insurance,homeownership; mortgage finance; state-backed credit; racialized housing markets,Should federal policy insure mortgages and standardize long-term home finance to expand homeownership?,High in New Deal housing-finance reconstruction; later evaluated through race and credit-market consequences,https://www.hud.gov/aboutus/fhahistory,Adds housing-credit state capacity missing from v1.
US-1935-NIRA-SCHECHTER,state_capacity,1935,Supreme Court,judicial_invalidation,A.L.A. Schechter Poultry Corp. v. United States,Invalidate NIRA industrial codes on delegation and commerce grounds,administrative state; commerce power; separation of powers,Would broad presidential industry-code authority survive constitutional review?,1930 model may be ambiguous; post-1935 should know limits; post-1942 more permissive on commerce but not nondelegation,https://www.law.cornell.edu/wex/schechter_poultry_corp._v._united_states_%281935%29,Court-blocked policy path.
US-1935-NLRA,labor,1935,Congress,adoption,National Labor Relations Act,Protect collective bargaining and create NLRB,labor power; union legitimacy; industrial peace,Should federal law guarantee private-sector employees the right to organize and bargain collectively?,Low-to-medium before New Deal; high by late 1930s-1950s; contested after 1970s,https://www.archives.gov/milestone-documents/national-labor-relations-act,Core labor benchmark.
US-1935-SOCIAL-SECURITY,social_insurance,1935,Congress,adoption,Social Security Act,Create federal old-age insurance and unemployment insurance framework,social insurance; poverty; federal responsibility,Should the federal government provide old-age and unemployment social insurance?,Low-to-medium in 1930; sharply higher after Depression and New Deal,https://www.archives.gov/milestone-documents/social-security-act,Anchor for welfare-state emergence.
US-1936-AAA-BUTLER,state_capacity,1936,Supreme Court,judicial_invalidation,United States v. Butler,Invalidate Agricultural Adjustment Act processing-tax scheme,federalism; spending power; farm stabilization,Could Congress tax processors to fund production controls in agriculture?,Should be constitutionally vulnerable in 1930s; less vulnerable after later spending-power settlement,https://supreme.justia.com/cases/federal/us/297/1/,Court-blocked New Deal policy.
US-1937-JONES-LAUGHLIN,labor_state_capacity,1937,Supreme Court,judicial_validation,NLRB v. Jones & Laughlin Steel Corp.,Uphold the National Labor Relations Act under the Commerce Clause,union rights; federal commerce power; industrial relations,Should federal protection of collective bargaining survive a Commerce Clause challenge?,Low before 1937; high after the constitutional switch; contested in later federalism eras,https://supreme.justia.com/cases/federal/us/301/1/,Court-validation pair for NLRA.
US-1937-WEST-COAST-HOTEL,labor,1937,Supreme Court,judicial_validation,West Coast Hotel v. Parrish,Uphold state minimum wage regulation,liberty of contract; labor standards; gendered protection,Should minimum wage laws survive due process challenges?,Weak before 1937; stronger after constitutional switch and FLSA,https://www.oyez.org/cases/1900-1940/300us379,Good judicial-regime shift probe.
US-1938-FDCA,consumer_health,1938,Congress,adoption,Federal Food Drug and Cosmetic Act,Require stronger federal oversight of food drugs and cosmetics,consumer protection; expert regulation; safety,Should federal law require premarket safety oversight for drugs and stronger food and cosmetic regulation?,High after 1930s safety scandals; remains high,https://www.fda.gov/about-fda/fda-history-research-tools/selected-food-drug-cosmetic-device-and-tobacco-laws,Consumer-protection anchor.
US-1938-FLSA,labor,1938,Congress,adoption,Fair Labor Standards Act,Create federal minimum wage overtime and child-labor standards,labor standards; federal commerce power,Should federal law set national minimum wages maximum hours and child-labor restrictions?,Rises from 1930 to late 1930s; remains central but contested,https://www.dol.gov/general/aboutdol/history/flsa1938,Pairs with West Coast Hotel and Darby/Wickard.
US-1941-EO8802,civil_rights,1941,President,executive_order,Executive Order 8802,Ban racial discrimination in defense-industry employment and create FEPC,race; war mobilization; employment equality,Should the President bar racial discrimination by defense contractors during mobilization?,Higher during WWII than 1930; precursor to later civil-rights statutes,https://www.archives.gov/federal-register/executive-orders/1941.html,Executive-action civil-rights bridge.
US-1942-WICKARD,state_capacity,1942,Supreme Court,judicial_validation,Wickard v. Filburn,Uphold federal crop quotas under broad Commerce Clause theory,commerce power; national markets; federal capacity,May Congress regulate local production for home use because of aggregate effects on interstate markets?,Low before 1937; high by 1940s-1970s; partially retrenched in 1990s,https://supreme.justia.com/cases/federal/us/317/111/,Important for constitutional feasibility of later regulation.
US-1944-GI-BILL,veterans_education_housing,1944,Congress,adoption,Servicemen's Readjustment Act of 1944,Provide veterans' education benefits unemployment support and home/business loan guarantees,veterans; education; homeownership; social citizenship; racial administration,Should the federal government provide broad education and housing-credit benefits to returning veterans?,Low-to-medium before WWII; high during wartime/postwar demobilization planning,https://www.archives.gov/milestone-documents/servicemens-readjustment-act,Major missing social-policy and housing event.
US-1944-KOREMATSU,civil_liberties_security,1944,Supreme Court,judicial_validation,Korematsu v. United States,Uphold wartime exclusion of Japanese Americans,national security; race; civil liberties,Would wartime mass exclusion based on Japanese ancestry be upheld as military necessity?,High during WWII; should fall sharply in postwar civil-rights era; formally repudiated later,https://www.oyez.org/cases/1940-1955/323us214,Useful reversal/backlash case.
US-1946-EMPLOYMENT-ACT,macroeconomic_governance,1946,Congress,adoption,Employment Act of 1946,Commit federal government to promote maximum employment production and purchasing power,macroeconomic management; federal responsibility,Should Congress declare federal responsibility for full employment and macroeconomic stabilization?,Low pre-Keynesian 1930; high after Depression and WWII,https://www.federalreservehistory.org/essays/employment-act-of-1946,Pairs with 1978 Humphrey-Hawkins.
US-1947-NATIONAL-SECURITY-ACT,security_state,1947,Congress,adoption,National Security Act of 1947,Create the National Security Council CIA and modern national-security institutional structure,Cold War; executive coordination; intelligence; permanent security state,Should the United States create permanent centralized national-security and intelligence institutions after WWII?,Low in 1930 isolationist/limited-state context; high after WWII and early Cold War,https://www.cia.gov/stories/story/ask-molly-the-national-security-act-of-1947/,Adds security-state institutional formation.
US-1947-TAFT-HARTLEY,labor,1947,Congress,adoption,Taft-Hartley Act,Restrict union practices and allow right-to-work laws,labor backlash; business power; union limits,Should federal labor law limit union secondary boycotts closed shops and other union tactics?,Low in mid-1930s labor upsurge; higher after postwar strike wave,https://www.nlrb.gov/about-nlrb/who-we-are/our-history/1947-taft-hartley-substantive-provisions,Backlash/counter-movement benchmark.
US-1948-EO9981,civil_rights,1948,President,executive_order,Executive Order 9981,Desegregate the U.S. Armed Forces,race; military equality; executive power,Should the President order equal treatment and opportunity in the armed services regardless of race?,Weak in 1930; stronger after WWII; high by civil-rights era,https://www.archives.gov/milestone-documents/executive-order-9981,Good precursor to 1954/1964.
US-1952-INA,immigration,1952,Congress,adoption,Immigration and Nationality Act of 1952,Codify immigration law while retaining national-origins quotas,national identity; anti-communism; racialized quotas,Should U.S. immigration law preserve national-origin quotas while consolidating immigration rules?,Likely high in 1930-1950 restrictionist text; should decline by 1960s,https://www.uscis.gov/laws-and-policy/legislation/immigration-and-nationality-act,Contrasts with 1965 Hart-Celler.
US-1952-YOUNGSTOWN,executive_power,1952,Supreme Court,judicial_invalidation,Youngstown Sheet & Tube Co. v. Sawyer,Reject presidential seizure of steel mills absent congressional authorization,executive power; war powers; property; labor conflict,Should the President be allowed to seize private steel mills during wartime labor conflict without statutory authorization?,More plausible during wartime mobilization; invalidation should rise with separation-of-powers constraints,https://supreme.justia.com/cases/federal/us/343/579/,Canonical executive-power constraint.
US-1954-BROWN,civil_rights,1954,Supreme Court,judicial_adoption,Brown v. Board of Education,Hold public-school segregation unconstitutional,race; equality; education; constitutional meaning,Should legally mandated racial segregation in public schools be unconstitutional?,Low in 1930; rising by 1950; high after 1960s national civil-rights settlement,https://brown.oyez.org/home/,Flagship attitude-shift case.
US-1956-HIGHWAY,infrastructure,1956,Congress,adoption,Federal-Aid Highway Act,Create interstate highway financing and construction program,infrastructure; defense; federal-state capacity,Should the federal government finance a national interstate highway system?,Low-to-medium in 1930; high by Cold War 1950s,https://www.fhwa.dot.gov/interstate/faq.cfm,Useful non-rights capacity policy.
US-1957-CIVIL-RIGHTS-ACT,civil_rights_democracy,1957,Congress,adoption,Civil Rights Act of 1957,Create federal civil-rights enforcement machinery and voting-rights tools,race; voting; federal enforcement; civil-rights moderation,Should Congress enact the first post-Reconstruction federal civil-rights statute to support voting-rights enforcement?,Low in 1930; rising after WWII and Brown; precursor to 1964/1965,https://history.house.gov/Historical-Highlights/1951-2000/The-Civil-Rights-Act-of-1957/,Important bridge between Brown and Great Society civil rights.
US-1961-MAPP,criminal_procedure,1961,Supreme Court,judicial_adoption,Mapp v. Ohio,Apply exclusionary rule to states,police power; privacy; due process,Should illegally obtained evidence be excluded in state criminal prosecutions?,Likely weak in 1930-1950; higher during Warren Court era; backlash after 1970s,https://supreme.justia.com/cases/federal/us/367/643/,Criminal procedure liberalization.
US-1962-BAKER,democracy,1962,Supreme Court,judicial_adoption,Baker v. Carr,Make legislative apportionment claims justiciable,democratic equality; courts in politics,Should federal courts hear challenges to malapportioned state legislatures?,Weak before Warren Court; strong by 1960s; remains institutionally contested,https://www.oyez.org/cases/1960/6,Pairs with Reynolds.
US-1962-ENGEL,religion_schools,1962,Supreme Court,judicial_adoption,Engel v. Vitale,Bar official school-sponsored prayer,church-state separation; public schools; pluralism,Should public schools be forbidden from composing and encouraging official prayer?,Likely low in 1930-1950; rises with church-state separation jurisprudence; contested after 1980s,https://www.uscourts.gov/about-federal-courts/educational-resources/educational-activities/first-amendment-activities/engel-v-vitale/facts-and-case-summary-engel-v-vitale,Good cultural-values probe.
US-1962-KEFAUVER-HARRIS,consumer_health,1962,Congress,adoption,Kefauver-Harris Drug Amendments,Require proof of drug efficacy and tighten clinical-trial regulation,expert regulation; consumer safety; pharma accountability,Should federal drug approval require substantial evidence of effectiveness as well as safety?,Medium before thalidomide; high by 1960s,https://www.fda.gov/about-fda/fda-history-research-tools/selected-food-drug-cosmetic-device-and-tobacco-laws,Science/regulatory-state benchmark.
US-1963-EQUAL-PAY,gender_labor,1963,Congress,adoption,Equal Pay Act,Prohibit sex-based wage discrimination for equal work,gender equality; labor markets; family wage,Should federal labor law require equal pay for substantially equal work regardless of sex?,Low-to-medium in 1930; rising by 1960s and 1970s,https://www.eeoc.gov/history/eeoc-history-law,Early statutory gender-rights probe.
US-1963-GIDEON,criminal_procedure,1963,Supreme Court,judicial_adoption,Gideon v. Wainwright,Require counsel for indigent felony defendants in state courts,criminal justice; due process; poverty,Must states provide lawyers to indigent felony defendants?,Low-to-medium before 1960; high after Warren Court due process revolution,https://www.oyez.org/cases/1962/155,Clear rights-expansion case.
US-1964-24TH-AMENDMENT,democracy_civil_rights,1964,constitutional_amendment,adoption,Twenty-fourth Amendment,Prohibit poll taxes in federal elections,voting rights; race; poverty; democratic access,Should the Constitution prohibit poll taxes as a condition for voting in federal elections?,Low in Jim Crow-era text; rising with civil-rights voting-rights mobilization,https://www.reaganlibrary.gov/constitutional-amendments-amendment-24-poll-taxes-barred,Pairs with Harper and Voting Rights Act.
US-1964-CIVIL-RIGHTS-ACT,civil_rights,1964,Congress,adoption,Civil Rights Act of 1964,Ban discrimination in public accommodations employment and federally funded programs,race; sex; markets; federal enforcement,Should Congress prohibit discrimination in public accommodations employment and federally funded programs?,Low in 1930; rising by 1950; high near 1964,https://www.congress.gov/bill/88th-congress/house-bill/7152,Flagship legislative civil-rights probe.
US-1964-ECONOMIC-OPPORTUNITY,poverty_social_policy,1964,Congress,adoption,Economic Opportunity Act of 1964,Create core War on Poverty programs including community action and Job Corps,poverty; federal responsibility; community action; human capital,Should the federal government launch a national anti-poverty program using community action job training and education programs?,Low-to-medium in 1930; rising after New Deal and postwar affluence; high in Great Society period,https://www.congress.gov/bill/88th-congress/senate-bill/2642/text,Major Great Society omission.
US-1964-HEART-ATLANTA,civil_rights_state_capacity,1964,Supreme Court,judicial_validation,Heart of Atlanta Motel v. United States,Uphold public-accommodations provisions of the Civil Rights Act under commerce power,race; public accommodations; commerce power; federal enforcement,Should Congress be able to prohibit racial discrimination by hotels and similar businesses using its commerce power?,Weak before civil-rights and broad-commerce settlement; high after 1964,https://supreme.justia.com/cases/federal/us/379/241/,Court-validation pair for Civil Rights Act of 1964.
US-1964-NYT-SULLIVAN,speech_press,1964,Supreme Court,judicial_adoption,New York Times Co. v. Sullivan,Constitutionalize actual-malice standard for public-official defamation,press freedom; civil-rights protest; public criticism,Should public officials face a high constitutional bar when suing critics for defamation?,Likely lower before 1960; high in rights-era press-protection framework,https://supreme.justia.com/cases/federal/us/376/254/,Useful for free-press attitudes.
US-1964-REYNOLDS,democracy,1964,Supreme Court,judicial_adoption,Reynolds v. Sims,Require roughly equal population in state legislative districts,political equality; rural-urban power,Should both chambers of state legislatures be apportioned on equal-population principles?,Weak in 1930-1950; high by 1960s reapportionment revolution,https://supreme.justia.com/cases/federal/us/377/533/,One-person-one-vote benchmark.
US-1965-ESEA,education,1965,Congress,adoption,Elementary and Secondary Education Act,Provide federal aid to schools serving low-income children,education equity; federal aid; poverty,Should the federal government fund local schools to reduce educational disadvantage?,Low-to-medium in 1930-1950; high in Great Society; contested in accountability era,https://www.ed.gov/sites/ed/files/documents/essa-act-of-1965.pdf,Useful federalism/education policy.
US-1965-GRISWOLD,privacy_family,1965,Supreme Court,judicial_adoption,Griswold v. Connecticut,Recognize married couples' constitutional right to use contraception,privacy; sexuality; marriage; morality,Should a state be barred from prohibiting married couples' use of contraception?,Low in 1930; rising by 1950-1960; high by 1970s,https://www.oyez.org/cases/1964/496,Foundation for later privacy/sexual-autonomy cases.
US-1965-HART-CELLER,immigration,1965,Congress,adoption,Immigration and Nationality Act Amendments of 1965,End national-origins quota system and prioritize family and skills categories,immigration; race; national identity,Should U.S. immigration law abolish national-origin quotas?,Low in 1930-1950; rising by 1960s civil-rights frame,https://history.house.gov/Historical-Highlights/1951-2000/Immigration-and-Nationality-Act-of-1965/,Excellent attitude-shift immigration probe.
US-1965-MEDICARE-MEDICAID,health_social_insurance,1965,Congress,adoption,Social Security Amendments of 1965,Create Medicare and Medicaid,health care; social insurance; poverty; aging,Should the federal government provide health insurance for the elderly and fund medical care for low-income groups?,Low in 1930-1940; rising after Social Security and postwar liberalism; high by 1965,https://www.cms.gov/History/,Core welfare-state expansion.
US-1965-VRA,democracy_civil_rights,1965,Congress,adoption,Voting Rights Act of 1965,Ban racial discrimination in voting and require preclearance in covered jurisdictions,race; democracy; federal enforcement,Should the federal government supervise state election rules where racial disenfranchisement is entrenched?,Low in 1930; rising by 1950; high by 1965; backlash after 1980s-2010s,https://visit.archives.gov/whats-on/explore-exhibits/polls-60-years-voting-rights-act,Pairs with Shelby County.
US-1966-FOIA,transparency,1966,Congress,adoption,Freedom of Information Act,Create enforceable public access to federal records,transparency; administrative accountability,Should citizens have a legal right to obtain federal agency records subject to exemptions?,Medium before 1960; higher with postwar administrative-state skepticism,https://history.house.gov/Historical-Highlights/1951-2000/hh_1966_07_04_FOIA/,Good governance probe.
US-1966-HARPER,democracy_civil_rights,1966,Supreme Court,judicial_adoption,Harper v. Virginia Board of Elections,Invalidate state poll taxes under Equal Protection,voting rights; poverty; race; political equality,Should state poll taxes be unconstitutional because wealth cannot condition the right to vote?,Low in 1930-1950; high in the mid-1960s voting-rights period,https://www.oyez.org/cases/1965/48,Extends Twenty-fourth Amendment principle to state elections.
US-1966-MIRANDA,criminal_procedure,1966,Supreme Court,judicial_adoption,Miranda v. Arizona,Require warnings before custodial interrogation,police power; defendant rights; coercion,Should police have to warn suspects of silence and counsel rights before interrogation?,Low in 1930-1950; high mid-1960s; backlash after crime-politics shift,https://www.oyez.org/cases/1965/759,Classic Warren Court attitude probe.
US-1967-KATZ,privacy_surveillance,1967,Supreme Court,judicial_adoption,Katz v. United States,Require warrant protection for electronic eavesdropping based on reasonable privacy expectations,privacy; technology; policing,Should wiretapping a public phone booth count as a Fourth Amendment search requiring a warrant?,Low-to-medium before electronic privacy frame; high after 1967; contested in digital era,https://www.oyez.org/cases/1967/35,Bridge to FISA and digital privacy.
US-1967-LOVING,civil_rights_family,1967,Supreme Court,judicial_adoption,Loving v. Virginia,Invalidate bans on interracial marriage,race; marriage; equality; privacy,Should state bans on interracial marriage be unconstitutional?,Very low in 1930; rising by 1950-1960; high after 1967,https://www.oyez.org/cases/1966/395,Strong social-attitude benchmark.
US-1968-FAIR-HOUSING,civil_rights_housing,1968,Congress,adoption,Fair Housing Act,Ban most housing discrimination and assign HUD enforcement,race; markets; neighborhood choice,Should federal law prohibit discrimination in housing sales rentals and financing?,Low in 1930-1950; rising in civil-rights era; high after urban unrest/open housing movement,https://www.hud.gov/aboutus/history,Housing-specific civil-rights probe.
US-1968-GUN-CONTROL,guns_crime,1968,Congress,adoption,Gun Control Act of 1968,Regulate interstate firearm commerce and prohibited purchasers,guns; crime; federal regulation; public safety,Should federal law restrict firearm sales to certain categories and regulate interstate gun commerce?,Rises after assassinations and crime concerns; contested strongly after 1970s,https://www.atf.gov/rules-and-regulations/laws-alcohol-tobacco-firearms-and-explosives/gun-control-act/brady-,Pairs with Heller/McDonald.
US-1968-TERRY,criminal_procedure_policing,1968,Supreme Court,judicial_mixed,Terry v. Ohio,Permit stop-and-frisk based on reasonable suspicion rather than probable cause,policing; street crime; privacy; public order,Should police be allowed to briefly stop and frisk people based on reasonable suspicion for officer safety?,More plausible with 1960s crime/public-order concern; contested by civil-liberties and racial-justice frames,https://supreme.justia.com/cases/federal/us/392/1/,Adds rights-limiting criminal procedure case.
US-1969-BRANDENBURG,speech,1969,Supreme Court,judicial_adoption,Brandenburg v. Ohio,Protect inflammatory advocacy absent imminent lawless action,radical speech; public order; First Amendment,Should extremist political advocacy be protected unless directed to inciting imminent lawless action?,Likely weak in Red Scare periods; high in late 1960s speech jurisprudence,https://supreme.justia.com/cases/federal/us/395/444/,Speech-libertarian benchmark.
US-1969-NEPA,environment,1969,Congress,adoption,National Environmental Policy Act,Require environmental impact review for major federal actions,environment; planning; procedural regulation,Should federal agencies have to assess environmental impacts before major actions?,Low in 1930-1950; rising in 1960s environmentalism; high by 1970,https://www.epa.gov/laws-regulations/summary-national-environmental-policy-act,Environmental procedural-state benchmark.
US-1969-TINKER,speech_schools,1969,Supreme Court,judicial_adoption,Tinker v. Des Moines,Protect student political speech in public schools,youth protest; schools; free expression,Should students be allowed to wear antiwar armbands absent material disruption?,Low in 1930-1950; higher in 1960s youth-rights context; contested after 1980s,https://supreme.justia.com/cases/federal/us/393/503/,Good Vietnam-era social-values probe.
US-1970-CLEAN-AIR,environment,1970,Congress,adoption,Clean Air Act Amendments of 1970,Create modern federal air-pollution regulatory structure and NAAQS,environment; public health; expert regulation,Should federal law impose national air-quality standards and empower EPA to regulate pollution sources?,Low in 1930; rising by 1960s; high by 1970,https://www.epa.gov/clean-air-act-overview/clean-air-act-requirements-and-history,Core environmental benchmark.
US-1970-CSA,drug_policy,1970,Congress,adoption,Controlled Substances Act,Create federal drug scheduling and enforcement framework,drugs; public health; punishment; federal police power,Should federal law schedule controlled substances and criminalize unauthorized manufacture distribution and possession?,Rises in 1960s-1970s law-and-order and drug-control context; later contested,https://www.dea.gov/drug-information/csa,Important for drug-war trajectory.
US-1970-OSHA,labor_health,1970,Congress,adoption,Occupational Safety and Health Act,Create OSHA and national workplace safety standards,worker safety; expert regulation; employer duties,Should federal law set and enforce workplace safety and health standards?,Low in 1930; rising through labor/consumer movements; high by 1970,https://www.osha.gov/osha50,Workplace regulatory-state benchmark.
US-1971-26TH,democracy_youth,1971,constitutional_amendment,adoption,Twenty-sixth Amendment,Lower voting age to 18 nationwide,youth citizenship; war; democracy,Should 18-year-olds have the constitutional right to vote?,Low in 1930; rising with WWII/Korea/Vietnam age-of-service arguments; high by 1971,https://www.reaganlibrary.gov/constitutional-amendments-amendment-26-voting-age-eighteen,Clear youth-attitude probe.
US-1971-FECA,campaign_finance,1971,Congress,adoption,Federal Election Campaign Act of 1971 and 1974 amendments,Regulate federal campaign contributions expenditures disclosure and public financing,campaign finance; corruption; transparency; political equality,Should federal law impose disclosure contribution limits and public-financing rules on federal campaigns?,Low before modern campaign-media costs; rising after television politics and Watergate-era reform,https://www.fec.gov/legal-resources/court-cases/buckley-v-valeo/,Adoption pair for Buckley.
US-1971-LEMON,religion,1971,Supreme Court,judicial_adoption,Lemon v. Kurtzman,Apply strict Establishment Clause test to state aid for religious schools,church-state separation; education; pluralism,Should public aid to religious-school teachers be invalidated under an anti-entanglement rule?,Low in 1930-1950; high in 1970s separationist doctrine; declines by 2000s-2020s,https://supreme.justia.com/cases/federal/us/403/602/,Nonmonotone doctrine benchmark.
US-1971-PENTAGON-PAPERS,speech_security,1971,Supreme Court,judicial_adoption,New York Times Co. v. United States,Reject prior restraint against publishing Pentagon Papers,press freedom; national security; Vietnam,Should the government be barred from prior restraint of classified war-history publication absent extraordinary proof?,Weak in wartime-security eras; high after Vietnam press-skepticism,https://supreme.justia.com/cases/federal/us/403/713/,Security vs press benchmark.
US-1972-CLEAN-WATER,environment,1972,Congress,adoption,Clean Water Act Amendments,Regulate pollutant discharges and create permit system,environment; water quality; industrial regulation,Should federal law require permits for pollutant discharges into navigable waters?,Low in 1930; rising by 1960s; high by 1972,https://www.epa.gov/laws-regulations/history-clean-water-act,Core environmental benchmark.
US-1972-FURMAN,criminal_justice,1972,Supreme Court,judicial_invalidation,Furman v. Georgia,Invalidate existing death-penalty schemes as arbitrary,punishment; race; procedural fairness,Should existing death-penalty statutes be unconstitutional because of arbitrary application?,Low in 1930-1950; higher in rights era; partially reversed by 1976,https://supreme.justia.com/cases/federal/us/408/238/,Nonmonotone court policy.
US-1972-TITLE-IX,gender_education,1972,Congress,adoption,Title IX of Education Amendments,Prohibit sex discrimination in federally funded education,gender equality; education; federal enforcement,Should federally funded schools and colleges be barred from sex discrimination?,Low in 1930; rising in 1960s feminism; high by 1970s,https://www.hhs.gov/civil-rights/for-individuals/sex-discrimination/title-ix-education-amendments/index.html,Gender-rights flagship.
US-1972-YODER,religion_education,1972,Supreme Court,judicial_adoption,Wisconsin v. Yoder,Exempt Amish parents from compulsory schooling beyond eighth grade,religious liberty; parental authority; education,Should religious parents be exempt from compulsory high-school attendance requirements?,Potentially medium across periods; stronger with free-exercise framing,https://supreme.justia.com/cases/federal/us/406/205/,Useful because not simply progressive/rights-expansion.
US-1973-ESA,environment,1973,Congress,adoption,Endangered Species Act,Protect listed species and critical habitat with strong federal duties,environment; biodiversity; property limits,Should federal law strongly protect endangered species even when development is restricted?,Low in 1930-1950; rising environmentalism by 1970s; contested after 1980s,https://www.fws.gov/law/endangered-species-act,Strong land-use/regulatory benchmark.
US-1973-REHABILITATION,disability_rights,1973,Congress,adoption,Rehabilitation Act of 1973,Prohibit disability discrimination in federally funded programs and federal employment contexts,disability; civil rights; accommodation; federal funding,Should programs receiving federal funds be barred from discriminating on the basis of disability?,Low in 1930-1950 charity/medical frames; rising in rights era; high by 1970s,https://www.ed.gov/laws-and-policy/individuals-disabilities/section-504,Pre-ADA disability-rights anchor.
US-1973-RODRIGUEZ,education_equality,1973,Supreme Court,judicial_invalidation,San Antonio Independent School District v. Rodriguez,Reject federal equal-protection challenge to unequal school financing,education equality; poverty; federalism; local finance,Should unequal local school-finance systems be treated as unconstitutional under federal equal protection?,More plausible in late Warren/early rights-expansion climate; rejected as Burger Court retrenchment develops,https://www.oyez.org/cases/1972/71-1332,Important education-equality limit.
US-1973-ROE,privacy_family,1973,Supreme Court,judicial_adoption,Roe v. Wade,Recognize constitutional abortion right under trimester framework,abortion; privacy; gender; morality,Should the Constitution protect abortion access before viability from broad state prohibition?,Very low in 1930; rising by 1960s-1970s; later polarizes and reverses in 2022,https://supreme.justia.com/cases/federal/us/410/113/,High-value reversal benchmark.
US-1973-WAR-POWERS,executive_power_security,1973,Congress,adoption,War Powers Resolution,Require presidential consultation and reporting for military action and impose time limits absent authorization,Vietnam; executive power; congressional war powers; accountability,Should Congress impose statutory limits and reporting requirements on unilateral presidential military deployments?,Low during WWII/early Cold War executive deference; high after Vietnam,https://www.congress.gov/bill/93rd-congress/house-joint-resolution/653,Major executive-power backlash event.
US-1974-ECOA,credit_civil_rights,1974,Congress,adoption,Equal Credit Opportunity Act,Prohibit creditor discrimination on race sex marital status age and related grounds,gender; race; credit markets; consumer protection,Should lenders be barred from discriminating in credit decisions based on sex marital status race age or similar traits?,Low in 1930-1950 household-credit norms; rising after civil-rights and feminist movements,https://www.consumerfinance.gov/rules-policy/regulations/1002/,Important credit-market civil-rights row.
US-1974-ERISA,labor_benefits,1974,Congress,adoption,Employee Retirement Income Security Act,Regulate private pension and benefit plans,worker security; private welfare state; fiduciary regulation,Should federal law set fiduciary and funding standards for employer pension plans?,Low in 1930; higher as private benefits mature postwar; high by 1970s,https://www.dol.gov/general/topic/retirement/erisa,Technical but important social-policy benchmark.
US-1974-MILLIKEN,civil_rights_education,1974,Supreme Court,judicial_invalidation,Milliken v. Bradley,Limit interdistrict school-desegregation remedies absent interdistrict violation,school desegregation; local control; race; suburban boundaries,Should courts impose metropolitan-wide school desegregation remedies across district lines without proving each district violated the Constitution?,More plausible after Brown and busing remedies; declines with 1970s desegregation backlash/local-control concerns,https://www.oyez.org/cases/1973/73-434,Important rights-retrenchment pair for Brown.
US-1974-PRIVACY-ACT,privacy_governance,1974,Congress,adoption,Privacy Act of 1974,Regulate federal agency records about individuals,privacy; databases; administrative accountability,Should individuals have rights to access correct and limit disclosure of federal personal records?,Low before computerization/Watergate; high by 1970s,https://www.justice.gov/opcl/overview-privacy-act-1974-2020-edition,Bridge to data/privacy policy.
US-1975-IDEA,disability_education,1975,Congress,adoption,Education for All Handicapped Children Act,Guarantee free appropriate public education for children with disabilities,disability; education; inclusion; federal mandates,Should federal law require public schools to provide appropriate education to children with disabilities?,Low before disability-rights mobilization; rising by 1970s rights and education reform,https://sites.ed.gov/idea/about-idea/,Renamed IDEA in 1990; pre-ADA disability education anchor.
US-1975-ISDEAA,native_policy,1975,Congress,adoption,Indian Self-Determination and Education Assistance Act,Allow tribes to contract and administer federal Indian programs,tribal sovereignty; self-determination; federal trust,Should federally recognized tribes directly manage programs formerly run by federal agencies?,Weak in 1950s termination era; rising sharply by 1970s,https://www.bia.gov/index.php/bia/ois/dsd/Training/About,Pairs with 1934 IRA and 1978 ICWA.
US-1976-BUCKLEY,campaign_finance,1976,Supreme Court,judicial_mixed,Buckley v. Valeo,Uphold contribution limits and disclosure while invalidating expenditure limits,money in politics; speech; corruption; equality,Should campaign spending limits be invalidated as speech restrictions while contribution limits and disclosure survive?,Weak before modern campaign-finance regime; high after Watergate reform and First Amendment campaign-spending doctrine,https://www.oyez.org/cases/1975/75-436,Core bridge to Citizens United.
US-1976-GREGG,criminal_justice,1976,Supreme Court,judicial_validation,Gregg v. Georgia,Permit death penalty under guided-discretion statutes,punishment; retribution; procedural regulation,Should revised death-penalty laws survive after procedural safeguards are added?,Low immediately after Furman; higher in 1970s law-and-order context,https://supreme.justia.com/cases/federal/us/428/153/,Backlash/re-equilibration after Furman.
US-1976-TSCA,environment_consumer,1976,Congress,adoption,Toxic Substances Control Act,Regulate chemicals posing unreasonable risk,chemical safety; expert regulation; industry oversight,Should EPA have authority to require testing and regulate toxic chemicals?,Low in 1930-1950; rising by 1970s environmental health concern,https://www.epa.gov/laws-regulations/summary-toxic-substances-control-act,Complements FDA and environmental rows.
US-1977-CRA,housing_credit,1977,Congress,adoption,Community Reinvestment Act,Require bank regulators to evaluate whether banks meet local credit needs including low- and moderate-income neighborhoods,redlining; banking; racial inequality; community investment,Should banks have a federal obligation to help meet credit needs in communities where they operate?,Low in 1930-1950; rising after fair-housing and anti-redlining movements,https://www.federalreservehistory.org/essays/community-reinvestment-act,High-priority housing-credit civil-rights event.
US-1977-FED-DUAL-MANDATE,macroeconomic_governance,1977,Congress,adoption,Federal Reserve Reform Act,Write maximum employment and stable prices goals into Federal Reserve Act,inflation; employment; central-bank mandate,Should the Federal Reserve have statutory goals of maximum employment and stable prices?,Low before postwar macro policy; high by 1970s but shifts with inflation concerns,https://www.federalreserve.gov/aboutthefed/fract.htm,Pairs with 1946 and 1978.
US-1978-AIRLINE-DEREG,deregulation,1978,Congress,adoption,Airline Deregulation Act,Deregulate airline routes fares and market entry,competition; consumer prices; regulatory capture,Should federal regulators stop controlling airline routes and fares?,Low in 1930-1960 regulated-economy eras; rising in 1970s deregulation turn,https://www.faa.gov/about/history/brief_history,Key deregulatory shift.
US-1978-BAKKE,civil_rights_education,1978,Supreme Court,judicial_mixed,Regents of the University of California v. Bakke,Reject racial quotas but allow race as one admissions factor,affirmative action; remedial equality; merit,Should universities be allowed to consider race to achieve diversity while forbidding fixed quotas?,Low in 1930; rises after civil-rights era; contested by 1970s and later declines,https://www.oyez.org/cases/1979/76-811,Excellent nonmonotone civil-rights benchmark.
US-1978-FISA,privacy_security,1978,Congress,adoption,Foreign Intelligence Surveillance Act,Create court-supervised foreign intelligence surveillance process,national security; surveillance; oversight,Should foreign-intelligence surveillance inside the U.S. require statutory court oversight?,Low before Church Committee; high after 1970s intelligence-abuse revelations; altered after 2001,https://www.intelligence.senate.gov/1978/10/25/laws-foreign-intelligence-surveillance-act-1978-originally-enacted/,Privacy/security institutional benchmark.
US-1978-HUMPHREY-HAWKINS,macroeconomic_governance,1978,Congress,adoption,Full Employment and Balanced Growth Act,Set explicit full-employment and inflation goals for federal policy,employment; inflation; Keynesian governance,Should federal law set numerical employment and inflation goals and require Fed reporting?,Rises after 1946; tension in 1970s stagflation; lower after monetarist turn,https://www.federalreservehistory.org/essays/humphrey-hawkins-act,Good macro-attitude probe.
US-1978-ICWA,native_policy_family,1978,Congress,adoption,Indian Child Welfare Act,Set federal standards for custody placement of Native children,tribal sovereignty; family; child welfare; assimilation,Should federal law give tribes and Native families special protections in child-custody proceedings?,Low in assimilation/termination periods; high after 1970s self-determination,https://www.bia.gov/bia/ois/dhs/icwa,Strong sovereignty/family benchmark.
US-1978-PREGNANCY-DISCRIM,gender_labor,1978,Congress,adoption,Pregnancy Discrimination Act,Define pregnancy discrimination as sex discrimination under Title VII,gender equality; work; motherhood,Should employment discrimination because of pregnancy be treated as sex discrimination?,Low in 1930; rises after Title VII and feminism; high by late 1970s,https://www.congress.gov/bill/95th-congress/house-bill/5058,Good statutory-interpretation response to court limits.
US-1980-CERCLA,environment,1980,Congress,adoption,Superfund CERCLA,Create hazardous waste cleanup liability and trust fund,environmental liability; toxic waste; corporate responsibility,Should federal law impose cleanup liability for hazardous waste sites?,Low before environmental-health salience; high after Love Canal and late-1970s toxic-waste politics,https://www.epa.gov/superfund/superfund-cercla-overview,Post-1970 environmental expansion.
US-1980-DIDMCA,finance_deregulation,1980,Congress,adoption,Depository Institutions Deregulation and Monetary Control Act,Phase out deposit-rate ceilings and expand Fed reserve requirements,financial deregulation; inflation; competition,Should federal law deregulate deposit interest rates and reshape monetary-control tools?,Low in New Deal/regulated-finance era; rising in inflationary 1970s,https://www.federalreservehistory.org/essays/depository-institutions-deregulation-and-monetary-control-act-of-1980,Finance-regime transition.
US-1980-REFUGEE-ACT,immigration,1980,Congress,adoption,Refugee Act of 1980,Create general refugee and asylum framework aligned with international definition,humanitarian protection; Cold War; immigration control,Should U.S. law establish a general refugee admissions and asylum system independent of ad hoc group-specific policy?,Low-to-medium before WWII; rises after Holocaust Cold War and Vietnam-era refugee politics,https://www.uscis.gov/sites/default/files/document/fact-sheets/INSHistory.pdf,Complements 1965 and 1986 immigration probes.
US-1983-CHADHA,separation_of_powers,1983,Supreme Court,judicial_invalidation,INS v. Chadha,Invalidate one-house legislative veto of executive action,administrative state; congressional control; separation of powers,Should Congress be allowed to reserve a one-house veto over executive implementation decisions?,More plausible during administrative-state growth; invalidation rises with formal separation-of-powers doctrine,https://www.oyez.org/cases/1981/80-1832,Adds administrative-state constitutional constraint.
US-1984-CHEVRON,administrative_state,1984,Supreme Court,judicial_validation,Chevron U.S.A. Inc. v. NRDC,Require judicial deference to reasonable agency interpretations of ambiguous statutes,expert agencies; courts; delegation; statutory interpretation,Should courts defer to reasonable agency interpretations when statutes are ambiguous?,Rises with mature administrative state; later declines with anti-deference legal movement,https://www.oyez.org/cases/1980-1989/1983/1983_82_1005,Canonical administrative-law benchmark.
US-1984-SENTENCING,criminal_justice,1984,Congress,adoption,Sentencing Reform Act,Create Sentencing Commission and federal sentencing guidelines,crime; discretion; uniformity; punishment,Should Congress reduce judicial sentencing discretion through federal guidelines?,Low in rights-era 1960s; rising in late-1970s/1980s crime-control era,https://www.fjc.gov/history/timeline/us-sentencing-commission,Institutional punitive-turn benchmark.
US-1986-BOWERS,privacy_lgbtq,1986,Supreme Court,judicial_validation,Bowers v. Hardwick,Uphold criminal prohibition on same-sex intimacy,sexuality; morality; privacy; criminal law,Should a state be allowed to criminalize consensual same-sex intimacy?,High in 1930-1980 moral-regulation frames; declines before Lawrence,https://www.oyez.org/cases/1985/85-140,Necessary pair for Lawrence.
US-1986-IRCA,immigration,1986,Congress,adoption,Immigration Reform and Control Act,Combine legalization for many undocumented immigrants with employer sanctions,immigration enforcement; amnesty; labor markets,Should immigration reform legalize long-resident undocumented immigrants while penalizing unauthorized hiring?,Low in 1930-1950; more plausible after post-1965 immigration and 1980s enforcement politics,https://www.uscis.gov/glossary-term/50744,Good mixed coalition test.
US-1986-TAX-REFORM,tax,1986,Congress,adoption,Tax Reform Act of 1986,Broaden base and lower marginal income-tax rates,tax fairness; efficiency; supply-side politics,Should tax reform trade fewer deductions for lower marginal rates?,Low in New Deal/high-rate era; rising by 1970s-1980s anti-tax and efficiency discourse,https://home.treasury.gov/system/files/131/Report-Tax-Reform-v1.pdf,Treasury report is broader source; event year widely established.
US-1988-CIVIL-LIBERTIES-ACT,civil_liberties_reparations,1988,Congress,adoption,Civil Liberties Act of 1988,Apologize and provide redress for Japanese American internment,reparations; national apology; race; wartime rights,Should the federal government apologize and pay redress for WWII Japanese American incarceration?,Very low in 1940s; rising after civil-rights and historical reckoning; high by 1980s,https://www.archives.gov/news/topics/japanese-american-internment,Pairs with Korematsu.
US-1990-ADA,disability_rights,1990,Congress,adoption,Americans with Disabilities Act,Create broad disability antidiscrimination protections,disability; access; civil rights; accommodation,Should federal civil-rights law require reasonable accommodation and accessible public life for disabled people?,Low in 1930-1950; rising after rights framework and disability movement; high by 1990,https://www.dol.gov/node/22355,Civil-rights expansion beyond race/gender.
US-1990-CLEAN-AIR-AMEND,environment,1990,Congress,adoption,Clean Air Act Amendments of 1990,Address acid rain air toxics and ozone depletion with market-based and regulatory tools,environment; markets; science; federal regulation,Should federal air law use emissions trading and stronger toxic/acid-rain controls?,Low before 1970; plausible by 1980 after environmentalism and market-based policy turn,https://www.epa.gov/clean-air-act-overview/clean-air-act-requirements-and-history,Tests evolution within environmental consensus.
US-1991-CIVIL-RIGHTS-ACT,civil_rights_labor,1991,Congress,adoption,Civil Rights Act of 1991,Expand remedies and clarify burdens in employment discrimination law,employment discrimination; remedies; backlash to court decisions,Should Congress strengthen employment-discrimination remedies and reverse restrictive civil-rights interpretations?,Low before Title VII; plausible after 1964; high after late-1980s civil-rights decisions,https://www.eeoc.gov/statutes/civil-rights-act-1991,Civil-rights statutory-maintenance benchmark.
US-1992-CASEY,privacy_family,1992,Supreme Court,judicial_mixed,Planned Parenthood v. Casey,Replace Roe trimester framework with undue-burden standard while reaffirming core abortion right,abortion; stare decisis; state regulation,Should the Court retain abortion rights but allow greater state regulation unless it imposes undue burden?,Low pre-1960; high after Roe but shaped by backlash by 1990s,https://www.law.cornell.edu/wex/planned_parenthood_of_southeastern_pennsylvania_v_casey_%281992%29,Nonmonotone doctrinal compromise.
US-1993-BRADY,guns_crime,1993,Congress,adoption,Brady Handgun Violence Prevention Act,Require background checks for handgun purchases through licensed dealers,guns; crime; federal checks,Should federal law require background checks before licensed handgun sales?,Low-to-medium in 1930-1960; higher after modern crime and gun-control politics; contested post-Heller,https://www.atf.gov/rules-and-regulations/laws-alcohol-tobacco-firearms-and-explosives/gun-control-act/brady-,Gun-control evolution after 1968.
US-1993-FMLA,labor_family,1993,Congress,adoption,Family and Medical Leave Act,Require job-protected unpaid family and medical leave,work-family; gender; labor standards,Should federal law guarantee job-protected leave for childbirth illness and family care?,Low in 1930-1950; rising with women in labor force and family-policy discourse,https://www.dol.gov/agencies/whd/fmla,Family-policy benchmark.
US-1993-NVRA,democracy,1993,Congress,adoption,National Voter Registration Act,Require motor-voter and public-agency voter registration opportunities,participation; administrative access; election federalism,Should federal law require states to simplify voter registration through motor-vehicle and public-assistance offices?,Low in 1930-1960; rising after voting-rights expansion; partisan contest by 1990s,https://www.congress.gov/bill/103rd-congress/house-bill/2/all-info,Procedural democracy benchmark.
US-1994-CRIME-BILL,criminal_justice,1994,Congress,adoption,Violent Crime Control and Law Enforcement Act,Expand policing prisons sentencing incentives and include assault-weapons ban and VAWA title,crime; punishment; federal grants; public safety,Should federal law expand police funding sentencing severity and prison incentives to fight violent crime?,Low in 1960 rights era; high in 1980s-1990s crime politics; declines in reform era,https://www.congress.gov/bill/103rd-congress/house-bill/3355,Composite event; can split if needed.
US-1994-NAFTA,trade,1994,Congress/President,adoption,North American Free Trade Agreement,Create a North American free-trade zone with Canada and Mexico,trade liberalization; globalization; labor; sovereignty,Should the United States enter a continent-wide free-trade agreement with Canada and Mexico?,Low in 1930 protectionist context; rises after postwar trade liberalization and 1980s globalization,https://ustr.gov/about-us/policy-offices/press-office/ustr-archives/north-american-free-trade-agreement-nafta,Adds trade/globalization dimension missing from v1.
US-1994-VAWA,gender_crime,1994,Congress,adoption,Violence Against Women Act,Create federal resources and remedies for gender-based violence,gender; crime; family violence; federal role,Should the federal government treat domestic and sexual violence as a national civil-rights and criminal-justice problem?,Low in 1930-1950 private-family frame; rising in 1970s-1990s feminism/crime politics,https://www.justice.gov/ovw/history,Could split from 1994 crime bill.
US-1995-LOPEZ,federalism_state_capacity,1995,Supreme Court,judicial_invalidation,United States v. Lopez,Invalidate Gun-Free School Zones Act as beyond Commerce Clause power,federalism; commerce power; guns; education,Should Congress be able to ban gun possession near schools under the Commerce Clause?,High under post-Wickard commerce doctrine; lower with Rehnquist Court federalism revival,https://supreme.justia.com/cases/federal/us/514/549/,Core federalism retrenchment event.
US-1996-DOMA,lgbtq_family,1996,Congress,adoption,Defense of Marriage Act,Define marriage federally as opposite-sex and permit nonrecognition of same-sex marriages,sexuality; marriage; federalism; backlash,Should federal law define marriage as only between one man and one woman?,High in 1930-1990; declines sharply by 2010s; repealed/overridden later,https://www.congress.gov/committee-report/104th-congress/house-report/664/1,Important backlash/reversal event.
US-1996-PRWORA,welfare,1996,Congress,adoption,Personal Responsibility and Work Opportunity Reconciliation Act,Replace AFDC with TANF work requirements and time limits,poverty; dependency; work; federalism,Should cash welfare be converted to time-limited work-conditioned block grants?,Low in New Deal/Great Society entitlement frame; rises by 1980s-1990s welfare backlash,https://oui.doleta.gov/dmstree/uipl/uipl96/uipl_3796.htm,Welfare-state retrenchment benchmark.
US-1996-TELECOM,communications,1996,Congress,adoption,Telecommunications Act of 1996,Deregulate and restructure communications markets,competition; media; technology; regulation,Should communications law promote competition by relaxing ownership and service-line restrictions?,Low in New Deal public-utility model; rising by 1980s-1990s deregulation/tech optimism,https://www.fcc.gov/general/telecommunications-act-1996,Useful technology/regulation probe.
US-1997-PRINTZ,federalism_guns,1997,Supreme Court,judicial_invalidation,Printz v. United States,Invalidate federal requirement that state officers conduct Brady Act background checks,federalism; guns; anti-commandeering; law enforcement,Should Congress be able to require state executive officers to administer federal background-check law?,More plausible under broad federal capacity; lower under 1990s anti-commandeering doctrine,https://www.oyez.org/cases/1996/95-1478,Pairs with Brady and Lopez.
US-1999-GLBA,finance_deregulation,1999,Congress,adoption,Gramm-Leach-Bliley Act,Repeal major Glass-Steagall affiliation restrictions,financial modernization; deregulation; universal banking,Should commercial banks securities firms and insurers be allowed to affiliate under one financial holding company?,Low in 1930-1960; rising by 1980s-1990s financial modernization discourse,https://www.federalreservehistory.org/essays/gramm-leach-bliley-act,Pairs with 1933 Glass-Steagall.
US-2000-BUSH-GORE,democracy_elections,2000,Supreme Court,judicial_adoption,Bush v. Gore,Stop Florida presidential recount on equal-protection grounds,election administration; judicial power; equal protection; legitimacy,Should the Supreme Court stop a presidential recount because inconsistent vote-counting standards violate equal protection?,Low before modern election-litigation infrastructure; high only in 2000 crisis context,https://www.oyez.org/cases/2000/00-949,Crisis election-administration benchmark.
US-2001-NCLB,education_accountability,2001,Congress,adoption,No Child Left Behind Act,Require standards testing accountability and interventions under federal education law,education accountability; federalism; testing; inequality,Should federal education aid be tied to standardized testing accountability and school performance targets?,Low before standards movement; rising after 1980s-1990s education accountability politics,https://www.congress.gov/bill/107th-congress/house-bill/1,Major education-policy omission.
US-2001-PATRIOT,security_surveillance,2001,Congress,adoption,USA PATRIOT Act,Expand surveillance investigative and counterterrorism authorities after 9/11,security; civil liberties; terrorism,Should Congress expand surveillance and investigative powers to prevent terrorism?,Low before 2001 absent crisis; spikes immediately after 9/11; later declines with privacy backlash,https://www.congress.gov/107/plaws/publ56/PLAW-107publ56.pdf,Crisis-shock benchmark.
US-2002-HAVA,democracy,2002,Congress,adoption,Help America Vote Act,Modernize election administration after 2000 election failures,election integrity; administration; technology,Should federal law fund and regulate election administration standards after ballot-counting failures?,Low before 2000; high after Bush v. Gore/Hanging chads; later partisan contest,https://www.eac.gov/about/help-america-vote-act,Election-administration benchmark.
US-2002-HOMELAND-SECURITY,security_state,2002,Congress,adoption,Homeland Security Act of 2002,Create the Department of Homeland Security and reorganize domestic security functions,terrorism; executive reorganization; border security; emergency state,Should Congress create a cabinet-level department to consolidate domestic security after a terrorist attack?,Low before 2001; spikes after 9/11,https://www.dhs.gov/homeland-security-act-2002,Pairs with PATRIOT Act.
US-2002-SOX,finance_corporate_governance,2002,Congress,adoption,Sarbanes-Oxley Act,Create stronger accounting oversight executive certification and internal-control rules for public companies,corporate fraud; investor protection; accounting; crisis response,Should Congress impose stricter public-company accounting oversight and CEO/CFO certification after corporate scandals?,Low in deregulatory 1990s; high after Enron and WorldCom,https://www.sec.gov/news/extra/soxpress.htm,Financial-regulation crisis benchmark.
US-2003-LAWRENCE,privacy_lgbtq,2003,Supreme Court,judicial_adoption,Lawrence v. Texas,Invalidate criminal bans on same-sex intimacy,sexuality; privacy; morality; criminal law,Should states be barred from criminalizing consensual adult same-sex intimacy?,Very low in 1930-1960; rising by 1980s-2000s; high after LGBTQ rights shift,https://www.oyez.org/cases/2002/02-102,Bridge from Griswold/Roe to Obergefell.
US-2003-MEDICARE-MMA,health_social_insurance,2003,Congress,adoption,Medicare Prescription Drug Improvement and Modernization Act,Create Medicare Part D prescription drug benefit and expand private-plan role,social insurance; pharmaceuticals; privatization; aging,Should Medicare add a prescription-drug benefit delivered substantially through private plans?,Low before Medicare; rising as prescription drugs become central to elderly care and market-based reform grows,https://www.cms.gov/History/,Major health-policy expansion between Medicare and ACA.
US-2007-MASS-EPA,climate_environment,2007,Supreme Court,judicial_adoption,Massachusetts v. EPA,Hold greenhouse gases can be air pollutants under the Clean Air Act and require EPA to justify inaction,climate change; administrative law; environmental science; standing,Should EPA have authority under the Clean Air Act to regulate greenhouse gases if they endanger public health or welfare?,Low before climate science salience; rising sharply by 1990s-2000s,https://www.oyez.org/cases/2006/05-1120,Climate-regulation bridge from Clean Air Act.
US-2008-HELLER,guns,2008,Supreme Court,judicial_adoption,District of Columbia v. Heller,Recognize individual Second Amendment right to possess a handgun at home,guns; individual rights; originalism; crime,Should the Second Amendment protect an individual right to keep a handgun at home independent of militia service?,Not obviously monotone; rises with modern gun-rights movement and originalism from 1970s-2000s,https://supreme.justia.com/cases/federal/us/554/570/,Conservative legal-movement benchmark.
US-2009-ARRA,macroeconomic_governance,2009,Congress,adoption,American Recovery and Reinvestment Act,Enact large fiscal stimulus through spending transfers tax cuts and public investment after financial crisis,fiscal stimulus; recession; Keynesian policy; state capacity,Should Congress enact a large deficit-financed stimulus package during a severe recession and financial crisis?,High in New Deal/Keynesian frames; lower in balanced-budget eras; spikes after 2008,https://oig.treasury.gov/ig_recoveryact,Modern macro-crisis benchmark.
US-2010-ACA,health_social_insurance,2010,Congress,adoption,Affordable Care Act,Expand insurance coverage through exchanges subsidies Medicaid expansion and individual mandate,health care; markets; redistribution; federal power,Should federal law require/encourage health coverage and subsidize near-universal insurance access?,Low in 1930-1940; rises after Medicare; contested but plausible by 1990s-2010,https://www.congress.gov/bill/111th-congress/house-bill/3590,Pairs with NFIB.
US-2010-CITIZENS-UNITED,campaign_finance,2010,Supreme Court,judicial_invalidation,Citizens United v. FEC,Invalidate restrictions on independent corporate election expenditures,speech; corporations; money in politics,Should corporate independent political spending be protected as speech from federal limits?,Likely low in New Deal/Progressive frames; rises with deregulatory First Amendment doctrine,https://supreme.justia.com/cases/federal/us/558/310/,Conservative legal-movement benchmark.
US-2010-DODD-FRANK,finance,2010,Congress,adoption,Dodd-Frank Act,Create post-crisis financial regulation including CFPB and systemic-risk oversight,financial stability; consumer protection; crisis response,Should federal law expand financial oversight and create a consumer financial protection agency after crisis?,Low in deregulatory 1990s; high after 2008 crisis; resembles 1930s finance-regulation revival,https://www.congress.gov/bill/111th-congress/house-bill/4173,Crisis and regime-cycle benchmark.
US-2010-MCDONALD,guns,2010,Supreme Court,judicial_adoption,McDonald v. Chicago,Incorporate individual Second Amendment right against states,guns; federalism; incorporation,Should the individual right to keep and bear arms bind state and local governments?,Low before modern incorporation/gun-rights movement; high after Heller for conservative court model,https://www.oyez.org/cases/2009/08-1521,Pair with Heller.
US-2012-NFIB,health_federalism,2012,Supreme Court,judicial_mixed,NFIB v. Sebelius,Uphold ACA individual mandate as tax while limiting coercive Medicaid expansion,health care; federalism; taxation; commerce power,Should the ACA mandate and Medicaid expansion survive constitutional challenge?,Plausibility rises with modern welfare state; commerce rationale weaker in conservative legal era,https://www.oyez.org/cases/2011/11-393,Mixed validation/invalidation event.
US-2013-SHELBY,democracy_civil_rights,2013,Supreme Court,judicial_invalidation,Shelby County v. Holder,Invalidate Voting Rights Act coverage formula for preclearance,race; federalism; voting; equal sovereignty,Should Congress be allowed to keep using the old VRA coverage formula for preclearance?,High in 1965-1980 civil-rights frame; declines with colorblind/federalism doctrine by 2010s,https://www.justice.gov/crt/shelby-county-decision,Backlash/retrenchment benchmark.
US-2013-WINDSOR,lgbtq_family,2013,Supreme Court,judicial_invalidation,United States v. Windsor,Invalidate DOMA federal definition denying recognition to same-sex marriages,sexuality; marriage; equality; dignity,Should the federal government deny recognition to same-sex marriages valid under state law?,DOMA support high before 2000; invalidation plausibility rises sharply 2000-2013,https://www.law.cornell.edu/wex/united_states_v._windsor_%282013%29,Pairs with DOMA and Obergefell.
US-2014-HOBBY-LOBBY,religion_health,2014,Supreme Court,judicial_adoption,Burwell v. Hobby Lobby Stores,Recognize RFRA-based religious exemption for closely held corporations from contraceptive mandate,religious liberty; corporate personhood; contraception; health regulation,Should closely held corporations receive religious exemptions from health-insurance contraceptive coverage mandates?,Low before RFRA/culture-war litigation; high in 2010s religious-liberty backlash,https://www.oyez.org/cases/2013/13-354,Adds religious-exemption backlash path.
US-2015-OBERGEFELL,lgbtq_family,2015,Supreme Court,judicial_adoption,Obergefell v. Hodges,Require states to license and recognize same-sex marriages,sexuality; marriage; equality; due process,Should same-sex couples have a constitutional right to marry nationwide?,Very low in 1930-1980; rises after 1990s-2010s public-opinion and legal shifts,https://www.oyez.org/cases/2014/14-556,Ideal long-horizon adoption test.
US-2017-TCJA,tax,2017,Congress,adoption,Tax Cuts and Jobs Act,Cut corporate and individual taxes and restructure parts of business and international taxation,tax cuts; corporate taxation; supply-side policy; redistribution,Should Congress sharply reduce the corporate tax rate and lower many individual tax burdens through deficit-financed tax reform?,Low in New Deal high-tax frame; rising with supply-side and anti-tax politics after 1970s,https://www.finance.senate.gov/legislation/details/tax-cuts-and-jobs-act,Modern tax-regime benchmark.
US-2018-JANUS,labor_first_amendment,2018,Supreme Court,judicial_invalidation,Janus v. AFSCME,Invalidate mandatory public-sector union agency fees under the First Amendment,public-sector unions; compelled speech; labor finance; conservative legal movement,Should public-sector unions be barred from collecting agency fees from nonmembers on First Amendment grounds?,Low during labor-expansion eras; rising with public-sector union backlash and First Amendment deregulatory doctrine,https://www.oyez.org/cases/2017/16-1466,Labor retrenchment/free-speech benchmark.
US-2019-RUCHO,democracy_redistricting,2019,Supreme Court,judicial_invalidation,Rucho v. Common Cause,Hold partisan-gerrymandering claims nonjusticiable political questions,democracy; courts; partisan power; redistricting,Should federal courts decline to hear partisan-gerrymandering claims as political questions?,Low during one-person-one-vote judicial expansion; rises with judicial restraint/federalism doctrine,https://www.oyez.org/cases/2018/18-422,Pairs with Baker/Reynolds.
US-2020-BOSTOCK,lgbtq_labor,2020,Supreme Court,judicial_adoption,Bostock v. Clayton County,Interpret Title VII sex discrimination to cover sexual orientation and gender identity,statutory interpretation; sexuality; gender; employment,Should firing a worker for being gay or transgender violate Title VII's ban on sex discrimination?,Very low in 1930-1980; rises with LGBTQ rights and textualist legal arguments by 2010s,https://www.oyez.org/cases/2019/17-1618?os=0,Great test of old statutory text receiving new interpretation.
US-2020-CARES,crisis_social_insurance,2020,Congress,adoption,CARES Act,Provide large pandemic relief through checks expanded unemployment small-business support and emergency lending,crisis relief; fiscal capacity; unemployment insurance; business stabilization,Should Congress provide very large direct household and business relief during a pandemic shutdown?,Low outside crisis; rises in wartime/New Deal and spikes sharply in pandemic emergency,https://home.treasury.gov/policy-issues/coronavirus/about-the-cares-act,Pandemic crisis-policy benchmark.
US-2020-MCGIRT,native_policy,2020,Supreme Court,judicial_adoption,McGirt v. Oklahoma,Recognize that much of eastern Oklahoma remains reservation for major-crimes jurisdiction,tribal sovereignty; textualism; federal promises,Should old treaty promises preserve reservation status absent clear congressional disestablishment?,Low in termination/assimilation eras; rises with modern textualism and tribal-sovereignty jurisprudence,https://supreme.justia.com/cases/federal/us/591/18-9526/,Useful modern sovereignty/legal-method probe.
US-2022-BRUEN,guns,2022,Supreme Court,judicial_adoption,New York State Rifle & Pistol Association v. Bruen,Adopt history-and-tradition test and invalidate discretionary public-carry licensing,guns; originalism; public safety; individual rights,Should the Second Amendment protect public handgun carry unless modern regulations match historical tradition?,Low before modern gun-rights originalism; high after Heller and conservative legal movement,https://www.oyez.org/cases/2021/20-843,Major 2022 gun-rights row missing from v1.
US-2022-CHIPS,industrial_policy,2022,Congress,adoption,CHIPS and Science Act,Subsidize domestic semiconductor manufacturing and expand science and technology programs,industrial policy; national security; technology; supply chains,Should Congress subsidize domestic semiconductor manufacturing as an economic and national-security priority?,Low in laissez-faire/deregulatory frames; rising with China competition and supply-chain concerns,https://www.congress.gov/bill/117th-congress/house-bill/4346,Modern industrial-policy benchmark.
US-2022-DOBBS,privacy_family,2022,Supreme Court,judicial_invalidation,Dobbs v. Jackson Women's Health Organization,Overrule Roe and Casey and return abortion regulation to states,abortion; originalism; privacy; federalism,Should the Court overrule federal constitutional abortion protection and return the issue to states?,Low in 1970s liberal privacy era; rises in conservative legal movement and anti-abortion mobilization,https://supreme.justia.com/cases/federal/us/597/19-1392/,Critical reversal benchmark.
US-2022-IRA,climate_industrial_policy,2022,Congress,adoption,Inflation Reduction Act,Use tax credits spending and health provisions to accelerate clean energy and reduce drug costs,climate; industrial policy; health costs; fiscal politics,Should Congress use large tax incentives and spending to accelerate clean-energy investment and domestic climate-industrial policy?,Low before climate salience; rising after environmentalism and climate-policy mobilization,https://www.congress.gov/bill/117th-congress/house-bill/5376,Modern climate-industrial policy benchmark.
US-1930-SMOOT-HAWLEY,trade_political_economy,1930,Congress,adoption,Smoot-Hawley Tariff Act,Raise protective tariffs across a wide range of imported goods,protectionism; trade; farm distress; international retaliation,Should Congress sharply raise tariffs to protect domestic producers during economic distress?,Plausible in late-1920s protectionist politics; should fall after Depression-era criticism and reciprocal-trade turn,https://www.senate.gov/artandhistory/history/minute/Senate_Passes_Smoot_Hawley_Tariff.htm,Source-frame addition from Congress Project important legislation; early trade-policy anchor.
US-1932-RFC,finance_crisis_state_capacity,1932,Congress,adoption,Reconstruction Finance Corporation Act,"Create a federal lending corporation to support banks, railroads, agriculture, and industry",financial crisis; public credit; lender of last resort; emergency state capacity,Should the federal government create a public corporation to lend broadly during a financial crisis?,Low before the Depression; high during 1932-1930s crisis governance; later folded into broader stabilization policy,https://www.federalreservehistory.org/essays/reconstruction-finance-corporation,Congress Project early-crisis omission; useful pre-New Deal state-capacity row.
US-1932-NORRIS-LAGUARDIA,labor_courts,1932,Congress,adoption,Norris-LaGuardia Act,Limit federal court injunctions in labor disputes and protect nonviolent labor organizing,labor injunctions; union rights; judicial power; industrial conflict,Should Congress restrict federal courts from issuing injunctions against nonviolent labor activity?,Rising before the New Deal as anti-injunction politics matures; later becomes foundation for Wagner-era labor law,https://www.law.cornell.edu/uscode/text/29/chapter-6,Congress Project source-frame addition; pairs with NLRA and Taft-Hartley.
US-1933-CCC,public_employment_environment,1933,Congress,adoption,Emergency Conservation Work Act / Civilian Conservation Corps,"Create a federal work-relief corps for conservation, forestry, and public land projects",unemployment; conservation; youth work; federal relief; masculinity,Should the federal government employ young unemployed men in conservation and public-land work camps?,Low before mass unemployment crisis; high in early New Deal; later revives in green-jobs proposals,https://www.archives.gov/publications/prologue/2006/fall/ccc.html,Congress Project and Libgober addition; captures work relief plus conservation.
US-1933-FERA,welfare_relief,1933,Congress,adoption,Federal Emergency Relief Act of 1933,Authorize federal grants to states for unemployment and destitution relief,direct relief; poverty; federal grants; Depression emergency,Should the federal government make grants to states to provide emergency relief to unemployed and destitute people?,Low before the Depression; high in early New Deal; becomes baseline for later federal welfare-state arguments,https://www.law.cornell.edu/topn/federal_emergency_relief_act_of_1933,Congress Project addition that separates direct relief from work relief and Social Security.
US-1933-HOME-OWNERS-LOAN,housing_finance,1933,Congress,adoption,Home Owners' Loan Act of 1933,Create federal machinery to refinance distressed home mortgages and charter federal savings associations,mortgage relief; homeownership; foreclosure crisis; federal credit,Should federal law refinance distressed home mortgages and reorganize thrift institutions during a housing-credit crisis?,Low before the Depression; high in 1933 mortgage crisis; later important for racialized housing-credit institutions,https://www.govinfo.gov/content/pkg/COMPS-11132/pdf/COMPS-11132.pdf,Congress Project addition; complements National Housing Act and later fair-housing rows.
US-1934-NFA,guns_crime_tax,1934,Congress,adoption,National Firearms Act of 1934,"Tax and register machine guns, short-barreled firearms, silencers, and similar weapons",guns; organized crime; federal tax power; public safety,Should federal law tax and register especially dangerous firearms associated with organized crime?,Rises with 1930s crime politics; remains more plausible than broad gun regulation before modern gun-rights mobilization,https://www.atf.gov/rules-and-regulations/national-firearms-act,Adds early federal gun regulation before the 1968 GCA and Heller-era reversal.
US-1935-PUHCA,utilities_finance,1935,Congress,adoption,Public Utility Holding Company Act of 1935,Regulate and simplify public-utility holding-company structures under SEC oversight,utilities; pyramided finance; public control; New Deal regulation,Should federal law break up or regulate complex public-utility holding-company systems?,Low before Depression-era utility-finance scandal; high in New Deal anti-holding-company regulation; declines with later deregulation,https://www.gao.gov/products/gao-05-617,Promoted from round-1 deferred after source-frame salience check.
US-1936-RURAL-ELECTRIFICATION,rural_infrastructure,1936,Congress,adoption,Rural Electrification Act of 1936,Provide federal loans and authority to expand electric service in rural areas,rural development; public credit; infrastructure; cooperative provision,Should federal policy finance rural electric infrastructure where private utilities have not served farms and small towns?,Low before New Deal rural-development state capacity; high by mid-1930s; later model for broadband and energy access,https://www.usda.gov/about-usda/news/blog/celebrating-80th-anniversary-rural-electrification-administration,Congress Project rural-infrastructure omission with strong temporal-gradient value.
US-1939-HATCH-ACT,civil_service_elections,1939,Congress,adoption,Hatch Act of 1939,Restrict partisan political activities by federal employees and some federally funded state/local employees,civil service; patronage; election integrity; administrative neutrality,Should federal law limit partisan political activity by civil servants to protect administrative neutrality?,Rises with New Deal administrative expansion and patronage concerns; remains contested around executive political control,https://www.osc.gov/services/hatch-act/overview/,Promoted from round-1 deferred after source-frame check.
US-1940-SELECTIVE-TRAINING,military_state_capacity,1940,Congress,adoption,Selective Training and Service Act of 1940,Create the first peacetime draft in U.S. history,conscription; isolationism; preparedness; individual obligation,Should the United States adopt peacetime military conscription before entering a war?,Low in 1930 isolationist context; rises sharply with European war and preparedness politics in 1940,https://www.loc.gov/item/uscode1940-005050a003/,Congress Project source-frame addition; important for prewar state-capacity attitudes.
US-1940-SMITH-ACT,security_civil_liberties_immigration,1940,Congress,adoption,Alien Registration Act of 1940 / Smith Act,Require alien registration and criminalize advocacy of violent overthrow of the government,anti-communism; sedition; alien registration; national security; speech,Should federal law require noncitizen registration and criminalize advocacy of violent overthrow of the government?,Low-to-medium in 1930; rises with WWII and Cold War security politics; declines after later speech-protection doctrine,https://docsteach.org/document/alien-registration-act/,Adds statutory anchor for Dennis/Yates and Cold War civil-liberties tests.
US-1941-DARBY,labor_state_capacity,1941,Supreme Court,judicial_validation,United States v. Darby,"Uphold federal wage, hour, and child-labor rules under the commerce power",Commerce Clause; labor standards; child labor; federal capacity,Should federal wage-hour and child-labor rules survive Commerce Clause challenge?,Weak before 1937; high after the New Deal constitutional settlement; pairs with FLSA and Wickard,https://www.oyez.org/cases/1940-1955/312us100,SCDB/Oyez court-validation addition; fills doctrinal link between FLSA and Wickard.
US-1941-LEND-LEASE,foreign_policy_security,1941,Congress,adoption,Lend-Lease Act,Authorize military aid to countries deemed vital to U.S. defense while the United States remained formally neutral,isolationism; internationalism; executive discretion; wartime aid,Should the United States lend or lease war supplies to allied countries before formally entering the war?,Low in 1930 isolationist politics; rises sharply from 1939 to 1941; high after Pearl Harbor,https://www.archives.gov/milestone-documents/lend-lease-act,Congress Project and NARA milestone source-frame addition.
US-1942-EMERGENCY-PRICE-CONTROL,wartime_economic_control,1942,Congress,adoption,Emergency Price Control Act of 1942,Authorize federal wartime price ceilings and rent controls,inflation; wartime planning; price control; market intervention,Should federal law impose wartime price and rent controls to prevent inflation and scarcity?,Low in normal market governance; high during WWII mobilization; declines in postwar market liberalization,https://www.law.cornell.edu/topn/emergency_price_control_act_of_1942,Congress Project addition; useful crisis-spike economic-control benchmark.
US-1943-CHINESE-EXCLUSION-REPEAL,immigration_race_foreign_policy,1943,Congress,adoption,Chinese Exclusion Repeal Act / Magnuson Act,Repeal Chinese exclusion while retaining a small immigration quota,race; immigration; wartime alliance; Asian exclusion,Should Congress repeal Chinese exclusion laws during World War II while preserving restrictive quotas?,Low in 1930 exclusionary racial policy; rises with China alliance and civil-rights pressure; partial liberalization before 1965,https://www.visitthecapitol.gov/artifact/hr-3070-act-repeal-chinese-exclusion-acts-november-16-1943,Congress Project addition; bridges 1920s exclusion and 1965 Hart-Celler.
US-1945-BRETTON-WOODS,international_economic_order,1945,Congress,adoption,Bretton Woods Agreements Act,Authorize U.S. participation in the IMF and World Bank,internationalism; monetary order; multilateral institutions; sovereignty,Should the United States join and fund international monetary and reconstruction institutions after World War II?,Low in 1930 isolationist and gold-standard frames; high after WWII internationalist planning,https://www.federalreserve.gov/frrs/statutes/bretton-woods-agreements-act.htm,Congress Project addition; non-rights international political economy anchor.
US-1945-UN-PARTICIPATION,foreign_policy_multilateralism,1945,Congress,adoption,United Nations Participation Act of 1945,Authorize U.S. participation in the United Nations and implementation of Security Council measures,internationalism; sovereignty; collective security; postwar order,Should Congress authorize formal U.S. participation in the United Nations system after World War II?,Low after League of Nations rejection and 1930 isolationism; high after WWII,https://www.govinfo.gov/content/pkg/COMPS-1090/pdf/COMPS-1090.pdf,Congress Project addition; pairs with NATO and later internationalist backlash.
US-1946-APA,administrative_state,1946,Congress,adoption,Administrative Procedure Act,"Create default procedures for federal rulemaking, adjudication, and judicial review of agency action",administrative state; due process; expertise; judicial review,Should Congress impose general procedural and judicial-review rules on federal administrative agencies?,Low before administrative expansion; high after New Deal and WWII agency growth; contested in deregulation and anti-administrative eras,https://www.archives.gov/files/federal-register/tutorial/000.pdf,Congress Project source-frame addition; central administrative-state benchmark.
US-1948-DISPLACED-PERSONS-ACT,immigration_refugees,1948,Congress,adoption,Displaced Persons Act of 1948,Create a refugee admissions program for people displaced by World War II,refugees; Holocaust aftermath; national origins; humanitarianism; exclusion,Should U.S. law admit large numbers of European displaced persons after World War II despite restrictive immigration quotas?,Low in 1930 restrictionist frame; rises after WWII and Holocaust; superseded by broader refugee policy in 1980,https://www.uscis.gov/about-us/our-history/stories-from-the-archives/refugee-timeline,Source-frame addition; fills postwar refugee policy between exclusion and Refugee Act.
US-1948-MARSHALL-PLAN,foreign_aid_security,1948,Congress,adoption,Economic Cooperation Act of 1948 / Marshall Plan,Authorize large-scale economic aid for European recovery,foreign aid; Cold War; internationalism; anti-communism; economic reconstruction,Should the United States fund large-scale European economic reconstruction as a foreign-policy and security strategy?,Low in 1930 isolationism; rising after WWII devastation and Cold War containment; high by 1948,https://www.archives.gov/milestone-documents/marshall-plan,NARA milestone and Congress Project addition; central foreign-aid benchmark.
US-1948-SHELLEY,civil_rights_housing,1948,Supreme Court,judicial_adoption,Shelley v. Kraemer,Hold that courts may not enforce racially restrictive housing covenants,race; housing; private discrimination; state action,Should judicial enforcement of racially restrictive housing covenants be treated as unconstitutional state action?,Low in 1930; rises after WWII civil-rights pressure; partial bridge to Brown and Fair Housing Act,https://supreme.justia.com/cases/federal/us/334/1/,SCDB/CAP court source-frame addition; important pre-Brown housing-rights row.
US-1950-DPA,industrial_policy_security,1950,Congress,adoption,Defense Production Act of 1950,"Authorize priority orders, allocation authority, and industrial-capacity tools for national defense",Korean War; industrial mobilization; emergency powers; supply chains,Should federal law let the President direct private production and allocate materials for national defense?,Low outside mobilization context; high during WWII/Korean War; revived during later security and pandemic emergencies,https://www.fema.gov/disaster/defense-production-act,CAP public-laws source-frame addition; modern resonance with pandemic and industrial policy.
US-1950-INTERNAL-SECURITY,security_civil_liberties,1950,Congress,adoption,Internal Security Act of 1950 / McCarran Act,Require Communist organization registration and create internal-security detention and exclusion machinery,anti-communism; civil liberties; national security; loyalty,Should Congress require Communist organizations to register and expand internal-security powers during the Cold War?,Low before WWII; high during early Cold War anti-communism; declines after rights-protective and anti-McCarthy frames,https://www.law.cornell.edu/topn/internal_security_act_of_1950,"Promoted from round-1 deferred; pairs with Smith Act, Dennis, Yates, and Brandenburg."
US-1951-DENNIS,speech_security,1951,Supreme Court,judicial_validation,Dennis v. United States,Uphold Smith Act convictions of Communist Party leaders,anti-communism; speech; clear and present danger; national security,Should convictions for conspiring to advocate violent overthrow survive First Amendment challenge during the Cold War?,High in early Cold War security politics; weakened by Yates and Brandenburg speech-protective doctrine,https://www.oyez.org/cases/1940-1955/341us494,SCDB/Oyez addition; court-validation pair for Smith Act and Yates.
US-1956-BANK-HOLDING-COMPANY-ACT,banking_finance,1956,Congress,adoption,Bank Holding Company Act of 1956,Regulate bank holding companies and limit interstate and nonbank expansion,banking structure; concentration; federal supervision; financial stability,Should federal law regulate bank holding companies and restrict their expansion into nonbanking activities?,Low before growth of holding-company banking; high in midcentury structural-finance regulation; later contested by financial deregulation,https://www.federalreservehistory.org/essays/bank-holding-company-act-of-1956,CAP/Congress Project finance omission; pairs with Glass-Steagall and GLBA.
US-1957-YATES,speech_security,1957,Supreme Court,judicial_invalidation,Yates v. United States,Limit Smith Act prosecutions by distinguishing advocacy of abstract doctrine from advocacy of action,anti-communism; speech; civil liberties; judicial retreat,Should Smith Act convictions be reversed when prosecution rests on abstract advocacy rather than incitement to action?,Low in early Cold War; rises after McCarthy backlash and Warren Court civil-liberties turn,https://supreme.justia.com/cases/federal/us/354/298/,SCDB/Justia addition; counterpoint to Dennis and precursor to Brandenburg.
US-1958-NDEA,education_science_security,1958,Congress,adoption,National Defense Education Act of 1958,"Fund education, loans, language study, science, math, and defense-related training after Sputnik",education; science; Cold War; federal aid; human capital,"Should federal education aid expand for science, mathematics, languages, and defense-related human capital?",Low in 1930 localist education frame; rises with Cold War and Sputnik; precursor to Great Society education aid,https://www.loc.gov/item/uscode1958-004020017/,CAP public-laws source-frame addition; pre-Great Society education-policy row.
US-1958-NASA-ACT,science_space_state_capacity,1958,Congress,adoption,National Aeronautics and Space Act of 1958,Create NASA and establish a civilian national space program,science; space; Cold War; civilian-military boundary; national prestige,Should Congress create a civilian space agency to conduct national aeronautics and space activities?,Very low before rockets and Cold War space competition; high after Sputnik,https://www.nasa.gov/history/national-aeronautics-and-space-act-of-1958-unamended,Congress Project/CAP source-frame addition; technology state-capacity benchmark.
US-1958-COOPER,civil_rights_federalism,1958,Supreme Court,judicial_validation,Cooper v. Aaron,Reject state resistance to Brown and assert binding force of Supreme Court constitutional rulings,desegregation; federal supremacy; judicial authority; massive resistance,Should states be barred from delaying school desegregation because of local hostility to Brown?,Low before Brown; high after Little Rock confrontation; remains central to federal-court authority,https://supreme.justia.com/cases/federal/us/358/1/,SCDB/Justia addition; fills enforcement/resistance dynamic after Brown.
US-1961-PEACE-CORPS,foreign_aid_civic_service,1961,Congress/President,adoption,Executive Order 10924 and Peace Corps Act,Create and authorize the Peace Corps as an international volunteer-service agency,Cold War; development; civic service; soft power; youth idealism,Should the United States send civilian volunteers abroad as a foreign-policy and development instrument?,Low in 1930 isolationism; rises with Cold War development competition and Kennedy-era civic-service politics,https://www.archives.gov/milestone-documents/executive-order-10924,NARA and Congress Project source-frame addition; soft-power policy benchmark.
US-1968-OMNIBUS-CRIME-CONTROL,criminal_justice_surveillance,1968,Congress,adoption,Omnibus Crime Control and Safe Streets Act of 1968,Create federal crime-control grants and regulate wiretapping and electronic surveillance,crime; policing; federal grants; wiretaps; public order,Should federal law expand crime-control grants while authorizing and regulating wiretapping for law enforcement?,Low in Warren Court rights-expansion frame; rises with 1960s public-order and crime politics,https://www.congress.gov/bill/90th-congress/house-bill/5037/text,CAP/Congress.gov source-frame addition; links crime politics and surveillance.
US-1968-TRUTH-IN-LENDING,consumer_credit,1968,Congress,adoption,Truth in Lending Act,Require standardized disclosure of consumer-credit costs and terms,consumer protection; credit markets; disclosure; financial regulation,Should federal law require lenders to disclose standardized credit costs and terms to consumers?,Low before mass consumer credit; rises with 1960s consumer-protection politics; baseline for later credit/privacy law,https://www.federalreserve.gov/frrs/regulations/truth-in-lending-act-reg-z.htm,"CAP/Congress Project consumer-credit omission; pairs with FCRA, ECOA, CRA."
US-1970-FCRA,privacy_credit,1970,Congress,adoption,Fair Credit Reporting Act,"Regulate consumer-reporting agencies and create accuracy, access, and privacy protections for credit files",privacy; credit; data accuracy; consumer protection,Should federal law give consumers rights over credit-reporting files and regulate consumer-reporting agencies?,Low before mass computerized credit reporting; rises with 1960s-1970s consumer/privacy politics,https://www.federalreserve.gov/frrs/regulations/fair-credit-reporting-act.htm,Promoted from round-1 deferred; important data/privacy precursor.
US-1972-CPSA,consumer_safety,1972,Congress,adoption,Consumer Product Safety Act,Create the Consumer Product Safety Commission and federal consumer-product safety authority,consumer protection; safety; expert regulation; product markets,Should federal law create an independent agency to protect consumers from unsafe products?,Low before 1960s consumer movement; high by early 1970s regulatory expansion; contested in deregulation era,https://www.cpsc.gov/Newsroom/News-Releases/2022/CPSC-Celebrates-50-Years-of-Making-Consumer-Safety-our-Mission,Promoted from round-1 deferred after consumer-regulation source-frame check.
US-1975-EPCA,energy_state_capacity,1975,Congress,adoption,Energy Policy and Conservation Act,Create the Strategic Petroleum Reserve and federal energy-conservation tools after the oil shock,energy security; oil crisis; conservation; federal planning,Should federal law create strategic petroleum reserves and energy-conservation authority after an oil shock?,Low before 1970s energy crisis; high after embargo and stagflation; later reframed around efficiency and climate,https://www.energy.gov/eere/buildings/regulatory-processes-0,Promoted from round-1 deferred; core energy-crisis policy row.
US-1987-DOLE,spending_power_federalism,1987,Supreme Court,judicial_validation,South Dakota v. Dole,Uphold federal highway-fund conditions tied to state drinking-age policy,federalism; spending power; alcohol; conditional grants,Should Congress be able to condition a small share of federal highway funds on states raising the drinking age?,Low before grant-in-aid state capacity; high in late twentieth-century conditional-spending doctrine; limited by NFIB coercion concerns,https://www.oyez.org/cases/1986/86-260,Promoted from round-1 deferred; spending-power doctrine bridge to NFIB.
US-1997-RENO-ACLU,speech_internet,1997,Supreme Court,judicial_invalidation,Reno v. ACLU,Invalidate Communications Decency Act restrictions on indecent internet speech,internet; speech; child protection; censorship; new media,Should broad federal restrictions on indecent online speech survive First Amendment review?,Not meaningful before mass internet; plausible during early internet moral panic; invalidation high in speech-protective doctrine,https://www.oyez.org/cases/1996/96-511,Promoted from round-1 deferred; technology/speech expansion.
US-2005-KELO,property_development,2005,Supreme Court,judicial_validation,Kelo v. City of New London,Uphold use of eminent domain for economic-development transfer to private redevelopment,property rights; economic development; local redevelopment; public use,Should government be able to use eminent domain for an economic-development plan involving transfer to private redevelopers?,More plausible under deferential midcentury redevelopment doctrine; politically toxic after property-rights backlash,https://www.oyez.org/cases/2004/04-108,Promoted from round-1 deferred; property/development backlash benchmark.
US-1933-TVA,regional_development_state_capacity,1933,Congress,adoption,Tennessee Valley Authority Act,"Create a federally owned corporation to build dams, generate public power, control floods, and promote regional economic development in the Tennessee Valley.","public ownership, regional planning, federal development state, electric power, New Deal state capacity","Would the federal government create a public corporation to transform a multi-state region through dams, electricity, flood control, and planning?","Low before the Depression, sharply higher by 1933, later normalized as part of New Deal state-capacity memory.",https://www.archives.gov/milestone-documents/tennessee-valley-authority-act,Round-3 NARA milestone omission; distinct from relief programs because it tests public ownership and regional planning.
US-1933-NIRA,industrial_policy_labor_state_capacity,1933,Congress,adoption,National Industrial Recovery Act,"Authorize industry codes, public works spending, and collective-bargaining protections as an emergency economic recovery program.","planning, industrial codes, labor rights, emergency state capacity, constitutional limits",Would Congress adopt a sweeping industrial-recovery statute that lets the federal government coordinate industry codes and labor standards?,"Rises sharply in the Depression emergency, then falls doctrinally after Schechter while remaining historically central.",https://www.archives.gov/milestone-documents/national-industrial-recovery-act,Separate adoption row from the existing Schechter invalidation row.
US-1942-EO9066,civil_liberties_security_race,1942,President,executive_order,Executive Order 9066,Authorize military exclusion zones that enabled the forced removal and incarceration of Japanese Americans during World War II.,"race, national security, civil liberties, wartime executive power, exclusion",Would the President authorize mass exclusion and incarceration of a racialized minority during wartime on national-security grounds?,"Low in ordinary periods, sharply higher after Pearl Harbor, then morally and legally delegitimized after the war.",https://www.archives.gov/milestone-documents/executive-order-9066,Adds the policy-adoption counterpart to the existing Korematsu judicial-validation row.
US-1947-TRUMAN-DOCTRINE,foreign_policy_security,1947,Congress/President,adoption,Truman Doctrine,"Commit the United States to support governments resisting communist pressure, beginning with aid to Greece and Turkey.","anti-communism, internationalism, containment, foreign aid, Cold War statecraft",Would the United States make anti-communist containment a central justification for foreign aid and security commitments?,"Low in interwar isolationist priors, higher after World War II, central by the early Cold War.",https://www.archives.gov/milestone-documents/truman-doctrine,"NARA milestone source; complements Marshall Plan, NATO-era security state, and internal-security rows."
US-1957-EO10730,civil_rights_state_capacity,1957,President,executive_order,Executive Order 10730,"Use federal authority and troops to enforce school desegregation in Little Rock, Arkansas.","civil-rights enforcement, federal troops, school desegregation, state resistance","Would the President use federal executive power, including troops, to enforce court-ordered school desegregation against state resistance?","Very low before Brown, higher after Brown and Little Rock, then part of the civil-rights enforcement repertoire.",https://www.archives.gov/milestone-documents/executive-order-10730,NARA milestone; adds executive-enforcement counterpart to Brown and Cooper.
US-1963-TEST-BAN-TREATY,nuclear_arms_control,1963,Congress/President,treaty_ratification,Limited Nuclear Test Ban Treaty,"Ratify a treaty banning nuclear weapons tests in the atmosphere, outer space, and underwater.","nuclear risk, arms control, Cold War diplomacy, environmental fallout, national security","Would the United States accept a binding nuclear arms-control treaty limiting atmospheric, underwater, and outer-space tests?","Low in early Cold War maximalist testing politics, higher after fallout fears and the Cuban Missile Crisis.",https://www.archives.gov/milestone-documents/test-ban-treaty,NARA milestone; adds a treaty/arms-control policy object absent from v3.
US-1964-TONKIN-GULF,war_powers_security,1964,Congress,adoption,Tonkin Gulf Resolution,Authorize the President to use military force in Southeast Asia without a formal declaration of war.,"war powers, anti-communism, executive discretion, Vietnam, Cold War national security",Would Congress give the President broad authority to use military force in Southeast Asia without declaring war?,"Rises with Cold War containment and Vietnam escalation, then becomes a backlash object for the War Powers Resolution.",https://www.archives.gov/milestone-documents/tonkin-gulf-resolution,NARA milestone; essential counterpart to the existing War Powers Resolution row.
US-1967-ADEA,civil_rights_labor_age,1967,Congress,adoption,Age Discrimination in Employment Act,Prohibit employment discrimination against older workers.,"age, employment discrimination, civil rights, labor markets, protected classes",Would Congress treat age discrimination in employment as a federal civil-rights problem?,"Low before the civil-rights employment framework, higher after Title VII and Great Society labor-rights expansion.",https://www.eeoc.gov/statutes/age-discrimination-employment-act-1967,OLRC popular-name source-frame omission; adds age to the anti-discrimination coverage set.
US-1970-BANK-SECRECY,finance_surveillance,1970,Congress,adoption,Bank Secrecy Act,Require financial institutions to keep records and report certain transactions to help detect money laundering and financial crimes.,"financial privacy, surveillance, crime control, banking regulation, anti-money-laundering state capacity",Would Congress require banks to report and preserve transaction information for federal law-enforcement and financial-surveillance purposes?,"Low before modern organized-crime and drug-policy concerns, higher by 1970, then expanded after terrorism and AML concerns.",https://www.fincen.gov/resources/statutes-and-regulations/bank-secrecy-act,"OLRC popular-name omission; complements FISA, Privacy Act, FCRA, PATRIOT Act, and financial regulation rows."
US-1971-ANCSA,native_policy_land,1971,Congress,adoption,Alaska Native Claims Settlement Act,"Settle Alaska Native land claims through land transfers, monetary compensation, and Native corporations.","Native sovereignty, land claims, corporate settlement, resource development, self-determination",Would Congress settle Native land claims through a large land-and-money settlement organized around Native corporations?,"Low under allotment/termination priors, higher around Alaska statehood, oil development, and the self-determination turn.",https://www.blm.gov/programs/lands-and-realty/regional-information/alaska/land_transfer/ancsa,OLRC and agency-source omission; fills a major Native-policy land-settlement gap.
US-1978-AIRFA,native_policy_religion,1978,Congress,adoption,American Indian Religious Freedom Act,"Declare federal policy to protect and preserve American Indian, Alaska Native, and Native Hawaiian religious practices.","Native religious freedom, cultural rights, sacred sites, federal land management",Would Congress formally recognize protection of Native religious practices as a federal policy objective?,"Low under assimilation and termination-era priors, higher during the 1970s self-determination and rights turn.",https://www.govinfo.gov/content/pkg/STATUTE-92/pdf/STATUTE-92-Pg469.pdf,OLRC popular-name omission; useful even though the statute was more declaratory than enforcement-heavy.
US-1982-VRA-AMENDMENTS,democracy_civil_rights,1982,Congress,adoption,Voting Rights Act Amendments of 1982,"Renew and amend the Voting Rights Act, including a results-based test for vote dilution under Section 2.","racial vote dilution, federal voting-rights enforcement, results tests, civil-rights backlash",Would Congress renew the Voting Rights Act and make vote-dilution liability turn on discriminatory results rather than intent alone?,"Low before the civil-rights era, high after 1965, contested but plausible amid 1980s rights retrenchment.",https://www.congress.gov/bill/97th-congress/house-bill/3112,OLRC popular-name omission; adds an important post-1965 voting-rights evolution.
US-1990-IMMIGRATION-ACT,immigration,1990,Congress,adoption,Immigration Act of 1990,"Expand legal immigration, revise employment-based immigration, and create the diversity visa program.","legal immigration, high-skill immigration, diversity visas, national origins reform aftermath",Would Congress expand legal immigration and create new employment-based and diversity-visa channels?,"Low before Hart-Celler, higher after immigration liberalization, then contested amid 1990s immigration politics.",https://www.congress.gov/bill/101st-congress/senate-bill/358,OLRC popular-name omission; fills gap between IRCA and later immigration enforcement/restriction politics.
US-1993-RFRA,religion_civil_rights,1993,Congress,adoption,Religious Freedom Restoration Act,Require government to satisfy strict scrutiny when substantially burdening religious exercise.,"religious liberty, civil-rights coalitions, judicial backlash, statutory constitutionalism",Would Congress restore a strict-scrutiny rule for burdens on religious exercise after the Supreme Court narrowed Free Exercise doctrine?,"Low before the Warren/Burger-era rights framework, high after Smith, then increasingly polarized in later religion/health conflicts.",https://www.congress.gov/bill/103rd-congress/house-bill/1308,OLRC popular-name omission; important statutory bridge to Hobby Lobby and later religion cases.
US-1996-AEDPA,criminal_justice_security,1996,Congress,adoption,Antiterrorism and Effective Death Penalty Act,"Restrict habeas corpus review, expand terrorism-related tools, and accelerate death-penalty procedures.","terrorism, death penalty, habeas corpus, crime control, federal courts",Would Congress respond to terrorism and crime concerns by restricting habeas review and accelerating capital-punishment procedures?,"Low in the Warren Court criminal-procedure period, higher by the 1990s crime/terrorism politics, contested after civil-liberties backlash.",https://www.congress.gov/bill/104th-congress/senate-bill/735,OLRC popular-name omission; fills a major criminal-justice/federal-courts restriction row.
US-1996-IIRIRA,immigration_enforcement,1996,Congress,adoption,Illegal Immigration Reform and Immigrant Responsibility Act,"Expand immigration enforcement, removal rules, inadmissibility bars, and penalties for unauthorized immigration.","immigration restriction, border enforcement, deportation, criminalization, welfare-era retrenchment",Would Congress sharply expand immigration enforcement and removal rules as part of a broader restrictionist turn?,"Low before late-20th-century immigration backlash, higher after IRCA and 1990s restrictionist politics.",https://www.congress.gov/bill/104th-congress/house-bill/3610,"OLRC popular-name omission; complements Hart-Celler, Refugee Act, IRCA, and PRWORA."
US-2001-AUMF,war_powers_security,2001,Congress,adoption,Authorization for Use of Military Force of 2001,Authorize the President to use force against those responsible for the September 11 attacks and associated harboring entities.,"terrorism, war powers, executive discretion, national security, civil liberties",Would Congress give the President broad open-ended authority to use military force against terrorism-linked actors after a major attack?,"Low before 9/11, extremely high immediately after 9/11, then increasingly contested as the war on terror persisted.",https://www.congress.gov/bill/107th-congress/senate-joint-resolution/23,GovInfo/OLRC omission; essential counterpart to PATRIOT Act and war-powers rows.
US-2002-IRAQ-AUMF,war_powers_security,2002,Congress,adoption,Authorization for Use of Military Force Against Iraq Resolution of 2002,Authorize the President to use military force against Iraq.,"Iraq War, terrorism, weapons of mass destruction, executive war powers, national security",Would Congress authorize military force against Iraq under post-9/11 national-security and weapons-of-mass-destruction claims?,"Low before 9/11, high during 2002 security politics, then strongly contested after the Iraq War backlash.",https://www.congress.gov/bill/107th-congress/house-joint-resolution/114,GovInfo/OLRC omission; distinct from the 2001 AUMF and useful for backlash time profiles.
US-2009-LILLY-LEDBETTER,gender_labor,2009,Congress,adoption,Lilly Ledbetter Fair Pay Act,Reset the limitations period for pay-discrimination claims with each discriminatory paycheck.,"gender pay equity, employment discrimination, courts versus Congress, civil-rights enforcement",Would Congress override a Supreme Court limitations ruling to make pay-discrimination claims easier to bring?,"Low before Title VII and modern gender equality politics, higher after feminist labor-rights mobilization and Ledbetter.",https://www.congress.gov/bill/111th-congress/senate-bill/181,OLRC popular-name omission; adds a congressional override/civil-rights-enforcement row.
US-2009-HATE-CRIMES,civil_rights_criminal_justice,2009,Congress,adoption,Matthew Shepard and James Byrd Jr. Hate Crimes Prevention Act,"Expand federal hate-crimes law to cover crimes motivated by gender, sexual orientation, gender identity, or disability.","hate crimes, LGBTQ rights, race, gender identity, disability, federal criminal enforcement","Would Congress expand federal hate-crime law to protect LGBTQ people, people with disabilities, and other targeted groups?","Low before modern hate-crime and LGBTQ-rights politics, higher by the 2000s.",https://www.justice.gov/hatecrimes/laws-and-policies,OLRC/GovInfo omission; bridges civil-rights criminal enforcement and LGBTQ-rights expansion.
US-2010-DADT-REPEAL,lgbtq_military,2010,Congress/President,adoption,"Don't Ask, Don't Tell Repeal Act","Repeal the statutory basis for excluding openly gay, lesbian, and bisexual people from military service.","LGBTQ rights, military service, national security culture, sexuality","Would Congress repeal the ban on openly gay, lesbian, and bisexual people serving in the military?","Very low before gay-rights mobilization, still low around 1993 compromise politics, high by 2010.",https://www.congress.gov/bill/111th-congress/house-bill/2965,"OLRC popular-name omission; complements Bowers, Lawrence, DOMA, Windsor, Obergefell, and Bostock."
US-2018-FIRST-STEP,criminal_justice_reform,2018,Congress/President,adoption,First Step Act,"Reduce some federal sentences, expand earned-time credits, and reform federal prison programming.","mass incarceration, sentencing reform, bipartisan criminal-justice reform, drug sentencing",Would Congress adopt a bipartisan federal sentencing and prison reform after decades of punitive criminal-justice politics?,"Low during the 1980s-1990s punitive turn, higher after mass-incarceration critique became mainstream.",https://www.congress.gov/bill/115th-congress/senate-bill/756,GovInfo/OLRC omission; adds criminal-justice retrenchment/reform after the 1994 crime bill.
US-2021-AMERICAN-RESCUE-PLAN,crisis_social_policy,2021,Congress/President,adoption,American Rescue Plan Act,"Enact large-scale COVID-era fiscal relief, including stimulus payments, expanded child tax credit, unemployment support, and state and local aid.","pandemic relief, fiscal state capacity, child poverty, stimulus, federal aid","Would Congress enact a large emergency relief package with direct payments, expanded family benefits, and state/local aid in response to a pandemic?","Low before modern crisis-fiscal policy, higher after the Great Recession and very high during COVID.",https://www.congress.gov/bill/117th-congress/house-bill/1319,GovInfo public-law scan omission; complements CARES but tests a different welfare/fiscal profile.
US-2021-IIJA,infrastructure_industrial_policy,2021,Congress/President,adoption,Infrastructure Investment and Jobs Act,"Adopt a large bipartisan infrastructure package for transportation, broadband, water, energy, and resilience projects.","infrastructure, industrial policy, federal investment, bipartisan public works, broadband","Would Congress adopt a large bipartisan federal infrastructure package spanning transportation, broadband, water, and energy systems?","Plausible in New Deal/highway-era state-capacity priors, lower during austerity/deregulation periods, higher again in 2020s industrial-policy politics.",https://www.congress.gov/bill/117th-congress/house-bill/3684,GovInfo public-law scan omission; modern public-investment anchor after ARRA and CHIPS/IRA.
US-2021-JUNETEENTH,civil_rights_memory,2021,Congress/President,adoption,Juneteenth National Independence Day Act,Make Juneteenth a federal legal public holiday.,"racial memory, emancipation, federal commemoration, civil-rights recognition",Would Congress make Juneteenth a federal holiday commemorating emancipation?,"Low before modern civil-rights memory politics, higher after Black freedom history became part of federal commemorative practice.",https://www.congress.gov/bill/117th-congress/senate-bill/475,GovInfo public-law scan omission; more symbolic than regulatory but useful for attitudes toward federal racial-memory recognition.
US-2022-BIPARTISAN-SAFER-COMMUNITIES,guns_mental_health,2022,Congress/President,adoption,Bipartisan Safer Communities Act,"Adopt federal gun-safety, mental-health, school-safety, and background-check changes after mass shootings.","guns, mass shootings, mental health, background checks, bipartisan safety regulation",Would Congress enact a bipartisan federal gun-safety package after mass shootings despite polarized gun politics?,"Low before late-20th-century gun-control politics, higher after recurring mass-shooting politics but still sharply contested.",https://www.congress.gov/bill/117th-congress/senate-bill/2938,OLRC/GovInfo omission; important post-Heller/Bruen congressional gun-policy event.
US-2022-RESPECT-MARRIAGE,lgbtq_family,2022,Congress/President,adoption,Respect for Marriage Act,Repeal DOMA and require federal and interstate recognition of valid same-sex and interracial marriages.,"same-sex marriage, interracial marriage, federal recognition, LGBTQ rights, post-Dobbs legal uncertainty",Would Congress repeal DOMA and require recognition of valid same-sex marriages across federal and state lines?,"Very low before gay-rights normalization, low around DOMA, high after Obergefell and Dobbs-driven statutory-protection politics.",https://www.congress.gov/bill/117th-congress/house-bill/8404,"OLRC/GovInfo omission; essential statutory counterpart to DOMA, Windsor, Obergefell, and Dobbs."
US-2022-ELECTORAL-COUNT-REFORM,democracy_elections,2022,Congress/President,adoption,Electoral Count Reform Act,Clarify and revise procedures for counting electoral votes and limit avenues for overturning presidential election results.,"democratic procedure, presidential elections, peaceful transfer of power, election subversion, institutional reform",Would Congress reform the Electoral Count Act to reduce ambiguity and constrain attempts to overturn presidential election results?,"Low before 2020 election-subversion crisis, sharply higher after January 6 and bipartisan institutional alarm.",https://uscode.house.gov/popularnames/popularnames.htm,OLRC/GovInfo omission; major democracy-procedure row after Bush v. Gore and Rucho.