condition,probe,policy_id,enactment_year,topics,slope,endpoint_delta
talkie_cpt,yes_no,US-1935-NIRA-SCHECHTER,1935,,-0.151102,-0.529425
talkie_cpt,yes_no,US-1935-NLRA,1935,labor_wages,-0.122753,-0.429544
talkie_cpt,yes_no,US-1935-SOCIAL-SECURITY,1935,labor_wages|social_welfare,-0.136527,-0.444093
talkie_cpt,yes_no,US-1936-AAA-BUTLER,1936,finance_banking,-0.112762,-0.548169
talkie_cpt,yes_no,US-1937-JONES-LAUGHLIN,1937,labor_wages,-0.092622,-0.470957
talkie_cpt,yes_no,US-1937-WEST-COAST-HOTEL,1937,labor_wages,-0.107199,-0.600975
talkie_cpt,yes_no,US-1938-FDCA,1938,health_medical,-0.084652,-0.549524
talkie_cpt,yes_no,US-1938-FLSA,1938,labor_wages,-0.087560,-0.549941
talkie_cpt,yes_no,US-1941-EO8802,1941,civil_rights|labor_wages|natl_security,-0.040451,-0.375483
talkie_cpt,yes_no,US-1935-PUHCA,1935,,-0.147270,-0.507856
talkie_cpt,yes_no,US-1936-RURAL-ELECTRIFICATION,1936,,-0.129696,-0.590821
talkie_cpt,yes_no,US-1939-HATCH-ACT,1939,,-0.084927,-0.649783
talkie_cpt,yes_no,US-1940-SELECTIVE-TRAINING,1940,,-0.057330,-0.526042
talkie_cpt,yes_no,US-1940-SMITH-ACT,1940,crim_justice,-0.061319,-0.622949
talkie_cpt,yes_no,US-1941-DARBY,1941,labor_wages,-0.028827,-0.207839
talkie_cpt,yes_no,US-1941-LEND-LEASE,1941,natl_security,-0.030860,-0.203818
talkie_cpt,yes_no,US-1942-WICKARD,1942,,-0.024399,-0.487749
talkie_cpt,yes_no,US-1942-EMERGENCY-PRICE-CONTROL,1942,natl_security,-0.031411,-0.448608
talkie_cpt,yes_no,US-1942-EO9066,1942,natl_security,-0.018681,-0.393340
talkie_cpt,yes_no,US-1943-CHINESE-EXCLUSION-REPEAL,1943,,-0.001472,-0.162490
talkie_cpt,yes_no,US-1944-GI-BILL,1944,labor_wages|social_welfare,-0.001689,-0.054186
talkie_cpt,yes_no,US-1944-KOREMATSU,1944,natl_security,0.006456,-0.018499
talkie_cpt,yes_no,US-1945-BRETTON-WOODS,1945,finance_banking,-0.005125,-0.194897
talkie_cpt,yes_no,US-1945-UN-PARTICIPATION,1945,natl_security|finance_banking,-0.000457,-0.134262
talkie_cpt,yes_no,US-1946-EMPLOYMENT-ACT,1946,labor_wages,-0.003641,-0.035084
talkie_cpt,yes_no,US-1946-APA,1946,,-0.000340,-0.025111
talkie_cpt,yes_no,US-1947-NATIONAL-SECURITY-ACT,1947,natl_security|finance_banking,0.000539,0.041630
talkie_cpt,yes_no,US-1947-TAFT-HARTLEY,1947,labor_wages,-0.001547,0.007196
talkie_cpt,yes_no,US-1947-TRUMAN-DOCTRINE,1947,,-0.005564,-0.061784
talkie_cpt,yes_no,US-1948-EO9981,1948,civil_rights,-0.009526,-0.045609
talkie_cpt,yes_no,US-1948-DISPLACED-PERSONS-ACT,1948,natl_security,-0.008233,-0.023292
talkie_cpt,yes_no,US-1948-MARSHALL-PLAN,1948,,-0.012897,-0.078839
talkie_cpt,yes_no,US-1948-SHELLEY,1948,social_welfare,-0.004108,0.015581
talkie_cpt,yes_no,US-1950-DPA,1950,natl_security,-0.012077,0.013310
talkie_cpt,yes_no,US-1950-INTERNAL-SECURITY,1950,natl_security|finance_banking,-0.014114,0.008240
talkie_cpt,yes_no,US-1951-DENNIS,1951,,-0.018636,-0.302991
talkie_cpt,yes_no,US-1952-INA,1952,,-0.010234,-0.124370
talkie_cpt,yes_no,US-1952-YOUNGSTOWN,1952,,-0.005332,-0.061197
talkie_cpt,yes_no,US-1954-BROWN,1954,civil_rights,-0.003839,-0.062150
talkie_cpt,yes_no,US-1956-HIGHWAY,1956,,0.000062,-0.013388
talkie_cpt,yes_no,US-1956-BANK-HOLDING-COMPANY-ACT,1956,finance_banking,-0.002799,-0.031693
talkie_cpt,yes_no,US-1957-CIVIL-RIGHTS-ACT,1957,civil_rights,0.000091,0.019764
talkie_cpt,yes_no,US-1957-YATES,1957,,-0.003723,-0.039052
talkie_cpt,yes_no,US-1957-EO10730,1957,civil_rights,-0.004389,-0.033618
talkie_cpt,yes_no,US-1958-NDEA,1958,natl_security,0.001713,0.011550
talkie_cpt,yes_no,US-1958-NASA-ACT,1958,,0.003556,0.018825
talkie_cpt,yes_no,US-1958-COOPER,1958,,-0.002888,-0.027715
talkie_cpt,yes_no,US-1961-MAPP,1961,,-0.001221,-0.040077
talkie_cpt,yes_no,US-1961-PEACE-CORPS,1961,,-0.004918,-0.059677
talkie_cpt,yes_no,US-1962-BAKER,1962,,-0.002561,-0.031798
talkie_cpt,yes_no,US-1962-ENGEL,1962,,-0.001378,-0.023914
talkie_cpt,yes_no,US-1962-KEFAUVER-HARRIS,1962,health_medical,-0.002405,-0.035950
talkie_cpt,yes_no,US-1963-EQUAL-PAY,1963,civil_rights|labor_wages,-0.000813,0.023388
talkie_cpt,yes_no,US-1963-GIDEON,1963,,-0.000122,0.014000
talkie_cpt,yes_no,US-1963-TEST-BAN-TREATY,1963,environment,-0.000255,0.009253
talkie_cpt,yes_no,US-1964-24TH-AMENDMENT,1964,finance_banking,0.000402,0.004955
talkie_cpt,yes_no,US-1964-CIVIL-RIGHTS-ACT,1964,civil_rights|labor_wages,0.002588,0.063260
talkie_cpt,yes_no,US-1964-ECONOMIC-OPPORTUNITY,1964,natl_security,-0.002840,0.010450
talkie_cpt,yes_no,US-1964-HEART-ATLANTA,1964,civil_rights,0.000031,0.016884
talkie_cpt,yes_no,US-1964-NYT-SULLIVAN,1964,,-0.003140,-0.007194
talkie_cpt,yes_no,US-1964-REYNOLDS,1964,civil_rights,0.000040,0.027162
talkie_cpt,yes_no,US-1964-TONKIN-GULF,1964,natl_security,-0.003237,-0.025184
talkie_cpt,yes_no,US-1965-ESEA,1965,,-0.003051,-0.049758
talkie_cpt,yes_no,US-1965-GRISWOLD,1965,civil_rights,-0.001788,-0.020148
talkie_cpt,yes_no,US-1965-HART-CELLER,1965,,-0.003686,-0.040196
talkie_cpt,yes_no,US-1965-MEDICARE-MEDICAID,1965,social_welfare,-0.000681,-0.025577
talkie_cpt,yes_no,US-1965-VRA,1965,civil_rights,-0.002175,-0.030412
talkie_cpt,yes_no,US-1966-FOIA,1966,,-0.000755,0.017800
talkie_cpt,yes_no,US-1966-HARPER,1966,civil_rights|finance_banking,0.000184,0.020059
talkie_cpt,yes_no,US-1966-MIRANDA,1966,natl_security,0.000136,0.036331
talkie_cpt,yes_no,US-1967-KATZ,1967,natl_security,-0.001006,-0.007271
talkie_cpt,yes_no,US-1967-LOVING,1967,,0.001051,0.004233
talkie_cpt,yes_no,US-1967-ADEA,1967,civil_rights|labor_wages,0.004519,0.045160
talkie_cpt,yes_no,US-1968-FAIR-HOUSING,1968,civil_rights|social_welfare,0.005448,0.032407
talkie_cpt,yes_no,US-1968-GUN-CONTROL,1968,crim_justice,0.003651,0.048423
talkie_cpt,yes_no,US-1968-TERRY,1968,,0.003348,0.033989
talkie_cpt,yes_no,US-1968-OMNIBUS-CRIME-CONTROL,1968,natl_security|crim_justice,-0.000621,-0.019853
talkie_cpt,yes_no,US-1968-TRUTH-IN-LENDING,1968,,0.003114,0.024818
talkie_cpt,yes_no,US-1969-BRANDENBURG,1969,,-0.000601,-0.012734
talkie_cpt,yes_no,US-1969-NEPA,1969,environment,0.005220,0.049416
talkie_cpt,yes_no,US-1969-TINKER,1969,,-0.001088,-0.004595
talkie_cpt,yes_no,US-1970-CLEAN-AIR,1970,environment,0.006127,0.019758
talkie_cpt,yes_no,US-1970-CSA,1970,health_medical,0.009140,0.069127
talkie_cpt,yes_no,US-1970-OSHA,1970,labor_wages,0.011978,0.076702
talkie_cpt,yes_no,US-1970-FCRA,1970,,0.010447,0.078632
talkie_cpt,yes_no,US-1970-BANK-SECRECY,1970,crim_justice,0.006465,0.038722
talkie_cpt,yes_no,US-1971-26TH,1971,civil_rights,0.006459,0.052437
talkie_cpt,yes_no,US-1971-FECA,1971,,0.007668,0.067133
talkie_cpt,yes_no,US-1971-LEMON,1971,,0.003075,0.023187
talkie_cpt,yes_no,US-1971-PENTAGON-PAPERS,1971,,0.004485,0.036856
talkie_cpt,yes_no,US-1971-ANCSA,1971,finance_banking,0.010213,0.112748
talkie_cpt,yes_no,US-1972-CLEAN-WATER,1972,,0.004472,0.054859
talkie_cpt,yes_no,US-1972-FURMAN,1972,,0.003238,0.023837
talkie_cpt,yes_no,US-1972-TITLE-IX,1972,civil_rights,0.007848,0.071032
talkie_cpt,yes_no,US-1972-YODER,1972,,0.003878,0.040277
talkie_cpt,yes_no,US-1972-CPSA,1972,labor_wages,0.004400,0.045237
talkie_cpt,yes_no,US-1973-ESA,1973,,0.007071,0.050266
talkie_cpt,yes_no,US-1973-REHABILITATION,1973,civil_rights|labor_wages,0.004541,0.040510
talkie_cpt,yes_no,US-1973-RODRIGUEZ,1973,civil_rights,0.005250,0.040770
talkie_cpt,yes_no,US-1973-ROE,1973,,0.004802,0.026292
talkie_cpt,yes_no,US-1973-WAR-POWERS,1973,natl_security,0.008432,0.089890
talkie_cpt,yes_no,US-1974-ECOA,1974,civil_rights,0.003843,0.044385
talkie_cpt,yes_no,US-1974-ERISA,1974,social_welfare,0.008267,0.134136
talkie_cpt,yes_no,US-1974-MILLIKEN,1974,civil_rights,0.013491,0.235125
talkie_cpt,yes_no,US-1974-PRIVACY-ACT,1974,,0.008283,0.077250
talkie_cpt,yes_no,US-1975-IDEA,1975,,0.032977,0.526649
talkie_cpt,yes_no,US-1975-ISDEAA,1975,,0.017234,0.280714
talkie_cpt,yes_no,US-1975-EPCA,1975,environment,0.037399,0.354119
talkie_cpt,yes_no,US-1976-BUCKLEY,1976,,0.019317,0.121980
talkie_cpt,yes_no,US-1976-GREGG,1976,crim_justice,0.014013,0.105018
talkie_cpt,yes_no,US-1976-TSCA,1976,,0.009232,0.050227
talkie_cpt,yes_no,US-1977-CRA,1977,finance_banking,0.016144,-0.000773
talkie_cpt,yes_no,US-1977-FED-DUAL-MANDATE,1977,labor_wages,0.007323,-0.001884
talkie_cpt,yes_no,US-1978-AIRLINE-DEREG,1978,environment,0.007251,0.040397
talkie_cpt,yes_no,US-1978-BAKKE,1978,civil_rights,0.009229,0.074694
talkie_cpt,yes_no,US-1978-FISA,1978,natl_security,0.014759,0.062479
talkie_cpt,yes_no,US-1978-HUMPHREY-HAWKINS,1978,labor_wages,0.015014,0.068961
talkie_cpt,yes_no,US-1978-ICWA,1978,,0.013172,0.054745
talkie_cpt,yes_no,US-1978-PREGNANCY-DISCRIM,1978,civil_rights,0.008743,0.079678
talkie_cpt,yes_no,US-1978-AIRFA,1978,,0.020996,0.130118
talkie_cpt,yes_no,US-1980-CERCLA,1980,,0.005489,0.054160
talkie_cpt,yes_no,US-1980-DIDMCA,1980,,0.009565,0.097074
talkie_cpt,yes_no,US-1980-REFUGEE-ACT,1980,,0.006159,0.069687
talkie_cpt,yes_no,US-1982-VRA-AMENDMENTS,1982,civil_rights,0.001450,0.001457
talkie_cpt,yes_no,US-1983-CHADHA,1983,,-0.010473,-0.003618
talkie_cpt,yes_no,US-1984-CHEVRON,1984,,-0.016428,-0.113957
talkie_cpt,yes_no,US-1984-SENTENCING,1984,crim_justice,-0.017730,-0.086785
talkie_cpt,yes_no,US-1986-BOWERS,1986,crim_justice,-0.005826,-0.068357
talkie_cpt,yes_no,US-1986-IRCA,1986,,-0.010917,-0.176124
talkie_cpt,yes_no,US-1986-TAX-REFORM,1986,finance_banking,-0.005559,-0.124646
talkie_cpt,yes_no,US-1987-DOLE,1987,,-0.005315,-0.024714
talkie_cpt,yes_no,US-1988-CIVIL-LIBERTIES-ACT,1988,,-0.006149,-0.057515
talkie_cpt,yes_no,US-1990-ADA,1990,civil_rights,-0.001501,-0.069348
talkie_cpt,yes_no,US-1990-CLEAN-AIR-AMEND,1990,environment,-0.001710,-0.080164
talkie_cpt,yes_no,US-1990-IMMIGRATION-ACT,1990,labor_wages,-0.002148,-0.059065
talkie_cpt,yes_no,US-1991-CIVIL-RIGHTS-ACT,1991,civil_rights|labor_wages,0.003239,0.031275
talkie_cpt,yes_no,US-1992-CASEY,1992,,0.003487,0.011301
talkie_cpt,yes_no,US-1993-BRADY,1993,crim_justice,-0.000404,-0.027163
talkie_cpt,yes_no,US-1993-FMLA,1993,health_medical,0.001938,-0.000711
talkie_cpt,yes_no,US-1993-NVRA,1993,,-0.001333,-0.023682
talkie_cpt,yes_no,US-1993-RFRA,1993,,-0.004293,-0.038069
talkie_cpt,yes_no,US-1994-CRIME-BILL,1994,crim_justice,0.004923,-0.035406
talkie_cpt,yes_no,US-1994-NAFTA,1994,,-0.003671,-0.055180
talkie_cpt,yes_no,US-1994-VAWA,1994,,-0.000829,-0.074423
talkie_cpt,yes_no,US-1995-LOPEZ,1995,crim_justice,-0.003726,-0.058309
talkie_cpt,yes_no,US-1996-DOMA,1996,,-0.002522,-0.026104
talkie_cpt,yes_no,US-1996-PRWORA,1996,social_welfare,-0.005272,-0.036354
talkie_cpt,yes_no,US-1996-TELECOM,1996,,-0.005510,-0.043539
talkie_cpt,yes_no,US-1996-AEDPA,1996,,-0.010228,-0.039524
talkie_cpt,yes_no,US-1996-IIRIRA,1996,,-0.013274,-0.087190
talkie_cpt,yes_no,US-1997-PRINTZ,1997,,-0.004647,-0.032652
talkie_cpt,yes_no,US-1997-RENO-ACLU,1997,,-0.005166,-0.045066
talkie_cpt,yes_no,US-1999-GLBA,1999,,-0.001085,-0.005838
talkie_cpt,yes_no,US-2000-BUSH-GORE,2000,civil_rights,-0.004479,-0.034781
talkie_cpt,yes_no,US-2001-NCLB,2001,,-0.010225,-0.174198
talkie_cpt,yes_no,US-2001-PATRIOT,2001,natl_security,-0.012365,-0.241998
talkie_cpt,yes_no,US-2001-AUMF,2001,,-0.007232,-0.117887
talkie_cpt,yes_no,US-2002-HAVA,2002,,-0.003163,-0.021853
talkie_cpt,yes_no,US-2002-HOMELAND-SECURITY,2002,natl_security|finance_banking,-0.003985,-0.043001
talkie_cpt,yes_no,US-2002-SOX,2002,,-0.009233,-0.056543
talkie_cpt,yes_no,US-2002-IRAQ-AUMF,2002,natl_security,-0.003358,-0.036573
talkie_cpt,yes_no,US-2003-LAWRENCE,2003,crim_justice,0.001177,0.015192
talkie_cpt,yes_no,US-2003-MEDICARE-MMA,2003,social_welfare|health_medical,0.000802,0.008283
talkie_cpt,yes_no,US-2005-KELO,2005,,0.003649,0.012001
talkie_cpt,yes_no,US-2007-MASS-EPA,2007,environment,-0.000096,0.004598
talkie_cpt,yes_no,US-2008-HELLER,2008,crim_justice,-0.002909,-0.024083
talkie_cpt,yes_no,US-2009-ARRA,2009,finance_banking,-0.002215,-0.027797
talkie_cpt,yes_no,US-2009-LILLY-LEDBETTER,2009,civil_rights,-0.003787,-0.019860
talkie_cpt,yes_no,US-2009-HATE-CRIMES,2009,crim_justice,-0.010780,-0.060315
talkie_cpt,yes_no,US-2010-ACA,2010,social_welfare,-0.002309,0.002056
talkie_cpt,yes_no,US-2010-CITIZENS-UNITED,2010,,0.000493,0.008629
talkie_cpt,yes_no,US-2010-DODD-FRANK,2010,,-0.000380,0.026055
talkie_cpt,yes_no,US-2010-MCDONALD,2010,,-0.002714,-0.009743
talkie_cpt,yes_no,US-2010-DADT-REPEAL,2010,civil_rights|natl_security,-0.004891,-0.027656
talkie_cpt,yes_no,US-2012-NFIB,2012,social_welfare|finance_banking,-0.005246,-0.040056
talkie_cpt,yes_no,US-2013-SHELBY,2013,civil_rights,0.003667,0.055333
talkie_cpt,yes_no,US-2013-WINDSOR,2013,,0.000922,0.025119
talkie_cpt,yes_no,US-2014-HOBBY-LOBBY,2014,civil_rights,0.000922,0.000951
talkie_cpt,yes_no,US-2015-OBERGEFELL,2015,,0.006805,0.072955
talkie_cpt,yes_no,US-2017-TCJA,2017,finance_banking,0.005160,0.028100
talkie_cpt,yes_no,US-2018-JANUS,2018,labor_wages,0.001313,0.016206
talkie_cpt,yes_no,US-2018-FIRST-STEP,2018,crim_justice,0.010587,0.130529
talkie_cpt,yes_no,US-2019-RUCHO,2019,,0.002070,0.041693
talkie_cpt,yes_no,US-2020-BOSTOCK,2020,civil_rights,0.001241,0.013728
talkie_cpt,yes_no,US-2020-CARES,2020,labor_wages|social_welfare,0.000064,0.001665
talkie_cpt,yes_no,US-2020-MCGIRT,2020,crim_justice,-0.000917,-0.007010
talkie_cpt,yes_no,US-2021-AMERICAN-RESCUE-PLAN,2021,labor_wages|social_welfare|finance_banking,-0.003927,-0.049330
talkie_cpt,yes_no,US-2021-IIJA,2021,environment,-0.005457,-0.042748
talkie_cpt,yes_no,US-2021-JUNETEENTH,2021,,-0.001342,0.019827
talkie_cpt,yes_no,US-2022-BRUEN,2022,,0.001728,0.048141
talkie_cpt,yes_no,US-2022-CHIPS,2022,,-0.005930,0.034033
talkie_cpt,yes_no,US-2022-DOBBS,2022,,0.000915,0.027456
talkie_cpt,yes_no,US-2022-IRA,2022,environment|finance_banking|health_medical,-0.004515,0.035621
talkie_cpt,yes_no,US-2022-BIPARTISAN-SAFER-COMMUNITIES,2022,labor_wages|health_medical|crim_justice,-0.005093,-0.003088
talkie_cpt,yes_no,US-2022-RESPECT-MARRIAGE,2022,,0.001691,0.064449
talkie_cpt,yes_no,US-2022-ELECTORAL-COUNT-REFORM,2022,,0.002705,0.097964
talkie_cpt,likert,US-1935-NIRA-SCHECHTER,1935,,0.019832,0.047852
talkie_cpt,likert,US-1935-NLRA,1935,labor_wages,0.011279,0.027649
talkie_cpt,likert,US-1935-SOCIAL-SECURITY,1935,labor_wages|social_welfare,0.013696,0.038485
talkie_cpt,likert,US-1936-AAA-BUTLER,1936,finance_banking,0.014401,0.029937
talkie_cpt,likert,US-1937-JONES-LAUGHLIN,1937,labor_wages,0.020412,0.060052
talkie_cpt,likert,US-1937-WEST-COAST-HOTEL,1937,labor_wages,0.019010,0.063304
talkie_cpt,likert,US-1938-FDCA,1938,health_medical,0.015271,0.062982
talkie_cpt,likert,US-1938-FLSA,1938,labor_wages,0.011412,0.047382
talkie_cpt,likert,US-1941-EO8802,1941,civil_rights|labor_wages|natl_security,0.011320,0.048071
talkie_cpt,likert,US-1935-PUHCA,1935,,0.011212,0.027397
talkie_cpt,likert,US-1936-RURAL-ELECTRIFICATION,1936,,0.015180,0.045191
talkie_cpt,likert,US-1939-HATCH-ACT,1939,,0.012017,0.018316
talkie_cpt,likert,US-1940-SELECTIVE-TRAINING,1940,,0.008530,0.020176
talkie_cpt,likert,US-1940-SMITH-ACT,1940,crim_justice,0.006614,-0.005976
talkie_cpt,likert,US-1941-DARBY,1941,labor_wages,0.009523,0.057897
talkie_cpt,likert,US-1941-LEND-LEASE,1941,natl_security,0.008091,0.040817
talkie_cpt,likert,US-1942-WICKARD,1942,,0.010655,0.144108
talkie_cpt,likert,US-1942-EMERGENCY-PRICE-CONTROL,1942,natl_security,0.009573,0.129414
talkie_cpt,likert,US-1942-EO9066,1942,natl_security,0.010163,0.115857
talkie_cpt,likert,US-1943-CHINESE-EXCLUSION-REPEAL,1943,,0.006348,0.059782
talkie_cpt,likert,US-1944-GI-BILL,1944,labor_wages|social_welfare,0.004870,0.090249
talkie_cpt,likert,US-1944-KOREMATSU,1944,natl_security,0.008440,0.122018
talkie_cpt,likert,US-1945-BRETTON-WOODS,1945,finance_banking,0.000893,0.008331
talkie_cpt,likert,US-1945-UN-PARTICIPATION,1945,natl_security|finance_banking,0.001627,0.016431
talkie_cpt,likert,US-1946-EMPLOYMENT-ACT,1946,labor_wages,0.001414,0.012403
talkie_cpt,likert,US-1946-APA,1946,,0.000532,0.001135
talkie_cpt,likert,US-1947-NATIONAL-SECURITY-ACT,1947,natl_security|finance_banking,0.000638,-0.004607
talkie_cpt,likert,US-1947-TAFT-HARTLEY,1947,labor_wages,-0.000195,-0.014939
talkie_cpt,likert,US-1947-TRUMAN-DOCTRINE,1947,,0.000845,-0.001421
talkie_cpt,likert,US-1948-EO9981,1948,civil_rights,0.000517,-0.019393
talkie_cpt,likert,US-1948-DISPLACED-PERSONS-ACT,1948,natl_security,-0.000381,-0.020680
talkie_cpt,likert,US-1948-MARSHALL-PLAN,1948,,-0.001980,-0.027168
talkie_cpt,likert,US-1948-SHELLEY,1948,social_welfare,-0.002571,-0.036551
talkie_cpt,likert,US-1950-DPA,1950,natl_security,-0.002267,-0.016659
talkie_cpt,likert,US-1950-INTERNAL-SECURITY,1950,natl_security|finance_banking,-0.001493,-0.002735
talkie_cpt,likert,US-1951-DENNIS,1951,,-0.003860,-0.026311
talkie_cpt,likert,US-1952-INA,1952,,-0.002543,-0.000318
talkie_cpt,likert,US-1952-YOUNGSTOWN,1952,,-0.002236,0.008294
talkie_cpt,likert,US-1954-BROWN,1954,civil_rights,-0.004229,-0.035161
talkie_cpt,likert,US-1956-HIGHWAY,1956,,-0.001090,-0.018510
talkie_cpt,likert,US-1956-BANK-HOLDING-COMPANY-ACT,1956,finance_banking,-0.001731,-0.030194
talkie_cpt,likert,US-1957-CIVIL-RIGHTS-ACT,1957,civil_rights,0.000348,-0.003519
talkie_cpt,likert,US-1957-YATES,1957,,0.000197,-0.003357
talkie_cpt,likert,US-1957-EO10730,1957,civil_rights,-0.000159,-0.013055
talkie_cpt,likert,US-1958-NDEA,1958,natl_security,-0.000176,0.000828
talkie_cpt,likert,US-1958-NASA-ACT,1958,,-0.000104,0.001179
talkie_cpt,likert,US-1958-COOPER,1958,,-0.000319,-0.008648
talkie_cpt,likert,US-1961-MAPP,1961,,-0.001589,0.007411
talkie_cpt,likert,US-1961-PEACE-CORPS,1961,,-0.000787,0.008877
talkie_cpt,likert,US-1962-BAKER,1962,,-0.001580,-0.011431
talkie_cpt,likert,US-1962-ENGEL,1962,,0.000581,0.006746
talkie_cpt,likert,US-1962-KEFAUVER-HARRIS,1962,health_medical,-0.001872,-0.015659
talkie_cpt,likert,US-1963-EQUAL-PAY,1963,civil_rights|labor_wages,-0.000136,0.006310
talkie_cpt,likert,US-1963-GIDEON,1963,,-0.000730,0.002580
talkie_cpt,likert,US-1963-TEST-BAN-TREATY,1963,environment,0.000720,0.011895
talkie_cpt,likert,US-1964-24TH-AMENDMENT,1964,finance_banking,-0.001510,-0.030143
talkie_cpt,likert,US-1964-CIVIL-RIGHTS-ACT,1964,civil_rights|labor_wages,-0.000695,-0.008891
talkie_cpt,likert,US-1964-ECONOMIC-OPPORTUNITY,1964,natl_security,-0.001462,-0.035117
talkie_cpt,likert,US-1964-HEART-ATLANTA,1964,civil_rights,-0.002834,-0.035122
talkie_cpt,likert,US-1964-NYT-SULLIVAN,1964,,-0.004394,-0.065899
talkie_cpt,likert,US-1964-REYNOLDS,1964,civil_rights,-0.001597,-0.028857
talkie_cpt,likert,US-1964-TONKIN-GULF,1964,natl_security,-0.000587,-0.020759
talkie_cpt,likert,US-1965-ESEA,1965,,-0.001819,-0.020974
talkie_cpt,likert,US-1965-GRISWOLD,1965,civil_rights,-0.001714,-0.029731
talkie_cpt,likert,US-1965-HART-CELLER,1965,,-0.000949,-0.017228
talkie_cpt,likert,US-1965-MEDICARE-MEDICAID,1965,social_welfare,-0.002547,-0.027804
talkie_cpt,likert,US-1965-VRA,1965,civil_rights,-0.003070,-0.029242
talkie_cpt,likert,US-1966-FOIA,1966,,-0.002696,-0.010267
talkie_cpt,likert,US-1966-HARPER,1966,civil_rights|finance_banking,-0.002336,-0.022394
talkie_cpt,likert,US-1966-MIRANDA,1966,natl_security,-0.001561,-0.008307
talkie_cpt,likert,US-1967-KATZ,1967,natl_security,-0.002496,-0.003042
talkie_cpt,likert,US-1967-LOVING,1967,,-0.000135,0.008141
talkie_cpt,likert,US-1967-ADEA,1967,civil_rights|labor_wages,-0.001338,-0.012770
talkie_cpt,likert,US-1968-FAIR-HOUSING,1968,civil_rights|social_welfare,-0.000704,0.018783
talkie_cpt,likert,US-1968-GUN-CONTROL,1968,crim_justice,-0.001058,0.012156
talkie_cpt,likert,US-1968-TERRY,1968,,-0.000041,0.008890
talkie_cpt,likert,US-1968-OMNIBUS-CRIME-CONTROL,1968,natl_security|crim_justice,-0.000418,0.011241
talkie_cpt,likert,US-1968-TRUTH-IN-LENDING,1968,,0.000859,0.022609
talkie_cpt,likert,US-1969-BRANDENBURG,1969,,0.000735,-0.002402
talkie_cpt,likert,US-1969-NEPA,1969,environment,0.000995,0.004111
talkie_cpt,likert,US-1969-TINKER,1969,,0.001596,0.009154
talkie_cpt,likert,US-1970-CLEAN-AIR,1970,environment,0.002790,0.040590
talkie_cpt,likert,US-1970-CSA,1970,health_medical,0.002094,0.038718
talkie_cpt,likert,US-1970-OSHA,1970,labor_wages,0.002699,0.042938
talkie_cpt,likert,US-1970-FCRA,1970,,0.002370,0.038073
talkie_cpt,likert,US-1970-BANK-SECRECY,1970,crim_justice,0.003164,0.041433
talkie_cpt,likert,US-1971-26TH,1971,civil_rights,0.001555,0.004238
talkie_cpt,likert,US-1971-FECA,1971,,0.004012,0.026298
talkie_cpt,likert,US-1971-LEMON,1971,,0.003109,0.007681
talkie_cpt,likert,US-1971-PENTAGON-PAPERS,1971,,0.002410,0.006540
talkie_cpt,likert,US-1971-ANCSA,1971,finance_banking,0.002336,0.012738
talkie_cpt,likert,US-1972-CLEAN-WATER,1972,,0.002950,0.011349
talkie_cpt,likert,US-1972-FURMAN,1972,,0.003370,0.021727
talkie_cpt,likert,US-1972-TITLE-IX,1972,civil_rights,0.003889,0.011819
talkie_cpt,likert,US-1972-YODER,1972,,0.003093,0.026159
talkie_cpt,likert,US-1972-CPSA,1972,labor_wages,0.004222,0.028858
talkie_cpt,likert,US-1973-ESA,1973,,0.005974,0.028635
talkie_cpt,likert,US-1973-REHABILITATION,1973,civil_rights|labor_wages,0.003752,0.018244
talkie_cpt,likert,US-1973-RODRIGUEZ,1973,civil_rights,0.004278,0.013345
talkie_cpt,likert,US-1973-ROE,1973,,0.004486,0.018884
talkie_cpt,likert,US-1973-WAR-POWERS,1973,natl_security,0.003569,0.018209
talkie_cpt,likert,US-1974-ECOA,1974,civil_rights,0.006270,0.093793
talkie_cpt,likert,US-1974-ERISA,1974,social_welfare,0.007958,0.099157
talkie_cpt,likert,US-1974-MILLIKEN,1974,civil_rights,0.008209,0.096300
talkie_cpt,likert,US-1974-PRIVACY-ACT,1974,,0.007626,0.095743
talkie_cpt,likert,US-1975-IDEA,1975,,0.002761,-0.039784
talkie_cpt,likert,US-1975-ISDEAA,1975,,0.004739,0.029959
talkie_cpt,likert,US-1975-EPCA,1975,environment,0.003444,-0.005525
talkie_cpt,likert,US-1976-BUCKLEY,1976,,0.009127,0.118226
talkie_cpt,likert,US-1976-GREGG,1976,crim_justice,0.002246,0.044069
talkie_cpt,likert,US-1976-TSCA,1976,,0.001020,0.025796
talkie_cpt,likert,US-1977-CRA,1977,finance_banking,-0.001425,0.000330
talkie_cpt,likert,US-1977-FED-DUAL-MANDATE,1977,labor_wages,0.000539,-0.006262
talkie_cpt,likert,US-1978-AIRLINE-DEREG,1978,environment,-0.001453,-0.043755
talkie_cpt,likert,US-1978-BAKKE,1978,civil_rights,-0.001559,-0.036309
talkie_cpt,likert,US-1978-FISA,1978,natl_security,-0.003926,-0.062439
talkie_cpt,likert,US-1978-HUMPHREY-HAWKINS,1978,labor_wages,-0.001682,-0.030949
talkie_cpt,likert,US-1978-ICWA,1978,,-0.002914,-0.042677
talkie_cpt,likert,US-1978-PREGNANCY-DISCRIM,1978,civil_rights,-0.005103,-0.057522
talkie_cpt,likert,US-1978-AIRFA,1978,,-0.004459,-0.021272
talkie_cpt,likert,US-1980-CERCLA,1980,,-0.005420,-0.052865
talkie_cpt,likert,US-1980-DIDMCA,1980,,-0.003418,-0.036412
talkie_cpt,likert,US-1980-REFUGEE-ACT,1980,,-0.003803,-0.046318
talkie_cpt,likert,US-1982-VRA-AMENDMENTS,1982,civil_rights,0.000611,-0.007410
talkie_cpt,likert,US-1983-CHADHA,1983,,-0.001901,-0.000781
talkie_cpt,likert,US-1984-CHEVRON,1984,,-0.003084,-0.084591
talkie_cpt,likert,US-1984-SENTENCING,1984,crim_justice,-0.003990,-0.093644
talkie_cpt,likert,US-1986-BOWERS,1986,crim_justice,-0.001747,-0.051211
talkie_cpt,likert,US-1986-IRCA,1986,,-0.001297,-0.035045
talkie_cpt,likert,US-1986-TAX-REFORM,1986,finance_banking,-0.000891,-0.025953
talkie_cpt,likert,US-1987-DOLE,1987,,0.000486,-0.012150
talkie_cpt,likert,US-1988-CIVIL-LIBERTIES-ACT,1988,,-0.005599,-0.062225
talkie_cpt,likert,US-1990-ADA,1990,civil_rights,0.001938,0.032671
talkie_cpt,likert,US-1990-CLEAN-AIR-AMEND,1990,environment,-0.002732,-0.006533
talkie_cpt,likert,US-1990-IMMIGRATION-ACT,1990,labor_wages,-0.001982,-0.004911
talkie_cpt,likert,US-1991-CIVIL-RIGHTS-ACT,1991,civil_rights|labor_wages,0.000470,-0.004564
talkie_cpt,likert,US-1992-CASEY,1992,,-0.004547,-0.046970
talkie_cpt,likert,US-1993-BRADY,1993,crim_justice,-0.002570,-0.031801
talkie_cpt,likert,US-1993-FMLA,1993,health_medical,-0.001909,-0.028002
talkie_cpt,likert,US-1993-NVRA,1993,,-0.003777,-0.051333
talkie_cpt,likert,US-1993-RFRA,1993,,-0.001645,-0.025386
talkie_cpt,likert,US-1994-CRIME-BILL,1994,crim_justice,-0.003908,-0.039019
talkie_cpt,likert,US-1994-NAFTA,1994,,-0.002707,-0.015876
talkie_cpt,likert,US-1994-VAWA,1994,,-0.004070,-0.032450
talkie_cpt,likert,US-1995-LOPEZ,1995,crim_justice,-0.003769,-0.033964
talkie_cpt,likert,US-1996-DOMA,1996,,-0.002738,-0.029004
talkie_cpt,likert,US-1996-PRWORA,1996,social_welfare,-0.000962,-0.014650
talkie_cpt,likert,US-1996-TELECOM,1996,,-0.001411,-0.014103
talkie_cpt,likert,US-1996-AEDPA,1996,,-0.000937,-0.008563
talkie_cpt,likert,US-1996-IIRIRA,1996,,-0.001352,-0.011742
talkie_cpt,likert,US-1997-PRINTZ,1997,,0.000736,-0.014623
talkie_cpt,likert,US-1997-RENO-ACLU,1997,,-0.001104,-0.026834
talkie_cpt,likert,US-1999-GLBA,1999,,0.001714,0.012160
talkie_cpt,likert,US-2000-BUSH-GORE,2000,civil_rights,0.002510,-0.010195
talkie_cpt,likert,US-2001-NCLB,2001,,0.002756,0.019688
talkie_cpt,likert,US-2001-PATRIOT,2001,natl_security,0.001395,-0.001168
talkie_cpt,likert,US-2001-AUMF,2001,,0.000494,-0.000838
talkie_cpt,likert,US-2002-HAVA,2002,,0.002653,0.011019
talkie_cpt,likert,US-2002-HOMELAND-SECURITY,2002,natl_security|finance_banking,0.002027,0.001838
talkie_cpt,likert,US-2002-SOX,2002,,0.001987,0.001116
talkie_cpt,likert,US-2002-IRAQ-AUMF,2002,natl_security,0.000775,-0.004510
talkie_cpt,likert,US-2003-LAWRENCE,2003,crim_justice,0.001867,0.012210
talkie_cpt,likert,US-2003-MEDICARE-MMA,2003,social_welfare|health_medical,0.001467,0.003637
talkie_cpt,likert,US-2005-KELO,2005,,-0.003453,-0.044562
talkie_cpt,likert,US-2007-MASS-EPA,2007,environment,-0.006761,-0.046536
talkie_cpt,likert,US-2008-HELLER,2008,crim_justice,-0.010251,-0.136543
talkie_cpt,likert,US-2009-ARRA,2009,finance_banking,-0.005164,-0.055323
talkie_cpt,likert,US-2009-LILLY-LEDBETTER,2009,civil_rights,-0.003064,-0.026938
talkie_cpt,likert,US-2009-HATE-CRIMES,2009,crim_justice,-0.005122,-0.055123
talkie_cpt,likert,US-2010-ACA,2010,social_welfare,-0.007364,-0.084803
talkie_cpt,likert,US-2010-CITIZENS-UNITED,2010,,-0.009603,-0.093035
talkie_cpt,likert,US-2010-DODD-FRANK,2010,,-0.005935,-0.077116
talkie_cpt,likert,US-2010-MCDONALD,2010,,-0.010371,-0.095414
talkie_cpt,likert,US-2010-DADT-REPEAL,2010,civil_rights|natl_security,-0.004762,-0.058740
talkie_cpt,likert,US-2012-NFIB,2012,social_welfare|finance_banking,-0.001805,-0.022045
talkie_cpt,likert,US-2013-SHELBY,2013,civil_rights,-0.001284,-0.009011
talkie_cpt,likert,US-2013-WINDSOR,2013,,-0.001387,-0.010314
talkie_cpt,likert,US-2014-HOBBY-LOBBY,2014,civil_rights,-0.004276,-0.065999
talkie_cpt,likert,US-2015-OBERGEFELL,2015,,0.000104,-0.031530
talkie_cpt,likert,US-2017-TCJA,2017,finance_banking,-0.003641,-0.034729
talkie_cpt,likert,US-2018-JANUS,2018,labor_wages,-0.003177,0.009375
talkie_cpt,likert,US-2018-FIRST-STEP,2018,crim_justice,-0.000177,0.004470
talkie_cpt,likert,US-2019-RUCHO,2019,,-0.003763,-0.008595
talkie_cpt,likert,US-2020-BOSTOCK,2020,civil_rights,-0.001512,0.012148
talkie_cpt,likert,US-2020-CARES,2020,labor_wages|social_welfare,-0.005233,-0.016933
talkie_cpt,likert,US-2020-MCGIRT,2020,crim_justice,-0.003919,-0.017783
talkie_cpt,likert,US-2021-AMERICAN-RESCUE-PLAN,2021,labor_wages|social_welfare|finance_banking,-0.001204,-0.008418
talkie_cpt,likert,US-2021-IIJA,2021,environment,-0.001481,-0.013737
talkie_cpt,likert,US-2021-JUNETEENTH,2021,,-0.002089,-0.015570
talkie_cpt,likert,US-2022-BRUEN,2022,,-0.007205,-0.073975
talkie_cpt,likert,US-2022-CHIPS,2022,,-0.004766,-0.059160
talkie_cpt,likert,US-2022-DOBBS,2022,,-0.004762,-0.066776
talkie_cpt,likert,US-2022-IRA,2022,environment|finance_banking|health_medical,-0.003949,-0.041550
talkie_cpt,likert,US-2022-BIPARTISAN-SAFER-COMMUNITIES,2022,labor_wages|health_medical|crim_justice,-0.002345,-0.021552
talkie_cpt,likert,US-2022-RESPECT-MARRIAGE,2022,,-0.002608,-0.025580
talkie_cpt,likert,US-2022-ELECTORAL-COUNT-REFORM,2022,,-0.003253,-0.024842
talkie_sft,yes_no,US-1935-NIRA-SCHECHTER,1935,,-0.058694,-0.214826
talkie_sft,yes_no,US-1935-NLRA,1935,labor_wages,-0.072212,-0.216910
talkie_sft,yes_no,US-1935-SOCIAL-SECURITY,1935,labor_wages|social_welfare,-0.079469,-0.238961
talkie_sft,yes_no,US-1936-AAA-BUTLER,1936,finance_banking,-0.053381,-0.214662
talkie_sft,yes_no,US-1937-JONES-LAUGHLIN,1937,labor_wages,-0.062497,-0.303726
talkie_sft,yes_no,US-1937-WEST-COAST-HOTEL,1937,labor_wages,-0.058026,-0.352727
talkie_sft,yes_no,US-1938-FDCA,1938,health_medical,-0.031929,-0.143002
talkie_sft,yes_no,US-1938-FLSA,1938,labor_wages,-0.040495,-0.200350
talkie_sft,yes_no,US-1941-EO8802,1941,civil_rights|labor_wages|natl_security,-0.043639,-0.377093
talkie_sft,yes_no,US-1935-PUHCA,1935,,-0.084298,-0.278990
talkie_sft,yes_no,US-1936-RURAL-ELECTRIFICATION,1936,,-0.071186,-0.254485
talkie_sft,yes_no,US-1939-HATCH-ACT,1939,,-0.049494,-0.363341
talkie_sft,yes_no,US-1940-SELECTIVE-TRAINING,1940,,-0.044837,-0.233422
talkie_sft,yes_no,US-1940-SMITH-ACT,1940,crim_justice,-0.045361,-0.345240
talkie_sft,yes_no,US-1941-DARBY,1941,labor_wages,-0.033847,-0.365481
talkie_sft,yes_no,US-1941-LEND-LEASE,1941,natl_security,-0.038282,-0.138367
talkie_sft,yes_no,US-1942-WICKARD,1942,,-0.046119,-0.506697
talkie_sft,yes_no,US-1942-EMERGENCY-PRICE-CONTROL,1942,natl_security,-0.048434,-0.469104
talkie_sft,yes_no,US-1942-EO9066,1942,natl_security,-0.049645,-0.459060
talkie_sft,yes_no,US-1943-CHINESE-EXCLUSION-REPEAL,1943,,-0.017275,-0.263988
talkie_sft,yes_no,US-1944-GI-BILL,1944,labor_wages|social_welfare,-0.026534,-0.182294
talkie_sft,yes_no,US-1944-KOREMATSU,1944,natl_security,-0.028572,-0.242004
talkie_sft,yes_no,US-1945-BRETTON-WOODS,1945,finance_banking,-0.022690,-0.283862
talkie_sft,yes_no,US-1945-UN-PARTICIPATION,1945,natl_security|finance_banking,-0.024283,-0.292812
talkie_sft,yes_no,US-1946-EMPLOYMENT-ACT,1946,labor_wages,-0.026057,-0.245849
talkie_sft,yes_no,US-1946-APA,1946,,-0.024035,-0.250504
talkie_sft,yes_no,US-1947-NATIONAL-SECURITY-ACT,1947,natl_security|finance_banking,-0.011469,-0.094437
talkie_sft,yes_no,US-1947-TAFT-HARTLEY,1947,labor_wages,-0.011722,-0.100917
talkie_sft,yes_no,US-1947-TRUMAN-DOCTRINE,1947,,-0.011872,-0.170958
talkie_sft,yes_no,US-1948-EO9981,1948,civil_rights,-0.009589,-0.173533
talkie_sft,yes_no,US-1948-DISPLACED-PERSONS-ACT,1948,natl_security,-0.007379,-0.075359
talkie_sft,yes_no,US-1948-MARSHALL-PLAN,1948,,-0.014467,-0.200746
talkie_sft,yes_no,US-1948-SHELLEY,1948,social_welfare,-0.014063,-0.129012
talkie_sft,yes_no,US-1950-DPA,1950,natl_security,-0.002579,0.031082
talkie_sft,yes_no,US-1950-INTERNAL-SECURITY,1950,natl_security|finance_banking,-0.008484,-0.016706
talkie_sft,yes_no,US-1951-DENNIS,1951,,-0.002281,-0.022047
talkie_sft,yes_no,US-1952-INA,1952,,-0.003090,-0.001005
talkie_sft,yes_no,US-1952-YOUNGSTOWN,1952,,-0.001033,0.004733
talkie_sft,yes_no,US-1954-BROWN,1954,civil_rights,-0.005342,-0.121484
talkie_sft,yes_no,US-1956-HIGHWAY,1956,,0.003984,-0.000457
talkie_sft,yes_no,US-1956-BANK-HOLDING-COMPANY-ACT,1956,finance_banking,-0.003294,-0.057658
talkie_sft,yes_no,US-1957-CIVIL-RIGHTS-ACT,1957,civil_rights,-0.001066,0.049955
talkie_sft,yes_no,US-1957-YATES,1957,,-0.006163,-0.025030
talkie_sft,yes_no,US-1957-EO10730,1957,civil_rights,-0.005698,-0.037936
talkie_sft,yes_no,US-1958-NDEA,1958,natl_security,-0.008565,-0.132053
talkie_sft,yes_no,US-1958-NASA-ACT,1958,,-0.005151,-0.100048
talkie_sft,yes_no,US-1958-COOPER,1958,,-0.005954,-0.077477
talkie_sft,yes_no,US-1961-MAPP,1961,,-0.005283,-0.092034
talkie_sft,yes_no,US-1961-PEACE-CORPS,1961,,-0.015268,-0.122837
talkie_sft,yes_no,US-1962-BAKER,1962,,-0.007775,-0.080009
talkie_sft,yes_no,US-1962-ENGEL,1962,,-0.003470,-0.045595
talkie_sft,yes_no,US-1962-KEFAUVER-HARRIS,1962,health_medical,-0.005973,-0.042844
talkie_sft,yes_no,US-1963-EQUAL-PAY,1963,civil_rights|labor_wages,-0.003893,0.013494
talkie_sft,yes_no,US-1963-GIDEON,1963,,0.000792,0.009885
talkie_sft,yes_no,US-1963-TEST-BAN-TREATY,1963,environment,-0.001915,0.013392
talkie_sft,yes_no,US-1964-24TH-AMENDMENT,1964,finance_banking,0.001977,0.022868
talkie_sft,yes_no,US-1964-CIVIL-RIGHTS-ACT,1964,civil_rights|labor_wages,0.001591,0.065442
talkie_sft,yes_no,US-1964-ECONOMIC-OPPORTUNITY,1964,natl_security,-0.006481,-0.023448
talkie_sft,yes_no,US-1964-HEART-ATLANTA,1964,civil_rights,-0.002409,0.006235
talkie_sft,yes_no,US-1964-NYT-SULLIVAN,1964,,-0.003166,-0.002381
talkie_sft,yes_no,US-1964-REYNOLDS,1964,civil_rights,-0.000617,0.029993
talkie_sft,yes_no,US-1964-TONKIN-GULF,1964,natl_security,-0.007331,-0.083522
talkie_sft,yes_no,US-1965-ESEA,1965,,-0.002669,-0.039625
talkie_sft,yes_no,US-1965-GRISWOLD,1965,civil_rights,-0.000763,-0.010917
talkie_sft,yes_no,US-1965-HART-CELLER,1965,,-0.001953,-0.014811
talkie_sft,yes_no,US-1965-MEDICARE-MEDICAID,1965,social_welfare,0.000520,-0.013125
talkie_sft,yes_no,US-1965-VRA,1965,civil_rights,-0.000947,-0.026629
talkie_sft,yes_no,US-1966-FOIA,1966,,0.001755,0.030554
talkie_sft,yes_no,US-1966-HARPER,1966,civil_rights|finance_banking,0.004153,0.056190
talkie_sft,yes_no,US-1966-MIRANDA,1966,natl_security,0.007352,0.093796
talkie_sft,yes_no,US-1967-KATZ,1967,natl_security,0.001546,-0.021105
talkie_sft,yes_no,US-1967-LOVING,1967,,0.005034,-0.006357
talkie_sft,yes_no,US-1967-ADEA,1967,civil_rights|labor_wages,0.014152,0.073110
talkie_sft,yes_no,US-1968-FAIR-HOUSING,1968,civil_rights|social_welfare,0.016133,0.109957
talkie_sft,yes_no,US-1968-GUN-CONTROL,1968,crim_justice,0.009554,0.105241
talkie_sft,yes_no,US-1968-TERRY,1968,,0.006115,0.061014
talkie_sft,yes_no,US-1968-OMNIBUS-CRIME-CONTROL,1968,natl_security|crim_justice,0.006123,0.029338
talkie_sft,yes_no,US-1968-TRUTH-IN-LENDING,1968,,0.009567,0.067942
talkie_sft,yes_no,US-1969-BRANDENBURG,1969,,-0.001318,-0.035878
talkie_sft,yes_no,US-1969-NEPA,1969,environment,0.009326,0.057012
talkie_sft,yes_no,US-1969-TINKER,1969,,-0.004327,-0.048019
talkie_sft,yes_no,US-1970-CLEAN-AIR,1970,environment,0.004254,0.000872
talkie_sft,yes_no,US-1970-CSA,1970,health_medical,0.008611,0.067143
talkie_sft,yes_no,US-1970-OSHA,1970,labor_wages,0.012489,0.081079
talkie_sft,yes_no,US-1970-FCRA,1970,,0.010835,0.071036
talkie_sft,yes_no,US-1970-BANK-SECRECY,1970,crim_justice,0.004651,0.016373
talkie_sft,yes_no,US-1971-26TH,1971,civil_rights,0.001854,0.010625
talkie_sft,yes_no,US-1971-FECA,1971,,0.003231,0.045597
talkie_sft,yes_no,US-1971-LEMON,1971,,0.000225,-0.001583
talkie_sft,yes_no,US-1971-PENTAGON-PAPERS,1971,,0.002599,0.020606
talkie_sft,yes_no,US-1971-ANCSA,1971,finance_banking,0.003680,0.071379
talkie_sft,yes_no,US-1972-CLEAN-WATER,1972,,-0.002022,0.016069
talkie_sft,yes_no,US-1972-FURMAN,1972,,-0.001324,-0.009091
talkie_sft,yes_no,US-1972-TITLE-IX,1972,civil_rights,0.004357,0.060096
talkie_sft,yes_no,US-1972-YODER,1972,,0.000449,0.022415
talkie_sft,yes_no,US-1972-CPSA,1972,labor_wages,-0.002497,0.007302
talkie_sft,yes_no,US-1973-ESA,1973,,-0.001943,-0.001532
talkie_sft,yes_no,US-1973-REHABILITATION,1973,civil_rights|labor_wages,-0.001649,-0.006079
talkie_sft,yes_no,US-1973-RODRIGUEZ,1973,civil_rights,0.000817,0.004019
talkie_sft,yes_no,US-1973-ROE,1973,,0.000177,-0.003193
talkie_sft,yes_no,US-1973-WAR-POWERS,1973,natl_security,-0.000986,0.039228
talkie_sft,yes_no,US-1974-ECOA,1974,civil_rights,0.021640,0.537604
talkie_sft,yes_no,US-1974-ERISA,1974,social_welfare,0.012151,0.384149
talkie_sft,yes_no,US-1974-MILLIKEN,1974,civil_rights,0.021822,0.475001
talkie_sft,yes_no,US-1974-PRIVACY-ACT,1974,,0.024539,0.529574
talkie_sft,yes_no,US-1975-IDEA,1975,,0.019627,0.183451
talkie_sft,yes_no,US-1975-ISDEAA,1975,,0.026729,0.136084
talkie_sft,yes_no,US-1975-EPCA,1975,environment,0.020298,0.195963
talkie_sft,yes_no,US-1976-BUCKLEY,1976,,0.025690,0.069924
talkie_sft,yes_no,US-1976-GREGG,1976,crim_justice,0.022694,0.027594
talkie_sft,yes_no,US-1976-TSCA,1976,,0.022288,0.040670
talkie_sft,yes_no,US-1977-CRA,1977,finance_banking,0.014053,-0.047532
talkie_sft,yes_no,US-1977-FED-DUAL-MANDATE,1977,labor_wages,0.016642,-0.041765
talkie_sft,yes_no,US-1978-AIRLINE-DEREG,1978,environment,0.015261,0.047904
talkie_sft,yes_no,US-1978-BAKKE,1978,civil_rights,0.014495,0.084188
talkie_sft,yes_no,US-1978-FISA,1978,natl_security,0.015831,0.051130
talkie_sft,yes_no,US-1978-HUMPHREY-HAWKINS,1978,labor_wages,0.014240,0.059070
talkie_sft,yes_no,US-1978-ICWA,1978,,0.012492,0.034322
talkie_sft,yes_no,US-1978-PREGNANCY-DISCRIM,1978,civil_rights,0.015519,0.093380
talkie_sft,yes_no,US-1978-AIRFA,1978,,0.013521,0.077037
talkie_sft,yes_no,US-1980-CERCLA,1980,,0.003003,0.058381
talkie_sft,yes_no,US-1980-DIDMCA,1980,,0.006491,0.097813
talkie_sft,yes_no,US-1980-REFUGEE-ACT,1980,,0.001475,0.064169
talkie_sft,yes_no,US-1982-VRA-AMENDMENTS,1982,civil_rights,-0.014060,-0.052517
talkie_sft,yes_no,US-1983-CHADHA,1983,,-0.023913,0.031964
talkie_sft,yes_no,US-1984-CHEVRON,1984,,-0.015482,-0.251503
talkie_sft,yes_no,US-1984-SENTENCING,1984,crim_justice,-0.033539,-0.503319
talkie_sft,yes_no,US-1986-BOWERS,1986,crim_justice,-0.002959,-0.051659
talkie_sft,yes_no,US-1986-IRCA,1986,,0.003555,0.002382
talkie_sft,yes_no,US-1986-TAX-REFORM,1986,finance_banking,0.004505,-0.019349
talkie_sft,yes_no,US-1987-DOLE,1987,,0.000958,0.036120
talkie_sft,yes_no,US-1988-CIVIL-LIBERTIES-ACT,1988,,0.007245,0.048389
talkie_sft,yes_no,US-1990-ADA,1990,civil_rights,0.012638,0.073949
talkie_sft,yes_no,US-1990-CLEAN-AIR-AMEND,1990,environment,0.013291,0.062595
talkie_sft,yes_no,US-1990-IMMIGRATION-ACT,1990,labor_wages,0.009806,0.036158
talkie_sft,yes_no,US-1991-CIVIL-RIGHTS-ACT,1991,civil_rights|labor_wages,0.009719,0.095434
talkie_sft,yes_no,US-1992-CASEY,1992,,0.009824,0.123407
talkie_sft,yes_no,US-1993-BRADY,1993,crim_justice,0.006837,0.057846
talkie_sft,yes_no,US-1993-FMLA,1993,health_medical,0.011959,0.122190
talkie_sft,yes_no,US-1993-NVRA,1993,,0.003746,0.059153
talkie_sft,yes_no,US-1993-RFRA,1993,,0.001027,0.061094
talkie_sft,yes_no,US-1994-CRIME-BILL,1994,crim_justice,0.013474,0.059005
talkie_sft,yes_no,US-1994-NAFTA,1994,,0.004527,0.022434
talkie_sft,yes_no,US-1994-VAWA,1994,,0.009596,0.032817
talkie_sft,yes_no,US-1995-LOPEZ,1995,crim_justice,0.001659,-0.009878
talkie_sft,yes_no,US-1996-DOMA,1996,,-0.000645,-0.022980
talkie_sft,yes_no,US-1996-PRWORA,1996,social_welfare,-0.001254,-0.011568
talkie_sft,yes_no,US-1996-TELECOM,1996,,-0.003127,-0.041789
talkie_sft,yes_no,US-1996-AEDPA,1996,,-0.006284,-0.011599
talkie_sft,yes_no,US-1996-IIRIRA,1996,,-0.008563,-0.050557
talkie_sft,yes_no,US-1997-PRINTZ,1997,,-0.002515,-0.033735
talkie_sft,yes_no,US-1997-RENO-ACLU,1997,,-0.003168,-0.055016
talkie_sft,yes_no,US-1999-GLBA,1999,,0.002308,0.031635
talkie_sft,yes_no,US-2000-BUSH-GORE,2000,civil_rights,-0.005548,-0.063695
talkie_sft,yes_no,US-2001-NCLB,2001,,-0.015045,-0.180880
talkie_sft,yes_no,US-2001-PATRIOT,2001,natl_security,-0.013962,-0.227425
talkie_sft,yes_no,US-2001-AUMF,2001,,-0.006250,-0.082393
talkie_sft,yes_no,US-2002-HAVA,2002,,-0.004962,0.022442
talkie_sft,yes_no,US-2002-HOMELAND-SECURITY,2002,natl_security|finance_banking,-0.006974,-0.021167
talkie_sft,yes_no,US-2002-SOX,2002,,-0.010948,-0.020254
talkie_sft,yes_no,US-2002-IRAQ-AUMF,2002,natl_security,-0.003826,-0.003099
talkie_sft,yes_no,US-2003-LAWRENCE,2003,crim_justice,0.002358,0.040066
talkie_sft,yes_no,US-2003-MEDICARE-MMA,2003,social_welfare|health_medical,-0.001752,-0.015040
talkie_sft,yes_no,US-2005-KELO,2005,,0.004768,-0.011121
talkie_sft,yes_no,US-2007-MASS-EPA,2007,environment,0.004423,0.026913
talkie_sft,yes_no,US-2008-HELLER,2008,crim_justice,-0.003843,-0.060314
talkie_sft,yes_no,US-2009-ARRA,2009,finance_banking,-0.002325,-0.027681
talkie_sft,yes_no,US-2009-LILLY-LEDBETTER,2009,civil_rights,-0.007532,-0.046710
talkie_sft,yes_no,US-2009-HATE-CRIMES,2009,crim_justice,-0.012419,-0.084335
talkie_sft,yes_no,US-2010-ACA,2010,social_welfare,-0.004908,0.005470
talkie_sft,yes_no,US-2010-CITIZENS-UNITED,2010,,0.001285,0.028610
talkie_sft,yes_no,US-2010-DODD-FRANK,2010,,0.001587,0.064751
talkie_sft,yes_no,US-2010-MCDONALD,2010,,-0.005545,-0.007673
talkie_sft,yes_no,US-2010-DADT-REPEAL,2010,civil_rights|natl_security,-0.008888,-0.022882
talkie_sft,yes_no,US-2012-NFIB,2012,social_welfare|finance_banking,-0.012897,-0.134464
talkie_sft,yes_no,US-2013-SHELBY,2013,civil_rights,-0.002327,-0.035589
talkie_sft,yes_no,US-2013-WINDSOR,2013,,-0.004905,-0.049035
talkie_sft,yes_no,US-2014-HOBBY-LOBBY,2014,civil_rights,-0.006495,-0.068801
talkie_sft,yes_no,US-2015-OBERGEFELL,2015,,0.001955,0.038520
talkie_sft,yes_no,US-2017-TCJA,2017,finance_banking,-0.002470,-0.033198
talkie_sft,yes_no,US-2018-JANUS,2018,labor_wages,-0.000307,0.010913
talkie_sft,yes_no,US-2018-FIRST-STEP,2018,crim_justice,0.003238,0.092778
talkie_sft,yes_no,US-2019-RUCHO,2019,,-0.000058,0.028429
talkie_sft,yes_no,US-2020-BOSTOCK,2020,civil_rights,0.002695,0.007727
talkie_sft,yes_no,US-2020-CARES,2020,labor_wages|social_welfare,-0.001175,-0.059442
talkie_sft,yes_no,US-2020-MCGIRT,2020,crim_justice,-0.002372,-0.040210
talkie_sft,yes_no,US-2021-AMERICAN-RESCUE-PLAN,2021,labor_wages|social_welfare|finance_banking,-0.005152,-0.103103
talkie_sft,yes_no,US-2021-IIJA,2021,environment,-0.007371,-0.096408
talkie_sft,yes_no,US-2021-JUNETEENTH,2021,,-0.003136,-0.032833
talkie_sft,yes_no,US-2022-BRUEN,2022,,0.004617,0.051016
talkie_sft,yes_no,US-2022-CHIPS,2022,,-0.003109,0.010908
talkie_sft,yes_no,US-2022-DOBBS,2022,,0.002089,0.011677
talkie_sft,yes_no,US-2022-IRA,2022,environment|finance_banking|health_medical,-0.001675,0.012887
talkie_sft,yes_no,US-2022-BIPARTISAN-SAFER-COMMUNITIES,2022,labor_wages|health_medical|crim_justice,-0.006315,-0.057910
talkie_sft,yes_no,US-2022-RESPECT-MARRIAGE,2022,,0.004517,0.043990
talkie_sft,yes_no,US-2022-ELECTORAL-COUNT-REFORM,2022,,0.004740,0.063118
talkie_sft,likert,US-1935-NIRA-SCHECHTER,1935,,0.026856,0.105254
talkie_sft,likert,US-1935-NLRA,1935,labor_wages,0.030280,0.120443
talkie_sft,likert,US-1935-SOCIAL-SECURITY,1935,labor_wages|social_welfare,0.039551,0.170360
talkie_sft,likert,US-1936-AAA-BUTLER,1936,finance_banking,0.025663,0.124039
talkie_sft,likert,US-1937-JONES-LAUGHLIN,1937,labor_wages,0.026796,0.167903
talkie_sft,likert,US-1937-WEST-COAST-HOTEL,1937,labor_wages,0.018620,0.111340
talkie_sft,likert,US-1938-FDCA,1938,health_medical,0.022595,0.196844
talkie_sft,likert,US-1938-FLSA,1938,labor_wages,0.019313,0.149845
talkie_sft,likert,US-1941-EO8802,1941,civil_rights|labor_wages|natl_security,0.012143,0.130850
talkie_sft,likert,US-1935-PUHCA,1935,,0.024359,0.102630
talkie_sft,likert,US-1936-RURAL-ELECTRIFICATION,1936,,0.033820,0.171927
talkie_sft,likert,US-1939-HATCH-ACT,1939,,0.020553,0.177732
talkie_sft,likert,US-1940-SELECTIVE-TRAINING,1940,,0.011135,0.121409
talkie_sft,likert,US-1940-SMITH-ACT,1940,crim_justice,0.009375,0.088937
talkie_sft,likert,US-1941-DARBY,1941,labor_wages,0.005802,0.016581
talkie_sft,likert,US-1941-LEND-LEASE,1941,natl_security,0.002638,-0.017111
talkie_sft,likert,US-1942-WICKARD,1942,,0.002404,0.101833
talkie_sft,likert,US-1942-EMERGENCY-PRICE-CONTROL,1942,natl_security,0.003170,0.098252
talkie_sft,likert,US-1942-EO9066,1942,natl_security,0.004224,0.099066
talkie_sft,likert,US-1943-CHINESE-EXCLUSION-REPEAL,1943,,0.001681,0.044108
talkie_sft,likert,US-1944-GI-BILL,1944,labor_wages|social_welfare,0.001141,0.053747
talkie_sft,likert,US-1944-KOREMATSU,1944,natl_security,0.001392,0.051723
talkie_sft,likert,US-1945-BRETTON-WOODS,1945,finance_banking,-0.000459,-0.007914
talkie_sft,likert,US-1945-UN-PARTICIPATION,1945,natl_security|finance_banking,0.000644,0.006281
talkie_sft,likert,US-1946-EMPLOYMENT-ACT,1946,labor_wages,0.000786,-0.000986
talkie_sft,likert,US-1946-APA,1946,,0.000948,-0.000433
talkie_sft,likert,US-1947-NATIONAL-SECURITY-ACT,1947,natl_security|finance_banking,0.002002,0.005958
talkie_sft,likert,US-1947-TAFT-HARTLEY,1947,labor_wages,0.002540,0.012874
talkie_sft,likert,US-1947-TRUMAN-DOCTRINE,1947,,0.001776,0.008595
talkie_sft,likert,US-1948-EO9981,1948,civil_rights,0.001858,-0.011641
talkie_sft,likert,US-1948-DISPLACED-PERSONS-ACT,1948,natl_security,0.002633,-0.002994
talkie_sft,likert,US-1948-MARSHALL-PLAN,1948,,0.000620,-0.012372
talkie_sft,likert,US-1948-SHELLEY,1948,social_welfare,0.001032,-0.011651
talkie_sft,likert,US-1950-DPA,1950,natl_security,0.002899,0.005134
talkie_sft,likert,US-1950-INTERNAL-SECURITY,1950,natl_security|finance_banking,0.001477,0.008860
talkie_sft,likert,US-1951-DENNIS,1951,,0.005095,0.123087
talkie_sft,likert,US-1952-INA,1952,,-0.000781,-0.000092
talkie_sft,likert,US-1952-YOUNGSTOWN,1952,,-0.001110,-0.001803
talkie_sft,likert,US-1954-BROWN,1954,civil_rights,-0.000641,-0.002140
talkie_sft,likert,US-1956-HIGHWAY,1956,,0.000568,0.002476
talkie_sft,likert,US-1956-BANK-HOLDING-COMPANY-ACT,1956,finance_banking,0.000818,0.001532
talkie_sft,likert,US-1957-CIVIL-RIGHTS-ACT,1957,civil_rights,0.000858,0.005586
talkie_sft,likert,US-1957-YATES,1957,,0.000555,0.004251
talkie_sft,likert,US-1957-EO10730,1957,civil_rights,-0.000348,-0.006476
talkie_sft,likert,US-1958-NDEA,1958,natl_security,0.000932,0.010810
talkie_sft,likert,US-1958-NASA-ACT,1958,,0.000860,0.009596
talkie_sft,likert,US-1958-COOPER,1958,,0.000785,0.007472
talkie_sft,likert,US-1961-MAPP,1961,,-0.000526,-0.003217
talkie_sft,likert,US-1961-PEACE-CORPS,1961,,-0.000451,-0.002732
talkie_sft,likert,US-1962-BAKER,1962,,-0.000630,0.003491
talkie_sft,likert,US-1962-ENGEL,1962,,-0.000107,0.003331
talkie_sft,likert,US-1962-KEFAUVER-HARRIS,1962,health_medical,-0.000993,-0.005382
talkie_sft,likert,US-1963-EQUAL-PAY,1963,civil_rights|labor_wages,-0.000967,0.008225
talkie_sft,likert,US-1963-GIDEON,1963,,-0.001122,-0.000234
talkie_sft,likert,US-1963-TEST-BAN-TREATY,1963,environment,-0.000612,0.011431
talkie_sft,likert,US-1964-24TH-AMENDMENT,1964,finance_banking,-0.000959,-0.013389
talkie_sft,likert,US-1964-CIVIL-RIGHTS-ACT,1964,civil_rights|labor_wages,-0.001032,-0.002966
talkie_sft,likert,US-1964-ECONOMIC-OPPORTUNITY,1964,natl_security,-0.000996,-0.014190
talkie_sft,likert,US-1964-HEART-ATLANTA,1964,civil_rights,-0.001190,-0.013418
talkie_sft,likert,US-1964-NYT-SULLIVAN,1964,,-0.002643,-0.030495
talkie_sft,likert,US-1964-REYNOLDS,1964,civil_rights,-0.001134,-0.014025
talkie_sft,likert,US-1964-TONKIN-GULF,1964,natl_security,-0.000545,-0.011216
talkie_sft,likert,US-1965-ESEA,1965,,-0.001350,-0.020100
talkie_sft,likert,US-1965-GRISWOLD,1965,civil_rights,-0.001039,-0.010883
talkie_sft,likert,US-1965-HART-CELLER,1965,,-0.000715,-0.012807
talkie_sft,likert,US-1965-MEDICARE-MEDICAID,1965,social_welfare,-0.002262,-0.026140
talkie_sft,likert,US-1965-VRA,1965,civil_rights,-0.002739,-0.021448
talkie_sft,likert,US-1966-FOIA,1966,,-0.000799,-0.001022
talkie_sft,likert,US-1966-HARPER,1966,civil_rights|finance_banking,-0.001521,-0.008361
talkie_sft,likert,US-1966-MIRANDA,1966,natl_security,-0.000768,0.003910
talkie_sft,likert,US-1967-KATZ,1967,natl_security,-0.000565,0.016565
talkie_sft,likert,US-1967-LOVING,1967,,0.000031,0.009016
talkie_sft,likert,US-1967-ADEA,1967,civil_rights|labor_wages,-0.000080,0.002590
talkie_sft,likert,US-1968-FAIR-HOUSING,1968,civil_rights|social_welfare,0.000748,0.007213
talkie_sft,likert,US-1968-GUN-CONTROL,1968,crim_justice,0.001313,0.008889
talkie_sft,likert,US-1968-TERRY,1968,,0.000758,0.003546
talkie_sft,likert,US-1968-OMNIBUS-CRIME-CONTROL,1968,natl_security|crim_justice,0.001659,0.009484
talkie_sft,likert,US-1968-TRUTH-IN-LENDING,1968,,0.001687,0.011925
talkie_sft,likert,US-1969-BRANDENBURG,1969,,0.001733,-0.013772
talkie_sft,likert,US-1969-NEPA,1969,environment,0.002083,0.005200
talkie_sft,likert,US-1969-TINKER,1969,,0.002890,0.001414
talkie_sft,likert,US-1970-CLEAN-AIR,1970,environment,0.002350,0.010793
talkie_sft,likert,US-1970-CSA,1970,health_medical,0.002857,0.015806
talkie_sft,likert,US-1970-OSHA,1970,labor_wages,0.002063,0.006800
talkie_sft,likert,US-1970-FCRA,1970,,0.002249,0.009158
talkie_sft,likert,US-1970-BANK-SECRECY,1970,crim_justice,0.002213,0.012197
talkie_sft,likert,US-1971-26TH,1971,civil_rights,0.000681,0.003706
talkie_sft,likert,US-1971-FECA,1971,,0.002312,0.019319
talkie_sft,likert,US-1971-LEMON,1971,,0.001748,0.012601
talkie_sft,likert,US-1971-PENTAGON-PAPERS,1971,,0.001534,0.007062
talkie_sft,likert,US-1971-ANCSA,1971,finance_banking,0.001545,0.013744
talkie_sft,likert,US-1972-CLEAN-WATER,1972,,0.001812,0.019881
talkie_sft,likert,US-1972-FURMAN,1972,,0.000668,0.010915
talkie_sft,likert,US-1972-TITLE-IX,1972,civil_rights,0.001599,0.016568
talkie_sft,likert,US-1972-YODER,1972,,0.000686,0.010684
talkie_sft,likert,US-1972-CPSA,1972,labor_wages,0.002149,0.026422
talkie_sft,likert,US-1973-ESA,1973,,0.001016,0.005015
talkie_sft,likert,US-1973-REHABILITATION,1973,civil_rights|labor_wages,0.001648,0.017784
talkie_sft,likert,US-1973-RODRIGUEZ,1973,civil_rights,0.001274,0.006896
talkie_sft,likert,US-1973-ROE,1973,,0.001304,0.006897
talkie_sft,likert,US-1973-WAR-POWERS,1973,natl_security,0.001487,0.010978
talkie_sft,likert,US-1974-ECOA,1974,civil_rights,-0.000143,-0.015065
talkie_sft,likert,US-1974-ERISA,1974,social_welfare,0.001375,0.006397
talkie_sft,likert,US-1974-MILLIKEN,1974,civil_rights,0.000015,-0.024321
talkie_sft,likert,US-1974-PRIVACY-ACT,1974,,0.000466,-0.005821
talkie_sft,likert,US-1975-IDEA,1975,,-0.000768,-0.024158
talkie_sft,likert,US-1975-ISDEAA,1975,,-0.000943,-0.001606
talkie_sft,likert,US-1975-EPCA,1975,environment,-0.001221,-0.024031
talkie_sft,likert,US-1976-BUCKLEY,1976,,-0.002470,0.027461
talkie_sft,likert,US-1976-GREGG,1976,crim_justice,-0.001930,0.000054
talkie_sft,likert,US-1976-TSCA,1976,,-0.002914,0.001278
talkie_sft,likert,US-1977-CRA,1977,finance_banking,-0.002159,-0.026897
talkie_sft,likert,US-1977-FED-DUAL-MANDATE,1977,labor_wages,-0.002766,-0.041076
talkie_sft,likert,US-1978-AIRLINE-DEREG,1978,environment,-0.002580,-0.033682
talkie_sft,likert,US-1978-BAKKE,1978,civil_rights,-0.002608,-0.029141
talkie_sft,likert,US-1978-FISA,1978,natl_security,-0.003847,-0.043640
talkie_sft,likert,US-1978-HUMPHREY-HAWKINS,1978,labor_wages,-0.002558,-0.029172
talkie_sft,likert,US-1978-ICWA,1978,,-0.002840,-0.026167
talkie_sft,likert,US-1978-PREGNANCY-DISCRIM,1978,civil_rights,-0.004957,-0.042991
talkie_sft,likert,US-1978-AIRFA,1978,,-0.002314,-0.021882
talkie_sft,likert,US-1980-CERCLA,1980,,-0.002337,-0.016341
talkie_sft,likert,US-1980-DIDMCA,1980,,-0.001674,-0.007668
talkie_sft,likert,US-1980-REFUGEE-ACT,1980,,-0.001615,-0.013815
talkie_sft,likert,US-1982-VRA-AMENDMENTS,1982,civil_rights,-0.000541,-0.008446
talkie_sft,likert,US-1983-CHADHA,1983,,0.001163,-0.015348
talkie_sft,likert,US-1984-CHEVRON,1984,,0.000721,-0.007758
talkie_sft,likert,US-1984-SENTENCING,1984,crim_justice,-0.000154,-0.028697
talkie_sft,likert,US-1986-BOWERS,1986,crim_justice,-0.001151,-0.028198
talkie_sft,likert,US-1986-IRCA,1986,,-0.002054,-0.028833
talkie_sft,likert,US-1986-TAX-REFORM,1986,finance_banking,-0.000931,-0.017546
talkie_sft,likert,US-1987-DOLE,1987,,-0.000551,-0.000786
talkie_sft,likert,US-1988-CIVIL-LIBERTIES-ACT,1988,,-0.002992,-0.018371
talkie_sft,likert,US-1990-ADA,1990,civil_rights,0.000590,0.013120
talkie_sft,likert,US-1990-CLEAN-AIR-AMEND,1990,environment,-0.003031,-0.017054
talkie_sft,likert,US-1990-IMMIGRATION-ACT,1990,labor_wages,-0.001916,-0.015384
talkie_sft,likert,US-1991-CIVIL-RIGHTS-ACT,1991,civil_rights|labor_wages,-0.000854,-0.012512
talkie_sft,likert,US-1992-CASEY,1992,,-0.001967,-0.023328
talkie_sft,likert,US-1993-BRADY,1993,crim_justice,-0.001611,-0.008147
talkie_sft,likert,US-1993-FMLA,1993,health_medical,-0.000153,0.003453
talkie_sft,likert,US-1993-NVRA,1993,,-0.001422,-0.013714
talkie_sft,likert,US-1993-RFRA,1993,,-0.001245,-0.013287
talkie_sft,likert,US-1994-CRIME-BILL,1994,crim_justice,0.000750,-0.018635
talkie_sft,likert,US-1994-NAFTA,1994,,-0.001316,-0.011815
talkie_sft,likert,US-1994-VAWA,1994,,-0.000731,-0.010480
talkie_sft,likert,US-1995-LOPEZ,1995,crim_justice,-0.001424,-0.009516
talkie_sft,likert,US-1996-DOMA,1996,,-0.000548,-0.026467
talkie_sft,likert,US-1996-PRWORA,1996,social_welfare,0.002100,-0.010639
talkie_sft,likert,US-1996-TELECOM,1996,,-0.000258,-0.020514
talkie_sft,likert,US-1996-AEDPA,1996,,-0.000514,-0.007360
talkie_sft,likert,US-1996-IIRIRA,1996,,-0.000671,-0.010095
talkie_sft,likert,US-1997-PRINTZ,1997,,0.000472,-0.012429
talkie_sft,likert,US-1997-RENO-ACLU,1997,,-0.000162,-0.013724
talkie_sft,likert,US-1999-GLBA,1999,,-0.000011,-0.010268
talkie_sft,likert,US-2000-BUSH-GORE,2000,civil_rights,0.000316,-0.019101
talkie_sft,likert,US-2001-NCLB,2001,,-0.003900,-0.028514
talkie_sft,likert,US-2001-PATRIOT,2001,natl_security,-0.000675,-0.013778
talkie_sft,likert,US-2001-AUMF,2001,,-0.000521,-0.007875
talkie_sft,likert,US-2002-HAVA,2002,,-0.002557,-0.011521
talkie_sft,likert,US-2002-HOMELAND-SECURITY,2002,natl_security|finance_banking,-0.001997,-0.009672
talkie_sft,likert,US-2002-SOX,2002,,-0.001239,-0.002486
talkie_sft,likert,US-2002-IRAQ-AUMF,2002,natl_security,-0.000990,-0.009383
talkie_sft,likert,US-2003-LAWRENCE,2003,crim_justice,-0.001921,-0.006082
talkie_sft,likert,US-2003-MEDICARE-MMA,2003,social_welfare|health_medical,-0.003338,-0.017770
talkie_sft,likert,US-2005-KELO,2005,,-0.003762,-0.055863
talkie_sft,likert,US-2007-MASS-EPA,2007,environment,-0.005521,-0.054625
talkie_sft,likert,US-2008-HELLER,2008,crim_justice,-0.007279,-0.119558
talkie_sft,likert,US-2009-ARRA,2009,finance_banking,-0.002751,-0.016888
talkie_sft,likert,US-2009-LILLY-LEDBETTER,2009,civil_rights,-0.002841,-0.025505
talkie_sft,likert,US-2009-HATE-CRIMES,2009,crim_justice,-0.004377,-0.034054
talkie_sft,likert,US-2010-ACA,2010,social_welfare,-0.004182,-0.048697
talkie_sft,likert,US-2010-CITIZENS-UNITED,2010,,-0.005964,-0.057439
talkie_sft,likert,US-2010-DODD-FRANK,2010,,-0.004252,-0.052241
talkie_sft,likert,US-2010-MCDONALD,2010,,-0.008347,-0.073904
talkie_sft,likert,US-2010-DADT-REPEAL,2010,civil_rights|natl_security,-0.003461,-0.044005
talkie_sft,likert,US-2012-NFIB,2012,social_welfare|finance_banking,-0.002489,-0.020197
talkie_sft,likert,US-2013-SHELBY,2013,civil_rights,-0.002838,-0.046128
talkie_sft,likert,US-2013-WINDSOR,2013,,-0.002892,-0.062851
talkie_sft,likert,US-2014-HOBBY-LOBBY,2014,civil_rights,-0.004824,-0.060723
talkie_sft,likert,US-2015-OBERGEFELL,2015,,-0.002896,-0.043852
talkie_sft,likert,US-2017-TCJA,2017,finance_banking,-0.002416,-0.014416
talkie_sft,likert,US-2018-JANUS,2018,labor_wages,-0.004432,0.004281
talkie_sft,likert,US-2018-FIRST-STEP,2018,crim_justice,0.000187,0.006079
talkie_sft,likert,US-2019-RUCHO,2019,,-0.005528,-0.032283
talkie_sft,likert,US-2020-BOSTOCK,2020,civil_rights,-0.001290,0.000085
talkie_sft,likert,US-2020-CARES,2020,labor_wages|social_welfare,-0.002120,-0.010138
talkie_sft,likert,US-2020-MCGIRT,2020,crim_justice,-0.002959,-0.017540
talkie_sft,likert,US-2021-AMERICAN-RESCUE-PLAN,2021,labor_wages|social_welfare|finance_banking,0.001398,0.010355
talkie_sft,likert,US-2021-IIJA,2021,environment,0.000171,-0.007005
talkie_sft,likert,US-2021-JUNETEENTH,2021,,0.000213,-0.001024
talkie_sft,likert,US-2022-BRUEN,2022,,-0.002408,-0.039059
talkie_sft,likert,US-2022-CHIPS,2022,,-0.001324,-0.015826
talkie_sft,likert,US-2022-DOBBS,2022,,-0.001226,-0.041583
talkie_sft,likert,US-2022-IRA,2022,environment|finance_banking|health_medical,-0.000070,-0.002647
talkie_sft,likert,US-2022-BIPARTISAN-SAFER-COMMUNITIES,2022,labor_wages|health_medical|crim_justice,-0.000047,-0.006888
talkie_sft,likert,US-2022-RESPECT-MARRIAGE,2022,,0.000920,-0.000333
talkie_sft,likert,US-2022-ELECTORAL-COUNT-REFORM,2022,,0.001071,-0.001617
nanochat_cpt,yes_no,US-1935-NIRA-SCHECHTER,1935,,0.026012,0.059753
nanochat_cpt,yes_no,US-1935-NLRA,1935,labor_wages,0.035948,0.109646
nanochat_cpt,yes_no,US-1935-SOCIAL-SECURITY,1935,labor_wages|social_welfare,0.046025,0.130198
nanochat_cpt,yes_no,US-1936-AAA-BUTLER,1936,finance_banking,0.023818,0.106910
nanochat_cpt,yes_no,US-1937-JONES-LAUGHLIN,1937,labor_wages,0.016589,0.087592
nanochat_cpt,yes_no,US-1937-WEST-COAST-HOTEL,1937,labor_wages,0.020253,0.121864
nanochat_cpt,yes_no,US-1938-FDCA,1938,health_medical,0.007373,0.055481
nanochat_cpt,yes_no,US-1938-FLSA,1938,labor_wages,0.005765,0.028945
nanochat_cpt,yes_no,US-1941-EO8802,1941,civil_rights|labor_wages|natl_security,0.002149,0.088251
nanochat_cpt,yes_no,US-1935-PUHCA,1935,,0.006353,-0.019886
nanochat_cpt,yes_no,US-1936-RURAL-ELECTRIFICATION,1936,,0.053886,0.244117
nanochat_cpt,yes_no,US-1939-HATCH-ACT,1939,,0.003146,0.047411
nanochat_cpt,yes_no,US-1940-SELECTIVE-TRAINING,1940,,-0.003537,-0.047154
nanochat_cpt,yes_no,US-1940-SMITH-ACT,1940,crim_justice,0.001656,0.065866
nanochat_cpt,yes_no,US-1941-DARBY,1941,labor_wages,0.011512,0.195393
nanochat_cpt,yes_no,US-1941-LEND-LEASE,1941,natl_security,-0.004786,-0.048016
nanochat_cpt,yes_no,US-1942-WICKARD,1942,,-0.003063,0.083209
nanochat_cpt,yes_no,US-1942-EMERGENCY-PRICE-CONTROL,1942,natl_security,0.005934,0.139832
nanochat_cpt,yes_no,US-1942-EO9066,1942,natl_security,0.006006,0.116660
nanochat_cpt,yes_no,US-1943-CHINESE-EXCLUSION-REPEAL,1943,,-0.004540,-0.068336
nanochat_cpt,yes_no,US-1944-GI-BILL,1944,labor_wages|social_welfare,-0.009811,-0.174082
nanochat_cpt,yes_no,US-1944-KOREMATSU,1944,natl_security,-0.020299,-0.293915
nanochat_cpt,yes_no,US-1945-BRETTON-WOODS,1945,finance_banking,-0.011987,-0.137490
nanochat_cpt,yes_no,US-1945-UN-PARTICIPATION,1945,natl_security|finance_banking,-0.005159,-0.071614
nanochat_cpt,yes_no,US-1946-EMPLOYMENT-ACT,1946,labor_wages,-0.017361,-0.178303
nanochat_cpt,yes_no,US-1946-APA,1946,,-0.009940,-0.135449
nanochat_cpt,yes_no,US-1947-NATIONAL-SECURITY-ACT,1947,natl_security|finance_banking,-0.018085,-0.149140
nanochat_cpt,yes_no,US-1947-TAFT-HARTLEY,1947,labor_wages,-0.013921,-0.126326
nanochat_cpt,yes_no,US-1947-TRUMAN-DOCTRINE,1947,,-0.025969,-0.232355
nanochat_cpt,yes_no,US-1948-EO9981,1948,civil_rights,-0.012337,-0.090184
nanochat_cpt,yes_no,US-1948-DISPLACED-PERSONS-ACT,1948,natl_security,-0.013698,-0.115807
nanochat_cpt,yes_no,US-1948-MARSHALL-PLAN,1948,,-0.019350,-0.180654
nanochat_cpt,yes_no,US-1948-SHELLEY,1948,social_welfare,-0.021005,-0.202078
nanochat_cpt,yes_no,US-1950-DPA,1950,natl_security,-0.021299,-0.171799
nanochat_cpt,yes_no,US-1950-INTERNAL-SECURITY,1950,natl_security|finance_banking,-0.025788,-0.200473
nanochat_cpt,yes_no,US-1951-DENNIS,1951,,-0.019780,-0.197082
nanochat_cpt,yes_no,US-1952-INA,1952,,-0.015362,-0.239390
nanochat_cpt,yes_no,US-1952-YOUNGSTOWN,1952,,-0.015061,-0.218814
nanochat_cpt,yes_no,US-1954-BROWN,1954,civil_rights,-0.013332,-0.113634
nanochat_cpt,yes_no,US-1956-HIGHWAY,1956,,-0.005018,-0.041715
nanochat_cpt,yes_no,US-1956-BANK-HOLDING-COMPANY-ACT,1956,finance_banking,-0.003791,-0.029494
nanochat_cpt,yes_no,US-1957-CIVIL-RIGHTS-ACT,1957,civil_rights,0.000206,-0.026644
nanochat_cpt,yes_no,US-1957-YATES,1957,,-0.000252,-0.030790
nanochat_cpt,yes_no,US-1957-EO10730,1957,civil_rights,-0.001398,-0.026904
nanochat_cpt,yes_no,US-1958-NDEA,1958,natl_security,-0.001073,-0.050357
nanochat_cpt,yes_no,US-1958-NASA-ACT,1958,,0.000984,-0.036323
nanochat_cpt,yes_no,US-1958-COOPER,1958,,0.004862,0.015423
nanochat_cpt,yes_no,US-1961-MAPP,1961,,0.011019,0.096262
nanochat_cpt,yes_no,US-1961-PEACE-CORPS,1961,,0.007945,0.021687
nanochat_cpt,yes_no,US-1962-BAKER,1962,,0.012234,0.100427
nanochat_cpt,yes_no,US-1962-ENGEL,1962,,0.010577,0.093118
nanochat_cpt,yes_no,US-1962-KEFAUVER-HARRIS,1962,health_medical,0.012406,0.096577
nanochat_cpt,yes_no,US-1963-EQUAL-PAY,1963,civil_rights|labor_wages,0.003655,0.021155
nanochat_cpt,yes_no,US-1963-GIDEON,1963,,0.010106,0.086460
nanochat_cpt,yes_no,US-1963-TEST-BAN-TREATY,1963,environment,0.003664,0.036751
nanochat_cpt,yes_no,US-1964-24TH-AMENDMENT,1964,finance_banking,0.002449,0.040154
nanochat_cpt,yes_no,US-1964-CIVIL-RIGHTS-ACT,1964,civil_rights|labor_wages,0.009346,0.123120
nanochat_cpt,yes_no,US-1964-ECONOMIC-OPPORTUNITY,1964,natl_security,-0.000081,0.048025
nanochat_cpt,yes_no,US-1964-HEART-ATLANTA,1964,civil_rights,0.003914,0.052450
nanochat_cpt,yes_no,US-1964-NYT-SULLIVAN,1964,,0.006571,0.090434
nanochat_cpt,yes_no,US-1964-REYNOLDS,1964,civil_rights,0.007438,0.091997
nanochat_cpt,yes_no,US-1964-TONKIN-GULF,1964,natl_security,0.002760,0.041369
nanochat_cpt,yes_no,US-1965-ESEA,1965,,0.006054,0.092522
nanochat_cpt,yes_no,US-1965-GRISWOLD,1965,civil_rights,0.002700,0.034497
nanochat_cpt,yes_no,US-1965-HART-CELLER,1965,,0.006869,0.084719
nanochat_cpt,yes_no,US-1965-MEDICARE-MEDICAID,1965,social_welfare,0.004362,0.079899
nanochat_cpt,yes_no,US-1965-VRA,1965,civil_rights,0.006904,0.091560
nanochat_cpt,yes_no,US-1966-FOIA,1966,,0.008321,0.045839
nanochat_cpt,yes_no,US-1966-HARPER,1966,civil_rights|finance_banking,-0.000371,-0.035141
nanochat_cpt,yes_no,US-1966-MIRANDA,1966,natl_security,0.010087,0.073637
nanochat_cpt,yes_no,US-1967-KATZ,1967,natl_security,0.004211,0.003692
nanochat_cpt,yes_no,US-1967-LOVING,1967,,-0.000933,-0.041744
nanochat_cpt,yes_no,US-1967-ADEA,1967,civil_rights|labor_wages,0.005278,-0.001103
nanochat_cpt,yes_no,US-1968-FAIR-HOUSING,1968,civil_rights|social_welfare,0.006460,0.123494
nanochat_cpt,yes_no,US-1968-GUN-CONTROL,1968,crim_justice,0.006631,0.131050
nanochat_cpt,yes_no,US-1968-TERRY,1968,,0.004915,0.105134
nanochat_cpt,yes_no,US-1968-OMNIBUS-CRIME-CONTROL,1968,natl_security|crim_justice,0.004160,0.098116
nanochat_cpt,yes_no,US-1968-TRUTH-IN-LENDING,1968,,0.008947,0.153022
nanochat_cpt,yes_no,US-1969-BRANDENBURG,1969,,0.004099,0.062402
nanochat_cpt,yes_no,US-1969-NEPA,1969,environment,0.006578,0.104379
nanochat_cpt,yes_no,US-1969-TINKER,1969,,0.001990,0.041369
nanochat_cpt,yes_no,US-1970-CLEAN-AIR,1970,environment,-0.000056,0.008169
nanochat_cpt,yes_no,US-1970-CSA,1970,health_medical,0.002046,-0.006491
nanochat_cpt,yes_no,US-1970-OSHA,1970,labor_wages,0.001178,-0.013237
nanochat_cpt,yes_no,US-1970-FCRA,1970,,0.003016,0.029635
nanochat_cpt,yes_no,US-1970-BANK-SECRECY,1970,crim_justice,0.002210,0.013646
nanochat_cpt,yes_no,US-1971-26TH,1971,civil_rights,-0.003074,-0.044983
nanochat_cpt,yes_no,US-1971-FECA,1971,,0.003665,0.011388
nanochat_cpt,yes_no,US-1971-LEMON,1971,,0.000498,-0.020407
nanochat_cpt,yes_no,US-1971-PENTAGON-PAPERS,1971,,0.000043,-0.027033
nanochat_cpt,yes_no,US-1971-ANCSA,1971,finance_banking,0.004793,0.017356
nanochat_cpt,yes_no,US-1972-CLEAN-WATER,1972,,0.007892,0.107884
nanochat_cpt,yes_no,US-1972-FURMAN,1972,,0.004083,0.052792
nanochat_cpt,yes_no,US-1972-TITLE-IX,1972,civil_rights,0.008268,0.099914
nanochat_cpt,yes_no,US-1972-YODER,1972,,0.003645,0.047562
nanochat_cpt,yes_no,US-1972-CPSA,1972,labor_wages,0.008340,0.109613
nanochat_cpt,yes_no,US-1973-ESA,1973,,0.007607,0.097315
nanochat_cpt,yes_no,US-1973-REHABILITATION,1973,civil_rights|labor_wages,0.008719,0.086418
nanochat_cpt,yes_no,US-1973-RODRIGUEZ,1973,civil_rights,0.004958,0.034505
nanochat_cpt,yes_no,US-1973-ROE,1973,,0.001720,0.028372
nanochat_cpt,yes_no,US-1973-WAR-POWERS,1973,natl_security,0.004298,0.072213
nanochat_cpt,yes_no,US-1974-ECOA,1974,civil_rights,0.006091,0.057116
nanochat_cpt,yes_no,US-1974-ERISA,1974,social_welfare,0.007284,0.067052
nanochat_cpt,yes_no,US-1974-MILLIKEN,1974,civil_rights,0.004469,0.054165
nanochat_cpt,yes_no,US-1974-PRIVACY-ACT,1974,,0.006958,0.087610
nanochat_cpt,yes_no,US-1975-IDEA,1975,,0.001670,-0.031945
nanochat_cpt,yes_no,US-1975-ISDEAA,1975,,0.003238,-0.024355
nanochat_cpt,yes_no,US-1975-EPCA,1975,environment,0.001635,-0.044877
nanochat_cpt,yes_no,US-1976-BUCKLEY,1976,,0.006345,0.061050
nanochat_cpt,yes_no,US-1976-GREGG,1976,crim_justice,0.006540,0.069854
nanochat_cpt,yes_no,US-1976-TSCA,1976,,0.004656,0.057008
nanochat_cpt,yes_no,US-1977-CRA,1977,finance_banking,0.008004,0.110228
nanochat_cpt,yes_no,US-1977-FED-DUAL-MANDATE,1977,labor_wages,0.008070,0.121050
nanochat_cpt,yes_no,US-1978-AIRLINE-DEREG,1978,environment,0.003728,0.028851
nanochat_cpt,yes_no,US-1978-BAKKE,1978,civil_rights,0.002996,0.018428
nanochat_cpt,yes_no,US-1978-FISA,1978,natl_security,0.003861,0.020362
nanochat_cpt,yes_no,US-1978-HUMPHREY-HAWKINS,1978,labor_wages,0.004159,0.025837
nanochat_cpt,yes_no,US-1978-ICWA,1978,,0.006490,0.055815
nanochat_cpt,yes_no,US-1978-PREGNANCY-DISCRIM,1978,civil_rights,0.006474,0.049247
nanochat_cpt,yes_no,US-1978-AIRFA,1978,,0.006710,0.048802
nanochat_cpt,yes_no,US-1980-CERCLA,1980,,0.009281,0.124073
nanochat_cpt,yes_no,US-1980-DIDMCA,1980,,0.011103,0.138551
nanochat_cpt,yes_no,US-1980-REFUGEE-ACT,1980,,0.010371,0.134459
nanochat_cpt,yes_no,US-1982-VRA-AMENDMENTS,1982,civil_rights,0.011897,0.024057
nanochat_cpt,yes_no,US-1983-CHADHA,1983,,0.012384,0.076896
nanochat_cpt,yes_no,US-1984-CHEVRON,1984,,0.016189,0.180213
nanochat_cpt,yes_no,US-1984-SENTENCING,1984,crim_justice,0.014470,0.156808
nanochat_cpt,yes_no,US-1986-BOWERS,1986,crim_justice,0.007334,0.045917
nanochat_cpt,yes_no,US-1986-IRCA,1986,,0.010685,0.041869
nanochat_cpt,yes_no,US-1986-TAX-REFORM,1986,finance_banking,0.011830,0.060500
nanochat_cpt,yes_no,US-1987-DOLE,1987,,0.009523,0.132250
nanochat_cpt,yes_no,US-1988-CIVIL-LIBERTIES-ACT,1988,,0.007855,0.092200
nanochat_cpt,yes_no,US-1990-ADA,1990,civil_rights,0.003924,-0.009436
nanochat_cpt,yes_no,US-1990-CLEAN-AIR-AMEND,1990,environment,0.002051,-0.026130
nanochat_cpt,yes_no,US-1990-IMMIGRATION-ACT,1990,labor_wages,-0.001550,-0.044849
nanochat_cpt,yes_no,US-1991-CIVIL-RIGHTS-ACT,1991,civil_rights|labor_wages,-0.004027,-0.097646
nanochat_cpt,yes_no,US-1992-CASEY,1992,,0.007287,0.148455
nanochat_cpt,yes_no,US-1993-BRADY,1993,crim_justice,0.003059,0.065997
nanochat_cpt,yes_no,US-1993-FMLA,1993,health_medical,0.005661,0.074028
nanochat_cpt,yes_no,US-1993-NVRA,1993,,0.004698,0.065629
nanochat_cpt,yes_no,US-1993-RFRA,1993,,0.004574,0.085715
nanochat_cpt,yes_no,US-1994-CRIME-BILL,1994,crim_justice,-0.000931,-0.035388
nanochat_cpt,yes_no,US-1994-NAFTA,1994,,0.003019,0.022938
nanochat_cpt,yes_no,US-1994-VAWA,1994,,0.000924,-0.008147
nanochat_cpt,yes_no,US-1995-LOPEZ,1995,crim_justice,0.003875,0.026268
nanochat_cpt,yes_no,US-1996-DOMA,1996,,0.000208,0.053155
nanochat_cpt,yes_no,US-1996-PRWORA,1996,social_welfare,0.001474,0.056326
nanochat_cpt,yes_no,US-1996-TELECOM,1996,,0.002321,0.078320
nanochat_cpt,yes_no,US-1996-AEDPA,1996,,0.005684,0.074337
nanochat_cpt,yes_no,US-1996-IIRIRA,1996,,0.006400,0.104850
nanochat_cpt,yes_no,US-1997-PRINTZ,1997,,-0.006012,-0.083826
nanochat_cpt,yes_no,US-1997-RENO-ACLU,1997,,-0.005173,-0.079324
nanochat_cpt,yes_no,US-1999-GLBA,1999,,0.005790,0.067389
nanochat_cpt,yes_no,US-2000-BUSH-GORE,2000,civil_rights,0.007659,0.131984
nanochat_cpt,yes_no,US-2001-NCLB,2001,,0.003527,0.000066
nanochat_cpt,yes_no,US-2001-PATRIOT,2001,natl_security,0.005518,0.019851
nanochat_cpt,yes_no,US-2001-AUMF,2001,,0.006625,0.048869
nanochat_cpt,yes_no,US-2002-HAVA,2002,,0.002135,0.013076
nanochat_cpt,yes_no,US-2002-HOMELAND-SECURITY,2002,natl_security|finance_banking,0.005498,0.028527
nanochat_cpt,yes_no,US-2002-SOX,2002,,-0.000905,-0.012999
nanochat_cpt,yes_no,US-2002-IRAQ-AUMF,2002,natl_security,0.007853,0.066665
nanochat_cpt,yes_no,US-2003-LAWRENCE,2003,crim_justice,0.009706,0.110111
nanochat_cpt,yes_no,US-2003-MEDICARE-MMA,2003,social_welfare|health_medical,0.014045,0.131745
nanochat_cpt,yes_no,US-2005-KELO,2005,,0.013604,0.101486
nanochat_cpt,yes_no,US-2007-MASS-EPA,2007,environment,0.010004,0.171530
nanochat_cpt,yes_no,US-2008-HELLER,2008,crim_justice,0.010878,0.104440
nanochat_cpt,yes_no,US-2009-ARRA,2009,finance_banking,0.004856,-0.024866
nanochat_cpt,yes_no,US-2009-LILLY-LEDBETTER,2009,civil_rights,0.010035,0.033604
nanochat_cpt,yes_no,US-2009-HATE-CRIMES,2009,crim_justice,0.003732,-0.030591
nanochat_cpt,yes_no,US-2010-ACA,2010,social_welfare,0.009786,0.074796
nanochat_cpt,yes_no,US-2010-CITIZENS-UNITED,2010,,0.009072,0.070525
nanochat_cpt,yes_no,US-2010-DODD-FRANK,2010,,0.011589,0.082610
nanochat_cpt,yes_no,US-2010-MCDONALD,2010,,0.009070,0.080509
nanochat_cpt,yes_no,US-2010-DADT-REPEAL,2010,civil_rights|natl_security,0.008812,0.066046
nanochat_cpt,yes_no,US-2012-NFIB,2012,social_welfare|finance_banking,0.007773,0.073442
nanochat_cpt,yes_no,US-2013-SHELBY,2013,civil_rights,0.012066,0.044920
nanochat_cpt,yes_no,US-2013-WINDSOR,2013,,0.011255,0.045544
nanochat_cpt,yes_no,US-2014-HOBBY-LOBBY,2014,civil_rights,0.012524,0.146154
nanochat_cpt,yes_no,US-2015-OBERGEFELL,2015,,0.005060,0.028586
nanochat_cpt,yes_no,US-2017-TCJA,2017,finance_banking,0.001456,-0.013024
nanochat_cpt,yes_no,US-2018-JANUS,2018,labor_wages,0.006320,0.077036
nanochat_cpt,yes_no,US-2018-FIRST-STEP,2018,crim_justice,0.001940,0.060512
nanochat_cpt,yes_no,US-2019-RUCHO,2019,,0.005052,0.081284
nanochat_cpt,yes_no,US-2020-BOSTOCK,2020,civil_rights,0.000798,0.022619
nanochat_cpt,yes_no,US-2020-CARES,2020,labor_wages|social_welfare,0.003934,0.039277
nanochat_cpt,yes_no,US-2020-MCGIRT,2020,crim_justice,0.003565,0.047170
nanochat_cpt,yes_no,US-2021-AMERICAN-RESCUE-PLAN,2021,labor_wages|social_welfare|finance_banking,0.005409,0.040588
nanochat_cpt,yes_no,US-2021-IIJA,2021,environment,0.004509,0.044635
nanochat_cpt,yes_no,US-2021-JUNETEENTH,2021,,0.000821,0.016580
nanochat_cpt,yes_no,US-2022-BRUEN,2022,,0.005029,0.008153
nanochat_cpt,yes_no,US-2022-CHIPS,2022,,0.005011,0.015077
nanochat_cpt,yes_no,US-2022-DOBBS,2022,,0.004004,-0.002210
nanochat_cpt,yes_no,US-2022-IRA,2022,environment|finance_banking|health_medical,0.006726,0.033748
nanochat_cpt,yes_no,US-2022-BIPARTISAN-SAFER-COMMUNITIES,2022,labor_wages|health_medical|crim_justice,0.001971,-0.010721
nanochat_cpt,yes_no,US-2022-RESPECT-MARRIAGE,2022,,0.004248,0.003255
nanochat_cpt,yes_no,US-2022-ELECTORAL-COUNT-REFORM,2022,,0.001935,-0.028631
nanochat_cpt,likert,US-1935-NIRA-SCHECHTER,1935,,0.014456,0.058992
nanochat_cpt,likert,US-1935-NLRA,1935,labor_wages,0.016166,0.064440
nanochat_cpt,likert,US-1935-SOCIAL-SECURITY,1935,labor_wages|social_welfare,0.015667,0.065037
nanochat_cpt,likert,US-1936-AAA-BUTLER,1936,finance_banking,0.007949,0.040620
nanochat_cpt,likert,US-1937-JONES-LAUGHLIN,1937,labor_wages,0.008556,0.054651
nanochat_cpt,likert,US-1937-WEST-COAST-HOTEL,1937,labor_wages,0.007098,0.046122
nanochat_cpt,likert,US-1938-FDCA,1938,health_medical,0.006692,0.043100
nanochat_cpt,likert,US-1938-FLSA,1938,labor_wages,0.005221,0.040753
nanochat_cpt,likert,US-1941-EO8802,1941,civil_rights|labor_wages|natl_security,0.001136,0.022108
nanochat_cpt,likert,US-1935-PUHCA,1935,,0.011307,0.048173
nanochat_cpt,likert,US-1936-RURAL-ELECTRIFICATION,1936,,0.012363,0.063031
nanochat_cpt,likert,US-1939-HATCH-ACT,1939,,0.000617,0.006801
nanochat_cpt,likert,US-1940-SELECTIVE-TRAINING,1940,,-0.000233,0.007638
nanochat_cpt,likert,US-1940-SMITH-ACT,1940,crim_justice,-0.002177,-0.000435
nanochat_cpt,likert,US-1941-DARBY,1941,labor_wages,-0.001046,0.001850
nanochat_cpt,likert,US-1941-LEND-LEASE,1941,natl_security,-0.001175,-0.002259
nanochat_cpt,likert,US-1942-WICKARD,1942,,-0.005481,-0.058236
nanochat_cpt,likert,US-1942-EMERGENCY-PRICE-CONTROL,1942,natl_security,-0.004990,-0.050967
nanochat_cpt,likert,US-1942-EO9066,1942,natl_security,-0.003952,-0.039355
nanochat_cpt,likert,US-1943-CHINESE-EXCLUSION-REPEAL,1943,,-0.006739,-0.055834
nanochat_cpt,likert,US-1944-GI-BILL,1944,labor_wages|social_welfare,-0.009337,-0.070365
nanochat_cpt,likert,US-1944-KOREMATSU,1944,natl_security,-0.009452,-0.075466
nanochat_cpt,likert,US-1945-BRETTON-WOODS,1945,finance_banking,-0.010011,-0.082685
nanochat_cpt,likert,US-1945-UN-PARTICIPATION,1945,natl_security|finance_banking,-0.011441,-0.098835
nanochat_cpt,likert,US-1946-EMPLOYMENT-ACT,1946,labor_wages,-0.007656,-0.056703
nanochat_cpt,likert,US-1946-APA,1946,,-0.009920,-0.073299
nanochat_cpt,likert,US-1947-NATIONAL-SECURITY-ACT,1947,natl_security|finance_banking,-0.007705,-0.058653
nanochat_cpt,likert,US-1947-TAFT-HARTLEY,1947,labor_wages,-0.009415,-0.072819
nanochat_cpt,likert,US-1947-TRUMAN-DOCTRINE,1947,,-0.008744,-0.063119
nanochat_cpt,likert,US-1948-EO9981,1948,civil_rights,-0.007654,-0.079410
nanochat_cpt,likert,US-1948-DISPLACED-PERSONS-ACT,1948,natl_security,-0.002996,-0.029729
nanochat_cpt,likert,US-1948-MARSHALL-PLAN,1948,,-0.007215,-0.074449
nanochat_cpt,likert,US-1948-SHELLEY,1948,social_welfare,-0.009077,-0.094589
nanochat_cpt,likert,US-1950-DPA,1950,natl_security,-0.006073,-0.079222
nanochat_cpt,likert,US-1950-INTERNAL-SECURITY,1950,natl_security|finance_banking,-0.005420,-0.077847
nanochat_cpt,likert,US-1951-DENNIS,1951,,-0.003131,-0.058091
nanochat_cpt,likert,US-1952-INA,1952,,-0.002749,-0.038822
nanochat_cpt,likert,US-1952-YOUNGSTOWN,1952,,-0.002442,-0.033286
nanochat_cpt,likert,US-1954-BROWN,1954,civil_rights,-0.006108,-0.043721
nanochat_cpt,likert,US-1956-HIGHWAY,1956,,-0.008859,-0.079686
nanochat_cpt,likert,US-1956-BANK-HOLDING-COMPANY-ACT,1956,finance_banking,-0.005860,-0.042033
nanochat_cpt,likert,US-1957-CIVIL-RIGHTS-ACT,1957,civil_rights,-0.007000,-0.066437
nanochat_cpt,likert,US-1957-YATES,1957,,-0.005555,-0.048356
nanochat_cpt,likert,US-1957-EO10730,1957,civil_rights,-0.006192,-0.050621
nanochat_cpt,likert,US-1958-NDEA,1958,natl_security,-0.004436,-0.033367
nanochat_cpt,likert,US-1958-NASA-ACT,1958,,-0.005324,-0.047664
nanochat_cpt,likert,US-1958-COOPER,1958,,-0.001285,-0.004308
nanochat_cpt,likert,US-1961-MAPP,1961,,-0.002674,-0.041978
nanochat_cpt,likert,US-1961-PEACE-CORPS,1961,,-0.001979,-0.035269
nanochat_cpt,likert,US-1962-BAKER,1962,,-0.000645,-0.020895
nanochat_cpt,likert,US-1962-ENGEL,1962,,-0.000336,-0.014311
nanochat_cpt,likert,US-1962-KEFAUVER-HARRIS,1962,health_medical,-0.000891,-0.019411
nanochat_cpt,likert,US-1963-EQUAL-PAY,1963,civil_rights|labor_wages,0.001091,0.014614
nanochat_cpt,likert,US-1963-GIDEON,1963,,-0.001059,-0.010873
nanochat_cpt,likert,US-1963-TEST-BAN-TREATY,1963,environment,-0.000988,-0.012164
nanochat_cpt,likert,US-1964-24TH-AMENDMENT,1964,finance_banking,-0.000169,0.016234
nanochat_cpt,likert,US-1964-CIVIL-RIGHTS-ACT,1964,civil_rights|labor_wages,0.000992,0.028994
nanochat_cpt,likert,US-1964-ECONOMIC-OPPORTUNITY,1964,natl_security,0.000860,0.021738
nanochat_cpt,likert,US-1964-HEART-ATLANTA,1964,civil_rights,0.003216,0.049900
nanochat_cpt,likert,US-1964-NYT-SULLIVAN,1964,,0.000072,0.020862
nanochat_cpt,likert,US-1964-REYNOLDS,1964,civil_rights,0.000208,0.011553
nanochat_cpt,likert,US-1964-TONKIN-GULF,1964,natl_security,-0.000863,0.008724
nanochat_cpt,likert,US-1965-ESEA,1965,,0.000074,0.001999
nanochat_cpt,likert,US-1965-GRISWOLD,1965,civil_rights,0.002637,0.030138
nanochat_cpt,likert,US-1965-HART-CELLER,1965,,-0.000518,-0.012981
nanochat_cpt,likert,US-1965-MEDICARE-MEDICAID,1965,social_welfare,0.001429,0.024395
nanochat_cpt,likert,US-1965-VRA,1965,civil_rights,0.001135,0.020084
nanochat_cpt,likert,US-1966-FOIA,1966,,-0.000911,-0.010428
nanochat_cpt,likert,US-1966-HARPER,1966,civil_rights|finance_banking,0.000564,0.002044
nanochat_cpt,likert,US-1966-MIRANDA,1966,natl_security,0.000610,-0.001662
nanochat_cpt,likert,US-1967-KATZ,1967,natl_security,0.000272,-0.004338
nanochat_cpt,likert,US-1967-LOVING,1967,,-0.000519,-0.009268
nanochat_cpt,likert,US-1967-ADEA,1967,civil_rights|labor_wages,0.000946,-0.000820
nanochat_cpt,likert,US-1968-FAIR-HOUSING,1968,civil_rights|social_welfare,-0.000302,-0.006699
nanochat_cpt,likert,US-1968-GUN-CONTROL,1968,crim_justice,0.000549,0.003421
nanochat_cpt,likert,US-1968-TERRY,1968,,0.001058,0.009619
nanochat_cpt,likert,US-1968-OMNIBUS-CRIME-CONTROL,1968,natl_security|crim_justice,0.000622,0.005375
nanochat_cpt,likert,US-1968-TRUTH-IN-LENDING,1968,,-0.001997,-0.021259
nanochat_cpt,likert,US-1969-BRANDENBURG,1969,,0.001717,0.014130
nanochat_cpt,likert,US-1969-NEPA,1969,environment,-0.000880,-0.012849
nanochat_cpt,likert,US-1969-TINKER,1969,,0.001439,0.017153
nanochat_cpt,likert,US-1970-CLEAN-AIR,1970,environment,0.000019,0.008301
nanochat_cpt,likert,US-1970-CSA,1970,health_medical,0.000220,0.014011
nanochat_cpt,likert,US-1970-OSHA,1970,labor_wages,0.000976,0.020335
nanochat_cpt,likert,US-1970-FCRA,1970,,0.000206,0.011358
nanochat_cpt,likert,US-1970-BANK-SECRECY,1970,crim_justice,0.000592,0.012905
nanochat_cpt,likert,US-1971-26TH,1971,civil_rights,0.000298,0.007105
nanochat_cpt,likert,US-1971-FECA,1971,,0.000733,0.009720
nanochat_cpt,likert,US-1971-LEMON,1971,,0.000841,0.015348
nanochat_cpt,likert,US-1971-PENTAGON-PAPERS,1971,,0.001131,0.015234
nanochat_cpt,likert,US-1971-ANCSA,1971,finance_banking,-0.000284,-0.003966
nanochat_cpt,likert,US-1972-CLEAN-WATER,1972,,-0.002241,-0.020656
nanochat_cpt,likert,US-1972-FURMAN,1972,,0.001316,0.005395
nanochat_cpt,likert,US-1972-TITLE-IX,1972,civil_rights,-0.000345,-0.003699
nanochat_cpt,likert,US-1972-YODER,1972,,0.002058,0.020836
nanochat_cpt,likert,US-1972-CPSA,1972,labor_wages,-0.000798,-0.010861
nanochat_cpt,likert,US-1973-ESA,1973,,-0.001464,-0.025107
nanochat_cpt,likert,US-1973-REHABILITATION,1973,civil_rights|labor_wages,-0.002302,-0.030895
nanochat_cpt,likert,US-1973-RODRIGUEZ,1973,civil_rights,-0.001019,-0.019660
nanochat_cpt,likert,US-1973-ROE,1973,,-0.000874,-0.009579
nanochat_cpt,likert,US-1973-WAR-POWERS,1973,natl_security,-0.002528,-0.022069
nanochat_cpt,likert,US-1974-ECOA,1974,civil_rights,-0.001496,-0.026304
nanochat_cpt,likert,US-1974-ERISA,1974,social_welfare,-0.001638,-0.024865
nanochat_cpt,likert,US-1974-MILLIKEN,1974,civil_rights,0.000215,-0.020354
nanochat_cpt,likert,US-1974-PRIVACY-ACT,1974,,-0.001102,-0.013877
nanochat_cpt,likert,US-1975-IDEA,1975,,-0.002762,-0.034100
nanochat_cpt,likert,US-1975-ISDEAA,1975,,-0.000121,-0.008380
nanochat_cpt,likert,US-1975-EPCA,1975,environment,-0.001022,-0.010423
nanochat_cpt,likert,US-1976-BUCKLEY,1976,,0.000890,0.027513
nanochat_cpt,likert,US-1976-GREGG,1976,crim_justice,0.001477,0.032086
nanochat_cpt,likert,US-1976-TSCA,1976,,-0.002041,0.002806
nanochat_cpt,likert,US-1977-CRA,1977,finance_banking,0.001601,0.019797
nanochat_cpt,likert,US-1977-FED-DUAL-MANDATE,1977,labor_wages,-0.001838,-0.012997
nanochat_cpt,likert,US-1978-AIRLINE-DEREG,1978,environment,-0.001782,-0.027112
nanochat_cpt,likert,US-1978-BAKKE,1978,civil_rights,-0.000822,-0.024102
nanochat_cpt,likert,US-1978-FISA,1978,natl_security,-0.000948,-0.021503
nanochat_cpt,likert,US-1978-HUMPHREY-HAWKINS,1978,labor_wages,-0.002613,-0.037970
nanochat_cpt,likert,US-1978-ICWA,1978,,-0.002105,-0.038315
nanochat_cpt,likert,US-1978-PREGNANCY-DISCRIM,1978,civil_rights,-0.001548,-0.015836
nanochat_cpt,likert,US-1978-AIRFA,1978,,-0.001559,-0.022978
nanochat_cpt,likert,US-1980-CERCLA,1980,,-0.005414,-0.077274
nanochat_cpt,likert,US-1980-DIDMCA,1980,,-0.005834,-0.079182
nanochat_cpt,likert,US-1980-REFUGEE-ACT,1980,,-0.004435,-0.061956
nanochat_cpt,likert,US-1982-VRA-AMENDMENTS,1982,civil_rights,-0.004239,-0.048080
nanochat_cpt,likert,US-1983-CHADHA,1983,,-0.005169,-0.030514
nanochat_cpt,likert,US-1984-CHEVRON,1984,,-0.008163,-0.069486
nanochat_cpt,likert,US-1984-SENTENCING,1984,crim_justice,-0.006690,-0.060087
nanochat_cpt,likert,US-1986-BOWERS,1986,crim_justice,-0.006507,-0.067937
nanochat_cpt,likert,US-1986-IRCA,1986,,-0.008103,-0.076365
nanochat_cpt,likert,US-1986-TAX-REFORM,1986,finance_banking,-0.006101,-0.056069
nanochat_cpt,likert,US-1987-DOLE,1987,,-0.004336,-0.045665
nanochat_cpt,likert,US-1988-CIVIL-LIBERTIES-ACT,1988,,-0.002104,-0.035781
nanochat_cpt,likert,US-1990-ADA,1990,civil_rights,-0.004099,-0.043891
nanochat_cpt,likert,US-1990-CLEAN-AIR-AMEND,1990,environment,-0.000349,0.001350
nanochat_cpt,likert,US-1990-IMMIGRATION-ACT,1990,labor_wages,-0.000979,-0.006034
nanochat_cpt,likert,US-1991-CIVIL-RIGHTS-ACT,1991,civil_rights|labor_wages,-0.002336,-0.031862
nanochat_cpt,likert,US-1992-CASEY,1992,,0.000762,0.007089
nanochat_cpt,likert,US-1993-BRADY,1993,crim_justice,0.000219,-0.017113
nanochat_cpt,likert,US-1993-FMLA,1993,health_medical,0.000871,-0.005994
nanochat_cpt,likert,US-1993-NVRA,1993,,-0.000179,-0.012720
nanochat_cpt,likert,US-1993-RFRA,1993,,0.000509,-0.014513
nanochat_cpt,likert,US-1994-CRIME-BILL,1994,crim_justice,0.000273,0.000124
nanochat_cpt,likert,US-1994-NAFTA,1994,,0.000632,0.005080
nanochat_cpt,likert,US-1994-VAWA,1994,,-0.000100,-0.005017
nanochat_cpt,likert,US-1995-LOPEZ,1995,crim_justice,-0.000953,-0.012080
nanochat_cpt,likert,US-1996-DOMA,1996,,-0.002752,-0.033692
nanochat_cpt,likert,US-1996-PRWORA,1996,social_welfare,-0.002537,-0.034803
nanochat_cpt,likert,US-1996-TELECOM,1996,,-0.001887,-0.026467
nanochat_cpt,likert,US-1996-AEDPA,1996,,-0.001752,-0.021136
nanochat_cpt,likert,US-1996-IIRIRA,1996,,-0.002865,-0.030465
nanochat_cpt,likert,US-1997-PRINTZ,1997,,-0.004190,-0.049839
nanochat_cpt,likert,US-1997-RENO-ACLU,1997,,-0.002458,-0.036300
nanochat_cpt,likert,US-1999-GLBA,1999,,-0.005768,-0.057343
nanochat_cpt,likert,US-2000-BUSH-GORE,2000,civil_rights,-0.005742,-0.047243
nanochat_cpt,likert,US-2001-NCLB,2001,,-0.006793,-0.041264
nanochat_cpt,likert,US-2001-PATRIOT,2001,natl_security,-0.008383,-0.063506
nanochat_cpt,likert,US-2001-AUMF,2001,,-0.007365,-0.049842
nanochat_cpt,likert,US-2002-HAVA,2002,,-0.008194,-0.085915
nanochat_cpt,likert,US-2002-HOMELAND-SECURITY,2002,natl_security|finance_banking,-0.008304,-0.086740
nanochat_cpt,likert,US-2002-SOX,2002,,-0.008077,-0.083153
nanochat_cpt,likert,US-2002-IRAQ-AUMF,2002,natl_security,-0.007194,-0.071727
nanochat_cpt,likert,US-2003-LAWRENCE,2003,crim_justice,-0.005810,-0.053497
nanochat_cpt,likert,US-2003-MEDICARE-MMA,2003,social_welfare|health_medical,-0.006410,-0.057348
nanochat_cpt,likert,US-2005-KELO,2005,,-0.004116,-0.031376
nanochat_cpt,likert,US-2007-MASS-EPA,2007,environment,-0.002447,-0.037350
nanochat_cpt,likert,US-2008-HELLER,2008,crim_justice,-0.002487,-0.028371
nanochat_cpt,likert,US-2009-ARRA,2009,finance_banking,-0.000774,0.001885
nanochat_cpt,likert,US-2009-LILLY-LEDBETTER,2009,civil_rights,-0.000533,0.004682
nanochat_cpt,likert,US-2009-HATE-CRIMES,2009,crim_justice,-0.002877,-0.023906
nanochat_cpt,likert,US-2010-ACA,2010,social_welfare,0.000443,-0.000837
nanochat_cpt,likert,US-2010-CITIZENS-UNITED,2010,,-0.000907,-0.012849
nanochat_cpt,likert,US-2010-DODD-FRANK,2010,,0.000087,-0.003256
nanochat_cpt,likert,US-2010-MCDONALD,2010,,-0.000396,-0.004708
nanochat_cpt,likert,US-2010-DADT-REPEAL,2010,civil_rights|natl_security,-0.001306,-0.014364
nanochat_cpt,likert,US-2012-NFIB,2012,social_welfare|finance_banking,0.001354,0.021395
nanochat_cpt,likert,US-2013-SHELBY,2013,civil_rights,0.002244,0.031262
nanochat_cpt,likert,US-2013-WINDSOR,2013,,0.000542,0.009025
nanochat_cpt,likert,US-2014-HOBBY-LOBBY,2014,civil_rights,0.001889,0.036081
nanochat_cpt,likert,US-2015-OBERGEFELL,2015,,0.003440,0.028821
nanochat_cpt,likert,US-2017-TCJA,2017,finance_banking,0.004429,0.043376
nanochat_cpt,likert,US-2018-JANUS,2018,labor_wages,0.002759,0.006339
nanochat_cpt,likert,US-2018-FIRST-STEP,2018,crim_justice,0.005005,0.029986
nanochat_cpt,likert,US-2019-RUCHO,2019,,0.002990,0.027335
nanochat_cpt,likert,US-2020-BOSTOCK,2020,civil_rights,0.005140,0.054947
nanochat_cpt,likert,US-2020-CARES,2020,labor_wages|social_welfare,0.004868,0.048696
nanochat_cpt,likert,US-2020-MCGIRT,2020,crim_justice,0.005166,0.058853
nanochat_cpt,likert,US-2021-AMERICAN-RESCUE-PLAN,2021,labor_wages|social_welfare|finance_banking,0.002723,0.031479
nanochat_cpt,likert,US-2021-IIJA,2021,environment,0.002819,0.033369
nanochat_cpt,likert,US-2021-JUNETEENTH,2021,,0.003759,0.041174
nanochat_cpt,likert,US-2022-BRUEN,2022,,0.002222,0.022326
nanochat_cpt,likert,US-2022-CHIPS,2022,,0.004100,0.036426
nanochat_cpt,likert,US-2022-DOBBS,2022,,0.002833,0.025852
nanochat_cpt,likert,US-2022-IRA,2022,environment|finance_banking|health_medical,0.001694,0.018231
nanochat_cpt,likert,US-2022-BIPARTISAN-SAFER-COMMUNITIES,2022,labor_wages|health_medical|crim_justice,0.001668,0.019391
nanochat_cpt,likert,US-2022-RESPECT-MARRIAGE,2022,,0.002311,0.021767
nanochat_cpt,likert,US-2022-ELECTORAL-COUNT-REFORM,2022,,0.003148,0.028600
nanochat_sft,yes_no,US-1935-NIRA-SCHECHTER,1935,,0.040134,0.184454
nanochat_sft,yes_no,US-1935-NLRA,1935,labor_wages,0.041703,0.189870
nanochat_sft,yes_no,US-1935-SOCIAL-SECURITY,1935,labor_wages|social_welfare,0.039952,0.178519
nanochat_sft,yes_no,US-1936-AAA-BUTLER,1936,finance_banking,0.039172,0.219987
nanochat_sft,yes_no,US-1937-JONES-LAUGHLIN,1937,labor_wages,0.012285,0.108065
nanochat_sft,yes_no,US-1937-WEST-COAST-HOTEL,1937,labor_wages,0.013762,0.124897
nanochat_sft,yes_no,US-1938-FDCA,1938,health_medical,0.008635,0.156161
nanochat_sft,yes_no,US-1938-FLSA,1938,labor_wages,0.007217,0.119766
nanochat_sft,yes_no,US-1941-EO8802,1941,civil_rights|labor_wages|natl_security,0.014406,0.352512
nanochat_sft,yes_no,US-1935-PUHCA,1935,,-0.001203,0.009794
nanochat_sft,yes_no,US-1936-RURAL-ELECTRIFICATION,1936,,0.036998,0.208446
nanochat_sft,yes_no,US-1939-HATCH-ACT,1939,,0.010168,0.193266
nanochat_sft,yes_no,US-1940-SELECTIVE-TRAINING,1940,,0.010635,0.258588
nanochat_sft,yes_no,US-1940-SMITH-ACT,1940,crim_justice,0.008926,0.256909
nanochat_sft,yes_no,US-1941-DARBY,1941,labor_wages,0.009646,0.219686
nanochat_sft,yes_no,US-1941-LEND-LEASE,1941,natl_security,0.000890,0.133359
nanochat_sft,yes_no,US-1942-WICKARD,1942,,0.001826,0.107118
nanochat_sft,yes_no,US-1942-EMERGENCY-PRICE-CONTROL,1942,natl_security,0.007209,0.099125
nanochat_sft,yes_no,US-1942-EO9066,1942,natl_security,0.003943,0.052583
nanochat_sft,yes_no,US-1943-CHINESE-EXCLUSION-REPEAL,1943,,-0.004120,-0.102687
nanochat_sft,yes_no,US-1944-GI-BILL,1944,labor_wages|social_welfare,-0.004915,-0.122138
nanochat_sft,yes_no,US-1944-KOREMATSU,1944,natl_security,-0.007131,-0.163792
nanochat_sft,yes_no,US-1945-BRETTON-WOODS,1945,finance_banking,-0.017288,-0.268234
nanochat_sft,yes_no,US-1945-UN-PARTICIPATION,1945,natl_security|finance_banking,-0.013358,-0.260668
nanochat_sft,yes_no,US-1946-EMPLOYMENT-ACT,1946,labor_wages,-0.013000,-0.148104
nanochat_sft,yes_no,US-1946-APA,1946,,-0.010905,-0.172083
nanochat_sft,yes_no,US-1947-NATIONAL-SECURITY-ACT,1947,natl_security|finance_banking,-0.020673,-0.133931
nanochat_sft,yes_no,US-1947-TAFT-HARTLEY,1947,labor_wages,-0.010662,-0.056673
nanochat_sft,yes_no,US-1947-TRUMAN-DOCTRINE,1947,,-0.028035,-0.214933
nanochat_sft,yes_no,US-1948-EO9981,1948,civil_rights,-0.013276,-0.085449
nanochat_sft,yes_no,US-1948-DISPLACED-PERSONS-ACT,1948,natl_security,-0.024438,-0.165092
nanochat_sft,yes_no,US-1948-MARSHALL-PLAN,1948,,-0.017048,-0.138059
nanochat_sft,yes_no,US-1948-SHELLEY,1948,social_welfare,-0.033174,-0.284718
nanochat_sft,yes_no,US-1950-DPA,1950,natl_security,-0.028601,-0.235072
nanochat_sft,yes_no,US-1950-INTERNAL-SECURITY,1950,natl_security|finance_banking,-0.050129,-0.422726
nanochat_sft,yes_no,US-1951-DENNIS,1951,,-0.028938,-0.262266
nanochat_sft,yes_no,US-1952-INA,1952,,-0.030821,-0.412716
nanochat_sft,yes_no,US-1952-YOUNGSTOWN,1952,,-0.028924,-0.401656
nanochat_sft,yes_no,US-1954-BROWN,1954,civil_rights,-0.023847,-0.225681
nanochat_sft,yes_no,US-1956-HIGHWAY,1956,,-0.016291,-0.125543
nanochat_sft,yes_no,US-1956-BANK-HOLDING-COMPANY-ACT,1956,finance_banking,-0.018288,-0.137129
nanochat_sft,yes_no,US-1957-CIVIL-RIGHTS-ACT,1957,civil_rights,-0.010650,-0.121789
nanochat_sft,yes_no,US-1957-YATES,1957,,-0.013034,-0.169478
nanochat_sft,yes_no,US-1957-EO10730,1957,civil_rights,-0.011394,-0.128203
nanochat_sft,yes_no,US-1958-NDEA,1958,natl_security,-0.008563,-0.074881
nanochat_sft,yes_no,US-1958-NASA-ACT,1958,,-0.010898,-0.117558
nanochat_sft,yes_no,US-1958-COOPER,1958,,-0.001218,-0.030657
nanochat_sft,yes_no,US-1961-MAPP,1961,,0.010374,0.046048
nanochat_sft,yes_no,US-1961-PEACE-CORPS,1961,,-0.001305,-0.094699
nanochat_sft,yes_no,US-1962-BAKER,1962,,0.010317,0.056235
nanochat_sft,yes_no,US-1962-ENGEL,1962,,0.002887,-0.013632
nanochat_sft,yes_no,US-1962-KEFAUVER-HARRIS,1962,health_medical,0.017554,0.118029
nanochat_sft,yes_no,US-1963-EQUAL-PAY,1963,civil_rights|labor_wages,-0.003572,-0.066373
nanochat_sft,yes_no,US-1963-GIDEON,1963,,0.007647,0.049594
nanochat_sft,yes_no,US-1963-TEST-BAN-TREATY,1963,environment,0.003403,0.020487
nanochat_sft,yes_no,US-1964-24TH-AMENDMENT,1964,finance_banking,-0.002485,-0.010238
nanochat_sft,yes_no,US-1964-CIVIL-RIGHTS-ACT,1964,civil_rights|labor_wages,0.009029,0.132466
nanochat_sft,yes_no,US-1964-ECONOMIC-OPPORTUNITY,1964,natl_security,-0.006643,-0.024247
nanochat_sft,yes_no,US-1964-HEART-ATLANTA,1964,civil_rights,0.002338,0.050131
nanochat_sft,yes_no,US-1964-NYT-SULLIVAN,1964,,0.004142,0.086780
nanochat_sft,yes_no,US-1964-REYNOLDS,1964,civil_rights,0.001696,0.043835
nanochat_sft,yes_no,US-1964-TONKIN-GULF,1964,natl_security,0.004581,0.083653
nanochat_sft,yes_no,US-1965-ESEA,1965,,-0.000394,0.032600
nanochat_sft,yes_no,US-1965-GRISWOLD,1965,civil_rights,-0.003271,-0.010800
nanochat_sft,yes_no,US-1965-HART-CELLER,1965,,0.003597,0.061881
nanochat_sft,yes_no,US-1965-MEDICARE-MEDICAID,1965,social_welfare,-0.002065,0.026709
nanochat_sft,yes_no,US-1965-VRA,1965,civil_rights,0.002864,0.055503
nanochat_sft,yes_no,US-1966-FOIA,1966,,-0.001122,-0.034967
nanochat_sft,yes_no,US-1966-HARPER,1966,civil_rights|finance_banking,-0.006339,-0.094324
nanochat_sft,yes_no,US-1966-MIRANDA,1966,natl_security,0.003940,0.018440
nanochat_sft,yes_no,US-1967-KATZ,1967,natl_security,0.000416,-0.008731
nanochat_sft,yes_no,US-1967-LOVING,1967,,-0.005862,-0.056869
nanochat_sft,yes_no,US-1967-ADEA,1967,civil_rights|labor_wages,0.001422,-0.007013
nanochat_sft,yes_no,US-1968-FAIR-HOUSING,1968,civil_rights|social_welfare,0.002048,0.084273
nanochat_sft,yes_no,US-1968-GUN-CONTROL,1968,crim_justice,0.001291,0.086257
nanochat_sft,yes_no,US-1968-TERRY,1968,,-0.002062,0.042337
nanochat_sft,yes_no,US-1968-OMNIBUS-CRIME-CONTROL,1968,natl_security|crim_justice,-0.001977,0.053490
nanochat_sft,yes_no,US-1968-TRUTH-IN-LENDING,1968,,0.002457,0.099737
nanochat_sft,yes_no,US-1969-BRANDENBURG,1969,,0.002848,0.025951
nanochat_sft,yes_no,US-1969-NEPA,1969,environment,0.005554,0.072219
nanochat_sft,yes_no,US-1969-TINKER,1969,,-0.003004,-0.047448
nanochat_sft,yes_no,US-1970-CLEAN-AIR,1970,environment,-0.002749,-0.018196
nanochat_sft,yes_no,US-1970-CSA,1970,health_medical,-0.000782,-0.038589
nanochat_sft,yes_no,US-1970-OSHA,1970,labor_wages,-0.003311,-0.051305
nanochat_sft,yes_no,US-1970-FCRA,1970,,-0.000081,-0.002672
nanochat_sft,yes_no,US-1970-BANK-SECRECY,1970,crim_justice,0.001204,0.009169
nanochat_sft,yes_no,US-1971-26TH,1971,civil_rights,-0.006413,-0.076560
nanochat_sft,yes_no,US-1971-FECA,1971,,0.000970,-0.011783
nanochat_sft,yes_no,US-1971-LEMON,1971,,-0.000639,-0.032661
nanochat_sft,yes_no,US-1971-PENTAGON-PAPERS,1971,,-0.002945,-0.061920
nanochat_sft,yes_no,US-1971-ANCSA,1971,finance_banking,0.004927,0.024223
nanochat_sft,yes_no,US-1972-CLEAN-WATER,1972,,0.007263,0.081482
nanochat_sft,yes_no,US-1972-FURMAN,1972,,0.002309,0.020194
nanochat_sft,yes_no,US-1972-TITLE-IX,1972,civil_rights,0.006179,0.068192
nanochat_sft,yes_no,US-1972-YODER,1972,,0.001182,0.016190
nanochat_sft,yes_no,US-1972-CPSA,1972,labor_wages,0.005700,0.070281
nanochat_sft,yes_no,US-1973-ESA,1973,,0.005671,0.070820
nanochat_sft,yes_no,US-1973-REHABILITATION,1973,civil_rights|labor_wages,0.009215,0.089885
nanochat_sft,yes_no,US-1973-RODRIGUEZ,1973,civil_rights,0.004344,0.035065
nanochat_sft,yes_no,US-1973-ROE,1973,,0.002575,0.036547
nanochat_sft,yes_no,US-1973-WAR-POWERS,1973,natl_security,0.003644,0.066157
nanochat_sft,yes_no,US-1974-ECOA,1974,civil_rights,0.002177,0.006429
nanochat_sft,yes_no,US-1974-ERISA,1974,social_welfare,0.002311,0.002703
nanochat_sft,yes_no,US-1974-MILLIKEN,1974,civil_rights,0.003217,0.023975
nanochat_sft,yes_no,US-1974-PRIVACY-ACT,1974,,0.003040,0.026884
nanochat_sft,yes_no,US-1975-IDEA,1975,,-0.000837,-0.038429
nanochat_sft,yes_no,US-1975-ISDEAA,1975,,0.001964,-0.020063
nanochat_sft,yes_no,US-1975-EPCA,1975,environment,-0.000519,-0.043451
nanochat_sft,yes_no,US-1976-BUCKLEY,1976,,0.003597,0.060418
nanochat_sft,yes_no,US-1976-GREGG,1976,crim_justice,0.001348,0.039284
nanochat_sft,yes_no,US-1976-TSCA,1976,,0.003950,0.056536
nanochat_sft,yes_no,US-1977-CRA,1977,finance_banking,0.003813,0.062855
nanochat_sft,yes_no,US-1977-FED-DUAL-MANDATE,1977,labor_wages,0.003538,0.049188
nanochat_sft,yes_no,US-1978-AIRLINE-DEREG,1978,environment,0.000222,-0.010013
nanochat_sft,yes_no,US-1978-BAKKE,1978,civil_rights,-0.000469,-0.025385
nanochat_sft,yes_no,US-1978-FISA,1978,natl_security,-0.000619,-0.035929
nanochat_sft,yes_no,US-1978-HUMPHREY-HAWKINS,1978,labor_wages,0.001013,-0.012041
nanochat_sft,yes_no,US-1978-ICWA,1978,,0.001690,0.007283
nanochat_sft,yes_no,US-1978-PREGNANCY-DISCRIM,1978,civil_rights,0.004211,0.026025
nanochat_sft,yes_no,US-1978-AIRFA,1978,,0.004120,0.029203
nanochat_sft,yes_no,US-1980-CERCLA,1980,,0.005712,0.081695
nanochat_sft,yes_no,US-1980-DIDMCA,1980,,0.007509,0.103066
nanochat_sft,yes_no,US-1980-REFUGEE-ACT,1980,,0.007164,0.108656
nanochat_sft,yes_no,US-1982-VRA-AMENDMENTS,1982,civil_rights,0.013679,0.040026
nanochat_sft,yes_no,US-1983-CHADHA,1983,,0.013599,0.090106
nanochat_sft,yes_no,US-1984-CHEVRON,1984,,0.014529,0.138911
nanochat_sft,yes_no,US-1984-SENTENCING,1984,crim_justice,0.012541,0.129506
nanochat_sft,yes_no,US-1986-BOWERS,1986,crim_justice,0.011141,0.094921
nanochat_sft,yes_no,US-1986-IRCA,1986,,0.011500,0.074922
nanochat_sft,yes_no,US-1986-TAX-REFORM,1986,finance_banking,0.012043,0.099821
nanochat_sft,yes_no,US-1987-DOLE,1987,,0.011169,0.145638
nanochat_sft,yes_no,US-1988-CIVIL-LIBERTIES-ACT,1988,,0.008828,0.105976
nanochat_sft,yes_no,US-1990-ADA,1990,civil_rights,0.001495,-0.028737
nanochat_sft,yes_no,US-1990-CLEAN-AIR-AMEND,1990,environment,0.000937,-0.037371
nanochat_sft,yes_no,US-1990-IMMIGRATION-ACT,1990,labor_wages,-0.001883,-0.072215
nanochat_sft,yes_no,US-1991-CIVIL-RIGHTS-ACT,1991,civil_rights|labor_wages,-0.005266,-0.092923
nanochat_sft,yes_no,US-1992-CASEY,1992,,0.004517,0.110017
nanochat_sft,yes_no,US-1993-BRADY,1993,crim_justice,0.001645,0.055686
nanochat_sft,yes_no,US-1993-FMLA,1993,health_medical,0.001988,0.039845
nanochat_sft,yes_no,US-1993-NVRA,1993,,0.003291,0.052113
nanochat_sft,yes_no,US-1993-RFRA,1993,,0.002279,0.068206
nanochat_sft,yes_no,US-1994-CRIME-BILL,1994,crim_justice,-0.003482,-0.021980
nanochat_sft,yes_no,US-1994-NAFTA,1994,,0.002924,0.064156
nanochat_sft,yes_no,US-1994-VAWA,1994,,0.001171,0.035345
nanochat_sft,yes_no,US-1995-LOPEZ,1995,crim_justice,0.003739,0.060390
nanochat_sft,yes_no,US-1996-DOMA,1996,,0.000972,0.043197
nanochat_sft,yes_no,US-1996-PRWORA,1996,social_welfare,0.000651,0.029309
nanochat_sft,yes_no,US-1996-TELECOM,1996,,0.000506,0.030882
nanochat_sft,yes_no,US-1996-AEDPA,1996,,0.003707,0.041153
nanochat_sft,yes_no,US-1996-IIRIRA,1996,,0.004188,0.065050
nanochat_sft,yes_no,US-1997-PRINTZ,1997,,-0.001054,-0.028367
nanochat_sft,yes_no,US-1997-RENO-ACLU,1997,,-0.000431,-0.025023
nanochat_sft,yes_no,US-1999-GLBA,1999,,0.012544,0.105199
nanochat_sft,yes_no,US-2000-BUSH-GORE,2000,civil_rights,0.017386,0.206036
nanochat_sft,yes_no,US-2001-NCLB,2001,,0.009485,0.058482
nanochat_sft,yes_no,US-2001-PATRIOT,2001,natl_security,0.012464,0.086772
nanochat_sft,yes_no,US-2001-AUMF,2001,,0.014474,0.112263
nanochat_sft,yes_no,US-2002-HAVA,2002,,0.005768,0.024351
nanochat_sft,yes_no,US-2002-HOMELAND-SECURITY,2002,natl_security|finance_banking,0.008353,0.030136
nanochat_sft,yes_no,US-2002-SOX,2002,,0.004801,0.005557
nanochat_sft,yes_no,US-2002-IRAQ-AUMF,2002,natl_security,0.012472,0.072498
nanochat_sft,yes_no,US-2003-LAWRENCE,2003,crim_justice,0.009398,0.099846
nanochat_sft,yes_no,US-2003-MEDICARE-MMA,2003,social_welfare|health_medical,0.010279,0.093289
nanochat_sft,yes_no,US-2005-KELO,2005,,0.002366,0.007518
nanochat_sft,yes_no,US-2007-MASS-EPA,2007,environment,-0.002088,0.075133
nanochat_sft,yes_no,US-2008-HELLER,2008,crim_justice,-0.001408,-0.000801
nanochat_sft,yes_no,US-2009-ARRA,2009,finance_banking,-0.003815,-0.080758
nanochat_sft,yes_no,US-2009-LILLY-LEDBETTER,2009,civil_rights,0.000183,-0.043923
nanochat_sft,yes_no,US-2009-HATE-CRIMES,2009,crim_justice,-0.004518,-0.105420
nanochat_sft,yes_no,US-2010-ACA,2010,social_welfare,0.000008,-0.037621
nanochat_sft,yes_no,US-2010-CITIZENS-UNITED,2010,,0.001308,-0.041243
nanochat_sft,yes_no,US-2010-DODD-FRANK,2010,,0.000408,-0.030349
nanochat_sft,yes_no,US-2010-MCDONALD,2010,,-0.001977,-0.045153
nanochat_sft,yes_no,US-2010-DADT-REPEAL,2010,civil_rights|natl_security,-0.000546,-0.054378
nanochat_sft,yes_no,US-2012-NFIB,2012,social_welfare|finance_banking,0.003363,0.034747
nanochat_sft,yes_no,US-2013-SHELBY,2013,civil_rights,0.004664,-0.002812
nanochat_sft,yes_no,US-2013-WINDSOR,2013,,0.005929,-0.000923
nanochat_sft,yes_no,US-2014-HOBBY-LOBBY,2014,civil_rights,0.003406,0.030338
nanochat_sft,yes_no,US-2015-OBERGEFELL,2015,,0.001038,0.015309
nanochat_sft,yes_no,US-2017-TCJA,2017,finance_banking,-0.005314,-0.057641
nanochat_sft,yes_no,US-2018-JANUS,2018,labor_wages,0.000219,0.033240
nanochat_sft,yes_no,US-2018-FIRST-STEP,2018,crim_justice,-0.003467,0.020720
nanochat_sft,yes_no,US-2019-RUCHO,2019,,-0.001140,-0.009931
nanochat_sft,yes_no,US-2020-BOSTOCK,2020,civil_rights,-0.003978,-0.031372
nanochat_sft,yes_no,US-2020-CARES,2020,labor_wages|social_welfare,-0.000589,-0.013495
nanochat_sft,yes_no,US-2020-MCGIRT,2020,crim_justice,-0.000050,0.003960
nanochat_sft,yes_no,US-2021-AMERICAN-RESCUE-PLAN,2021,labor_wages|social_welfare|finance_banking,-0.003435,-0.052620
nanochat_sft,yes_no,US-2021-IIJA,2021,environment,-0.003241,-0.039765
nanochat_sft,yes_no,US-2021-JUNETEENTH,2021,,-0.003399,-0.032947
nanochat_sft,yes_no,US-2022-BRUEN,2022,,0.001500,-0.031557
nanochat_sft,yes_no,US-2022-CHIPS,2022,,-0.002388,-0.055676
nanochat_sft,yes_no,US-2022-DOBBS,2022,,-0.000100,-0.050083
nanochat_sft,yes_no,US-2022-IRA,2022,environment|finance_banking|health_medical,0.002896,-0.009726
nanochat_sft,yes_no,US-2022-BIPARTISAN-SAFER-COMMUNITIES,2022,labor_wages|health_medical|crim_justice,-0.004142,-0.071766
nanochat_sft,yes_no,US-2022-RESPECT-MARRIAGE,2022,,-0.001140,-0.052109
nanochat_sft,yes_no,US-2022-ELECTORAL-COUNT-REFORM,2022,,-0.002745,-0.074680
nanochat_sft,likert,US-1935-NIRA-SCHECHTER,1935,,0.016604,0.068462
nanochat_sft,likert,US-1935-NLRA,1935,labor_wages,0.018269,0.072623
nanochat_sft,likert,US-1935-SOCIAL-SECURITY,1935,labor_wages|social_welfare,0.017641,0.071352
nanochat_sft,likert,US-1936-AAA-BUTLER,1936,finance_banking,0.013537,0.067441
nanochat_sft,likert,US-1937-JONES-LAUGHLIN,1937,labor_wages,0.014163,0.086685
nanochat_sft,likert,US-1937-WEST-COAST-HOTEL,1937,labor_wages,0.011184,0.073111
nanochat_sft,likert,US-1938-FDCA,1938,health_medical,0.011144,0.072184
nanochat_sft,likert,US-1938-FLSA,1938,labor_wages,0.010041,0.066364
nanochat_sft,likert,US-1941-EO8802,1941,civil_rights|labor_wages|natl_security,0.004995,0.057410
nanochat_sft,likert,US-1935-PUHCA,1935,,0.019113,0.078233
nanochat_sft,likert,US-1936-RURAL-ELECTRIFICATION,1936,,0.015079,0.074657
nanochat_sft,likert,US-1939-HATCH-ACT,1939,,0.005532,0.045816
nanochat_sft,likert,US-1940-SELECTIVE-TRAINING,1940,,0.004236,0.040920
nanochat_sft,likert,US-1940-SMITH-ACT,1940,crim_justice,0.002506,0.041010
nanochat_sft,likert,US-1941-DARBY,1941,labor_wages,0.003720,0.045436
nanochat_sft,likert,US-1941-LEND-LEASE,1941,natl_security,0.002640,0.033170
nanochat_sft,likert,US-1942-WICKARD,1942,,-0.000472,0.002433
nanochat_sft,likert,US-1942-EMERGENCY-PRICE-CONTROL,1942,natl_security,-0.000433,0.002698
nanochat_sft,likert,US-1942-EO9066,1942,natl_security,0.001094,0.023250
nanochat_sft,likert,US-1943-CHINESE-EXCLUSION-REPEAL,1943,,-0.002069,-0.006486
nanochat_sft,likert,US-1944-GI-BILL,1944,labor_wages|social_welfare,-0.003448,-0.010020
nanochat_sft,likert,US-1944-KOREMATSU,1944,natl_security,-0.003082,-0.010704
nanochat_sft,likert,US-1945-BRETTON-WOODS,1945,finance_banking,-0.004600,-0.037720
nanochat_sft,likert,US-1945-UN-PARTICIPATION,1945,natl_security|finance_banking,-0.006297,-0.055292
nanochat_sft,likert,US-1946-EMPLOYMENT-ACT,1946,labor_wages,-0.003320,-0.022997
nanochat_sft,likert,US-1946-APA,1946,,-0.004984,-0.039249
nanochat_sft,likert,US-1947-NATIONAL-SECURITY-ACT,1947,natl_security|finance_banking,-0.003814,-0.032603
nanochat_sft,likert,US-1947-TAFT-HARTLEY,1947,labor_wages,-0.005744,-0.051770
nanochat_sft,likert,US-1947-TRUMAN-DOCTRINE,1947,,-0.004567,-0.039392
nanochat_sft,likert,US-1948-EO9981,1948,civil_rights,-0.004071,-0.048506
nanochat_sft,likert,US-1948-DISPLACED-PERSONS-ACT,1948,natl_security,-0.002053,-0.021202
nanochat_sft,likert,US-1948-MARSHALL-PLAN,1948,,-0.003989,-0.045568
nanochat_sft,likert,US-1948-SHELLEY,1948,social_welfare,-0.007050,-0.072068
nanochat_sft,likert,US-1950-DPA,1950,natl_security,-0.004020,-0.048240
nanochat_sft,likert,US-1950-INTERNAL-SECURITY,1950,natl_security|finance_banking,-0.003334,-0.043346
nanochat_sft,likert,US-1951-DENNIS,1951,,-0.004703,-0.049644
nanochat_sft,likert,US-1952-INA,1952,,-0.003306,-0.030757
nanochat_sft,likert,US-1952-YOUNGSTOWN,1952,,-0.002750,-0.017066
nanochat_sft,likert,US-1954-BROWN,1954,civil_rights,-0.007096,-0.068442
nanochat_sft,likert,US-1956-HIGHWAY,1956,,-0.007277,-0.069517
nanochat_sft,likert,US-1956-BANK-HOLDING-COMPANY-ACT,1956,finance_banking,-0.004827,-0.039264
nanochat_sft,likert,US-1957-CIVIL-RIGHTS-ACT,1957,civil_rights,-0.006310,-0.065517
nanochat_sft,likert,US-1957-YATES,1957,,-0.006855,-0.063835
nanochat_sft,likert,US-1957-EO10730,1957,civil_rights,-0.004574,-0.040563
nanochat_sft,likert,US-1958-NDEA,1958,natl_security,-0.003991,-0.029157
nanochat_sft,likert,US-1958-NASA-ACT,1958,,-0.005703,-0.050642
nanochat_sft,likert,US-1958-COOPER,1958,,-0.001419,-0.006721
nanochat_sft,likert,US-1961-MAPP,1961,,-0.002804,-0.039498
nanochat_sft,likert,US-1961-PEACE-CORPS,1961,,-0.003644,-0.043739
nanochat_sft,likert,US-1962-BAKER,1962,,-0.001398,-0.029539
nanochat_sft,likert,US-1962-ENGEL,1962,,-0.001950,-0.032558
nanochat_sft,likert,US-1962-KEFAUVER-HARRIS,1962,health_medical,-0.001982,-0.031167
nanochat_sft,likert,US-1963-EQUAL-PAY,1963,civil_rights|labor_wages,-0.000636,-0.006433
nanochat_sft,likert,US-1963-GIDEON,1963,,-0.001673,-0.018085
nanochat_sft,likert,US-1963-TEST-BAN-TREATY,1963,environment,-0.001718,-0.019017
nanochat_sft,likert,US-1964-24TH-AMENDMENT,1964,finance_banking,-0.001226,-0.000624
nanochat_sft,likert,US-1964-CIVIL-RIGHTS-ACT,1964,civil_rights|labor_wages,0.000622,0.020195
nanochat_sft,likert,US-1964-ECONOMIC-OPPORTUNITY,1964,natl_security,-0.000649,0.003096
nanochat_sft,likert,US-1964-HEART-ATLANTA,1964,civil_rights,0.001777,0.029660
nanochat_sft,likert,US-1964-NYT-SULLIVAN,1964,,-0.000232,0.011532
nanochat_sft,likert,US-1964-REYNOLDS,1964,civil_rights,-0.000394,0.000341
nanochat_sft,likert,US-1964-TONKIN-GULF,1964,natl_security,-0.001615,-0.002944
nanochat_sft,likert,US-1965-ESEA,1965,,-0.000394,-0.007977
nanochat_sft,likert,US-1965-GRISWOLD,1965,civil_rights,0.001361,0.014656
nanochat_sft,likert,US-1965-HART-CELLER,1965,,-0.001262,-0.024292
nanochat_sft,likert,US-1965-MEDICARE-MEDICAID,1965,social_welfare,0.000397,0.011077
nanochat_sft,likert,US-1965-VRA,1965,civil_rights,0.000585,0.011082
nanochat_sft,likert,US-1966-FOIA,1966,,-0.000700,-0.007503
nanochat_sft,likert,US-1966-HARPER,1966,civil_rights|finance_banking,0.000950,0.005791
nanochat_sft,likert,US-1966-MIRANDA,1966,natl_security,0.000388,-0.003266
nanochat_sft,likert,US-1967-KATZ,1967,natl_security,0.000697,0.001784
nanochat_sft,likert,US-1967-LOVING,1967,,-0.000278,-0.001835
nanochat_sft,likert,US-1967-ADEA,1967,civil_rights|labor_wages,0.000872,0.003188
nanochat_sft,likert,US-1968-FAIR-HOUSING,1968,civil_rights|social_welfare,-0.000375,-0.009200
nanochat_sft,likert,US-1968-GUN-CONTROL,1968,crim_justice,-0.000173,-0.008255
nanochat_sft,likert,US-1968-TERRY,1968,,0.000780,0.000324
nanochat_sft,likert,US-1968-OMNIBUS-CRIME-CONTROL,1968,natl_security|crim_justice,0.000091,-0.005368
nanochat_sft,likert,US-1968-TRUTH-IN-LENDING,1968,,-0.001708,-0.025866
nanochat_sft,likert,US-1969-BRANDENBURG,1969,,0.001079,0.006196
nanochat_sft,likert,US-1969-NEPA,1969,environment,-0.001445,-0.018295
nanochat_sft,likert,US-1969-TINKER,1969,,0.000221,0.001903
nanochat_sft,likert,US-1970-CLEAN-AIR,1970,environment,-0.001147,-0.006333
nanochat_sft,likert,US-1970-CSA,1970,health_medical,-0.000782,-0.001495
nanochat_sft,likert,US-1970-OSHA,1970,labor_wages,-0.000055,0.003358
nanochat_sft,likert,US-1970-FCRA,1970,,-0.000721,-0.003553
nanochat_sft,likert,US-1970-BANK-SECRECY,1970,crim_justice,-0.000285,-0.000078
nanochat_sft,likert,US-1971-26TH,1971,civil_rights,-0.001787,-0.013068
nanochat_sft,likert,US-1971-FECA,1971,,-0.000769,-0.004322
nanochat_sft,likert,US-1971-LEMON,1971,,-0.001710,-0.011103
nanochat_sft,likert,US-1971-PENTAGON-PAPERS,1971,,-0.000439,0.000767
nanochat_sft,likert,US-1971-ANCSA,1971,finance_banking,-0.001533,-0.013271
nanochat_sft,likert,US-1972-CLEAN-WATER,1972,,-0.002952,-0.027166
nanochat_sft,likert,US-1972-FURMAN,1972,,0.000232,0.002198
nanochat_sft,likert,US-1972-TITLE-IX,1972,civil_rights,-0.002036,-0.018349
nanochat_sft,likert,US-1972-YODER,1972,,-0.001009,-0.004788
nanochat_sft,likert,US-1972-CPSA,1972,labor_wages,-0.001900,-0.019957
nanochat_sft,likert,US-1973-ESA,1973,,-0.002704,-0.028667
nanochat_sft,likert,US-1973-REHABILITATION,1973,civil_rights|labor_wages,-0.004153,-0.046143
nanochat_sft,likert,US-1973-RODRIGUEZ,1973,civil_rights,-0.001236,-0.013342
nanochat_sft,likert,US-1973-ROE,1973,,-0.002572,-0.021568
nanochat_sft,likert,US-1973-WAR-POWERS,1973,natl_security,-0.003608,-0.029174
nanochat_sft,likert,US-1974-ECOA,1974,civil_rights,-0.003036,-0.034450
nanochat_sft,likert,US-1974-ERISA,1974,social_welfare,-0.003003,-0.028772
nanochat_sft,likert,US-1974-MILLIKEN,1974,civil_rights,-0.000161,-0.011789
nanochat_sft,likert,US-1974-PRIVACY-ACT,1974,,-0.001677,-0.008565
nanochat_sft,likert,US-1975-IDEA,1975,,-0.003942,-0.043454
nanochat_sft,likert,US-1975-ISDEAA,1975,,-0.002094,-0.023938
nanochat_sft,likert,US-1975-EPCA,1975,environment,-0.002740,-0.024591
nanochat_sft,likert,US-1976-BUCKLEY,1976,,-0.000479,0.004553
nanochat_sft,likert,US-1976-GREGG,1976,crim_justice,-0.000381,0.004801
nanochat_sft,likert,US-1976-TSCA,1976,,-0.003242,-0.021539
nanochat_sft,likert,US-1977-CRA,1977,finance_banking,-0.000036,-0.001163
nanochat_sft,likert,US-1977-FED-DUAL-MANDATE,1977,labor_wages,-0.002540,-0.022247
nanochat_sft,likert,US-1978-AIRLINE-DEREG,1978,environment,-0.002015,-0.028259
nanochat_sft,likert,US-1978-BAKKE,1978,civil_rights,-0.001127,-0.022904
nanochat_sft,likert,US-1978-FISA,1978,natl_security,-0.001612,-0.023892
nanochat_sft,likert,US-1978-HUMPHREY-HAWKINS,1978,labor_wages,-0.002770,-0.034025
nanochat_sft,likert,US-1978-ICWA,1978,,-0.002156,-0.034558
nanochat_sft,likert,US-1978-PREGNANCY-DISCRIM,1978,civil_rights,-0.001759,-0.018740
nanochat_sft,likert,US-1978-AIRFA,1978,,-0.001958,-0.025453
nanochat_sft,likert,US-1980-CERCLA,1980,,-0.005533,-0.073401
nanochat_sft,likert,US-1980-DIDMCA,1980,,-0.005938,-0.075403
nanochat_sft,likert,US-1980-REFUGEE-ACT,1980,,-0.005028,-0.066412
nanochat_sft,likert,US-1982-VRA-AMENDMENTS,1982,civil_rights,-0.005227,-0.050186
nanochat_sft,likert,US-1983-CHADHA,1983,,-0.005981,-0.035058
nanochat_sft,likert,US-1984-CHEVRON,1984,,-0.007259,-0.064967
nanochat_sft,likert,US-1984-SENTENCING,1984,crim_justice,-0.006932,-0.064462
nanochat_sft,likert,US-1986-BOWERS,1986,crim_justice,-0.006697,-0.072214
nanochat_sft,likert,US-1986-IRCA,1986,,-0.007609,-0.073266
nanochat_sft,likert,US-1986-TAX-REFORM,1986,finance_banking,-0.005028,-0.051320
nanochat_sft,likert,US-1987-DOLE,1987,,-0.003701,-0.038341
nanochat_sft,likert,US-1988-CIVIL-LIBERTIES-ACT,1988,,-0.001604,-0.034777
nanochat_sft,likert,US-1990-ADA,1990,civil_rights,-0.003822,-0.042469
nanochat_sft,likert,US-1990-CLEAN-AIR-AMEND,1990,environment,0.001185,0.016406
nanochat_sft,likert,US-1990-IMMIGRATION-ACT,1990,labor_wages,0.000591,0.009955
nanochat_sft,likert,US-1991-CIVIL-RIGHTS-ACT,1991,civil_rights|labor_wages,-0.000635,-0.006714
nanochat_sft,likert,US-1992-CASEY,1992,,0.002047,0.021282
nanochat_sft,likert,US-1993-BRADY,1993,crim_justice,0.001676,-0.007402
nanochat_sft,likert,US-1993-FMLA,1993,health_medical,0.002549,0.005174
nanochat_sft,likert,US-1993-NVRA,1993,,0.002024,0.002972
nanochat_sft,likert,US-1993-RFRA,1993,,0.001335,-0.011362
nanochat_sft,likert,US-1994-CRIME-BILL,1994,crim_justice,0.002214,0.016936
nanochat_sft,likert,US-1994-NAFTA,1994,,0.002442,0.017360
nanochat_sft,likert,US-1994-VAWA,1994,,0.001716,0.007114
nanochat_sft,likert,US-1995-LOPEZ,1995,crim_justice,0.000328,-0.007236
nanochat_sft,likert,US-1996-DOMA,1996,,-0.000790,-0.015868
nanochat_sft,likert,US-1996-PRWORA,1996,social_welfare,-0.000852,-0.015469
nanochat_sft,likert,US-1996-TELECOM,1996,,-0.000317,-0.007871
nanochat_sft,likert,US-1996-AEDPA,1996,,-0.000954,-0.011947
nanochat_sft,likert,US-1996-IIRIRA,1996,,-0.001818,-0.019431
nanochat_sft,likert,US-1997-PRINTZ,1997,,-0.003321,-0.033323
nanochat_sft,likert,US-1997-RENO-ACLU,1997,,-0.001665,-0.023268
nanochat_sft,likert,US-1999-GLBA,1999,,-0.004150,-0.036645
nanochat_sft,likert,US-2000-BUSH-GORE,2000,civil_rights,-0.004986,-0.038695
nanochat_sft,likert,US-2001-NCLB,2001,,-0.005640,-0.039821
nanochat_sft,likert,US-2001-PATRIOT,2001,natl_security,-0.006914,-0.054782
nanochat_sft,likert,US-2001-AUMF,2001,,-0.006223,-0.048578
nanochat_sft,likert,US-2002-HAVA,2002,,-0.006877,-0.076224
nanochat_sft,likert,US-2002-HOMELAND-SECURITY,2002,natl_security|finance_banking,-0.007061,-0.080288
nanochat_sft,likert,US-2002-SOX,2002,,-0.006674,-0.075373
nanochat_sft,likert,US-2002-IRAQ-AUMF,2002,natl_security,-0.006045,-0.067120
nanochat_sft,likert,US-2003-LAWRENCE,2003,crim_justice,-0.005611,-0.057413
nanochat_sft,likert,US-2003-MEDICARE-MMA,2003,social_welfare|health_medical,-0.005488,-0.055225
nanochat_sft,likert,US-2005-KELO,2005,,-0.004163,-0.036056
nanochat_sft,likert,US-2007-MASS-EPA,2007,environment,-0.002045,-0.015210
nanochat_sft,likert,US-2008-HELLER,2008,crim_justice,-0.002986,-0.033722
nanochat_sft,likert,US-2009-ARRA,2009,finance_banking,-0.001051,-0.008637
nanochat_sft,likert,US-2009-LILLY-LEDBETTER,2009,civil_rights,-0.001214,-0.006655
nanochat_sft,likert,US-2009-HATE-CRIMES,2009,crim_justice,-0.002326,-0.020063
nanochat_sft,likert,US-2010-ACA,2010,social_welfare,0.000387,-0.010073
nanochat_sft,likert,US-2010-CITIZENS-UNITED,2010,,-0.001013,-0.019174
nanochat_sft,likert,US-2010-DODD-FRANK,2010,,-0.000143,-0.013531
nanochat_sft,likert,US-2010-MCDONALD,2010,,-0.000113,-0.010389
nanochat_sft,likert,US-2010-DADT-REPEAL,2010,civil_rights|natl_security,-0.000521,-0.016169
nanochat_sft,likert,US-2012-NFIB,2012,social_welfare|finance_banking,0.001341,0.017407
nanochat_sft,likert,US-2013-SHELBY,2013,civil_rights,0.002449,0.034585
nanochat_sft,likert,US-2013-WINDSOR,2013,,0.001433,0.019389
nanochat_sft,likert,US-2014-HOBBY-LOBBY,2014,civil_rights,0.002582,0.038220
nanochat_sft,likert,US-2015-OBERGEFELL,2015,,0.003842,0.041972
nanochat_sft,likert,US-2017-TCJA,2017,finance_banking,0.003291,0.016531
nanochat_sft,likert,US-2018-JANUS,2018,labor_wages,0.002925,0.016699
nanochat_sft,likert,US-2018-FIRST-STEP,2018,crim_justice,0.003760,0.024167
nanochat_sft,likert,US-2019-RUCHO,2019,,0.003006,0.027113
nanochat_sft,likert,US-2020-BOSTOCK,2020,civil_rights,0.004543,0.052554
nanochat_sft,likert,US-2020-CARES,2020,labor_wages|social_welfare,0.003578,0.043197
nanochat_sft,likert,US-2020-MCGIRT,2020,crim_justice,0.004457,0.055813
nanochat_sft,likert,US-2021-AMERICAN-RESCUE-PLAN,2021,labor_wages|social_welfare|finance_banking,0.002030,0.029232
nanochat_sft,likert,US-2021-IIJA,2021,environment,0.002330,0.032798
nanochat_sft,likert,US-2021-JUNETEENTH,2021,,0.002500,0.034359
nanochat_sft,likert,US-2022-BRUEN,2022,,0.001121,0.018856
nanochat_sft,likert,US-2022-CHIPS,2022,,0.002097,0.025616
nanochat_sft,likert,US-2022-DOBBS,2022,,0.001425,0.022744
nanochat_sft,likert,US-2022-IRA,2022,environment|finance_banking|health_medical,0.000739,0.015277
nanochat_sft,likert,US-2022-BIPARTISAN-SAFER-COMMUNITIES,2022,labor_wages|health_medical|crim_justice,0.000815,0.014684
nanochat_sft,likert,US-2022-RESPECT-MARRIAGE,2022,,0.001397,0.019844
nanochat_sft,likert,US-2022-ELECTORAL-COUNT-REFORM,2022,,0.001721,0.023020
