run,year_model,base_step,policy_id,enactment_year,rel_year,p_yes,likert,category,n_variants
continuous_d23,1931,150975,US-1933-GLASS-STEAGALL,1933,-2,0.04939145901877444,-0.04432571671505506,Economy & Finance,100
continuous_d23,1931,150975,US-1933-PROHIBITION-REPEAL,1933,-2,0.04921075820857526,-0.06079744794701941,Civil Liberties,100
continuous_d23,1931,150975,US-1933-SECURITIES-ACT,1933,-2,0.04943306315357238,-0.0433631914036131,Economy & Finance,99
continuous_d23,1931,150975,US-1934-EXCHANGE-ACT,1934,-3,0.04492902397727394,-0.05191671356152417,Economy & Finance,100
continuous_d23,1931,150975,US-1934-IRA,1934,-3,0.06423367461151734,-0.05023347334511272,Civil Rights,100
continuous_d23,1931,150975,US-1934-NATIONAL-HOUSING-ACT,1934,-3,0.061962765009681835,-0.04717770030560958,Health/Welfare/Educ,100
continuous_d23,1931,150975,US-1935-NIRA-SCHECHTER,1935,-4,0.05795097163914633,-0.0573264324938922,Democracy & Governance,100
continuous_d23,1931,150975,US-1935-NLRA,1935,-4,0.053551281037176345,-0.04932840422089861,Labor,100
continuous_d23,1931,150975,US-1935-SOCIAL-SECURITY,1935,-4,0.04926934222955651,-0.056722734339035484,Health/Welfare/Educ,100
continuous_d23,1931,150975,US-1936-AAA-BUTLER,1936,-5,0.05340453471729461,-0.06250680360423784,Democracy & Governance,100
continuous_d23,1931,150975,US-1937-JONES-LAUGHLIN,1937,-6,0.0530913929224382,-0.05341141397547161,Labor,100
continuous_d23,1931,150975,US-1937-WEST-COAST-HOTEL,1937,-6,0.07303541407359482,-0.056975151788354744,Labor,100
continuous_d23,1931,150975,US-1938-FDCA,1938,-7,0.05789592461835504,-0.05402407894322317,Economy & Finance,100
continuous_d23,1931,150975,US-1938-FLSA,1938,-7,0.04807401858269628,-0.0547231782958291,Labor,100
continuous_d23,1931,150975,US-1941-EO8802,1941,-10,0.10887512931080201,-0.04708420438460441,Civil Rights,100
continuous_d23,1931,150975,US-1942-WICKARD,1942,-11,0.06374502225775529,-0.05057941432449395,Democracy & Governance,100
continuous_d23,1931,150975,US-1944-GI-BILL,1944,-13,0.05735988549335708,-0.054729064935341507,Health/Welfare/Educ,100
continuous_d23,1931,150975,US-1944-KOREMATSU,1944,-13,0.05033340634421905,-0.061972220796334423,Civil Rights,100
continuous_d23,1931,150975,US-1946-EMPLOYMENT-ACT,1946,-15,0.06747684984562684,-0.05710568790013234,Economy & Finance,100
continuous_d23,1931,150975,US-1947-NATIONAL-SECURITY-ACT,1947,-16,0.055280247650882186,-0.04992879747389265,Natl Security & Foreign,100
continuous_d23,1931,150975,US-1947-TAFT-HARTLEY,1947,-16,0.05020272817681407,-0.05608592142158627,Labor,100
continuous_d23,1931,150975,US-1948-EO9981,1948,-17,0.0677710899119306,-0.05534564342285143,Civil Rights,100
continuous_d23,1931,150975,US-1930-SMOOT-HAWLEY,1930,1,0.07638918367350983,-0.05931742620673442,Economy & Finance,100
continuous_d23,1931,150975,US-1932-RFC,1932,-1,0.05984368004571622,-0.051086011196678036,Economy & Finance,100
continuous_d23,1931,150975,US-1932-NORRIS-LAGUARDIA,1932,-1,0.07157648330372057,-0.05563069160857207,Labor,100
continuous_d23,1931,150975,US-1933-CCC,1933,-2,0.058347244539763386,-0.061677123133009035,Democracy & Governance,100
continuous_d23,1931,150975,US-1933-FERA,1933,-2,0.05202532015004254,-0.045051742894190956,Health/Welfare/Educ,99
continuous_d23,1931,150975,US-1933-HOME-OWNERS-LOAN,1933,-2,0.05578433403532847,-0.06419307956854566,Health/Welfare/Educ,99
continuous_d23,1931,150975,US-1934-NFA,1934,-3,0.03992652389979785,-0.04896571527754982,Criminal Justice & Guns,100
continuous_d23,1931,150975,US-1935-PUHCA,1935,-4,0.06980680524971705,-0.040389917455539354,Environment & Energy,100
continuous_d23,1931,150975,US-1936-RURAL-ELECTRIFICATION,1936,-5,0.06204310926527532,-0.04782682145487142,Environment & Energy,100
continuous_d23,1931,150975,US-1939-HATCH-ACT,1939,-8,0.061716015909595454,-0.04806087614819056,Civil Rights,100
continuous_d23,1931,150975,US-1940-SELECTIVE-TRAINING,1940,-9,0.06555087506260592,-0.056862451859232624,Natl Security & Foreign,100
continuous_d23,1931,150975,US-1940-SMITH-ACT,1940,-9,0.05772262377062583,-0.04069503636118396,Natl Security & Foreign,99
continuous_d23,1931,150975,US-1941-DARBY,1941,-10,0.04829865315664311,-0.05928229730817826,Labor,100
continuous_d23,1931,150975,US-1941-LEND-LEASE,1941,-10,0.06093617369712011,-0.0517434692250337,Natl Security & Foreign,99
continuous_d23,1931,150975,US-1942-EMERGENCY-PRICE-CONTROL,1942,-11,0.05151701377270413,-0.04921263233926239,Natl Security & Foreign,100
continuous_d23,1931,150975,US-1943-CHINESE-EXCLUSION-REPEAL,1943,-12,0.07844214474895243,-0.04690536836781848,Immigration,99
continuous_d23,1931,150975,US-1945-BRETTON-WOODS,1945,-14,0.054853699142820664,-0.05372585946486294,Natl Security & Foreign,100
continuous_d23,1931,150975,US-1945-UN-PARTICIPATION,1945,-14,0.0728645291325181,-0.052951685601172895,Natl Security & Foreign,100
continuous_d23,1931,150975,US-1946-APA,1946,-15,0.06621922588475597,-0.059722873357769914,Democracy & Governance,100
continuous_d23,1931,150975,US-1948-DISPLACED-PERSONS-ACT,1948,-17,0.05655666014450153,-0.054627067850572815,Immigration,99
continuous_d23,1931,150975,US-1948-MARSHALL-PLAN,1948,-17,0.05736204297879234,-0.060181931558952816,Natl Security & Foreign,100
continuous_d23,1931,150975,US-1948-SHELLEY,1948,-17,0.061039991443302195,-0.03949003878359571,Civil Rights,100
continuous_d23,1931,150975,US-1950-DPA,1950,-19,0.05449748999087101,-0.04699430676658983,Economy & Finance,100
continuous_d23,1931,150975,US-1950-INTERNAL-SECURITY,1950,-19,0.05516134089232368,-0.05378637208691175,Natl Security & Foreign,100
continuous_d23,1931,150975,US-1951-DENNIS,1951,-20,0.07126758944564664,-0.04834525573616809,Civil Liberties,97
continuous_d23,1931,150975,US-1933-TVA,1933,-2,0.061836385127336385,-0.0381264364256315,Democracy & Governance,99
continuous_d23,1931,150975,US-1933-NIRA,1933,-2,0.05203653320322249,-0.05539463294244243,Economy & Finance,100
continuous_d23,1931,150975,US-1942-EO9066,1942,-11,0.05980951556180383,-0.0625298736164177,Civil Rights,100
continuous_d23,1931,150975,US-1947-TRUMAN-DOCTRINE,1947,-16,0.04627424712144223,-0.052398138470331965,Natl Security & Foreign,100
continuous_d23,1932,152287,US-1933-GLASS-STEAGALL,1933,-1,0.4175739832328641,0.03343040064461775,Economy & Finance,100
continuous_d23,1932,152287,US-1933-PROHIBITION-REPEAL,1933,-1,0.37823972716212867,-0.005479746045861454,Civil Liberties,100
continuous_d23,1932,152287,US-1933-SECURITIES-ACT,1933,-1,0.45871496848820187,0.06711159657421892,Economy & Finance,99
continuous_d23,1932,152287,US-1934-EXCHANGE-ACT,1934,-2,0.44058620990490593,-0.01967192377821623,Economy & Finance,100
continuous_d23,1932,152287,US-1934-IRA,1934,-2,0.4169710756314015,0.03177951983953371,Civil Rights,100
continuous_d23,1932,152287,US-1934-NATIONAL-HOUSING-ACT,1934,-2,0.4044202429965828,0.01901152658421988,Health/Welfare/Educ,100
continuous_d23,1932,152287,US-1935-NIRA-SCHECHTER,1935,-3,0.5165880910153979,0.04504108873741898,Democracy & Governance,100
continuous_d23,1932,152287,US-1935-NLRA,1935,-3,0.4846798167574545,0.0012240051484103346,Labor,100
continuous_d23,1932,152287,US-1935-SOCIAL-SECURITY,1935,-3,0.3603065571862458,-0.007203683538376052,Health/Welfare/Educ,100
continuous_d23,1932,152287,US-1936-AAA-BUTLER,1936,-4,0.3362206123333605,0.05756253880039264,Democracy & Governance,100
continuous_d23,1932,152287,US-1937-JONES-LAUGHLIN,1937,-5,0.4511339314732535,0.08989667419352639,Labor,100
continuous_d23,1932,152287,US-1937-WEST-COAST-HOTEL,1937,-5,0.39995643430990085,0.10489949319618547,Labor,100
continuous_d23,1932,152287,US-1938-FDCA,1938,-6,0.5160166891262518,0.017229145257275525,Economy & Finance,100
continuous_d23,1932,152287,US-1938-FLSA,1938,-6,0.5363550682216384,-0.005609161863604277,Labor,100
continuous_d23,1932,152287,US-1941-EO8802,1941,-9,0.4496636247972717,0.051262410041717235,Civil Rights,100
continuous_d23,1932,152287,US-1942-WICKARD,1942,-10,0.37441002543109553,-0.03120303027808685,Democracy & Governance,100
continuous_d23,1932,152287,US-1944-GI-BILL,1944,-12,0.37080888624041036,-0.06526934288862817,Health/Welfare/Educ,100
continuous_d23,1932,152287,US-1944-KOREMATSU,1944,-12,0.453371163462485,-0.03248038417402868,Civil Rights,100
continuous_d23,1932,152287,US-1946-EMPLOYMENT-ACT,1946,-14,0.4073332681922787,-0.011305691756868727,Economy & Finance,100
continuous_d23,1932,152287,US-1947-NATIONAL-SECURITY-ACT,1947,-15,0.35516353759293223,-0.038271297316858195,Natl Security & Foreign,100
continuous_d23,1932,152287,US-1947-TAFT-HARTLEY,1947,-15,0.5179919995132142,0.046319485757782185,Labor,100
continuous_d23,1932,152287,US-1948-EO9981,1948,-16,0.3501863468965555,-0.03372317993199049,Civil Rights,100
continuous_d23,1932,152287,US-1952-INA,1952,-20,0.34018448631226744,0.03214133935248486,Immigration,100
continuous_d23,1932,152287,US-1952-YOUNGSTOWN,1952,-20,0.43366492047364574,0.025443812288297864,Democracy & Governance,99
continuous_d23,1932,152287,US-1930-SMOOT-HAWLEY,1930,2,0.3254639758936155,0.056513778797206295,Economy & Finance,100
continuous_d23,1932,152287,US-1932-RFC,1932,0,0.4199024911112793,-0.028723563197373604,Economy & Finance,100
continuous_d23,1932,152287,US-1932-NORRIS-LAGUARDIA,1932,0,0.3063710124440066,0.044875971849381156,Labor,100
continuous_d23,1932,152287,US-1933-CCC,1933,-1,0.44615640760217135,0.024660728930419342,Democracy & Governance,100
continuous_d23,1932,152287,US-1933-FERA,1933,-1,0.39756826467508766,-0.033027869006463026,Health/Welfare/Educ,99
continuous_d23,1932,152287,US-1933-HOME-OWNERS-LOAN,1933,-1,0.36258384960185064,0.025656292479523314,Health/Welfare/Educ,99
continuous_d23,1932,152287,US-1934-NFA,1934,-2,0.41951156452754035,-0.006762761321331157,Criminal Justice & Guns,100
continuous_d23,1932,152287,US-1935-PUHCA,1935,-3,0.4519876710900991,0.007425869865463879,Environment & Energy,100
continuous_d23,1932,152287,US-1936-RURAL-ELECTRIFICATION,1936,-4,0.4133429337230393,0.009189590047159583,Environment & Energy,100
continuous_d23,1932,152287,US-1939-HATCH-ACT,1939,-7,0.40780172072034326,0.0328428829964773,Civil Rights,100
continuous_d23,1932,152287,US-1940-SELECTIVE-TRAINING,1940,-8,0.36967637226216254,0.023143877730017356,Natl Security & Foreign,100
continuous_d23,1932,152287,US-1940-SMITH-ACT,1940,-8,0.3040777601748131,0.0161852887902452,Natl Security & Foreign,99
continuous_d23,1932,152287,US-1941-DARBY,1941,-9,0.4939044265827717,0.02841155629092519,Labor,100
continuous_d23,1932,152287,US-1941-LEND-LEASE,1941,-9,0.27023627596822203,-0.004654676700122655,Natl Security & Foreign,99
continuous_d23,1932,152287,US-1942-EMERGENCY-PRICE-CONTROL,1942,-10,0.4446913640758892,0.051908038303563754,Natl Security & Foreign,100
continuous_d23,1932,152287,US-1943-CHINESE-EXCLUSION-REPEAL,1943,-11,0.21422910720816057,0.03762839080141972,Immigration,99
continuous_d23,1932,152287,US-1945-BRETTON-WOODS,1945,-13,0.25893522347201353,0.011026230653504727,Natl Security & Foreign,100
continuous_d23,1932,152287,US-1945-UN-PARTICIPATION,1945,-13,0.20203345579243373,-0.05122066216280441,Natl Security & Foreign,100
continuous_d23,1932,152287,US-1946-APA,1946,-14,0.4410319287975069,-0.0040798371814768876,Democracy & Governance,100
continuous_d23,1932,152287,US-1948-DISPLACED-PERSONS-ACT,1948,-16,0.21992525201147395,0.04211011529876686,Immigration,99
continuous_d23,1932,152287,US-1948-MARSHALL-PLAN,1948,-16,0.2926973651186206,0.018013660697589834,Natl Security & Foreign,100
continuous_d23,1932,152287,US-1948-SHELLEY,1948,-16,0.40042027849549905,0.07824957528518467,Civil Rights,100
continuous_d23,1932,152287,US-1950-DPA,1950,-18,0.3817666159072673,-0.036040341176146094,Economy & Finance,100
continuous_d23,1932,152287,US-1950-INTERNAL-SECURITY,1950,-18,0.2915259607515235,0.06173460068862855,Natl Security & Foreign,100
continuous_d23,1932,152287,US-1951-DENNIS,1951,-19,0.3690022288029159,0.08936985533663969,Civil Liberties,97
continuous_d23,1932,152287,US-1933-TVA,1933,-1,0.4337205129351603,-0.0945735258231478,Democracy & Governance,99
continuous_d23,1932,152287,US-1933-NIRA,1933,-1,0.5006610473622465,-0.0014134573739620297,Economy & Finance,100
continuous_d23,1932,152287,US-1942-EO9066,1942,-10,0.4246413154570602,-0.02737982173358896,Civil Rights,100
continuous_d23,1932,152287,US-1947-TRUMAN-DOCTRINE,1947,-15,0.2744730183954852,0.001230243379711969,Natl Security & Foreign,100
continuous_d23,1933,153408,US-1933-GLASS-STEAGALL,1933,0,0.8034467001327773,0.0496447143422956,Economy & Finance,100
continuous_d23,1933,153408,US-1933-PROHIBITION-REPEAL,1933,0,0.7741350086926713,-0.07496194354547828,Civil Liberties,100
continuous_d23,1933,153408,US-1933-SECURITIES-ACT,1933,0,0.8743476725215581,0.024464187906367764,Economy & Finance,99
continuous_d23,1933,153408,US-1934-EXCHANGE-ACT,1934,-1,0.8359408814080456,-0.05880540522129974,Economy & Finance,100
continuous_d23,1933,153408,US-1934-IRA,1934,-1,0.7951250123142029,0.04177285451639607,Civil Rights,100
continuous_d23,1933,153408,US-1934-NATIONAL-HOUSING-ACT,1934,-1,0.8182866015537393,0.027300141558624865,Health/Welfare/Educ,100
continuous_d23,1933,153408,US-1935-NIRA-SCHECHTER,1935,-2,0.8093086024064398,0.07611007509104571,Democracy & Governance,100
continuous_d23,1933,153408,US-1935-NLRA,1935,-2,0.8345185651136383,-0.023296849594103396,Labor,100
continuous_d23,1933,153408,US-1935-SOCIAL-SECURITY,1935,-2,0.8152049097901771,0.09480881217621114,Health/Welfare/Educ,100
continuous_d23,1933,153408,US-1936-AAA-BUTLER,1936,-3,0.7183470315790165,0.07706207655207707,Democracy & Governance,100
continuous_d23,1933,153408,US-1937-JONES-LAUGHLIN,1937,-4,0.7989420321013825,0.056851905823926366,Labor,100
continuous_d23,1933,153408,US-1937-WEST-COAST-HOTEL,1937,-4,0.785842821059389,0.11032924456420654,Labor,100
continuous_d23,1933,153408,US-1938-FDCA,1938,-5,0.8393462566136562,-0.06305001469308738,Economy & Finance,100
continuous_d23,1933,153408,US-1938-FLSA,1938,-5,0.8652527469608055,-0.00747236314378618,Labor,100
continuous_d23,1933,153408,US-1941-EO8802,1941,-8,0.6915220595583884,0.06112958532454301,Civil Rights,100
continuous_d23,1933,153408,US-1942-WICKARD,1942,-9,0.7172843232414414,0.008641775361169276,Democracy & Governance,100
continuous_d23,1933,153408,US-1944-GI-BILL,1944,-11,0.8346260047273026,0.013179746589823467,Health/Welfare/Educ,100
continuous_d23,1933,153408,US-1944-KOREMATSU,1944,-11,0.804967126362424,0.04264415562775447,Civil Rights,100
continuous_d23,1933,153408,US-1946-EMPLOYMENT-ACT,1946,-13,0.7628400784047439,0.01614242614860835,Economy & Finance,100
continuous_d23,1933,153408,US-1947-NATIONAL-SECURITY-ACT,1947,-14,0.7601125479295249,-0.01670616491499748,Natl Security & Foreign,100
continuous_d23,1933,153408,US-1947-TAFT-HARTLEY,1947,-14,0.8561102721888204,0.047626671080234884,Labor,100
continuous_d23,1933,153408,US-1948-EO9981,1948,-15,0.7219349068359081,0.01708146188910707,Civil Rights,100
continuous_d23,1933,153408,US-1952-INA,1952,-19,0.8066858155443508,-0.027049442160409144,Immigration,100
continuous_d23,1933,153408,US-1952-YOUNGSTOWN,1952,-19,0.6964375499707269,0.019297556458770678,Democracy & Governance,99
continuous_d23,1933,153408,US-1930-SMOOT-HAWLEY,1930,3,0.7291771156299102,0.12974664135298425,Economy & Finance,100
continuous_d23,1933,153408,US-1932-RFC,1932,1,0.7931706211676491,0.0660262310269339,Economy & Finance,100
continuous_d23,1933,153408,US-1932-NORRIS-LAGUARDIA,1932,1,0.6349446585160897,0.11695337703867588,Labor,100
continuous_d23,1933,153408,US-1933-CCC,1933,0,0.8192914336013598,0.10458300297256808,Democracy & Governance,100
continuous_d23,1933,153408,US-1933-FERA,1933,0,0.7772320352099885,0.08757090043234991,Health/Welfare/Educ,99
continuous_d23,1933,153408,US-1933-HOME-OWNERS-LOAN,1933,0,0.7443287749603064,0.13007569750200842,Health/Welfare/Educ,99
continuous_d23,1933,153408,US-1934-NFA,1934,-1,0.8313037678556873,-0.0008419869114753476,Criminal Justice & Guns,100
continuous_d23,1933,153408,US-1935-PUHCA,1935,-2,0.7928417832957345,0.13228014144832057,Environment & Energy,100
continuous_d23,1933,153408,US-1936-RURAL-ELECTRIFICATION,1936,-3,0.8008362230873243,0.046072644458841495,Environment & Energy,100
continuous_d23,1933,153408,US-1939-HATCH-ACT,1939,-6,0.794419384593565,-0.01205527658093402,Civil Rights,100
continuous_d23,1933,153408,US-1940-SELECTIVE-TRAINING,1940,-7,0.7311114174559427,0.004198045298894705,Natl Security & Foreign,100
continuous_d23,1933,153408,US-1940-SMITH-ACT,1940,-7,0.7613854015892079,0.012247175198434757,Natl Security & Foreign,99
continuous_d23,1933,153408,US-1941-DARBY,1941,-8,0.8286397846420911,-0.02663500498399821,Labor,100
continuous_d23,1933,153408,US-1941-LEND-LEASE,1941,-8,0.7034061617817596,0.013808494820163076,Natl Security & Foreign,99
continuous_d23,1933,153408,US-1942-EMERGENCY-PRICE-CONTROL,1942,-9,0.8710229896566432,0.05766846078052188,Natl Security & Foreign,100
continuous_d23,1933,153408,US-1943-CHINESE-EXCLUSION-REPEAL,1943,-10,0.7474876406098134,0.02112960453536677,Immigration,99
continuous_d23,1933,153408,US-1945-BRETTON-WOODS,1945,-12,0.6451372142704264,-0.010502464772408557,Natl Security & Foreign,100
continuous_d23,1933,153408,US-1945-UN-PARTICIPATION,1945,-12,0.575777088672943,-0.06777788153038443,Natl Security & Foreign,100
continuous_d23,1933,153408,US-1946-APA,1946,-13,0.7375949326851212,0.03396952444269607,Democracy & Governance,100
continuous_d23,1933,153408,US-1948-DISPLACED-PERSONS-ACT,1948,-15,0.7382367375366632,0.17993539873625525,Immigration,99
continuous_d23,1933,153408,US-1948-MARSHALL-PLAN,1948,-15,0.75477170746047,-0.01681650554863517,Natl Security & Foreign,100
continuous_d23,1933,153408,US-1948-SHELLEY,1948,-15,0.802476813604002,0.08760230533152509,Civil Rights,100
continuous_d23,1933,153408,US-1950-DPA,1950,-17,0.7345296455777799,-0.0039995126679442635,Economy & Finance,100
continuous_d23,1933,153408,US-1950-INTERNAL-SECURITY,1950,-17,0.7167762403911923,0.054519840387678944,Natl Security & Foreign,100
continuous_d23,1933,153408,US-1951-DENNIS,1951,-18,0.7428590484389272,0.07879290752514669,Civil Liberties,97
continuous_d23,1933,153408,US-1933-TVA,1933,0,0.8263243737390582,-0.0921006377388749,Democracy & Governance,99
continuous_d23,1933,153408,US-1933-NIRA,1933,0,0.8072644013376891,-0.04007116265551616,Economy & Finance,100
continuous_d23,1933,153408,US-1942-EO9066,1942,-9,0.7066172248144563,-0.08247288962133659,Civil Rights,100
continuous_d23,1933,153408,US-1947-TRUMAN-DOCTRINE,1947,-14,0.7244380211708743,-0.031899230909875904,Natl Security & Foreign,100
continuous_d23,1934,154528,US-1933-GLASS-STEAGALL,1933,1,0.8637426214609591,0.07263626661034389,Economy & Finance,100
continuous_d23,1934,154528,US-1933-PROHIBITION-REPEAL,1933,1,0.7547400714769398,-0.06990041256927791,Civil Liberties,100
continuous_d23,1934,154528,US-1933-SECURITIES-ACT,1933,1,0.8330509569574996,-0.019215300965575367,Economy & Finance,99
continuous_d23,1934,154528,US-1934-EXCHANGE-ACT,1934,0,0.7871803983078515,-0.09688532949147799,Economy & Finance,100
continuous_d23,1934,154528,US-1934-IRA,1934,0,0.7557373789185565,-0.022158839637278924,Civil Rights,100
continuous_d23,1934,154528,US-1934-NATIONAL-HOUSING-ACT,1934,0,0.8013637810342492,-0.027322193012137216,Health/Welfare/Educ,100
continuous_d23,1934,154528,US-1935-NIRA-SCHECHTER,1935,-1,0.8831898948229433,0.14102886943154697,Democracy & Governance,100
continuous_d23,1934,154528,US-1935-NLRA,1935,-1,0.8134147137017317,-0.030930034601331213,Labor,100
continuous_d23,1934,154528,US-1935-SOCIAL-SECURITY,1935,-1,0.7353266056579831,0.08989983319978398,Health/Welfare/Educ,100
continuous_d23,1934,154528,US-1936-AAA-BUTLER,1936,-2,0.8117014665658435,0.08529719627952803,Democracy & Governance,100
continuous_d23,1934,154528,US-1937-JONES-LAUGHLIN,1937,-3,0.8461331464580837,0.034910047795253064,Labor,100
continuous_d23,1934,154528,US-1937-WEST-COAST-HOTEL,1937,-3,0.8099047839315316,0.047248953746082956,Labor,100
continuous_d23,1934,154528,US-1938-FDCA,1938,-4,0.7968127267327393,-0.09929023873541779,Economy & Finance,100
continuous_d23,1934,154528,US-1938-FLSA,1938,-4,0.841251360825564,-0.04525514547454514,Labor,100
continuous_d23,1934,154528,US-1941-EO8802,1941,-7,0.7413273082053183,-0.02592776826977087,Civil Rights,100
continuous_d23,1934,154528,US-1942-WICKARD,1942,-8,0.7185724446435796,-0.041828441309484,Democracy & Governance,100
continuous_d23,1934,154528,US-1944-GI-BILL,1944,-10,0.7716169157800259,-0.03177104494378933,Health/Welfare/Educ,100
continuous_d23,1934,154528,US-1944-KOREMATSU,1944,-10,0.747571626956773,-0.0424819340905278,Civil Rights,100
continuous_d23,1934,154528,US-1946-EMPLOYMENT-ACT,1946,-12,0.8014237565062409,-0.024184981284837773,Economy & Finance,100
continuous_d23,1934,154528,US-1947-NATIONAL-SECURITY-ACT,1947,-13,0.7894106075335224,-0.025319254732477772,Natl Security & Foreign,100
continuous_d23,1934,154528,US-1947-TAFT-HARTLEY,1947,-13,0.8393281135989341,-0.02002995067396849,Labor,100
continuous_d23,1934,154528,US-1948-EO9981,1948,-14,0.7801583407621149,-0.0009163165428094011,Civil Rights,100
continuous_d23,1934,154528,US-1952-INA,1952,-18,0.7916126761700898,0.016662574478830926,Immigration,100
continuous_d23,1934,154528,US-1952-YOUNGSTOWN,1952,-18,0.8608144206846412,-0.027018037660860375,Democracy & Governance,99
continuous_d23,1934,154528,US-1954-BROWN,1954,-20,0.7962904137594391,-0.0742455502907634,Civil Rights,100
continuous_d23,1934,154528,US-1930-SMOOT-HAWLEY,1930,4,0.7409474452195732,0.012188869507742782,Economy & Finance,100
continuous_d23,1934,154528,US-1932-RFC,1932,2,0.7610536893017109,-0.04403681526395358,Economy & Finance,100
continuous_d23,1934,154528,US-1932-NORRIS-LAGUARDIA,1932,2,0.7418721834948343,-0.06986655235026867,Labor,100
continuous_d23,1934,154528,US-1933-CCC,1933,1,0.7374791068795855,0.06499787485141026,Democracy & Governance,100
continuous_d23,1934,154528,US-1933-FERA,1933,1,0.7651798586950486,0.027370942992491005,Health/Welfare/Educ,99
continuous_d23,1934,154528,US-1933-HOME-OWNERS-LOAN,1933,1,0.729012426791643,-0.026641204700516462,Health/Welfare/Educ,99
continuous_d23,1934,154528,US-1934-NFA,1934,0,0.8006287443061969,-0.10349895288589712,Criminal Justice & Guns,100
continuous_d23,1934,154528,US-1935-PUHCA,1935,-1,0.7646105060775205,0.03533202531435827,Environment & Energy,100
continuous_d23,1934,154528,US-1936-RURAL-ELECTRIFICATION,1936,-2,0.8010602870336746,-0.02328059520527488,Environment & Energy,100
continuous_d23,1934,154528,US-1939-HATCH-ACT,1939,-5,0.7786335002756971,-0.07228641556381589,Civil Rights,100
continuous_d23,1934,154528,US-1940-SELECTIVE-TRAINING,1940,-6,0.7992159492884339,-0.024744083066695573,Natl Security & Foreign,100
continuous_d23,1934,154528,US-1940-SMITH-ACT,1940,-6,0.7872979053123983,0.021974530959031013,Natl Security & Foreign,99
continuous_d23,1934,154528,US-1941-DARBY,1941,-7,0.8632476982927827,-0.059307547463367444,Labor,100
continuous_d23,1934,154528,US-1941-LEND-LEASE,1941,-7,0.7741014175359276,-0.05872784220353899,Natl Security & Foreign,99
continuous_d23,1934,154528,US-1942-EMERGENCY-PRICE-CONTROL,1942,-8,0.8707223070724457,-0.06645674928018085,Natl Security & Foreign,100
continuous_d23,1934,154528,US-1943-CHINESE-EXCLUSION-REPEAL,1943,-9,0.6781459546665964,-0.0014728886831695091,Immigration,99
continuous_d23,1934,154528,US-1945-BRETTON-WOODS,1945,-11,0.7375018257677756,0.002438312923307702,Natl Security & Foreign,100
continuous_d23,1934,154528,US-1945-UN-PARTICIPATION,1945,-11,0.740521973298975,-0.047787708371911,Natl Security & Foreign,100
continuous_d23,1934,154528,US-1946-APA,1946,-12,0.7357944320310646,-0.042057051968715384,Democracy & Governance,100
continuous_d23,1934,154528,US-1948-DISPLACED-PERSONS-ACT,1948,-14,0.7406434369254457,0.016823048477463205,Immigration,99
continuous_d23,1934,154528,US-1948-MARSHALL-PLAN,1948,-14,0.8193518767138563,0.02825393720700414,Natl Security & Foreign,100
continuous_d23,1934,154528,US-1948-SHELLEY,1948,-14,0.7965562352911446,0.05020030723505365,Civil Rights,100
continuous_d23,1934,154528,US-1950-DPA,1950,-16,0.8294644974090848,-0.053248147746503716,Economy & Finance,100
continuous_d23,1934,154528,US-1950-INTERNAL-SECURITY,1950,-16,0.7823800527080691,0.07345116166101254,Natl Security & Foreign,100
continuous_d23,1934,154528,US-1951-DENNIS,1951,-17,0.8221345261580703,0.12214996385315564,Civil Liberties,97
continuous_d23,1934,154528,US-1933-TVA,1933,1,0.6599832837994616,0.010382627732634413,Democracy & Governance,99
continuous_d23,1934,154528,US-1933-NIRA,1933,1,0.7763200640995811,-0.07589584453242942,Economy & Finance,100
continuous_d23,1934,154528,US-1942-EO9066,1942,-8,0.7613212379366585,-0.04462056584950323,Civil Rights,100
continuous_d23,1934,154528,US-1947-TRUMAN-DOCTRINE,1947,-13,0.7759040940360526,0.10092668385700795,Natl Security & Foreign,100
continuous_d23,1935,155694,US-1933-GLASS-STEAGALL,1933,2,0.29755689942971353,-0.036715286789101714,Economy & Finance,100
continuous_d23,1935,155694,US-1933-PROHIBITION-REPEAL,1933,2,0.27448757234268895,-0.024225303908302957,Civil Liberties,100
continuous_d23,1935,155694,US-1933-SECURITIES-ACT,1933,2,0.2775278291161373,-0.021410104375715843,Economy & Finance,99
continuous_d23,1935,155694,US-1934-EXCHANGE-ACT,1934,1,0.2794332980900187,-0.03304020826611205,Economy & Finance,100
continuous_d23,1935,155694,US-1934-IRA,1934,1,0.27038040668026997,-0.03701251413228407,Civil Rights,100
continuous_d23,1935,155694,US-1934-NATIONAL-HOUSING-ACT,1934,1,0.3042879570033644,-0.029962754432894645,Health/Welfare/Educ,100
continuous_d23,1935,155694,US-1935-NIRA-SCHECHTER,1935,0,0.2503672844993679,-0.012539518470632892,Democracy & Governance,100
continuous_d23,1935,155694,US-1935-NLRA,1935,0,0.2862793766964402,-0.03971393373297599,Labor,100
continuous_d23,1935,155694,US-1935-SOCIAL-SECURITY,1935,0,0.2896941815048036,-0.029426304841590197,Health/Welfare/Educ,100
continuous_d23,1935,155694,US-1936-AAA-BUTLER,1936,-1,0.28378197330964633,-0.0198851431066838,Democracy & Governance,100
continuous_d23,1935,155694,US-1937-JONES-LAUGHLIN,1937,-2,0.2803126693584116,-0.012066552993487266,Labor,100
continuous_d23,1935,155694,US-1937-WEST-COAST-HOTEL,1937,-2,0.2508693860136189,-0.015692618608975115,Labor,100
continuous_d23,1935,155694,US-1938-FDCA,1938,-3,0.29959324045906555,-0.03177002859372367,Economy & Finance,100
continuous_d23,1935,155694,US-1938-FLSA,1938,-3,0.28266162395199124,-0.0445014424178596,Labor,100
continuous_d23,1935,155694,US-1941-EO8802,1941,-6,0.2743046017758422,-0.014591470346013364,Civil Rights,100
continuous_d23,1935,155694,US-1942-WICKARD,1942,-7,0.30554868891042186,-0.02216596459709655,Democracy & Governance,100
continuous_d23,1935,155694,US-1944-GI-BILL,1944,-9,0.2867695386596623,-0.031680690532724654,Health/Welfare/Educ,100
continuous_d23,1935,155694,US-1944-KOREMATSU,1944,-9,0.253457290307201,-0.010718496569315143,Civil Rights,100
continuous_d23,1935,155694,US-1946-EMPLOYMENT-ACT,1946,-11,0.30433939696322254,-0.03884391876047543,Economy & Finance,100
continuous_d23,1935,155694,US-1947-NATIONAL-SECURITY-ACT,1947,-12,0.2826808741230982,-0.04667019863846969,Natl Security & Foreign,100
continuous_d23,1935,155694,US-1947-TAFT-HARTLEY,1947,-12,0.2859521250514856,-0.030239110554936263,Labor,100
continuous_d23,1935,155694,US-1948-EO9981,1948,-13,0.28239744203616934,-0.032025155285450024,Civil Rights,100
continuous_d23,1935,155694,US-1952-INA,1952,-17,0.2983395277763378,-0.06041463926919432,Immigration,100
continuous_d23,1935,155694,US-1952-YOUNGSTOWN,1952,-17,0.2570992392082126,-0.01621662972462965,Democracy & Governance,99
continuous_d23,1935,155694,US-1954-BROWN,1954,-19,0.2541466294484966,-0.01445607702324502,Civil Rights,100
continuous_d23,1935,155694,US-1930-SMOOT-HAWLEY,1930,5,0.27117750901246107,-0.025087853349705976,Economy & Finance,100
continuous_d23,1935,155694,US-1932-RFC,1932,3,0.27584491684062207,-0.01804273885398648,Economy & Finance,100
continuous_d23,1935,155694,US-1932-NORRIS-LAGUARDIA,1932,3,0.2924053179044852,-0.019232127459467768,Labor,100
continuous_d23,1935,155694,US-1933-CCC,1933,2,0.28535071193152195,-0.02509425380566376,Democracy & Governance,100
continuous_d23,1935,155694,US-1933-FERA,1933,2,0.2714923012703043,-0.016368848775956374,Health/Welfare/Educ,99
continuous_d23,1935,155694,US-1933-HOME-OWNERS-LOAN,1933,2,0.28238741028082853,-0.05534721118377708,Health/Welfare/Educ,99
continuous_d23,1935,155694,US-1934-NFA,1934,1,0.3061579475725393,-0.04541597588997241,Criminal Justice & Guns,100
continuous_d23,1935,155694,US-1935-PUHCA,1935,0,0.2892683892158351,-0.045669646888002416,Environment & Energy,100
continuous_d23,1935,155694,US-1936-RURAL-ELECTRIFICATION,1936,-1,0.2496178572429643,-0.01874551242024812,Environment & Energy,100
continuous_d23,1935,155694,US-1939-HATCH-ACT,1939,-4,0.26506761790718697,-0.02131303782435716,Civil Rights,100
continuous_d23,1935,155694,US-1940-SELECTIVE-TRAINING,1940,-5,0.26540399346563304,-0.02761683891329421,Natl Security & Foreign,100
continuous_d23,1935,155694,US-1940-SMITH-ACT,1940,-5,0.2967982919276786,-0.034301906196216925,Natl Security & Foreign,99
continuous_d23,1935,155694,US-1941-DARBY,1941,-6,0.2904217478832985,-0.026782769273484237,Labor,100
continuous_d23,1935,155694,US-1941-LEND-LEASE,1941,-6,0.2845017638829903,-0.029901426300553147,Natl Security & Foreign,99
continuous_d23,1935,155694,US-1942-EMERGENCY-PRICE-CONTROL,1942,-7,0.3062116951054843,-0.03474206112968913,Natl Security & Foreign,100
continuous_d23,1935,155694,US-1943-CHINESE-EXCLUSION-REPEAL,1943,-8,0.299581394004469,-0.035848686470752525,Immigration,99
continuous_d23,1935,155694,US-1945-BRETTON-WOODS,1945,-10,0.29941082534587027,-0.04809244560232106,Natl Security & Foreign,100
continuous_d23,1935,155694,US-1945-UN-PARTICIPATION,1945,-10,0.2867605425808007,-0.040103648793637856,Natl Security & Foreign,100
continuous_d23,1935,155694,US-1946-APA,1946,-11,0.2962505664899604,-0.04009798750329348,Democracy & Governance,100
continuous_d23,1935,155694,US-1948-DISPLACED-PERSONS-ACT,1948,-13,0.2851613653032755,-0.04815809409623886,Immigration,99
continuous_d23,1935,155694,US-1948-MARSHALL-PLAN,1948,-13,0.27635822625797185,-0.030421461770974795,Natl Security & Foreign,100
continuous_d23,1935,155694,US-1948-SHELLEY,1948,-13,0.263698115233918,-0.025920093504206224,Civil Rights,100
continuous_d23,1935,155694,US-1950-DPA,1950,-15,0.30153802813163344,-0.03623629566662352,Economy & Finance,100
continuous_d23,1935,155694,US-1950-INTERNAL-SECURITY,1950,-15,0.31117912597325653,-0.06174100284193786,Natl Security & Foreign,100
continuous_d23,1935,155694,US-1951-DENNIS,1951,-16,0.28425129826357426,-0.02047398705652389,Civil Liberties,97
continuous_d23,1935,155694,US-1933-TVA,1933,2,0.2879622197827859,-0.05785414408739704,Democracy & Governance,99
continuous_d23,1935,155694,US-1933-NIRA,1933,2,0.28002620471373535,-0.037465071618604295,Economy & Finance,100
continuous_d23,1935,155694,US-1942-EO9066,1942,-7,0.2991467081901207,-0.03305420190015575,Civil Rights,100
continuous_d23,1935,155694,US-1947-TRUMAN-DOCTRINE,1947,-12,0.2686812669261045,-0.042487355881490683,Natl Security & Foreign,100
continuous_d23,1936,156576,US-1933-GLASS-STEAGALL,1933,3,0.35010871309408165,-0.26958211283896055,Economy & Finance,100
continuous_d23,1936,156576,US-1933-PROHIBITION-REPEAL,1933,3,0.37108462889942634,-0.26037710505800626,Civil Liberties,100
continuous_d23,1936,156576,US-1933-SECURITIES-ACT,1933,3,0.4296468664244837,-0.1257296928050767,Economy & Finance,99
continuous_d23,1936,156576,US-1934-EXCHANGE-ACT,1934,2,0.4044440997093357,-0.32751125802090975,Economy & Finance,100
continuous_d23,1936,156576,US-1934-IRA,1934,2,0.3313726985657171,-0.22934649494520268,Civil Rights,100
continuous_d23,1936,156576,US-1934-NATIONAL-HOUSING-ACT,1934,2,0.33455758621368603,-0.2643522596309802,Health/Welfare/Educ,100
continuous_d23,1936,156576,US-1935-NIRA-SCHECHTER,1935,1,0.3753274733294761,-0.2452299842270304,Democracy & Governance,100
continuous_d23,1936,156576,US-1935-NLRA,1935,1,0.43616178669122185,-0.2943159550589168,Labor,100
continuous_d23,1936,156576,US-1935-SOCIAL-SECURITY,1935,1,0.32266912717249263,-0.22199808691730627,Health/Welfare/Educ,100
continuous_d23,1936,156576,US-1936-AAA-BUTLER,1936,0,0.34172954322763943,-0.2876377489405713,Democracy & Governance,100
continuous_d23,1936,156576,US-1937-JONES-LAUGHLIN,1937,-1,0.3130468362090724,-0.1942540110069963,Labor,100
continuous_d23,1936,156576,US-1937-WEST-COAST-HOTEL,1937,-1,0.15691693762507072,-0.19621862844227117,Labor,100
continuous_d23,1936,156576,US-1938-FDCA,1938,-2,0.3557095765989595,-0.26320908154941436,Economy & Finance,100
continuous_d23,1936,156576,US-1938-FLSA,1938,-2,0.37248546035768565,-0.3206980270548685,Labor,100
continuous_d23,1936,156576,US-1941-EO8802,1941,-5,0.3270671339659716,-0.14740514029993856,Civil Rights,100
continuous_d23,1936,156576,US-1942-WICKARD,1942,-6,0.30233992405085497,-0.25079541543777983,Democracy & Governance,100
continuous_d23,1936,156576,US-1944-GI-BILL,1944,-8,0.4099971380583073,-0.3486198941464857,Health/Welfare/Educ,100
continuous_d23,1936,156576,US-1944-KOREMATSU,1944,-8,0.31967027520287317,-0.23338497638225986,Civil Rights,100
continuous_d23,1936,156576,US-1946-EMPLOYMENT-ACT,1946,-10,0.4088147057736503,-0.29533606217688935,Economy & Finance,100
continuous_d23,1936,156576,US-1947-NATIONAL-SECURITY-ACT,1947,-11,0.4201277144856705,-0.31536327566400396,Natl Security & Foreign,100
continuous_d23,1936,156576,US-1947-TAFT-HARTLEY,1947,-11,0.3640888340501923,-0.2840194173106339,Labor,100
continuous_d23,1936,156576,US-1948-EO9981,1948,-12,0.39447356239450576,-0.30079691692072524,Civil Rights,100
continuous_d23,1936,156576,US-1952-INA,1952,-16,0.4368459786249317,-0.2916549596571061,Immigration,100
continuous_d23,1936,156576,US-1952-YOUNGSTOWN,1952,-16,0.31273658252065717,-0.32539511198522447,Democracy & Governance,99
continuous_d23,1936,156576,US-1954-BROWN,1954,-18,0.27602053082081546,-0.2283680201197516,Civil Rights,100
continuous_d23,1936,156576,US-1956-HIGHWAY,1956,-20,0.3664605739650196,-0.31206998402907665,Environment & Energy,100
continuous_d23,1936,156576,US-1930-SMOOT-HAWLEY,1930,6,0.19992066864462008,-0.1548272547666247,Economy & Finance,100
continuous_d23,1936,156576,US-1932-RFC,1932,4,0.3312419529281281,-0.27846348327709924,Economy & Finance,100
continuous_d23,1936,156576,US-1932-NORRIS-LAGUARDIA,1932,4,0.1611515115919814,-0.274492202728381,Labor,100
continuous_d23,1936,156576,US-1933-CCC,1933,3,0.3833353888437852,-0.2449077034843085,Democracy & Governance,100
continuous_d23,1936,156576,US-1933-FERA,1933,3,0.29610717132995973,-0.3116371079195171,Health/Welfare/Educ,99
continuous_d23,1936,156576,US-1933-HOME-OWNERS-LOAN,1933,3,0.30562038138759123,-0.2556192228089338,Health/Welfare/Educ,99
continuous_d23,1936,156576,US-1934-NFA,1934,2,0.2845582378765715,-0.33106187912472174,Criminal Justice & Guns,100
continuous_d23,1936,156576,US-1935-PUHCA,1935,1,0.3656394416830366,-0.20105735410986342,Environment & Energy,100
continuous_d23,1936,156576,US-1936-RURAL-ELECTRIFICATION,1936,0,0.33866479357056767,-0.24366984708279854,Environment & Energy,100
continuous_d23,1936,156576,US-1939-HATCH-ACT,1939,-3,0.2528426526242742,-0.21699627926851112,Civil Rights,100
continuous_d23,1936,156576,US-1940-SELECTIVE-TRAINING,1940,-4,0.26611921579707665,-0.240594507456599,Natl Security & Foreign,100
continuous_d23,1936,156576,US-1940-SMITH-ACT,1940,-4,0.2909283952847087,-0.308647768644674,Natl Security & Foreign,99
continuous_d23,1936,156576,US-1941-DARBY,1941,-5,0.4028444229282264,-0.2655564866548004,Labor,100
continuous_d23,1936,156576,US-1941-LEND-LEASE,1941,-5,0.30129015591951586,-0.29636199107837974,Natl Security & Foreign,99
continuous_d23,1936,156576,US-1942-EMERGENCY-PRICE-CONTROL,1942,-6,0.2396523396935692,-0.2444387454451115,Natl Security & Foreign,100
continuous_d23,1936,156576,US-1943-CHINESE-EXCLUSION-REPEAL,1943,-7,0.35632885950416204,-0.3083592173139267,Immigration,99
continuous_d23,1936,156576,US-1945-BRETTON-WOODS,1945,-9,0.3393408797457947,-0.34215109994320236,Natl Security & Foreign,100
continuous_d23,1936,156576,US-1945-UN-PARTICIPATION,1945,-9,0.40139637458259064,-0.35568773344428173,Natl Security & Foreign,100
continuous_d23,1936,156576,US-1946-APA,1946,-10,0.3236189399008192,-0.2548888113922124,Democracy & Governance,100
continuous_d23,1936,156576,US-1948-DISPLACED-PERSONS-ACT,1948,-12,0.4404371074696672,-0.07593328662072679,Immigration,99
continuous_d23,1936,156576,US-1948-MARSHALL-PLAN,1948,-12,0.3559970506194015,-0.29381703777106627,Natl Security & Foreign,100
continuous_d23,1936,156576,US-1948-SHELLEY,1948,-12,0.33567727654187884,-0.24519980068580435,Civil Rights,100
continuous_d23,1936,156576,US-1950-DPA,1950,-14,0.36871156882004447,-0.3306589841755583,Economy & Finance,100
continuous_d23,1936,156576,US-1950-INTERNAL-SECURITY,1950,-14,0.44094419547486136,-0.2970450508789326,Natl Security & Foreign,100
continuous_d23,1936,156576,US-1951-DENNIS,1951,-15,0.2542434583260867,-0.2767085852733665,Civil Liberties,97
continuous_d23,1936,156576,US-1956-BANK-HOLDING-COMPANY-ACT,1956,-20,0.35449758106612705,-0.26476109550557436,Economy & Finance,100
continuous_d23,1936,156576,US-1933-TVA,1933,3,0.40906365663481165,-0.37158110466805133,Democracy & Governance,99
continuous_d23,1936,156576,US-1933-NIRA,1933,3,0.4151072482347786,-0.3120921008080574,Economy & Finance,100
continuous_d23,1936,156576,US-1942-EO9066,1942,-6,0.3275067991520271,-0.31212724332405645,Civil Rights,100
continuous_d23,1936,156576,US-1947-TRUMAN-DOCTRINE,1947,-11,0.3651325973483267,-0.2823600139853469,Natl Security & Foreign,100
continuous_d23,1937,157395,US-1933-GLASS-STEAGALL,1933,4,0.5468973276249214,-0.11802390102221462,Economy & Finance,100
continuous_d23,1937,157395,US-1933-PROHIBITION-REPEAL,1933,4,0.38004422413725164,-0.2251235760033979,Civil Liberties,100
continuous_d23,1937,157395,US-1933-SECURITIES-ACT,1933,4,0.6392380418959167,-0.17722963816674736,Economy & Finance,99
continuous_d23,1937,157395,US-1934-EXCHANGE-ACT,1934,3,0.44521350754441125,-0.22959963582692225,Economy & Finance,100
continuous_d23,1937,157395,US-1934-IRA,1934,3,0.41175114824552544,-0.07095231131618301,Civil Rights,100
continuous_d23,1937,157395,US-1934-NATIONAL-HOUSING-ACT,1934,3,0.5308570459276667,-0.1271947033150517,Health/Welfare/Educ,100
continuous_d23,1937,157395,US-1935-NIRA-SCHECHTER,1935,2,0.460339641760747,-0.08062167721204513,Democracy & Governance,100
continuous_d23,1937,157395,US-1935-NLRA,1935,2,0.4538636509250152,-0.20122960661588735,Labor,100
continuous_d23,1937,157395,US-1935-SOCIAL-SECURITY,1935,2,0.3050927747567557,-0.057173712301970096,Health/Welfare/Educ,100
continuous_d23,1937,157395,US-1936-AAA-BUTLER,1936,1,0.3779832265986622,-0.13114067347464156,Democracy & Governance,100
continuous_d23,1937,157395,US-1937-JONES-LAUGHLIN,1937,0,0.36434890352005034,-0.13413436844685378,Labor,100
continuous_d23,1937,157395,US-1937-WEST-COAST-HOTEL,1937,0,0.5649197586877567,-0.06436267983886453,Labor,100
continuous_d23,1937,157395,US-1938-FDCA,1938,-1,0.6639619585769063,-0.19503603329973937,Economy & Finance,100
continuous_d23,1937,157395,US-1938-FLSA,1938,-1,0.40303941734547954,-0.20473197396741724,Labor,100
continuous_d23,1937,157395,US-1941-EO8802,1941,-4,0.2514917106783921,-0.06636213871017498,Civil Rights,100
continuous_d23,1937,157395,US-1942-WICKARD,1942,-5,0.49231551097687093,-0.16854898887705605,Democracy & Governance,100
continuous_d23,1937,157395,US-1944-GI-BILL,1944,-7,0.32184211590842465,-0.24021181070954786,Health/Welfare/Educ,100
continuous_d23,1937,157395,US-1944-KOREMATSU,1944,-7,0.4606434785000393,-0.13377350969139576,Civil Rights,100
continuous_d23,1937,157395,US-1946-EMPLOYMENT-ACT,1946,-9,0.46822691379529324,-0.09426102570027461,Economy & Finance,100
continuous_d23,1937,157395,US-1947-NATIONAL-SECURITY-ACT,1947,-10,0.26980155871979966,-0.15005344610819152,Natl Security & Foreign,100
continuous_d23,1937,157395,US-1947-TAFT-HARTLEY,1947,-10,0.5053791905671013,-0.22495508564669875,Labor,100
continuous_d23,1937,157395,US-1948-EO9981,1948,-11,0.2715948411508662,-0.0967918936864475,Civil Rights,100
continuous_d23,1937,157395,US-1952-INA,1952,-15,0.38908774832121873,-0.15415439789038216,Immigration,100
continuous_d23,1937,157395,US-1952-YOUNGSTOWN,1952,-15,0.29117912754310105,-0.2164801814599441,Democracy & Governance,99
continuous_d23,1937,157395,US-1954-BROWN,1954,-17,0.5440204882584653,-0.1261765495171674,Civil Rights,100
continuous_d23,1937,157395,US-1956-HIGHWAY,1956,-19,0.35019725608348606,-0.17355994092916407,Environment & Energy,100
continuous_d23,1937,157395,US-1957-CIVIL-RIGHTS-ACT,1957,-20,0.23677168662329978,-0.2273119297877334,Civil Rights,100
continuous_d23,1937,157395,US-1930-SMOOT-HAWLEY,1930,7,0.3452585802127708,-0.08364574190134308,Economy & Finance,100
continuous_d23,1937,157395,US-1932-RFC,1932,5,0.2925971733182077,-0.13977891850459057,Economy & Finance,100
continuous_d23,1937,157395,US-1932-NORRIS-LAGUARDIA,1932,5,0.4764754690461664,-0.20434644968563667,Labor,100
continuous_d23,1937,157395,US-1933-CCC,1933,4,0.2948504039619798,-0.05304840886729558,Democracy & Governance,100
continuous_d23,1937,157395,US-1933-FERA,1933,4,0.21253789522799804,-0.1266784122732211,Health/Welfare/Educ,99
continuous_d23,1937,157395,US-1933-HOME-OWNERS-LOAN,1933,4,0.2939010889084788,-0.1327536381756114,Health/Welfare/Educ,99
continuous_d23,1937,157395,US-1934-NFA,1934,3,0.5033096102472472,-0.2555165822279182,Criminal Justice & Guns,100
continuous_d23,1937,157395,US-1935-PUHCA,1935,2,0.521115303723685,-0.14997859993174006,Environment & Energy,100
continuous_d23,1937,157395,US-1936-RURAL-ELECTRIFICATION,1936,1,0.5386267018197624,-0.14642971178112307,Environment & Energy,100
continuous_d23,1937,157395,US-1939-HATCH-ACT,1939,-2,0.5131368518879831,-0.16547284502456872,Civil Rights,100
continuous_d23,1937,157395,US-1940-SELECTIVE-TRAINING,1940,-3,0.2589296191918598,-0.1435566323225484,Natl Security & Foreign,100
continuous_d23,1937,157395,US-1940-SMITH-ACT,1940,-3,0.3407901840358876,-0.23008668440400298,Natl Security & Foreign,99
continuous_d23,1937,157395,US-1941-DARBY,1941,-4,0.3004419077827555,-0.1785062636132519,Labor,100
continuous_d23,1937,157395,US-1941-LEND-LEASE,1941,-4,0.211323574308161,-0.15465976572704454,Natl Security & Foreign,99
continuous_d23,1937,157395,US-1942-EMERGENCY-PRICE-CONTROL,1942,-5,0.5237873021045044,-0.20750752337767386,Natl Security & Foreign,100
continuous_d23,1937,157395,US-1943-CHINESE-EXCLUSION-REPEAL,1943,-6,0.29301994643723867,-0.1379890179455441,Immigration,99
continuous_d23,1937,157395,US-1945-BRETTON-WOODS,1945,-8,0.15119661547353133,-0.0969401970558278,Natl Security & Foreign,100
continuous_d23,1937,157395,US-1945-UN-PARTICIPATION,1945,-8,0.23148627781008135,-0.1718105297177431,Natl Security & Foreign,100
continuous_d23,1937,157395,US-1946-APA,1946,-9,0.6521933337052058,-0.18765832601251728,Democracy & Governance,100
continuous_d23,1937,157395,US-1948-DISPLACED-PERSONS-ACT,1948,-11,0.2568000799349063,-0.012788199494983297,Immigration,99
continuous_d23,1937,157395,US-1948-MARSHALL-PLAN,1948,-11,0.1602922451364894,-0.10204451724848897,Natl Security & Foreign,100
continuous_d23,1937,157395,US-1948-SHELLEY,1948,-11,0.39963858380784584,-0.1301532902987734,Civil Rights,100
continuous_d23,1937,157395,US-1950-DPA,1950,-13,0.27208512489652986,-0.21001706149488109,Economy & Finance,100
continuous_d23,1937,157395,US-1950-INTERNAL-SECURITY,1950,-13,0.2963200032745579,-0.13304450654930786,Natl Security & Foreign,100
continuous_d23,1937,157395,US-1951-DENNIS,1951,-14,0.2080837109771172,-0.11723928572931142,Civil Liberties,97
continuous_d23,1937,157395,US-1956-BANK-HOLDING-COMPANY-ACT,1956,-19,0.5978131851842277,-0.15225359079967452,Economy & Finance,100
continuous_d23,1937,157395,US-1957-YATES,1957,-20,0.19306755689342073,-0.14000796456430195,Civil Liberties,100
continuous_d23,1937,157395,US-1933-TVA,1933,4,0.3230794125326369,-0.21853299362137676,Democracy & Governance,99
continuous_d23,1937,157395,US-1933-NIRA,1933,4,0.3815532484264693,-0.15888594176690687,Economy & Finance,100
continuous_d23,1937,157395,US-1942-EO9066,1942,-5,0.22482742071232464,-0.20260019087017006,Civil Rights,100
continuous_d23,1937,157395,US-1947-TRUMAN-DOCTRINE,1947,-10,0.1927630728549875,-0.18961220520037395,Natl Security & Foreign,100
continuous_d23,1937,157395,US-1957-EO10730,1957,-20,0.3143714793046986,-0.24005964163480645,Civil Rights,100
continuous_d23,1938,158487,US-1933-GLASS-STEAGALL,1933,5,0.08810607195070792,0.046347055588335635,Economy & Finance,100
continuous_d23,1938,158487,US-1933-PROHIBITION-REPEAL,1933,5,0.09516230644851825,-0.05279493892470427,Civil Liberties,100
continuous_d23,1938,158487,US-1933-SECURITIES-ACT,1933,5,0.1298154939660166,0.034636873907320405,Economy & Finance,99
continuous_d23,1938,158487,US-1934-EXCHANGE-ACT,1934,4,0.10578544441863771,-0.062399004628819504,Economy & Finance,100
continuous_d23,1938,158487,US-1934-IRA,1934,4,0.06136864979076664,0.07547404387336556,Civil Rights,100
continuous_d23,1938,158487,US-1934-NATIONAL-HOUSING-ACT,1934,4,0.12604944152029118,0.014724159743562726,Health/Welfare/Educ,100
continuous_d23,1938,158487,US-1935-NIRA-SCHECHTER,1935,3,0.10585115304510637,0.0347253319870033,Democracy & Governance,100
continuous_d23,1938,158487,US-1935-NLRA,1935,3,0.10471916981067303,-0.037608703830566276,Labor,100
continuous_d23,1938,158487,US-1935-SOCIAL-SECURITY,1935,3,0.09450262168340458,0.07530328625265087,Health/Welfare/Educ,100
continuous_d23,1938,158487,US-1936-AAA-BUTLER,1936,2,0.03969714030654403,0.0020913062440312516,Democracy & Governance,100
continuous_d23,1938,158487,US-1937-JONES-LAUGHLIN,1937,1,0.09169348118021169,-0.026576150914287788,Labor,100
continuous_d23,1938,158487,US-1937-WEST-COAST-HOTEL,1937,1,0.0433711432111999,0.06147489149522668,Labor,100
continuous_d23,1938,158487,US-1938-FDCA,1938,0,0.06909044124556338,0.033407289969079296,Economy & Finance,100
continuous_d23,1938,158487,US-1938-FLSA,1938,0,0.08824957451439737,0.024775738673226588,Labor,100
continuous_d23,1938,158487,US-1941-EO8802,1941,-3,0.048768826362267106,0.05742493848233203,Civil Rights,100
continuous_d23,1938,158487,US-1942-WICKARD,1942,-4,0.043104357344775704,-0.021201757045272496,Democracy & Governance,100
continuous_d23,1938,158487,US-1944-GI-BILL,1944,-6,0.10278301122509317,0.005775247224605271,Health/Welfare/Educ,100
continuous_d23,1938,158487,US-1944-KOREMATSU,1944,-6,0.06779301592400556,0.060409174730181495,Civil Rights,100
continuous_d23,1938,158487,US-1946-EMPLOYMENT-ACT,1946,-8,0.09859421374389225,0.010066835368180444,Economy & Finance,100
continuous_d23,1938,158487,US-1947-NATIONAL-SECURITY-ACT,1947,-9,0.07353429414520436,-0.006304866946112134,Natl Security & Foreign,100
continuous_d23,1938,158487,US-1947-TAFT-HARTLEY,1947,-9,0.06357289431510434,0.0351635785481472,Labor,100
continuous_d23,1938,158487,US-1948-EO9981,1948,-10,0.04800172026292775,0.01667385039542897,Civil Rights,100
continuous_d23,1938,158487,US-1952-INA,1952,-14,0.05474408799480465,0.008661514702680059,Immigration,100
continuous_d23,1938,158487,US-1952-YOUNGSTOWN,1952,-14,0.05939662463002689,-0.014933194542718811,Democracy & Governance,99
continuous_d23,1938,158487,US-1954-BROWN,1954,-16,0.04748001395493628,-0.015286028850321352,Civil Rights,100
continuous_d23,1938,158487,US-1956-HIGHWAY,1956,-18,0.10264346728432865,-0.011596218143071425,Environment & Energy,100
continuous_d23,1938,158487,US-1957-CIVIL-RIGHTS-ACT,1957,-19,0.045921129257373294,-0.052028737926522066,Civil Rights,100
continuous_d23,1938,158487,US-1930-SMOOT-HAWLEY,1930,8,0.0273719699213204,0.018200900082319952,Economy & Finance,100
continuous_d23,1938,158487,US-1932-RFC,1932,6,0.11924084214434517,-0.017667692089465375,Economy & Finance,100
continuous_d23,1938,158487,US-1932-NORRIS-LAGUARDIA,1932,6,0.024558311967412802,-0.00869445079922191,Labor,100
continuous_d23,1938,158487,US-1933-CCC,1933,5,0.08227222025213989,0.11350601121874393,Democracy & Governance,100
continuous_d23,1938,158487,US-1933-FERA,1933,5,0.0803721429276227,0.03449330493682031,Health/Welfare/Educ,99
continuous_d23,1938,158487,US-1933-HOME-OWNERS-LOAN,1933,5,0.06703984297190228,0.019761247548005338,Health/Welfare/Educ,99
continuous_d23,1938,158487,US-1934-NFA,1934,4,0.08977574882293327,-0.012448908634474678,Criminal Justice & Guns,100
continuous_d23,1938,158487,US-1935-PUHCA,1935,3,0.06435407367349665,0.012677672280834306,Environment & Energy,100
continuous_d23,1938,158487,US-1936-RURAL-ELECTRIFICATION,1936,2,0.08873313860614143,0.02240193159428495,Environment & Energy,100
continuous_d23,1938,158487,US-1939-HATCH-ACT,1939,-1,0.055966316723865796,0.0030977096984498324,Civil Rights,100
continuous_d23,1938,158487,US-1940-SELECTIVE-TRAINING,1940,-2,0.07398280924337035,0.043447549909566154,Natl Security & Foreign,100
continuous_d23,1938,158487,US-1940-SMITH-ACT,1940,-2,0.04617663495401975,0.02413939879023867,Natl Security & Foreign,99
continuous_d23,1938,158487,US-1941-DARBY,1941,-3,0.06126445126815195,-0.028702907679155242,Labor,100
continuous_d23,1938,158487,US-1941-LEND-LEASE,1941,-3,0.053372439803880546,-0.019036925081052827,Natl Security & Foreign,99
continuous_d23,1938,158487,US-1942-EMERGENCY-PRICE-CONTROL,1942,-4,0.06778148959703327,0.006561357100006833,Natl Security & Foreign,100
continuous_d23,1938,158487,US-1943-CHINESE-EXCLUSION-REPEAL,1943,-5,0.06083931470814001,0.03097477085166345,Immigration,99
continuous_d23,1938,158487,US-1945-BRETTON-WOODS,1945,-7,0.07231558413356824,0.020825634208006982,Natl Security & Foreign,100
continuous_d23,1938,158487,US-1945-UN-PARTICIPATION,1945,-7,0.10293784162571962,-0.02030797279643223,Natl Security & Foreign,100
continuous_d23,1938,158487,US-1946-APA,1946,-8,0.030404864140029693,-0.031175798419756352,Democracy & Governance,100
continuous_d23,1938,158487,US-1948-DISPLACED-PERSONS-ACT,1948,-10,0.05129660487124617,0.05134481486804942,Immigration,99
continuous_d23,1938,158487,US-1948-MARSHALL-PLAN,1948,-10,0.04117243695355595,0.005726506103281974,Natl Security & Foreign,100
continuous_d23,1938,158487,US-1948-SHELLEY,1948,-10,0.028861665278235762,0.10837122772038786,Civil Rights,100
continuous_d23,1938,158487,US-1950-DPA,1950,-12,0.06985887653287644,-0.030077384536653127,Economy & Finance,100
continuous_d23,1938,158487,US-1950-INTERNAL-SECURITY,1950,-12,0.04558548890578526,0.01865525397549974,Natl Security & Foreign,100
continuous_d23,1938,158487,US-1951-DENNIS,1951,-13,0.027629302096432162,0.061159262733371765,Civil Liberties,97
continuous_d23,1938,158487,US-1956-BANK-HOLDING-COMPANY-ACT,1956,-18,0.08409605667528215,0.05955790610667456,Economy & Finance,100
continuous_d23,1938,158487,US-1957-YATES,1957,-19,0.01815627884846929,0.06818511345732559,Civil Liberties,100
continuous_d23,1938,158487,US-1958-NDEA,1958,-20,0.08097328736871329,0.0340676649011207,Health/Welfare/Educ,100
continuous_d23,1938,158487,US-1958-NASA-ACT,1958,-20,0.08187346829234787,-0.009630356638555665,Environment & Energy,100
continuous_d23,1938,158487,US-1958-COOPER,1958,-20,0.03586782787495436,-0.026676921261084036,Civil Rights,100
continuous_d23,1938,158487,US-1933-TVA,1933,5,0.17999394488678377,0.022798530723746612,Democracy & Governance,99
continuous_d23,1938,158487,US-1933-NIRA,1933,5,0.12418934465847341,0.00469234169102065,Economy & Finance,100
continuous_d23,1938,158487,US-1942-EO9066,1942,-4,0.06498885353935185,0.004814097272105005,Civil Rights,100
continuous_d23,1938,158487,US-1947-TRUMAN-DOCTRINE,1947,-9,0.08228558150697025,-0.011875734951885613,Natl Security & Foreign,100
continuous_d23,1938,158487,US-1957-EO10730,1957,-19,0.1028563534209268,-0.03302733862671649,Civil Rights,100
continuous_d23,1939,159519,US-1933-GLASS-STEAGALL,1933,6,0.28390425445496137,-0.03339940172419191,Economy & Finance,100
continuous_d23,1939,159519,US-1933-PROHIBITION-REPEAL,1933,6,0.3112989229935083,-0.03297250177887568,Civil Liberties,100
continuous_d23,1939,159519,US-1933-SECURITIES-ACT,1933,6,0.303038832281844,-0.032522480025087674,Economy & Finance,99
continuous_d23,1939,159519,US-1934-EXCHANGE-ACT,1934,5,0.3301149474215545,-0.035607902001889145,Economy & Finance,100
continuous_d23,1939,159519,US-1934-IRA,1934,5,0.2935224201076467,-0.03674990023172933,Civil Rights,100
continuous_d23,1939,159519,US-1934-NATIONAL-HOUSING-ACT,1934,5,0.2945331293866385,-0.03513885386125413,Health/Welfare/Educ,100
continuous_d23,1939,159519,US-1935-NIRA-SCHECHTER,1935,4,0.29672265569860906,-0.02988112658259707,Democracy & Governance,100
continuous_d23,1939,159519,US-1935-NLRA,1935,4,0.32712344024908996,-0.0331123929058644,Labor,100
continuous_d23,1939,159519,US-1935-SOCIAL-SECURITY,1935,4,0.2939345275853672,-0.030999335052253225,Health/Welfare/Educ,100
continuous_d23,1939,159519,US-1936-AAA-BUTLER,1936,3,0.29640458596834834,-0.03379442531003601,Democracy & Governance,100
continuous_d23,1939,159519,US-1937-JONES-LAUGHLIN,1937,2,0.28487318191703886,-0.033290613422110794,Labor,100
continuous_d23,1939,159519,US-1937-WEST-COAST-HOTEL,1937,2,0.23527121410268578,-0.035926591338788616,Labor,100
continuous_d23,1939,159519,US-1938-FDCA,1938,1,0.29733513792927796,-0.02094217841968506,Economy & Finance,100
continuous_d23,1939,159519,US-1938-FLSA,1938,1,0.29088443079985643,-0.02929624778368042,Labor,100
continuous_d23,1939,159519,US-1941-EO8802,1941,-2,0.27816477353130564,-0.03624674005939848,Civil Rights,100
continuous_d23,1939,159519,US-1942-WICKARD,1942,-3,0.27648787165284366,-0.03199588019066066,Democracy & Governance,100
continuous_d23,1939,159519,US-1944-GI-BILL,1944,-5,0.3157069851526674,-0.03644279791244616,Health/Welfare/Educ,100
continuous_d23,1939,159519,US-1944-KOREMATSU,1944,-5,0.3134794530798879,-0.025230358559234993,Civil Rights,100
continuous_d23,1939,159519,US-1946-EMPLOYMENT-ACT,1946,-7,0.2845095699543956,-0.039762341167134195,Economy & Finance,100
continuous_d23,1939,159519,US-1947-NATIONAL-SECURITY-ACT,1947,-8,0.3347603930869189,-0.03411211176429151,Natl Security & Foreign,100
continuous_d23,1939,159519,US-1947-TAFT-HARTLEY,1947,-8,0.27941656285291505,-0.028823547563961386,Labor,100
continuous_d23,1939,159519,US-1948-EO9981,1948,-9,0.3321194261842373,-0.03096028319558155,Civil Rights,100
continuous_d23,1939,159519,US-1952-INA,1952,-13,0.3487219581222063,-0.04592411888858553,Immigration,100
continuous_d23,1939,159519,US-1952-YOUNGSTOWN,1952,-13,0.3342167758285675,-0.029896147572573414,Democracy & Governance,99
continuous_d23,1939,159519,US-1954-BROWN,1954,-15,0.27882341007679823,-0.03485053857987907,Civil Rights,100
continuous_d23,1939,159519,US-1956-HIGHWAY,1956,-17,0.29741325043134237,-0.031856528665553954,Environment & Energy,100
continuous_d23,1939,159519,US-1957-CIVIL-RIGHTS-ACT,1957,-18,0.3302406515059731,-0.03534518125989644,Civil Rights,100
continuous_d23,1939,159519,US-1930-SMOOT-HAWLEY,1930,9,0.2805153089678656,-0.037301536828556546,Economy & Finance,100
continuous_d23,1939,159519,US-1932-RFC,1932,7,0.312001089205459,-0.03240077520550489,Economy & Finance,100
continuous_d23,1939,159519,US-1932-NORRIS-LAGUARDIA,1932,7,0.28251731615550746,-0.03665411937673612,Labor,100
continuous_d23,1939,159519,US-1933-CCC,1933,6,0.30914191044958733,-0.034889950020764074,Democracy & Governance,100
continuous_d23,1939,159519,US-1933-FERA,1933,6,0.3235044330545979,-0.02946447541895069,Health/Welfare/Educ,99
continuous_d23,1939,159519,US-1933-HOME-OWNERS-LOAN,1933,6,0.35504690095510255,-0.03416313036251672,Health/Welfare/Educ,99
continuous_d23,1939,159519,US-1934-NFA,1934,5,0.3288264166581331,-0.029956062767355615,Criminal Justice & Guns,100
continuous_d23,1939,159519,US-1935-PUHCA,1935,4,0.28157503599847783,-0.04159486685150521,Environment & Energy,100
continuous_d23,1939,159519,US-1936-RURAL-ELECTRIFICATION,1936,3,0.2770822830096854,-0.018385266390286672,Environment & Energy,100
continuous_d23,1939,159519,US-1939-HATCH-ACT,1939,0,0.31698990794043125,-0.03153329748655203,Civil Rights,100
continuous_d23,1939,159519,US-1940-SELECTIVE-TRAINING,1940,-1,0.3281656146131404,-0.03571783992897724,Natl Security & Foreign,100
continuous_d23,1939,159519,US-1940-SMITH-ACT,1940,-1,0.3098858640092913,-0.023311658608644183,Natl Security & Foreign,99
continuous_d23,1939,159519,US-1941-DARBY,1941,-2,0.30621533316966715,-0.03548837457834112,Labor,100
continuous_d23,1939,159519,US-1941-LEND-LEASE,1941,-2,0.352689274214952,-0.039478233155390036,Natl Security & Foreign,99
continuous_d23,1939,159519,US-1942-EMERGENCY-PRICE-CONTROL,1942,-3,0.3141618463758429,-0.025853926509249125,Natl Security & Foreign,100
continuous_d23,1939,159519,US-1943-CHINESE-EXCLUSION-REPEAL,1943,-4,0.29480005187965214,-0.03736337254757748,Immigration,99
continuous_d23,1939,159519,US-1945-BRETTON-WOODS,1945,-6,0.33526385493421196,-0.03503732506660211,Natl Security & Foreign,100
continuous_d23,1939,159519,US-1945-UN-PARTICIPATION,1945,-6,0.34087486465541894,-0.04130408088042925,Natl Security & Foreign,100
continuous_d23,1939,159519,US-1946-APA,1946,-7,0.2610041006497873,-0.030595339732124947,Democracy & Governance,100
continuous_d23,1939,159519,US-1948-DISPLACED-PERSONS-ACT,1948,-9,0.3581056208906842,-0.042300250620561815,Immigration,99
continuous_d23,1939,159519,US-1948-MARSHALL-PLAN,1948,-9,0.32618554978377245,-0.025577632103541696,Natl Security & Foreign,100
continuous_d23,1939,159519,US-1948-SHELLEY,1948,-9,0.29993415298044424,-0.034222515315874696,Civil Rights,100
continuous_d23,1939,159519,US-1950-DPA,1950,-11,0.3269604169513127,-0.02966525186254088,Economy & Finance,100
continuous_d23,1939,159519,US-1950-INTERNAL-SECURITY,1950,-11,0.3244224448363892,-0.03521586230088852,Natl Security & Foreign,100
continuous_d23,1939,159519,US-1951-DENNIS,1951,-12,0.295885781639393,-0.03111514656337538,Civil Liberties,97
continuous_d23,1939,159519,US-1956-BANK-HOLDING-COMPANY-ACT,1956,-17,0.3028261535345015,-0.026131533596669993,Economy & Finance,100
continuous_d23,1939,159519,US-1957-YATES,1957,-18,0.29262009377593917,-0.027964093647332558,Civil Liberties,100
continuous_d23,1939,159519,US-1958-NDEA,1958,-19,0.32256358549809133,-0.03248548403511709,Health/Welfare/Educ,100
continuous_d23,1939,159519,US-1958-NASA-ACT,1958,-19,0.3033540208465221,-0.036804570242452685,Environment & Energy,100
continuous_d23,1939,159519,US-1958-COOPER,1958,-19,0.2764544023594824,-0.027009647113486766,Civil Rights,100
continuous_d23,1939,159519,US-1933-TVA,1933,6,0.3293545372779037,-0.020981000913236944,Democracy & Governance,99
continuous_d23,1939,159519,US-1933-NIRA,1933,6,0.30289297491763917,-0.02994154030986411,Economy & Finance,100
continuous_d23,1939,159519,US-1942-EO9066,1942,-3,0.32268691030699415,-0.026874643316573677,Civil Rights,100
continuous_d23,1939,159519,US-1947-TRUMAN-DOCTRINE,1947,-8,0.3015874753316224,-0.03146501758932328,Natl Security & Foreign,100
continuous_d23,1939,159519,US-1957-EO10730,1957,-18,0.3682401874106974,-0.030650898289295944,Civil Rights,100
continuous_d23,1940,160288,US-1933-GLASS-STEAGALL,1933,7,0.3666754548026408,-0.20033705620242692,Economy & Finance,100
continuous_d23,1940,160288,US-1933-PROHIBITION-REPEAL,1933,7,0.258516447232279,-0.2577116965855814,Civil Liberties,100
continuous_d23,1940,160288,US-1933-SECURITIES-ACT,1933,7,0.3266295670881787,-0.21024811198836987,Economy & Finance,99
continuous_d23,1940,160288,US-1934-EXCHANGE-ACT,1934,6,0.2192367042210594,-0.2976993631832225,Economy & Finance,100
continuous_d23,1940,160288,US-1934-IRA,1934,6,0.2896664253149562,-0.17329206254745227,Civil Rights,100
continuous_d23,1940,160288,US-1934-NATIONAL-HOUSING-ACT,1934,6,0.2640341211607486,-0.21584621961396316,Health/Welfare/Educ,100
continuous_d23,1940,160288,US-1935-NIRA-SCHECHTER,1935,5,0.31277014722916685,-0.17583852271710892,Democracy & Governance,100
continuous_d23,1940,160288,US-1935-NLRA,1935,5,0.27730435436459083,-0.2683236618325113,Labor,100
continuous_d23,1940,160288,US-1935-SOCIAL-SECURITY,1935,5,0.2054156188340311,-0.20210665735701341,Health/Welfare/Educ,100
continuous_d23,1940,160288,US-1936-AAA-BUTLER,1936,4,0.2727061237095933,-0.18142074264666785,Democracy & Governance,100
continuous_d23,1940,160288,US-1937-JONES-LAUGHLIN,1937,3,0.27180155856256843,-0.2313738275428342,Labor,100
continuous_d23,1940,160288,US-1937-WEST-COAST-HOTEL,1937,3,0.1855983224517207,-0.1743104752496297,Labor,100
continuous_d23,1940,160288,US-1938-FDCA,1938,2,0.4186954068889367,-0.22494264667112657,Economy & Finance,100
continuous_d23,1940,160288,US-1938-FLSA,1938,2,0.3821129838177832,-0.24621547769577884,Labor,100
continuous_d23,1940,160288,US-1941-EO8802,1941,-1,0.1708891110883155,-0.17037651594017236,Civil Rights,100
continuous_d23,1940,160288,US-1942-WICKARD,1942,-2,0.30445511674771564,-0.23649298152032835,Democracy & Governance,100
continuous_d23,1940,160288,US-1944-GI-BILL,1944,-4,0.27321426533572896,-0.30240987520121826,Health/Welfare/Educ,100
continuous_d23,1940,160288,US-1944-KOREMATSU,1944,-4,0.24078857022037828,-0.27015053246320453,Civil Rights,100
continuous_d23,1940,160288,US-1946-EMPLOYMENT-ACT,1946,-6,0.28885490517376855,-0.24061917203971261,Economy & Finance,100
continuous_d23,1940,160288,US-1947-NATIONAL-SECURITY-ACT,1947,-7,0.21112774200464732,-0.2515968042862646,Natl Security & Foreign,100
continuous_d23,1940,160288,US-1947-TAFT-HARTLEY,1947,-7,0.39436619874114437,-0.22476380865011078,Labor,100
continuous_d23,1940,160288,US-1948-EO9981,1948,-8,0.25530130775051957,-0.23868537666246328,Civil Rights,100
continuous_d23,1940,160288,US-1952-INA,1952,-12,0.26040709012706353,-0.25233567726975936,Immigration,100
continuous_d23,1940,160288,US-1952-YOUNGSTOWN,1952,-12,0.17300944031088691,-0.25625658976491594,Democracy & Governance,99
continuous_d23,1940,160288,US-1954-BROWN,1954,-14,0.2993587434238296,-0.2428941022437638,Civil Rights,100
continuous_d23,1940,160288,US-1956-HIGHWAY,1956,-16,0.22717338833505432,-0.22957061919552144,Environment & Energy,100
continuous_d23,1940,160288,US-1957-CIVIL-RIGHTS-ACT,1957,-17,0.23480722014962488,-0.33333020653239287,Civil Rights,100
continuous_d23,1940,160288,US-1930-SMOOT-HAWLEY,1930,10,0.21503941572365526,-0.20114925119781127,Economy & Finance,100
continuous_d23,1940,160288,US-1932-RFC,1932,8,0.19888230432141396,-0.26790163456008936,Economy & Finance,100
continuous_d23,1940,160288,US-1932-NORRIS-LAGUARDIA,1932,8,0.23890884156207004,-0.2744343402959469,Labor,100
continuous_d23,1940,160288,US-1933-CCC,1933,7,0.23314541732545005,-0.22477328457532028,Democracy & Governance,100
continuous_d23,1940,160288,US-1933-FERA,1933,7,0.19851432213368012,-0.2883900324039429,Health/Welfare/Educ,99
continuous_d23,1940,160288,US-1933-HOME-OWNERS-LOAN,1933,7,0.16603510186412754,-0.23441278095729745,Health/Welfare/Educ,99
continuous_d23,1940,160288,US-1934-NFA,1934,6,0.26630514736580446,-0.288314150686382,Criminal Justice & Guns,100
continuous_d23,1940,160288,US-1935-PUHCA,1935,5,0.28344709860171974,-0.21516775367668384,Environment & Energy,100
continuous_d23,1940,160288,US-1936-RURAL-ELECTRIFICATION,1936,4,0.39786912689083964,-0.22700482991011753,Environment & Energy,100
continuous_d23,1940,160288,US-1939-HATCH-ACT,1939,1,0.4037024172645794,-0.27681016512136386,Civil Rights,100
continuous_d23,1940,160288,US-1940-SELECTIVE-TRAINING,1940,0,0.258502897235296,-0.24689201472820735,Natl Security & Foreign,100
continuous_d23,1940,160288,US-1940-SMITH-ACT,1940,0,0.29041459282362936,-0.25429745945037757,Natl Security & Foreign,99
continuous_d23,1940,160288,US-1941-DARBY,1941,-1,0.3023025500683221,-0.25507944582148195,Labor,100
continuous_d23,1940,160288,US-1941-LEND-LEASE,1941,-1,0.23335385158601243,-0.25962945113222025,Natl Security & Foreign,99
continuous_d23,1940,160288,US-1942-EMERGENCY-PRICE-CONTROL,1942,-2,0.2822992400051139,-0.23772170324755865,Natl Security & Foreign,100
continuous_d23,1940,160288,US-1943-CHINESE-EXCLUSION-REPEAL,1943,-3,0.35582656663322726,-0.2479997049818287,Immigration,99
continuous_d23,1940,160288,US-1945-BRETTON-WOODS,1945,-5,0.14070377257751135,-0.23353751010187793,Natl Security & Foreign,100
continuous_d23,1940,160288,US-1945-UN-PARTICIPATION,1945,-5,0.19269106418729534,-0.26121991787930066,Natl Security & Foreign,100
continuous_d23,1940,160288,US-1946-APA,1946,-6,0.26346165080070794,-0.24538901930443238,Democracy & Governance,100
continuous_d23,1940,160288,US-1948-DISPLACED-PERSONS-ACT,1948,-8,0.2876677243381786,-0.14906765922032914,Immigration,99
continuous_d23,1940,160288,US-1948-MARSHALL-PLAN,1948,-8,0.11847696984747012,-0.22493461829873662,Natl Security & Foreign,100
continuous_d23,1940,160288,US-1948-SHELLEY,1948,-8,0.22429233361743742,-0.20192035987020837,Civil Rights,100
continuous_d23,1940,160288,US-1950-DPA,1950,-10,0.18938660342959618,-0.26878244570721377,Economy & Finance,100
continuous_d23,1940,160288,US-1950-INTERNAL-SECURITY,1950,-10,0.318840260673788,-0.2700824927391168,Natl Security & Foreign,100
continuous_d23,1940,160288,US-1951-DENNIS,1951,-11,0.27954105937865875,-0.21714389606358497,Civil Liberties,97
continuous_d23,1940,160288,US-1956-BANK-HOLDING-COMPANY-ACT,1956,-16,0.38306991051299283,-0.23721034433631247,Economy & Finance,100
continuous_d23,1940,160288,US-1957-YATES,1957,-17,0.3241215108300715,-0.19764267634620855,Civil Liberties,100
continuous_d23,1940,160288,US-1958-NDEA,1958,-18,0.382968733623399,-0.251767456141406,Health/Welfare/Educ,100
continuous_d23,1940,160288,US-1958-NASA-ACT,1958,-18,0.22504907551059966,-0.27550244522945044,Environment & Energy,100
continuous_d23,1940,160288,US-1958-COOPER,1958,-18,0.35924048999423275,-0.21432745742791756,Civil Rights,100
continuous_d23,1940,160288,US-1933-TVA,1933,7,0.24145283437349363,-0.2527835623396632,Democracy & Governance,99
continuous_d23,1940,160288,US-1933-NIRA,1933,7,0.24301278973854668,-0.271416978807578,Economy & Finance,100
continuous_d23,1940,160288,US-1942-EO9066,1942,-2,0.1824077802334751,-0.28256750868864616,Civil Rights,100
continuous_d23,1940,160288,US-1947-TRUMAN-DOCTRINE,1947,-7,0.1982605947951016,-0.22954459059939186,Natl Security & Foreign,100
continuous_d23,1940,160288,US-1957-EO10730,1957,-17,0.16872391873594675,-0.2646330894798038,Civil Rights,100
continuous_d23,1941,161320,US-1933-GLASS-STEAGALL,1933,8,0.5177245473209853,-0.05195898119808057,Economy & Finance,100
continuous_d23,1941,161320,US-1933-PROHIBITION-REPEAL,1933,8,0.4589512603971622,-0.1454413016643374,Civil Liberties,100
continuous_d23,1941,161320,US-1933-SECURITIES-ACT,1933,8,0.539831680238872,-0.05376664930817111,Economy & Finance,99
continuous_d23,1941,161320,US-1934-EXCHANGE-ACT,1934,7,0.4763987083383908,-0.18905654453561987,Economy & Finance,100
continuous_d23,1941,161320,US-1934-IRA,1934,7,0.45461043362443626,-0.08274921046781623,Civil Rights,100
continuous_d23,1941,161320,US-1934-NATIONAL-HOUSING-ACT,1934,7,0.5575940415407208,-0.09966234623218191,Health/Welfare/Educ,100
continuous_d23,1941,161320,US-1935-NIRA-SCHECHTER,1935,6,0.47615292796813935,-0.05969995439414839,Democracy & Governance,100
continuous_d23,1941,161320,US-1935-NLRA,1935,6,0.5044052412240821,-0.14441761024483799,Labor,100
continuous_d23,1941,161320,US-1935-SOCIAL-SECURITY,1935,6,0.5761195776676122,-0.08169890643543228,Health/Welfare/Educ,100
continuous_d23,1941,161320,US-1936-AAA-BUTLER,1936,5,0.3978994288738327,-0.10947953268937104,Democracy & Governance,100
continuous_d23,1941,161320,US-1937-JONES-LAUGHLIN,1937,4,0.3732761133851122,-0.10073933028517879,Labor,100
continuous_d23,1941,161320,US-1937-WEST-COAST-HOTEL,1937,4,0.3280741509220093,-0.02255362840438774,Labor,100
continuous_d23,1941,161320,US-1938-FDCA,1938,3,0.487271905375819,-0.17508788310036716,Economy & Finance,100
continuous_d23,1941,161320,US-1938-FLSA,1938,3,0.5778588066294477,-0.18992845933600846,Labor,100
continuous_d23,1941,161320,US-1941-EO8802,1941,0,0.3415461049675143,-0.05038740918392622,Civil Rights,100
continuous_d23,1941,161320,US-1942-WICKARD,1942,-1,0.35730241233610643,-0.17515346452311087,Democracy & Governance,100
continuous_d23,1941,161320,US-1944-GI-BILL,1944,-3,0.5631784855810079,-0.20650811354864868,Health/Welfare/Educ,100
continuous_d23,1941,161320,US-1944-KOREMATSU,1944,-3,0.35940996312080686,-0.0911441619003096,Civil Rights,100
continuous_d23,1941,161320,US-1946-EMPLOYMENT-ACT,1946,-5,0.5129608764054392,-0.1381164078593588,Economy & Finance,100
continuous_d23,1941,161320,US-1947-NATIONAL-SECURITY-ACT,1947,-6,0.47871608760017265,-0.19068959222985848,Natl Security & Foreign,100
continuous_d23,1941,161320,US-1947-TAFT-HARTLEY,1947,-6,0.32941913685471413,-0.08916731301699236,Labor,100
continuous_d23,1941,161320,US-1948-EO9981,1948,-7,0.4362384110780269,-0.14741708110030924,Civil Rights,100
continuous_d23,1941,161320,US-1952-INA,1952,-11,0.4022069787856124,-0.10948108316041734,Immigration,100
continuous_d23,1941,161320,US-1952-YOUNGSTOWN,1952,-11,0.2498469316254611,-0.118304280731934,Democracy & Governance,99
continuous_d23,1941,161320,US-1954-BROWN,1954,-13,0.44376424131372727,-0.12475134119496444,Civil Rights,100
continuous_d23,1941,161320,US-1956-HIGHWAY,1956,-15,0.540202471595551,-0.20850052576312458,Environment & Energy,100
continuous_d23,1941,161320,US-1957-CIVIL-RIGHTS-ACT,1957,-16,0.3953685470521068,-0.2478383831140396,Civil Rights,100
continuous_d23,1941,161320,US-1961-MAPP,1961,-20,0.42976705643938007,-0.012265358183657786,Criminal Justice & Guns,100
continuous_d23,1941,161320,US-1930-SMOOT-HAWLEY,1930,11,0.26746478750588076,-0.1394136975176968,Economy & Finance,100
continuous_d23,1941,161320,US-1932-RFC,1932,9,0.48445864378181297,-0.1732812289521253,Economy & Finance,100
continuous_d23,1941,161320,US-1932-NORRIS-LAGUARDIA,1932,9,0.259251724252989,-0.1245044040998161,Labor,100
continuous_d23,1941,161320,US-1933-CCC,1933,8,0.493489516867496,-0.07828001240352778,Democracy & Governance,100
continuous_d23,1941,161320,US-1933-FERA,1933,8,0.4479454626472607,-0.18159658941317616,Health/Welfare/Educ,99
continuous_d23,1941,161320,US-1933-HOME-OWNERS-LOAN,1933,8,0.4109133393114286,-0.1619469532749338,Health/Welfare/Educ,99
continuous_d23,1941,161320,US-1934-NFA,1934,7,0.5290473986838379,-0.16410986416849618,Criminal Justice & Guns,100
continuous_d23,1941,161320,US-1935-PUHCA,1935,6,0.3369092531527911,-0.09129016199041642,Environment & Energy,100
continuous_d23,1941,161320,US-1936-RURAL-ELECTRIFICATION,1936,5,0.4201318748137165,-0.07544935386734607,Environment & Energy,100
continuous_d23,1941,161320,US-1939-HATCH-ACT,1939,2,0.40624708299107515,-0.13401726088537266,Civil Rights,100
continuous_d23,1941,161320,US-1940-SELECTIVE-TRAINING,1940,1,0.489914740438318,-0.12933831599589973,Natl Security & Foreign,100
continuous_d23,1941,161320,US-1940-SMITH-ACT,1940,1,0.5229436628003896,-0.1507077502778677,Natl Security & Foreign,99
continuous_d23,1941,161320,US-1941-DARBY,1941,0,0.44367122286581184,-0.15904632018992407,Labor,100
continuous_d23,1941,161320,US-1941-LEND-LEASE,1941,0,0.40370113994978435,-0.15727408574268828,Natl Security & Foreign,99
continuous_d23,1941,161320,US-1942-EMERGENCY-PRICE-CONTROL,1942,-1,0.41771848852382876,-0.1483094497690508,Natl Security & Foreign,100
continuous_d23,1941,161320,US-1943-CHINESE-EXCLUSION-REPEAL,1943,-2,0.44400976258672165,-0.10346985771203025,Immigration,99
continuous_d23,1941,161320,US-1945-BRETTON-WOODS,1945,-4,0.41052303339660207,-0.14139301102313456,Natl Security & Foreign,100
continuous_d23,1941,161320,US-1945-UN-PARTICIPATION,1945,-4,0.3446207486147618,-0.19148085068659668,Natl Security & Foreign,100
continuous_d23,1941,161320,US-1946-APA,1946,-5,0.398326282759551,-0.1631824511098485,Democracy & Governance,100
continuous_d23,1941,161320,US-1948-DISPLACED-PERSONS-ACT,1948,-7,0.4577456017785381,-0.1480411610884234,Immigration,99
continuous_d23,1941,161320,US-1948-MARSHALL-PLAN,1948,-7,0.3382910033504563,-0.19130439375986494,Natl Security & Foreign,100
continuous_d23,1941,161320,US-1948-SHELLEY,1948,-7,0.45316750512672566,-0.0533208243930728,Civil Rights,100
continuous_d23,1941,161320,US-1950-DPA,1950,-9,0.4618365764712207,-0.18886700379806062,Economy & Finance,100
continuous_d23,1941,161320,US-1950-INTERNAL-SECURITY,1950,-9,0.46881685301148485,-0.12434078200876016,Natl Security & Foreign,100
continuous_d23,1941,161320,US-1951-DENNIS,1951,-10,0.40403374948836024,-0.08546673045422865,Civil Liberties,97
continuous_d23,1941,161320,US-1956-BANK-HOLDING-COMPANY-ACT,1956,-15,0.4077231687779227,-0.09536346161818737,Economy & Finance,100
continuous_d23,1941,161320,US-1957-YATES,1957,-16,0.3561299136976393,-0.05298082770466526,Civil Liberties,100
continuous_d23,1941,161320,US-1958-NDEA,1958,-17,0.6017747191233049,-0.14321177861842638,Health/Welfare/Educ,100
continuous_d23,1941,161320,US-1958-NASA-ACT,1958,-17,0.4945466722969662,-0.18526488426189516,Environment & Energy,100
continuous_d23,1941,161320,US-1958-COOPER,1958,-17,0.30128489563235367,-0.14080813661897995,Civil Rights,100
continuous_d23,1941,161320,US-1961-PEACE-CORPS,1961,-20,0.48319620491103715,-0.1498184952913003,Natl Security & Foreign,100
continuous_d23,1941,161320,US-1933-TVA,1933,8,0.5149663554832735,-0.1450781488686587,Democracy & Governance,99
continuous_d23,1941,161320,US-1933-NIRA,1933,8,0.37447583072380214,-0.17367206684922665,Economy & Finance,100
continuous_d23,1941,161320,US-1942-EO9066,1942,-1,0.37571784562794713,-0.20134846609389917,Civil Rights,100
continuous_d23,1941,161320,US-1947-TRUMAN-DOCTRINE,1947,-6,0.42304055961258996,-0.1576785666672988,Natl Security & Foreign,100
continuous_d23,1941,161320,US-1957-EO10730,1957,-16,0.37696724789070146,-0.22058242442476458,Civil Rights,100
continuous_d23,1942,162156,US-1933-GLASS-STEAGALL,1933,9,0.16117393205933297,0.04192963545062384,Economy & Finance,100
continuous_d23,1942,162156,US-1933-PROHIBITION-REPEAL,1933,9,0.23275215732733578,-0.11182735632335142,Civil Liberties,100
continuous_d23,1942,162156,US-1933-SECURITIES-ACT,1933,9,0.2300707408299984,0.11826929632004539,Economy & Finance,99
continuous_d23,1942,162156,US-1934-EXCHANGE-ACT,1934,8,0.15258625368373763,-0.0951642009417743,Economy & Finance,100
continuous_d23,1942,162156,US-1934-IRA,1934,8,0.17317665272454166,0.03178918920188913,Civil Rights,100
continuous_d23,1942,162156,US-1934-NATIONAL-HOUSING-ACT,1934,8,0.23304189901305114,-0.03971184118634139,Health/Welfare/Educ,100
continuous_d23,1942,162156,US-1935-NIRA-SCHECHTER,1935,7,0.2580644071210089,0.0026266663726129936,Democracy & Governance,100
continuous_d23,1942,162156,US-1935-NLRA,1935,7,0.1661066336889176,-0.055571384657499195,Labor,100
continuous_d23,1942,162156,US-1935-SOCIAL-SECURITY,1935,7,0.21584286538377,0.023662708909862506,Health/Welfare/Educ,100
continuous_d23,1942,162156,US-1936-AAA-BUTLER,1936,6,0.15558448563973049,-0.011838280527125296,Democracy & Governance,100
continuous_d23,1942,162156,US-1937-JONES-LAUGHLIN,1937,5,0.18469982978562524,-0.061940538622011064,Labor,100
continuous_d23,1942,162156,US-1937-WEST-COAST-HOTEL,1937,5,0.22328014312653355,-0.04700449608091705,Labor,100
continuous_d23,1942,162156,US-1938-FDCA,1938,4,0.2056546259731219,-0.08797037349667615,Economy & Finance,100
continuous_d23,1942,162156,US-1938-FLSA,1938,4,0.14132478894851958,-0.10711095793573139,Labor,100
continuous_d23,1942,162156,US-1941-EO8802,1941,1,0.12814286293382068,0.04398951485158786,Civil Rights,100
continuous_d23,1942,162156,US-1942-WICKARD,1942,0,0.14687518544814582,-0.11175568375675486,Democracy & Governance,100
continuous_d23,1942,162156,US-1944-GI-BILL,1944,-2,0.24200641864519257,-0.08938292160003773,Health/Welfare/Educ,100
continuous_d23,1942,162156,US-1944-KOREMATSU,1944,-2,0.18747885281092153,-0.04282819162818925,Civil Rights,100
continuous_d23,1942,162156,US-1946-EMPLOYMENT-ACT,1946,-4,0.18127677811092838,-0.030793192100146374,Economy & Finance,100
continuous_d23,1942,162156,US-1947-NATIONAL-SECURITY-ACT,1947,-5,0.1233341338444437,-0.06486964998842765,Natl Security & Foreign,100
continuous_d23,1942,162156,US-1947-TAFT-HARTLEY,1947,-5,0.14165229532341195,-0.06974451264325915,Labor,100
continuous_d23,1942,162156,US-1948-EO9981,1948,-6,0.14339909351697147,0.008013658024352116,Civil Rights,100
continuous_d23,1942,162156,US-1952-INA,1952,-10,0.1684351455697475,-0.07143513301514234,Immigration,100
continuous_d23,1942,162156,US-1952-YOUNGSTOWN,1952,-10,0.07395271663803839,0.008470756291099505,Democracy & Governance,99
continuous_d23,1942,162156,US-1954-BROWN,1954,-12,0.2069569370657278,-0.10626285900291675,Civil Rights,100
continuous_d23,1942,162156,US-1956-HIGHWAY,1956,-14,0.1934171976484347,-0.08839964558751624,Environment & Energy,100
continuous_d23,1942,162156,US-1957-CIVIL-RIGHTS-ACT,1957,-15,0.13434368585902354,-0.12117045641258128,Civil Rights,100
continuous_d23,1942,162156,US-1961-MAPP,1961,-19,0.1393268249088213,-0.00839727075972881,Criminal Justice & Guns,100
continuous_d23,1942,162156,US-1962-BAKER,1962,-20,0.182882146705193,-0.057170393583314556,Democracy & Governance,100
continuous_d23,1942,162156,US-1962-ENGEL,1962,-20,0.20743951745545214,0.01120152968912358,Civil Liberties,100
continuous_d23,1942,162156,US-1962-KEFAUVER-HARRIS,1962,-20,0.35550852031799474,-0.051055794788369,Economy & Finance,100
continuous_d23,1942,162156,US-1930-SMOOT-HAWLEY,1930,12,0.17640838002816112,-0.0458436654082369,Economy & Finance,100
continuous_d23,1942,162156,US-1932-RFC,1932,10,0.17735896444416668,-0.0822086041874662,Economy & Finance,100
continuous_d23,1942,162156,US-1932-NORRIS-LAGUARDIA,1932,10,0.09777904358060076,-0.08105788537836368,Labor,100
continuous_d23,1942,162156,US-1933-CCC,1933,9,0.18996044538170312,-0.036548091515552446,Democracy & Governance,100
continuous_d23,1942,162156,US-1933-FERA,1933,9,0.15171064102410353,-0.06998743514244819,Health/Welfare/Educ,99
continuous_d23,1942,162156,US-1933-HOME-OWNERS-LOAN,1933,9,0.12611253021783134,-0.013986714717387935,Health/Welfare/Educ,99
continuous_d23,1942,162156,US-1934-NFA,1934,8,0.19293958774798559,-0.05366310286435983,Criminal Justice & Guns,100
continuous_d23,1942,162156,US-1935-PUHCA,1935,7,0.09000366367393937,0.022473209730292636,Environment & Energy,100
continuous_d23,1942,162156,US-1936-RURAL-ELECTRIFICATION,1936,6,0.25437245747547954,-0.040252053166293766,Environment & Energy,100
continuous_d23,1942,162156,US-1939-HATCH-ACT,1939,3,0.17423285832703123,-0.06820392668832102,Civil Rights,100
continuous_d23,1942,162156,US-1940-SELECTIVE-TRAINING,1940,2,0.14274927149054042,-0.03536573340437533,Natl Security & Foreign,100
continuous_d23,1942,162156,US-1940-SMITH-ACT,1940,2,0.09913850956307838,-0.02766615432510015,Natl Security & Foreign,99
continuous_d23,1942,162156,US-1941-DARBY,1941,1,0.23304291274714795,-0.10642788157511092,Labor,100
continuous_d23,1942,162156,US-1941-LEND-LEASE,1941,1,0.10346019172824354,-0.05087892447366064,Natl Security & Foreign,99
continuous_d23,1942,162156,US-1942-EMERGENCY-PRICE-CONTROL,1942,0,0.15912929942955592,-0.08064637937684761,Natl Security & Foreign,100
continuous_d23,1942,162156,US-1943-CHINESE-EXCLUSION-REPEAL,1943,-1,0.11818769117078678,-0.0359126861012343,Immigration,99
continuous_d23,1942,162156,US-1945-BRETTON-WOODS,1945,-3,0.13258022131695502,-0.03774304109806291,Natl Security & Foreign,100
continuous_d23,1942,162156,US-1945-UN-PARTICIPATION,1945,-3,0.08194858816018268,-0.07292234157149664,Natl Security & Foreign,100
continuous_d23,1942,162156,US-1946-APA,1946,-4,0.17662483326374379,-0.07933322295795427,Democracy & Governance,100
continuous_d23,1942,162156,US-1948-DISPLACED-PERSONS-ACT,1948,-6,0.12606998499655792,0.07940800954921227,Immigration,99
continuous_d23,1942,162156,US-1948-MARSHALL-PLAN,1948,-6,0.10215382229992649,-0.06748463747552474,Natl Security & Foreign,100
continuous_d23,1942,162156,US-1948-SHELLEY,1948,-6,0.20610123016911217,-0.020506271902457466,Civil Rights,100
continuous_d23,1942,162156,US-1950-DPA,1950,-8,0.08777874208481898,-0.01748082591458254,Economy & Finance,100
continuous_d23,1942,162156,US-1950-INTERNAL-SECURITY,1950,-8,0.11602235083502566,-0.050369239676884475,Natl Security & Foreign,100
continuous_d23,1942,162156,US-1951-DENNIS,1951,-9,0.11573384135480977,-0.0043270229145437765,Civil Liberties,97
continuous_d23,1942,162156,US-1956-BANK-HOLDING-COMPANY-ACT,1956,-14,0.149448377618712,-0.00908252325731873,Economy & Finance,100
continuous_d23,1942,162156,US-1957-YATES,1957,-15,0.11795666848037571,0.01354792151800039,Civil Liberties,100
continuous_d23,1942,162156,US-1958-NDEA,1958,-16,0.2539574168665029,-0.08076941832151649,Health/Welfare/Educ,100
continuous_d23,1942,162156,US-1958-NASA-ACT,1958,-16,0.1508129570862134,-0.10555338166111468,Environment & Energy,100
continuous_d23,1942,162156,US-1958-COOPER,1958,-16,0.1710236993919822,-0.05670799155946416,Civil Rights,100
continuous_d23,1942,162156,US-1961-PEACE-CORPS,1961,-19,0.14062686695761475,-0.02916668416018303,Natl Security & Foreign,100
continuous_d23,1942,162156,US-1933-TVA,1933,9,0.15147048131142296,-0.07377005780068602,Democracy & Governance,99
continuous_d23,1942,162156,US-1933-NIRA,1933,9,0.14239318862081993,-0.09863639559708258,Economy & Finance,100
continuous_d23,1942,162156,US-1942-EO9066,1942,0,0.08013410420832852,-0.07101446178799443,Civil Rights,100
continuous_d23,1942,162156,US-1947-TRUMAN-DOCTRINE,1947,-5,0.150245169044096,-0.0546523218498597,Natl Security & Foreign,100
continuous_d23,1942,162156,US-1957-EO10730,1957,-15,0.10347147975075341,-0.059107301428204986,Civil Rights,100
continuous_d23,1943,163268,US-1933-GLASS-STEAGALL,1933,10,0.30399504484486634,-0.05210812943651073,Economy & Finance,100
continuous_d23,1943,163268,US-1933-PROHIBITION-REPEAL,1933,10,0.2686979593100744,-0.056142577699909546,Civil Liberties,100
continuous_d23,1943,163268,US-1933-SECURITIES-ACT,1933,10,0.27967860511646647,-0.045059182504134924,Economy & Finance,99
continuous_d23,1943,163268,US-1934-EXCHANGE-ACT,1934,9,0.2715095937358394,-0.04636634289264359,Economy & Finance,100
continuous_d23,1943,163268,US-1934-IRA,1934,9,0.2839779576520067,-0.04437314247378203,Civil Rights,100
continuous_d23,1943,163268,US-1934-NATIONAL-HOUSING-ACT,1934,9,0.2853548566767753,-0.045480371949582425,Health/Welfare/Educ,100
continuous_d23,1943,163268,US-1935-NIRA-SCHECHTER,1935,8,0.2753864395361957,-0.02691720144717519,Democracy & Governance,100
continuous_d23,1943,163268,US-1935-NLRA,1935,8,0.29471384058361033,-0.04753729351617635,Labor,100
continuous_d23,1943,163268,US-1935-SOCIAL-SECURITY,1935,8,0.3066591035884589,-0.04533582378364738,Health/Welfare/Educ,100
continuous_d23,1943,163268,US-1936-AAA-BUTLER,1936,7,0.27801283031712354,-0.03349774262169486,Democracy & Governance,100
continuous_d23,1943,163268,US-1937-JONES-LAUGHLIN,1937,6,0.2925632204251458,-0.03979694535830609,Labor,100
continuous_d23,1943,163268,US-1937-WEST-COAST-HOTEL,1937,6,0.249401826425814,-0.02474358688708382,Labor,100
continuous_d23,1943,163268,US-1938-FDCA,1938,5,0.3101472812694871,-0.04728538304508358,Economy & Finance,100
continuous_d23,1943,163268,US-1938-FLSA,1938,5,0.27503317186548953,-0.05967114562639951,Labor,100
continuous_d23,1943,163268,US-1941-EO8802,1941,2,0.3017638972474242,-0.029327872505416103,Civil Rights,100
continuous_d23,1943,163268,US-1942-WICKARD,1942,1,0.29333092195715826,-0.02598102358053593,Democracy & Governance,100
continuous_d23,1943,163268,US-1944-GI-BILL,1944,-1,0.2974051905684478,-0.041613667003823435,Health/Welfare/Educ,100
continuous_d23,1943,163268,US-1944-KOREMATSU,1944,-1,0.26756387736893755,-0.04760322437172443,Civil Rights,100
continuous_d23,1943,163268,US-1946-EMPLOYMENT-ACT,1946,-3,0.28833291188035,-0.042814704735748436,Economy & Finance,100
continuous_d23,1943,163268,US-1947-NATIONAL-SECURITY-ACT,1947,-4,0.3020020084869468,-0.04632084619218055,Natl Security & Foreign,100
continuous_d23,1943,163268,US-1947-TAFT-HARTLEY,1947,-4,0.3031550366929665,-0.042633291834561826,Labor,100
continuous_d23,1943,163268,US-1948-EO9981,1948,-5,0.27834404742170105,-0.05319734502311536,Civil Rights,100
continuous_d23,1943,163268,US-1952-INA,1952,-9,0.2997132771342778,-0.03189422785039143,Immigration,100
continuous_d23,1943,163268,US-1952-YOUNGSTOWN,1952,-9,0.3043942905694009,-0.038456249375321,Democracy & Governance,99
continuous_d23,1943,163268,US-1954-BROWN,1954,-11,0.2523269068532333,-0.03142235087757442,Civil Rights,100
continuous_d23,1943,163268,US-1956-HIGHWAY,1956,-13,0.274278796875711,-0.045074824292414245,Environment & Energy,100
continuous_d23,1943,163268,US-1957-CIVIL-RIGHTS-ACT,1957,-14,0.3005289029040308,-0.03977738582187903,Civil Rights,100
continuous_d23,1943,163268,US-1961-MAPP,1961,-18,0.25740059026070977,-0.029272179593062594,Criminal Justice & Guns,100
continuous_d23,1943,163268,US-1962-BAKER,1962,-19,0.26803517815128414,-0.018778638956354832,Democracy & Governance,100
continuous_d23,1943,163268,US-1962-ENGEL,1962,-19,0.28837656019697616,-0.04749351598716843,Civil Liberties,100
continuous_d23,1943,163268,US-1962-KEFAUVER-HARRIS,1962,-19,0.26885108204172375,-0.0476729100987739,Economy & Finance,100
continuous_d23,1943,163268,US-1963-EQUAL-PAY,1963,-20,0.2313834082109923,-0.06804978375285567,Civil Rights,99
continuous_d23,1943,163268,US-1963-GIDEON,1963,-20,0.24164970953505552,-0.041788363614065745,Criminal Justice & Guns,100
continuous_d23,1943,163268,US-1930-SMOOT-HAWLEY,1930,13,0.27191964032324295,-0.04396631766783025,Economy & Finance,100
continuous_d23,1943,163268,US-1932-RFC,1932,11,0.2727773248628085,-0.04975214749192631,Economy & Finance,100
continuous_d23,1943,163268,US-1932-NORRIS-LAGUARDIA,1932,11,0.3003265402355315,-0.030127937537654817,Labor,100
continuous_d23,1943,163268,US-1933-CCC,1933,10,0.2734391423646419,-0.043512986000089536,Democracy & Governance,100
continuous_d23,1943,163268,US-1933-FERA,1933,10,0.2880726756911016,-0.044691163395732605,Health/Welfare/Educ,99
continuous_d23,1943,163268,US-1933-HOME-OWNERS-LOAN,1933,10,0.28239720361963183,-0.05439007130544281,Health/Welfare/Educ,99
continuous_d23,1943,163268,US-1934-NFA,1934,9,0.29712956036070615,-0.05073988107963536,Criminal Justice & Guns,100
continuous_d23,1943,163268,US-1935-PUHCA,1935,8,0.2759196236957621,-0.035134682980658,Environment & Energy,100
continuous_d23,1943,163268,US-1936-RURAL-ELECTRIFICATION,1936,7,0.2952218914762125,-0.052368610693746175,Environment & Energy,100
continuous_d23,1943,163268,US-1939-HATCH-ACT,1939,4,0.2637047535201398,-0.030519491622555062,Civil Rights,100
continuous_d23,1943,163268,US-1940-SELECTIVE-TRAINING,1940,3,0.2841728698135195,-0.04371200175837827,Natl Security & Foreign,100
continuous_d23,1943,163268,US-1940-SMITH-ACT,1940,3,0.2590645871908944,-0.0527627656162156,Natl Security & Foreign,99
continuous_d23,1943,163268,US-1941-DARBY,1941,2,0.29045042108819974,-0.04489245970406576,Labor,100
continuous_d23,1943,163268,US-1941-LEND-LEASE,1941,2,0.2926634403775846,-0.04309859167891542,Natl Security & Foreign,99
continuous_d23,1943,163268,US-1942-EMERGENCY-PRICE-CONTROL,1942,1,0.28138774995406957,-0.04952413848473134,Natl Security & Foreign,100
continuous_d23,1943,163268,US-1943-CHINESE-EXCLUSION-REPEAL,1943,0,0.28249697565398846,-0.032141543321442985,Immigration,99
continuous_d23,1943,163268,US-1945-BRETTON-WOODS,1945,-2,0.3205057458498037,-0.042610320196824605,Natl Security & Foreign,100
continuous_d23,1943,163268,US-1945-UN-PARTICIPATION,1945,-2,0.3114030618594509,-0.030048078781241886,Natl Security & Foreign,100
continuous_d23,1943,163268,US-1946-APA,1946,-3,0.2855081605365771,-0.0402825781646004,Democracy & Governance,100
continuous_d23,1943,163268,US-1948-DISPLACED-PERSONS-ACT,1948,-5,0.27098058843997497,-0.03918662275365703,Immigration,99
continuous_d23,1943,163268,US-1948-MARSHALL-PLAN,1948,-5,0.30313113948338133,-0.04586794667648476,Natl Security & Foreign,100
continuous_d23,1943,163268,US-1948-SHELLEY,1948,-5,0.2729594079196774,-0.03318424955088149,Civil Rights,100
continuous_d23,1943,163268,US-1950-DPA,1950,-7,0.29656696114225917,-0.042528849440522924,Economy & Finance,100
continuous_d23,1943,163268,US-1950-INTERNAL-SECURITY,1950,-7,0.3004743525089758,-0.053653081007632074,Natl Security & Foreign,100
continuous_d23,1943,163268,US-1951-DENNIS,1951,-8,0.289493950487491,-0.03697705500287174,Civil Liberties,97
continuous_d23,1943,163268,US-1956-BANK-HOLDING-COMPANY-ACT,1956,-13,0.2665837297555327,-0.0392334957412966,Economy & Finance,100
continuous_d23,1943,163268,US-1957-YATES,1957,-14,0.27226550028804447,-0.028894707042694864,Civil Liberties,100
continuous_d23,1943,163268,US-1958-NDEA,1958,-15,0.2635726230628925,-0.05824819267449934,Health/Welfare/Educ,100
continuous_d23,1943,163268,US-1958-NASA-ACT,1958,-15,0.3012433908019402,-0.04983468436512542,Environment & Energy,100
continuous_d23,1943,163268,US-1958-COOPER,1958,-15,0.25376035649663925,-0.0354814688206831,Civil Rights,100
continuous_d23,1943,163268,US-1961-PEACE-CORPS,1961,-18,0.2907645850356704,-0.05095616116937752,Natl Security & Foreign,100
continuous_d23,1943,163268,US-1933-TVA,1933,10,0.24204854278556942,-0.0575795935920936,Democracy & Governance,99
continuous_d23,1943,163268,US-1933-NIRA,1933,10,0.2814713295509904,-0.055287250508317634,Economy & Finance,100
continuous_d23,1943,163268,US-1942-EO9066,1942,1,0.29145079131688845,-0.05617252307046356,Civil Rights,100
continuous_d23,1943,163268,US-1947-TRUMAN-DOCTRINE,1947,-4,0.30417227530133106,-0.045874956476583344,Natl Security & Foreign,100
continuous_d23,1943,163268,US-1957-EO10730,1957,-14,0.24951867582500248,-0.04772154735673467,Civil Rights,100
continuous_d23,1943,163268,US-1963-TEST-BAN-TREATY,1963,-20,0.27034226065975037,-0.0542786624663473,Natl Security & Foreign,100
continuous_d23,1944,164582,US-1933-GLASS-STEAGALL,1933,11,0.2970374919861751,-0.18440627199741705,Economy & Finance,100
continuous_d23,1944,164582,US-1933-PROHIBITION-REPEAL,1933,11,0.3460217118540541,-0.2704365436292221,Civil Liberties,100
continuous_d23,1944,164582,US-1933-SECURITIES-ACT,1933,11,0.24499133082025354,-0.20980657328954444,Economy & Finance,99
continuous_d23,1944,164582,US-1934-EXCHANGE-ACT,1934,10,0.24117178277448695,-0.2134350063815441,Economy & Finance,100
continuous_d23,1944,164582,US-1934-IRA,1934,10,0.28519387516983913,-0.19939676304678888,Civil Rights,100
continuous_d23,1944,164582,US-1934-NATIONAL-HOUSING-ACT,1934,10,0.31076640091994134,-0.24015148530906583,Health/Welfare/Educ,100
continuous_d23,1944,164582,US-1935-NIRA-SCHECHTER,1935,9,0.36515465963767574,-0.1516968265412523,Democracy & Governance,100
continuous_d23,1944,164582,US-1935-NLRA,1935,9,0.2337828416515548,-0.23441809643546577,Labor,100
continuous_d23,1944,164582,US-1935-SOCIAL-SECURITY,1935,9,0.2859875877084361,-0.23558922096084228,Health/Welfare/Educ,100
continuous_d23,1944,164582,US-1936-AAA-BUTLER,1936,8,0.2156707997686017,-0.17310250072253794,Democracy & Governance,100
continuous_d23,1944,164582,US-1937-JONES-LAUGHLIN,1937,7,0.2942349589355051,-0.1773779753558532,Labor,100
continuous_d23,1944,164582,US-1937-WEST-COAST-HOTEL,1937,7,0.2766037034749847,-0.18247277622851052,Labor,100
continuous_d23,1944,164582,US-1938-FDCA,1938,6,0.241724899893537,-0.24360484511573638,Economy & Finance,100
continuous_d23,1944,164582,US-1938-FLSA,1938,6,0.22868559519163117,-0.24695561494541335,Labor,100
continuous_d23,1944,164582,US-1941-EO8802,1941,3,0.2677656797970495,-0.24640110252020203,Civil Rights,100
continuous_d23,1944,164582,US-1942-WICKARD,1942,2,0.27588306910214516,-0.218712443609206,Democracy & Governance,100
continuous_d23,1944,164582,US-1944-GI-BILL,1944,0,0.2211608440377541,-0.28193632304163585,Health/Welfare/Educ,100
continuous_d23,1944,164582,US-1944-KOREMATSU,1944,0,0.36019076089985197,-0.29050520115973133,Civil Rights,100
continuous_d23,1944,164582,US-1946-EMPLOYMENT-ACT,1946,-2,0.24655405299821273,-0.20763212478597276,Economy & Finance,100
continuous_d23,1944,164582,US-1947-NATIONAL-SECURITY-ACT,1947,-3,0.3203198437906304,-0.2445095881348444,Natl Security & Foreign,100
continuous_d23,1944,164582,US-1947-TAFT-HARTLEY,1947,-3,0.27098006455179957,-0.2418642269199869,Labor,100
continuous_d23,1944,164582,US-1948-EO9981,1948,-4,0.3688799228330307,-0.2480556437021509,Civil Rights,100
continuous_d23,1944,164582,US-1952-INA,1952,-8,0.2864886871497589,-0.2501442610992787,Immigration,100
continuous_d23,1944,164582,US-1952-YOUNGSTOWN,1952,-8,0.256952923282968,-0.25828652517253864,Democracy & Governance,99
continuous_d23,1944,164582,US-1954-BROWN,1954,-10,0.36795939241392084,-0.2526906214761535,Civil Rights,100
continuous_d23,1944,164582,US-1956-HIGHWAY,1956,-12,0.3128582990717192,-0.2431122164021244,Environment & Energy,100
continuous_d23,1944,164582,US-1957-CIVIL-RIGHTS-ACT,1957,-13,0.2258211197543703,-0.25441717156362564,Civil Rights,100
continuous_d23,1944,164582,US-1961-MAPP,1961,-17,0.4444351134613222,-0.24599947366344818,Criminal Justice & Guns,100
continuous_d23,1944,164582,US-1962-BAKER,1962,-18,0.22660399946246534,-0.22844392289762663,Democracy & Governance,100
continuous_d23,1944,164582,US-1962-ENGEL,1962,-18,0.39181448662683593,-0.19572708212917933,Civil Liberties,100
continuous_d23,1944,164582,US-1962-KEFAUVER-HARRIS,1962,-18,0.34246262012867995,-0.26461893256992286,Economy & Finance,100
continuous_d23,1944,164582,US-1963-EQUAL-PAY,1963,-19,0.3196221586224338,-0.2603929344692801,Civil Rights,99
continuous_d23,1944,164582,US-1963-GIDEON,1963,-19,0.27383683461468233,-0.2488190898686639,Criminal Justice & Guns,100
continuous_d23,1944,164582,US-1964-24TH-AMENDMENT,1964,-20,0.34193730352449253,-0.23437430114186866,Democracy & Governance,100
continuous_d23,1944,164582,US-1964-CIVIL-RIGHTS-ACT,1964,-20,0.22150274450212862,-0.23299209488644632,Civil Rights,100
continuous_d23,1944,164582,US-1964-ECONOMIC-OPPORTUNITY,1964,-20,0.3243867610792407,-0.23605401096338996,Health/Welfare/Educ,99
continuous_d23,1944,164582,US-1964-HEART-ATLANTA,1964,-20,0.30495843884605967,-0.2750402259049121,Civil Rights,100
continuous_d23,1944,164582,US-1964-NYT-SULLIVAN,1964,-20,0.33682942361048895,-0.19802120827680336,Civil Liberties,100
continuous_d23,1944,164582,US-1964-REYNOLDS,1964,-20,0.2989518186990955,-0.22236919267223526,Democracy & Governance,100
continuous_d23,1944,164582,US-1930-SMOOT-HAWLEY,1930,14,0.1343666499484423,-0.15677857351071964,Economy & Finance,100
continuous_d23,1944,164582,US-1932-RFC,1932,12,0.336209141783318,-0.25187116998391623,Economy & Finance,100
continuous_d23,1944,164582,US-1932-NORRIS-LAGUARDIA,1932,12,0.17874978717628204,-0.2118177065238396,Labor,100
continuous_d23,1944,164582,US-1933-CCC,1933,11,0.2518067787467772,-0.24986490075733125,Democracy & Governance,100
continuous_d23,1944,164582,US-1933-FERA,1933,11,0.21204983196699642,-0.26887229416364317,Health/Welfare/Educ,99
continuous_d23,1944,164582,US-1933-HOME-OWNERS-LOAN,1933,11,0.19210177616485072,-0.1791182963118844,Health/Welfare/Educ,99
continuous_d23,1944,164582,US-1934-NFA,1934,10,0.27264716789964516,-0.25642857582246903,Criminal Justice & Guns,100
continuous_d23,1944,164582,US-1935-PUHCA,1935,9,0.21332850859638192,-0.14620951149370875,Environment & Energy,100
continuous_d23,1944,164582,US-1936-RURAL-ELECTRIFICATION,1936,8,0.310402595085407,-0.2410622875898511,Environment & Energy,100
continuous_d23,1944,164582,US-1939-HATCH-ACT,1939,5,0.25559531468813745,-0.24022241579071477,Civil Rights,100
continuous_d23,1944,164582,US-1940-SELECTIVE-TRAINING,1940,4,0.3130065855782455,-0.26597490803055396,Natl Security & Foreign,100
continuous_d23,1944,164582,US-1940-SMITH-ACT,1940,4,0.24428269671106434,-0.2105065445860491,Natl Security & Foreign,99
continuous_d23,1944,164582,US-1941-DARBY,1941,3,0.3477078893866701,-0.20829332870026052,Labor,100
continuous_d23,1944,164582,US-1941-LEND-LEASE,1941,3,0.21394129492734382,-0.2670107444330708,Natl Security & Foreign,99
continuous_d23,1944,164582,US-1942-EMERGENCY-PRICE-CONTROL,1942,2,0.19808742349692543,-0.24535048028392506,Natl Security & Foreign,100
continuous_d23,1944,164582,US-1943-CHINESE-EXCLUSION-REPEAL,1943,1,0.24558578798888894,-0.19719191551136006,Immigration,99
continuous_d23,1944,164582,US-1945-BRETTON-WOODS,1945,-1,0.196003764418282,-0.17819953721929913,Natl Security & Foreign,100
continuous_d23,1944,164582,US-1945-UN-PARTICIPATION,1945,-1,0.19301202983888233,-0.21714364463169047,Natl Security & Foreign,100
continuous_d23,1944,164582,US-1946-APA,1946,-2,0.19697494209580843,-0.17060921735414225,Democracy & Governance,100
continuous_d23,1944,164582,US-1948-DISPLACED-PERSONS-ACT,1948,-4,0.2968075185171657,-0.07912128114092457,Immigration,99
continuous_d23,1944,164582,US-1948-MARSHALL-PLAN,1948,-4,0.23922761326855316,-0.2198489109467311,Natl Security & Foreign,100
continuous_d23,1944,164582,US-1948-SHELLEY,1948,-4,0.38114876005306925,-0.19205290845531478,Civil Rights,100
continuous_d23,1944,164582,US-1950-DPA,1950,-6,0.20759596841839084,-0.23305876873031015,Economy & Finance,100
continuous_d23,1944,164582,US-1950-INTERNAL-SECURITY,1950,-6,0.30075750305214877,-0.14040142666285851,Natl Security & Foreign,100
continuous_d23,1944,164582,US-1951-DENNIS,1951,-7,0.3016256395857532,-0.19895933970170865,Civil Liberties,97
continuous_d23,1944,164582,US-1956-BANK-HOLDING-COMPANY-ACT,1956,-12,0.2794760615181929,-0.19128884714677383,Economy & Finance,100
continuous_d23,1944,164582,US-1957-YATES,1957,-13,0.3312191613456724,-0.237629299466429,Civil Liberties,100
continuous_d23,1944,164582,US-1958-NDEA,1958,-14,0.3228816356597038,-0.21610770626427278,Health/Welfare/Educ,100
continuous_d23,1944,164582,US-1958-NASA-ACT,1958,-14,0.30770986639812903,-0.2603425299205117,Environment & Energy,100
continuous_d23,1944,164582,US-1958-COOPER,1958,-14,0.330452670396467,-0.23780094189708997,Civil Rights,100
continuous_d23,1944,164582,US-1961-PEACE-CORPS,1961,-17,0.3363657319180826,-0.2444066383620749,Natl Security & Foreign,100
continuous_d23,1944,164582,US-1933-TVA,1933,11,0.34912049148829305,-0.282934592758264,Democracy & Governance,99
continuous_d23,1944,164582,US-1933-NIRA,1933,11,0.22155394021772853,-0.22688356368313525,Economy & Finance,100
continuous_d23,1944,164582,US-1942-EO9066,1942,2,0.30126487312891015,-0.2996056994296003,Civil Rights,100
continuous_d23,1944,164582,US-1947-TRUMAN-DOCTRINE,1947,-3,0.28740881197680085,-0.23352581750014012,Natl Security & Foreign,100
continuous_d23,1944,164582,US-1957-EO10730,1957,-13,0.2524393290449985,-0.2535414938980357,Civil Rights,100
continuous_d23,1944,164582,US-1963-TEST-BAN-TREATY,1963,-19,0.3442903911275657,-0.23804022367303732,Natl Security & Foreign,100
continuous_d23,1944,164582,US-1964-TONKIN-GULF,1964,-20,0.2969890328387683,-0.24416557343850573,Natl Security & Foreign,100
continuous_d23,1945,165763,US-1933-GLASS-STEAGALL,1933,12,0.22652895321677505,-0.13644077924338996,Economy & Finance,100
continuous_d23,1945,165763,US-1933-PROHIBITION-REPEAL,1933,12,0.20653674254166887,-0.1907367973165655,Civil Liberties,100
continuous_d23,1945,165763,US-1933-SECURITIES-ACT,1933,12,0.17977775550878758,-0.1523887683154813,Economy & Finance,99
continuous_d23,1945,165763,US-1934-EXCHANGE-ACT,1934,11,0.2560979653686077,-0.1688203525521557,Economy & Finance,100
continuous_d23,1945,165763,US-1934-IRA,1934,11,0.2720054911856726,-0.10280691487532896,Civil Rights,100
continuous_d23,1945,165763,US-1934-NATIONAL-HOUSING-ACT,1934,11,0.2817101986667992,-0.0735909223446229,Health/Welfare/Educ,100
continuous_d23,1945,165763,US-1935-NIRA-SCHECHTER,1935,10,0.41856703248760607,-0.1312002615018701,Democracy & Governance,100
continuous_d23,1945,165763,US-1935-NLRA,1935,10,0.3893575611913919,-0.14682799668230878,Labor,100
continuous_d23,1945,165763,US-1935-SOCIAL-SECURITY,1935,10,0.4193446220655148,-0.15852943515927134,Health/Welfare/Educ,100
continuous_d23,1945,165763,US-1936-AAA-BUTLER,1936,9,0.287926803388484,-0.0985905766062092,Democracy & Governance,100
continuous_d23,1945,165763,US-1937-JONES-LAUGHLIN,1937,8,0.43241981253268774,-0.14505931694245736,Labor,100
continuous_d23,1945,165763,US-1937-WEST-COAST-HOTEL,1937,8,0.14429512367706324,-0.11916301104545692,Labor,100
continuous_d23,1945,165763,US-1938-FDCA,1938,7,0.19528848379303249,-0.1500828618202849,Economy & Finance,100
continuous_d23,1945,165763,US-1938-FLSA,1938,7,0.2247447639693548,-0.14046398813278305,Labor,100
continuous_d23,1945,165763,US-1941-EO8802,1941,4,0.22946116679101564,-0.20539377358327765,Civil Rights,100
continuous_d23,1945,165763,US-1942-WICKARD,1942,3,0.3629748246319318,-0.12499624058399393,Democracy & Governance,100
continuous_d23,1945,165763,US-1944-GI-BILL,1944,1,0.3900488472587185,-0.1279498669460165,Health/Welfare/Educ,100
continuous_d23,1945,165763,US-1944-KOREMATSU,1944,1,0.30055114362790103,-0.18517448236449885,Civil Rights,100
continuous_d23,1945,165763,US-1946-EMPLOYMENT-ACT,1946,-1,0.2969249534610837,-0.14798088298440532,Economy & Finance,100
continuous_d23,1945,165763,US-1947-NATIONAL-SECURITY-ACT,1947,-2,0.4619538515101587,-0.1279198479910558,Natl Security & Foreign,100
continuous_d23,1945,165763,US-1947-TAFT-HARTLEY,1947,-2,0.12197903620558327,-0.21841280931937235,Labor,100
continuous_d23,1945,165763,US-1948-EO9981,1948,-3,0.3930733180085009,-0.15362439678634937,Civil Rights,100
continuous_d23,1945,165763,US-1952-INA,1952,-7,0.27689565929506305,-0.172095069543606,Immigration,100
continuous_d23,1945,165763,US-1952-YOUNGSTOWN,1952,-7,0.22670314108514733,-0.16509299690199744,Democracy & Governance,99
continuous_d23,1945,165763,US-1954-BROWN,1954,-9,0.22587603555270108,-0.2536633357484645,Civil Rights,100
continuous_d23,1945,165763,US-1956-HIGHWAY,1956,-11,0.4112534910066749,-0.1558848077131464,Environment & Energy,100
continuous_d23,1945,165763,US-1957-CIVIL-RIGHTS-ACT,1957,-12,0.4124258287632026,-0.15793344413288699,Civil Rights,100
continuous_d23,1945,165763,US-1961-MAPP,1961,-16,0.29206408446211457,-0.16470172186732893,Criminal Justice & Guns,100
continuous_d23,1945,165763,US-1962-BAKER,1962,-17,0.2228647322111855,-0.15334000171213635,Democracy & Governance,100
continuous_d23,1945,165763,US-1962-ENGEL,1962,-17,0.2182830178265595,-0.11393826766093683,Civil Liberties,100
continuous_d23,1945,165763,US-1962-KEFAUVER-HARRIS,1962,-17,0.3173182480499798,-0.14879941071450456,Economy & Finance,100
continuous_d23,1945,165763,US-1963-EQUAL-PAY,1963,-18,0.3182290906976312,-0.13054899104790701,Civil Rights,99
continuous_d23,1945,165763,US-1963-GIDEON,1963,-18,0.15055201735245968,-0.1961554670310196,Criminal Justice & Guns,100
continuous_d23,1945,165763,US-1964-24TH-AMENDMENT,1964,-19,0.37100800060514766,-0.1643293530185793,Democracy & Governance,100
continuous_d23,1945,165763,US-1964-CIVIL-RIGHTS-ACT,1964,-19,0.14918052616545346,-0.11416567339090995,Civil Rights,100
continuous_d23,1945,165763,US-1964-ECONOMIC-OPPORTUNITY,1964,-19,0.44554797733207563,-0.10500212353041463,Health/Welfare/Educ,99
continuous_d23,1945,165763,US-1964-HEART-ATLANTA,1964,-19,0.21274524878648404,-0.2142831516145813,Civil Rights,100
continuous_d23,1945,165763,US-1964-NYT-SULLIVAN,1964,-19,0.14928251383572866,-0.1579842892353173,Civil Liberties,100
continuous_d23,1945,165763,US-1964-REYNOLDS,1964,-19,0.3890754782030599,-0.11897847815187211,Democracy & Governance,100
continuous_d23,1945,165763,US-1965-ESEA,1965,-20,0.37547687161470633,-0.09610433389742536,Health/Welfare/Educ,100
continuous_d23,1945,165763,US-1965-GRISWOLD,1965,-20,0.26218412304805344,-0.19146710170488926,Civil Liberties,99
continuous_d23,1945,165763,US-1965-HART-CELLER,1965,-20,0.30382383577420596,-0.17968976267814576,Immigration,100
continuous_d23,1945,165763,US-1965-MEDICARE-MEDICAID,1965,-20,0.39741251680929734,-0.12355443432037976,Health/Welfare/Educ,99
continuous_d23,1945,165763,US-1965-VRA,1965,-20,0.22091387345302596,-0.2195695045747637,Democracy & Governance,100
continuous_d23,1945,165763,US-1930-SMOOT-HAWLEY,1930,15,0.11220738107778548,-0.1280848318161014,Economy & Finance,100
continuous_d23,1945,165763,US-1932-RFC,1932,13,0.41032908727615736,-0.1553999876912306,Economy & Finance,100
continuous_d23,1945,165763,US-1932-NORRIS-LAGUARDIA,1932,13,0.12607684524304427,-0.17550754963940585,Labor,100
continuous_d23,1945,165763,US-1933-CCC,1933,12,0.38806048723262326,-0.09759627860676005,Democracy & Governance,100
continuous_d23,1945,165763,US-1933-FERA,1933,12,0.3422440378501925,-0.13711536485276019,Health/Welfare/Educ,99
continuous_d23,1945,165763,US-1933-HOME-OWNERS-LOAN,1933,12,0.17163446839784938,-0.09861100681781775,Health/Welfare/Educ,99
continuous_d23,1945,165763,US-1934-NFA,1934,11,0.22784603226890496,-0.21489877942828964,Criminal Justice & Guns,100
continuous_d23,1945,165763,US-1935-PUHCA,1935,10,0.18855980213703472,-0.13305189529762657,Environment & Energy,100
continuous_d23,1945,165763,US-1936-RURAL-ELECTRIFICATION,1936,9,0.2392086784150014,-0.09606233149457251,Environment & Energy,100
continuous_d23,1945,165763,US-1939-HATCH-ACT,1939,6,0.2767281789659317,-0.17491300579309713,Civil Rights,100
continuous_d23,1945,165763,US-1940-SELECTIVE-TRAINING,1940,5,0.37738457127566716,-0.18762105173445817,Natl Security & Foreign,100
continuous_d23,1945,165763,US-1940-SMITH-ACT,1940,5,0.32726595077977766,-0.1887862110639919,Natl Security & Foreign,99
continuous_d23,1945,165763,US-1941-DARBY,1941,4,0.38151790470906194,-0.18308629711767557,Labor,100
continuous_d23,1945,165763,US-1941-LEND-LEASE,1941,4,0.3225999073993165,-0.14936603715376737,Natl Security & Foreign,99
continuous_d23,1945,165763,US-1942-EMERGENCY-PRICE-CONTROL,1942,3,0.18812113305834546,-0.16962656590917324,Natl Security & Foreign,100
continuous_d23,1945,165763,US-1943-CHINESE-EXCLUSION-REPEAL,1943,2,0.2997809036910041,-0.15478460616506776,Immigration,99
continuous_d23,1945,165763,US-1945-BRETTON-WOODS,1945,0,0.39379331273906,-0.11863393526955571,Natl Security & Foreign,100
continuous_d23,1945,165763,US-1945-UN-PARTICIPATION,1945,0,0.4351115008097979,-0.16424921864589773,Natl Security & Foreign,100
continuous_d23,1945,165763,US-1946-APA,1946,-1,0.1272024386863635,-0.11761916045159121,Democracy & Governance,100
continuous_d23,1945,165763,US-1948-DISPLACED-PERSONS-ACT,1948,-3,0.383950490578136,0.01916485384034659,Immigration,99
continuous_d23,1945,165763,US-1948-MARSHALL-PLAN,1948,-3,0.2922010740517501,-0.11701794853927623,Natl Security & Foreign,100
continuous_d23,1945,165763,US-1948-SHELLEY,1948,-3,0.2949654109061479,-0.1561329544406843,Civil Rights,100
continuous_d23,1945,165763,US-1950-DPA,1950,-5,0.40132523845655454,-0.14671051091185205,Economy & Finance,100
continuous_d23,1945,165763,US-1950-INTERNAL-SECURITY,1950,-5,0.333150825203402,-0.15916534272657504,Natl Security & Foreign,100
continuous_d23,1945,165763,US-1951-DENNIS,1951,-6,0.36165166742336724,-0.1934556111245221,Civil Liberties,97
continuous_d23,1945,165763,US-1956-BANK-HOLDING-COMPANY-ACT,1956,-11,0.17153626945832318,-0.1379420877493328,Economy & Finance,100
continuous_d23,1945,165763,US-1957-YATES,1957,-12,0.3195032180010623,-0.18409399412624292,Civil Liberties,100
continuous_d23,1945,165763,US-1958-NDEA,1958,-13,0.36771856058317043,-0.08678690320935109,Health/Welfare/Educ,100
continuous_d23,1945,165763,US-1958-NASA-ACT,1958,-13,0.2523098840480443,-0.14343489733822498,Environment & Energy,100
continuous_d23,1945,165763,US-1958-COOPER,1958,-13,0.23871664710255483,-0.17730414542938772,Civil Rights,100
continuous_d23,1945,165763,US-1961-PEACE-CORPS,1961,-16,0.35602211829902963,-0.12674214028172423,Natl Security & Foreign,100
continuous_d23,1945,165763,US-1933-TVA,1933,12,0.5116822576499845,-0.11743407157778614,Democracy & Governance,99
continuous_d23,1945,165763,US-1933-NIRA,1933,12,0.3810046115501027,-0.1559847643781619,Economy & Finance,100
continuous_d23,1945,165763,US-1942-EO9066,1942,3,0.3147269267265539,-0.21228778293896386,Civil Rights,100
continuous_d23,1945,165763,US-1947-TRUMAN-DOCTRINE,1947,-2,0.3136653134694905,-0.1472043115930424,Natl Security & Foreign,100
continuous_d23,1945,165763,US-1957-EO10730,1957,-12,0.3285478829519955,-0.18641031479952247,Civil Rights,100
continuous_d23,1945,165763,US-1963-TEST-BAN-TREATY,1963,-18,0.47433928764481764,-0.18541493986504473,Natl Security & Foreign,100
continuous_d23,1945,165763,US-1964-TONKIN-GULF,1964,-19,0.44172133667747965,-0.16735320203465195,Natl Security & Foreign,100
continuous_d23,1946,166677,US-1933-GLASS-STEAGALL,1933,13,0.05006447423028642,0.10403834816296921,Economy & Finance,100
continuous_d23,1946,166677,US-1933-PROHIBITION-REPEAL,1933,13,0.05059881543701219,-0.07795894749950132,Civil Liberties,100
continuous_d23,1946,166677,US-1933-SECURITIES-ACT,1933,13,0.04388528911942051,0.0941107640981908,Economy & Finance,99
continuous_d23,1946,166677,US-1934-EXCHANGE-ACT,1934,12,0.04239471008929783,0.03069740851936348,Economy & Finance,100
continuous_d23,1946,166677,US-1934-IRA,1934,12,0.05436773884736906,0.16044773297073128,Civil Rights,100
continuous_d23,1946,166677,US-1934-NATIONAL-HOUSING-ACT,1934,12,0.062207385694323075,0.09703459530209502,Health/Welfare/Educ,100
continuous_d23,1946,166677,US-1935-NIRA-SCHECHTER,1935,11,0.056283152015739676,0.06969827377459244,Democracy & Governance,100
continuous_d23,1946,166677,US-1935-NLRA,1935,11,0.06535903206208728,0.030588383190872554,Labor,100
continuous_d23,1946,166677,US-1935-SOCIAL-SECURITY,1935,11,0.04463786162057561,0.07642524385919534,Health/Welfare/Educ,100
continuous_d23,1946,166677,US-1936-AAA-BUTLER,1936,10,0.0355076761326689,0.16903688503233244,Democracy & Governance,100
continuous_d23,1946,166677,US-1937-JONES-LAUGHLIN,1937,9,0.03803484821269808,0.03642461086214129,Labor,100
continuous_d23,1946,166677,US-1937-WEST-COAST-HOTEL,1937,9,0.05724067700966326,0.1331705586581799,Labor,100
continuous_d23,1946,166677,US-1938-FDCA,1938,8,0.05631326302655786,0.053992691321278354,Economy & Finance,100
continuous_d23,1946,166677,US-1938-FLSA,1938,8,0.05657504381992653,0.06019030185653698,Labor,100
continuous_d23,1946,166677,US-1941-EO8802,1941,5,0.020325957285179826,0.044907213086958365,Civil Rights,100
continuous_d23,1946,166677,US-1942-WICKARD,1942,4,0.03786914435624085,0.0026303072728252374,Democracy & Governance,100
continuous_d23,1946,166677,US-1944-GI-BILL,1944,2,0.03373569966387111,-0.05308654117087712,Health/Welfare/Educ,100
continuous_d23,1946,166677,US-1944-KOREMATSU,1944,2,0.026223868045049205,-0.06742278206147233,Civil Rights,100
continuous_d23,1946,166677,US-1946-EMPLOYMENT-ACT,1946,0,0.04673986445494566,0.02298684014689153,Economy & Finance,100
continuous_d23,1946,166677,US-1947-NATIONAL-SECURITY-ACT,1947,-1,0.05489035345435237,0.008396820667453665,Natl Security & Foreign,100
continuous_d23,1946,166677,US-1947-TAFT-HARTLEY,1947,-1,0.06490772118387537,-0.03860893712469379,Labor,100
continuous_d23,1946,166677,US-1948-EO9981,1948,-2,0.035057953722655466,-0.026304786367371505,Civil Rights,100
continuous_d23,1946,166677,US-1952-INA,1952,-6,0.08161711026644917,0.06257488716865801,Immigration,100
continuous_d23,1946,166677,US-1952-YOUNGSTOWN,1952,-6,0.017813966862109013,-0.015641012379073022,Democracy & Governance,99
continuous_d23,1946,166677,US-1954-BROWN,1954,-8,0.048402141691399087,-0.14891037399750662,Civil Rights,100
continuous_d23,1946,166677,US-1956-HIGHWAY,1956,-10,0.03332002713900386,-0.017263698075408253,Environment & Energy,100
continuous_d23,1946,166677,US-1957-CIVIL-RIGHTS-ACT,1957,-11,0.047300953372758914,-0.01670700122440208,Civil Rights,100
continuous_d23,1946,166677,US-1961-MAPP,1961,-15,0.05364661104812478,0.023690575886764712,Criminal Justice & Guns,100
continuous_d23,1946,166677,US-1962-BAKER,1962,-16,0.0384444820352846,0.07379584388982784,Democracy & Governance,100
continuous_d23,1946,166677,US-1962-ENGEL,1962,-16,0.07188544499765706,0.0560690616050584,Civil Liberties,100
continuous_d23,1946,166677,US-1962-KEFAUVER-HARRIS,1962,-16,0.03680110722876058,0.041905521409177776,Economy & Finance,100
continuous_d23,1946,166677,US-1963-EQUAL-PAY,1963,-17,0.07397923065690443,0.05098240605967611,Civil Rights,99
continuous_d23,1946,166677,US-1963-GIDEON,1963,-17,0.039996092156033225,-0.016429862817996535,Criminal Justice & Guns,100
continuous_d23,1946,166677,US-1964-24TH-AMENDMENT,1964,-18,0.07599533631794049,-0.08183987611582708,Democracy & Governance,100
continuous_d23,1946,166677,US-1964-CIVIL-RIGHTS-ACT,1964,-18,0.05934342849488823,0.14694495309895492,Civil Rights,100
continuous_d23,1946,166677,US-1964-ECONOMIC-OPPORTUNITY,1964,-18,0.04471460354975847,0.024082613740369786,Health/Welfare/Educ,99
continuous_d23,1946,166677,US-1964-HEART-ATLANTA,1964,-18,0.03503849828575937,-0.04241295470163343,Civil Rights,100
continuous_d23,1946,166677,US-1964-NYT-SULLIVAN,1964,-18,0.030905294279332484,0.07042538303531763,Civil Liberties,100
continuous_d23,1946,166677,US-1964-REYNOLDS,1964,-18,0.06717163975633253,0.06295485706502311,Democracy & Governance,100
continuous_d23,1946,166677,US-1965-ESEA,1965,-19,0.0483076377530723,0.06548535674752164,Health/Welfare/Educ,100
continuous_d23,1946,166677,US-1965-GRISWOLD,1965,-19,0.058866976571523656,-0.04207527360086515,Civil Liberties,99
continuous_d23,1946,166677,US-1965-HART-CELLER,1965,-19,0.10220531369123488,0.04287396040612692,Immigration,100
continuous_d23,1946,166677,US-1965-MEDICARE-MEDICAID,1965,-19,0.03520539102409597,0.06804783292700144,Health/Welfare/Educ,99
continuous_d23,1946,166677,US-1965-VRA,1965,-19,0.02832790122668075,0.020949664239833733,Democracy & Governance,100
continuous_d23,1946,166677,US-1966-FOIA,1966,-20,0.03303803989142307,0.07135332274691698,Democracy & Governance,100
continuous_d23,1946,166677,US-1966-HARPER,1966,-20,0.105061782763769,-0.025299532538252505,Democracy & Governance,100
continuous_d23,1946,166677,US-1966-MIRANDA,1966,-20,0.031653494547789554,0.1583424565448246,Criminal Justice & Guns,100
continuous_d23,1946,166677,US-1930-SMOOT-HAWLEY,1930,16,0.029028679754173493,0.15292123191625698,Economy & Finance,100
continuous_d23,1946,166677,US-1932-RFC,1932,14,0.02787067808234047,0.03949518335624051,Economy & Finance,100
continuous_d23,1946,166677,US-1932-NORRIS-LAGUARDIA,1932,14,0.04257038827538497,0.02023157234937869,Labor,100
continuous_d23,1946,166677,US-1933-CCC,1933,13,0.04053479456405417,0.08513043961475195,Democracy & Governance,100
continuous_d23,1946,166677,US-1933-FERA,1933,13,0.0445988023022686,0.02504736512781523,Health/Welfare/Educ,99
continuous_d23,1946,166677,US-1933-HOME-OWNERS-LOAN,1933,13,0.020164857782489658,0.13729232745360753,Health/Welfare/Educ,99
continuous_d23,1946,166677,US-1934-NFA,1934,12,0.04264010960012266,0.0016904915041192593,Criminal Justice & Guns,100
continuous_d23,1946,166677,US-1935-PUHCA,1935,11,0.027379519818122165,0.0704560429273792,Environment & Energy,100
continuous_d23,1946,166677,US-1936-RURAL-ELECTRIFICATION,1936,10,0.041197104635473145,0.15168190361559516,Environment & Energy,100
continuous_d23,1946,166677,US-1939-HATCH-ACT,1939,7,0.08619254477158794,0.06422096687447763,Civil Rights,100
continuous_d23,1946,166677,US-1940-SELECTIVE-TRAINING,1940,6,0.03831938871330483,-0.03563375915367681,Natl Security & Foreign,100
continuous_d23,1946,166677,US-1940-SMITH-ACT,1940,6,0.025390345954404495,0.049973139200701115,Natl Security & Foreign,99
continuous_d23,1946,166677,US-1941-DARBY,1941,5,0.07194080963065898,0.08773863629460214,Labor,100
continuous_d23,1946,166677,US-1941-LEND-LEASE,1941,5,0.018999531178567876,0.0047719204132051956,Natl Security & Foreign,99
continuous_d23,1946,166677,US-1942-EMERGENCY-PRICE-CONTROL,1942,4,0.0888795786786857,0.05448566035120533,Natl Security & Foreign,100
continuous_d23,1946,166677,US-1943-CHINESE-EXCLUSION-REPEAL,1943,3,0.044838581239321294,0.04736779496395486,Immigration,99
continuous_d23,1946,166677,US-1945-BRETTON-WOODS,1945,1,0.029455665023138348,0.009016834281570242,Natl Security & Foreign,100
continuous_d23,1946,166677,US-1945-UN-PARTICIPATION,1945,1,0.038711054947872026,-0.0189178655368462,Natl Security & Foreign,100
continuous_d23,1946,166677,US-1946-APA,1946,0,0.027683342277019407,0.12345712917637425,Democracy & Governance,100
continuous_d23,1946,166677,US-1948-DISPLACED-PERSONS-ACT,1948,-2,0.029735251656026904,0.19018928886176226,Immigration,99
continuous_d23,1946,166677,US-1948-MARSHALL-PLAN,1948,-2,0.0194012148815154,0.011401730704083646,Natl Security & Foreign,100
continuous_d23,1946,166677,US-1948-SHELLEY,1948,-2,0.05172722939132857,0.0911397993072213,Civil Rights,100
continuous_d23,1946,166677,US-1950-DPA,1950,-4,0.028541010949852175,0.07690760380809084,Economy & Finance,100
continuous_d23,1946,166677,US-1950-INTERNAL-SECURITY,1950,-4,0.04553703959966744,0.05113091416143197,Natl Security & Foreign,100
continuous_d23,1946,166677,US-1951-DENNIS,1951,-5,0.04263196139453633,0.045560034444674144,Civil Liberties,97
continuous_d23,1946,166677,US-1956-BANK-HOLDING-COMPANY-ACT,1956,-10,0.061015905520318034,0.09073104035293364,Economy & Finance,100
continuous_d23,1946,166677,US-1957-YATES,1957,-11,0.03193210162687714,0.034286168411327304,Civil Liberties,100
continuous_d23,1946,166677,US-1958-NDEA,1958,-12,0.060630180098806594,0.07746400191450097,Health/Welfare/Educ,100
continuous_d23,1946,166677,US-1958-NASA-ACT,1958,-12,0.03241564496165806,-0.002124032591530327,Environment & Energy,100
continuous_d23,1946,166677,US-1958-COOPER,1958,-12,0.08694919993871426,-0.11608644194186064,Civil Rights,100
continuous_d23,1946,166677,US-1961-PEACE-CORPS,1961,-15,0.02246710515625757,0.07185360883196235,Natl Security & Foreign,100
continuous_d23,1946,166677,US-1933-TVA,1933,13,0.02244331227294178,0.009835851698955737,Democracy & Governance,99
continuous_d23,1946,166677,US-1933-NIRA,1933,13,0.055268573022582916,0.04193748227661057,Economy & Finance,100
continuous_d23,1946,166677,US-1942-EO9066,1942,4,0.01724160920602448,-0.1087384036541928,Civil Rights,100
continuous_d23,1946,166677,US-1947-TRUMAN-DOCTRINE,1947,-1,0.024402451101939077,-0.027717423747504695,Natl Security & Foreign,100
continuous_d23,1946,166677,US-1957-EO10730,1957,-11,0.013500788924820232,-0.06929356780299212,Civil Rights,100
continuous_d23,1946,166677,US-1963-TEST-BAN-TREATY,1963,-17,0.02832428765894049,-0.018274563100096702,Natl Security & Foreign,100
continuous_d23,1946,166677,US-1964-TONKIN-GULF,1964,-18,0.024912899030749842,0.01960537410900964,Natl Security & Foreign,100
continuous_d23,1947,167490,US-1933-GLASS-STEAGALL,1933,14,0.2931706383026455,0.00017215360085191784,Economy & Finance,100
continuous_d23,1947,167490,US-1933-PROHIBITION-REPEAL,1933,14,0.33193394592113556,-0.0072462019176169875,Civil Liberties,100
continuous_d23,1947,167490,US-1933-SECURITIES-ACT,1933,14,0.28820619471483383,-3.378769170330944e-05,Economy & Finance,99
continuous_d23,1947,167490,US-1934-EXCHANGE-ACT,1934,13,0.31709201582477436,-0.00835777549957064,Economy & Finance,100
continuous_d23,1947,167490,US-1934-IRA,1934,13,0.32214977666461814,-0.0071736460463804694,Civil Rights,100
continuous_d23,1947,167490,US-1934-NATIONAL-HOUSING-ACT,1934,13,0.3358850978006071,-0.007178525498567848,Health/Welfare/Educ,100
continuous_d23,1947,167490,US-1935-NIRA-SCHECHTER,1935,12,0.3255423045002995,0.0005703975174315482,Democracy & Governance,100
continuous_d23,1947,167490,US-1935-NLRA,1935,12,0.31305843099641556,-0.0015222384049769348,Labor,100
continuous_d23,1947,167490,US-1935-SOCIAL-SECURITY,1935,12,0.292801452169246,0.007877449785890507,Health/Welfare/Educ,100
continuous_d23,1947,167490,US-1936-AAA-BUTLER,1936,11,0.34994098587569644,-0.0012750343535359405,Democracy & Governance,100
continuous_d23,1947,167490,US-1937-JONES-LAUGHLIN,1937,10,0.30490742834224993,0.00858230553439203,Labor,100
continuous_d23,1947,167490,US-1937-WEST-COAST-HOTEL,1937,10,0.2920083923092329,-0.004237277216290943,Labor,100
continuous_d23,1947,167490,US-1938-FDCA,1938,9,0.3370424939840557,-0.0032634379050731177,Economy & Finance,100
continuous_d23,1947,167490,US-1938-FLSA,1938,9,0.2736295216596178,-0.0009522033959487233,Labor,100
continuous_d23,1947,167490,US-1941-EO8802,1941,6,0.2804307015236149,0.006738892464160507,Civil Rights,100
continuous_d23,1947,167490,US-1942-WICKARD,1942,5,0.29852114334055235,0.005835127672201612,Democracy & Governance,100
continuous_d23,1947,167490,US-1944-GI-BILL,1944,3,0.2866103389284079,0.002880495070237613,Health/Welfare/Educ,100
continuous_d23,1947,167490,US-1944-KOREMATSU,1944,3,0.3420891421905912,0.005667572451190566,Civil Rights,100
continuous_d23,1947,167490,US-1946-EMPLOYMENT-ACT,1946,1,0.31647296374778155,-6.067624172641423e-05,Economy & Finance,100
continuous_d23,1947,167490,US-1947-NATIONAL-SECURITY-ACT,1947,0,0.3020360966858102,-0.0030709418468807237,Natl Security & Foreign,100
continuous_d23,1947,167490,US-1947-TAFT-HARTLEY,1947,0,0.2863623399580659,0.004200758935869701,Labor,100
continuous_d23,1947,167490,US-1948-EO9981,1948,-1,0.30458071618083143,0.0011026207238186486,Civil Rights,100
continuous_d23,1947,167490,US-1952-INA,1952,-5,0.30664390379843703,0.023721767307459948,Immigration,100
continuous_d23,1947,167490,US-1952-YOUNGSTOWN,1952,-5,0.30284239866609025,0.010398525850360074,Democracy & Governance,99
continuous_d23,1947,167490,US-1954-BROWN,1954,-7,0.26056434249902094,-0.004403438918260304,Civil Rights,100
continuous_d23,1947,167490,US-1956-HIGHWAY,1956,-9,0.30403900594044353,0.006639692147816085,Environment & Energy,100
continuous_d23,1947,167490,US-1957-CIVIL-RIGHTS-ACT,1957,-10,0.30841087121008054,0.007791930725779123,Civil Rights,100
continuous_d23,1947,167490,US-1961-MAPP,1961,-14,0.2953654292471923,0.0024261083305630524,Criminal Justice & Guns,100
continuous_d23,1947,167490,US-1962-BAKER,1962,-15,0.3218625685761666,-0.0020161028721954093,Democracy & Governance,100
continuous_d23,1947,167490,US-1962-ENGEL,1962,-15,0.2723675726768402,-0.011759700634687294,Civil Liberties,100
continuous_d23,1947,167490,US-1962-KEFAUVER-HARRIS,1962,-15,0.3072550907346539,-0.001423088047102467,Economy & Finance,100
continuous_d23,1947,167490,US-1963-EQUAL-PAY,1963,-16,0.32030607351650436,0.0034425817028614666,Civil Rights,99
continuous_d23,1947,167490,US-1963-GIDEON,1963,-16,0.30804972535435743,0.004323948587399953,Criminal Justice & Guns,100
continuous_d23,1947,167490,US-1964-24TH-AMENDMENT,1964,-17,0.2979865788443575,0.0012419401818765878,Democracy & Governance,100
continuous_d23,1947,167490,US-1964-CIVIL-RIGHTS-ACT,1964,-17,0.28575803923059895,-0.0007359759039092608,Civil Rights,100
continuous_d23,1947,167490,US-1964-ECONOMIC-OPPORTUNITY,1964,-17,0.31944870415900056,-0.004154189765242734,Health/Welfare/Educ,99
continuous_d23,1947,167490,US-1964-HEART-ATLANTA,1964,-17,0.3196640579306622,-0.0016966245928559673,Civil Rights,100
continuous_d23,1947,167490,US-1964-NYT-SULLIVAN,1964,-17,0.35852662765891696,-0.006809386909676584,Civil Liberties,100
continuous_d23,1947,167490,US-1964-REYNOLDS,1964,-17,0.32288883241142075,-0.005207461019016686,Democracy & Governance,100
continuous_d23,1947,167490,US-1965-ESEA,1965,-18,0.30041947089960686,0.0028928968424206873,Health/Welfare/Educ,100
continuous_d23,1947,167490,US-1965-GRISWOLD,1965,-18,0.32997282985239035,0.0067330964829642355,Civil Liberties,99
continuous_d23,1947,167490,US-1965-HART-CELLER,1965,-18,0.3099260178663153,0.01950018995708781,Immigration,100
continuous_d23,1947,167490,US-1965-MEDICARE-MEDICAID,1965,-18,0.3350376034329652,0.001478847702157127,Health/Welfare/Educ,99
continuous_d23,1947,167490,US-1965-VRA,1965,-18,0.32926310483176563,0.008951022502564738,Democracy & Governance,100
continuous_d23,1947,167490,US-1966-FOIA,1966,-19,0.31616507248872655,0.004283487527059296,Democracy & Governance,100
continuous_d23,1947,167490,US-1966-HARPER,1966,-19,0.296905331780211,0.00433988527666422,Democracy & Governance,100
continuous_d23,1947,167490,US-1966-MIRANDA,1966,-19,0.3193093220057823,-0.003350898700133344,Criminal Justice & Guns,100
continuous_d23,1947,167490,US-1967-KATZ,1967,-20,0.31493992835281803,0.007812265306943012,Civil Liberties,100
continuous_d23,1947,167490,US-1967-LOVING,1967,-20,0.29467169330401505,-0.004788875703690418,Civil Rights,100
continuous_d23,1947,167490,US-1930-SMOOT-HAWLEY,1930,17,0.324036496695393,0.006595711217052971,Economy & Finance,100
continuous_d23,1947,167490,US-1932-RFC,1932,15,0.32892228466118867,0.01131770337235251,Economy & Finance,100
continuous_d23,1947,167490,US-1932-NORRIS-LAGUARDIA,1932,15,0.3043565895094046,0.007741851839944855,Labor,100
continuous_d23,1947,167490,US-1933-CCC,1933,14,0.292741754483401,-0.0009339394542623639,Democracy & Governance,100
continuous_d23,1947,167490,US-1933-FERA,1933,14,0.2997940698024633,0.005891637644129761,Health/Welfare/Educ,99
continuous_d23,1947,167490,US-1933-HOME-OWNERS-LOAN,1933,14,0.33363698999363095,0.0022474222609934493,Health/Welfare/Educ,99
continuous_d23,1947,167490,US-1934-NFA,1934,13,0.2905859131087054,-0.0043928828255486215,Criminal Justice & Guns,100
continuous_d23,1947,167490,US-1935-PUHCA,1935,12,0.31557633256814427,-0.0028379724692143005,Environment & Energy,100
continuous_d23,1947,167490,US-1936-RURAL-ELECTRIFICATION,1936,11,0.3344931030165715,0.0023673901454300305,Environment & Energy,100
continuous_d23,1947,167490,US-1939-HATCH-ACT,1939,8,0.3032135194075287,0.010213773190973276,Civil Rights,100
continuous_d23,1947,167490,US-1940-SELECTIVE-TRAINING,1940,7,0.3189916387106012,0.011380457694035536,Natl Security & Foreign,100
continuous_d23,1947,167490,US-1940-SMITH-ACT,1940,7,0.30008647352819445,0.00786657223161011,Natl Security & Foreign,99
continuous_d23,1947,167490,US-1941-DARBY,1941,6,0.2692910863226717,0.009663087325269153,Labor,100
continuous_d23,1947,167490,US-1941-LEND-LEASE,1941,6,0.28499125160514577,0.008468710361534149,Natl Security & Foreign,99
continuous_d23,1947,167490,US-1942-EMERGENCY-PRICE-CONTROL,1942,5,0.31493862435968334,-0.0007069512564516276,Natl Security & Foreign,100
continuous_d23,1947,167490,US-1943-CHINESE-EXCLUSION-REPEAL,1943,4,0.2904490451555448,0.004157958468011936,Immigration,99
continuous_d23,1947,167490,US-1945-BRETTON-WOODS,1945,2,0.2990338445833335,0.0006870558141663787,Natl Security & Foreign,100
continuous_d23,1947,167490,US-1945-UN-PARTICIPATION,1945,2,0.2846543912472264,0.008123040592734127,Natl Security & Foreign,100
continuous_d23,1947,167490,US-1946-APA,1946,1,0.2545476206161449,-0.0014661763903198732,Democracy & Governance,100
continuous_d23,1947,167490,US-1948-DISPLACED-PERSONS-ACT,1948,-1,0.3269878983155796,0.0066033790876443505,Immigration,99
continuous_d23,1947,167490,US-1948-MARSHALL-PLAN,1948,-1,0.32430677179039835,-0.0024298550747239604,Natl Security & Foreign,100
continuous_d23,1947,167490,US-1948-SHELLEY,1948,-1,0.3426078324939927,-8.203830438270803e-05,Civil Rights,100
continuous_d23,1947,167490,US-1950-DPA,1950,-3,0.3090448948483414,0.0061357020050065115,Economy & Finance,100
continuous_d23,1947,167490,US-1950-INTERNAL-SECURITY,1950,-3,0.29953748490830556,0.005287353546174552,Natl Security & Foreign,100
continuous_d23,1947,167490,US-1951-DENNIS,1951,-4,0.2749246596347829,0.0070512257050398775,Civil Liberties,97
continuous_d23,1947,167490,US-1956-BANK-HOLDING-COMPANY-ACT,1956,-9,0.28656584843426314,-0.0009258911419696314,Economy & Finance,100
continuous_d23,1947,167490,US-1957-YATES,1957,-10,0.2947567861214826,0.0025688473340718175,Civil Liberties,100
continuous_d23,1947,167490,US-1958-NDEA,1958,-11,0.26100175993981,0.0034500697939756,Health/Welfare/Educ,100
continuous_d23,1947,167490,US-1958-NASA-ACT,1958,-11,0.31873681776279755,-0.00046240691894626566,Environment & Energy,100
continuous_d23,1947,167490,US-1958-COOPER,1958,-11,0.26870759169632946,-0.004365593842135905,Civil Rights,100
continuous_d23,1947,167490,US-1961-PEACE-CORPS,1961,-14,0.3200508581309203,0.0016861450679872645,Natl Security & Foreign,100
continuous_d23,1947,167490,US-1933-TVA,1933,14,0.3437937824913503,0.001723030474879524,Democracy & Governance,99
continuous_d23,1947,167490,US-1933-NIRA,1933,14,0.33638569402734353,-0.0016076506735484674,Economy & Finance,100
continuous_d23,1947,167490,US-1942-EO9066,1942,5,0.31366695926247196,0.007471843429437679,Civil Rights,100
continuous_d23,1947,167490,US-1947-TRUMAN-DOCTRINE,1947,0,0.3292770627748468,-0.002952810660796479,Natl Security & Foreign,100
continuous_d23,1947,167490,US-1957-EO10730,1957,-10,0.32164058102886645,-0.008633275455221084,Civil Rights,100
continuous_d23,1947,167490,US-1963-TEST-BAN-TREATY,1963,-16,0.34265778321023765,0.005843883093406266,Natl Security & Foreign,100
continuous_d23,1947,167490,US-1964-TONKIN-GULF,1964,-17,0.32428835979498016,0.009278184362919743,Natl Security & Foreign,100
continuous_d23,1947,167490,US-1967-ADEA,1967,-20,0.3345194266119339,0.0009119811351931695,Civil Rights,100
continuous_d23,1948,168548,US-1933-GLASS-STEAGALL,1933,15,0.6519557063392187,-0.09449703740564991,Economy & Finance,100
continuous_d23,1948,168548,US-1933-PROHIBITION-REPEAL,1933,15,0.7481927163041453,-0.16870619364699713,Civil Liberties,100
continuous_d23,1948,168548,US-1933-SECURITIES-ACT,1933,15,0.7126948277023172,-0.15938083567994518,Economy & Finance,99
continuous_d23,1948,168548,US-1934-EXCHANGE-ACT,1934,14,0.5929484635384569,-0.1827737353375065,Economy & Finance,100
continuous_d23,1948,168548,US-1934-IRA,1934,14,0.7071239091918791,-0.0703422945999724,Civil Rights,100
continuous_d23,1948,168548,US-1934-NATIONAL-HOUSING-ACT,1934,14,0.7933406174778512,-0.11191677193045052,Health/Welfare/Educ,100
continuous_d23,1948,168548,US-1935-NIRA-SCHECHTER,1935,13,0.6725338613637797,-0.05210871978249225,Democracy & Governance,100
continuous_d23,1948,168548,US-1935-NLRA,1935,13,0.7928879349249872,-0.1655877796106295,Labor,100
continuous_d23,1948,168548,US-1935-SOCIAL-SECURITY,1935,13,0.715259757497704,-0.1609251071941863,Health/Welfare/Educ,100
continuous_d23,1948,168548,US-1936-AAA-BUTLER,1936,12,0.55715977046478,-0.09679498307423864,Democracy & Governance,100
continuous_d23,1948,168548,US-1937-JONES-LAUGHLIN,1937,11,0.7944935250804561,-0.11121003003137286,Labor,100
continuous_d23,1948,168548,US-1937-WEST-COAST-HOTEL,1937,11,0.8061149105619281,-0.06796504895785052,Labor,100
continuous_d23,1948,168548,US-1938-FDCA,1938,10,0.7148818865085357,-0.14360189206521706,Economy & Finance,100
continuous_d23,1948,168548,US-1938-FLSA,1938,10,0.7371687358614942,-0.1448515348039857,Labor,100
continuous_d23,1948,168548,US-1941-EO8802,1941,7,0.5122249120921287,-0.18356579871781953,Civil Rights,100
continuous_d23,1948,168548,US-1942-WICKARD,1942,6,0.6387170291198966,-0.13202183752340493,Democracy & Governance,100
continuous_d23,1948,168548,US-1944-GI-BILL,1944,4,0.7026616424791138,-0.20041196801643948,Health/Welfare/Educ,100
continuous_d23,1948,168548,US-1944-KOREMATSU,1944,4,0.6657164449293841,-0.17473929060001742,Civil Rights,100
continuous_d23,1948,168548,US-1946-EMPLOYMENT-ACT,1946,2,0.6568618160275739,-0.1709914950356189,Economy & Finance,100
continuous_d23,1948,168548,US-1947-NATIONAL-SECURITY-ACT,1947,1,0.7274922798121781,-0.17094422553220714,Natl Security & Foreign,100
continuous_d23,1948,168548,US-1947-TAFT-HARTLEY,1947,1,0.7062566420729786,-0.1421607469399718,Labor,100
continuous_d23,1948,168548,US-1948-EO9981,1948,0,0.6925427519214792,-0.1859771123181103,Civil Rights,100
continuous_d23,1948,168548,US-1952-INA,1952,-4,0.7484406922293872,-0.14061498099407568,Immigration,100
continuous_d23,1948,168548,US-1952-YOUNGSTOWN,1952,-4,0.35122406914971116,-0.176954157239558,Democracy & Governance,99
continuous_d23,1948,168548,US-1954-BROWN,1954,-6,0.6638745938105803,-0.13415881068540642,Civil Rights,100
continuous_d23,1948,168548,US-1956-HIGHWAY,1956,-8,0.6401958259429622,-0.18633391158958126,Environment & Energy,100
continuous_d23,1948,168548,US-1957-CIVIL-RIGHTS-ACT,1957,-9,0.6965805625984859,-0.1799930438445125,Civil Rights,100
continuous_d23,1948,168548,US-1961-MAPP,1961,-13,0.5507660703782309,-0.061161357921094985,Criminal Justice & Guns,100
continuous_d23,1948,168548,US-1962-BAKER,1962,-14,0.5702938225000362,-0.10440667028141042,Democracy & Governance,100
continuous_d23,1948,168548,US-1962-ENGEL,1962,-14,0.7023929623184202,-0.09114982752127072,Civil Liberties,100
continuous_d23,1948,168548,US-1962-KEFAUVER-HARRIS,1962,-14,0.707602432330566,-0.16448611322119663,Economy & Finance,100
continuous_d23,1948,168548,US-1963-EQUAL-PAY,1963,-15,0.8595672694061407,-0.13877277561455278,Civil Rights,99
continuous_d23,1948,168548,US-1963-GIDEON,1963,-15,0.7186498098587822,-0.18228887165715618,Criminal Justice & Guns,100
continuous_d23,1948,168548,US-1964-24TH-AMENDMENT,1964,-16,0.6472784812280727,-0.20441465112320992,Democracy & Governance,100
continuous_d23,1948,168548,US-1964-CIVIL-RIGHTS-ACT,1964,-16,0.6286352784301321,-0.18308127160664153,Civil Rights,100
continuous_d23,1948,168548,US-1964-ECONOMIC-OPPORTUNITY,1964,-16,0.7824842983599949,-0.16402659901276745,Health/Welfare/Educ,99
continuous_d23,1948,168548,US-1964-HEART-ATLANTA,1964,-16,0.6099334340804545,-0.2210679231577026,Civil Rights,100
continuous_d23,1948,168548,US-1964-NYT-SULLIVAN,1964,-16,0.674770507052259,-0.11457430429124842,Civil Liberties,100
continuous_d23,1948,168548,US-1964-REYNOLDS,1964,-16,0.7502810796137785,-0.16015145929641403,Democracy & Governance,100
continuous_d23,1948,168548,US-1965-ESEA,1965,-17,0.7335037382331907,-0.1994426570035418,Health/Welfare/Educ,100
continuous_d23,1948,168548,US-1965-GRISWOLD,1965,-17,0.6304090353798298,-0.1577347779070379,Civil Liberties,99
continuous_d23,1948,168548,US-1965-HART-CELLER,1965,-17,0.740634202298948,-0.15101466891188178,Immigration,100
continuous_d23,1948,168548,US-1965-MEDICARE-MEDICAID,1965,-17,0.7074429905884808,-0.16091351045522606,Health/Welfare/Educ,99
continuous_d23,1948,168548,US-1965-VRA,1965,-17,0.5688068290252427,-0.18401682326283683,Democracy & Governance,100
continuous_d23,1948,168548,US-1966-FOIA,1966,-18,0.7416093385531145,-0.10881416534234457,Democracy & Governance,100
continuous_d23,1948,168548,US-1966-HARPER,1966,-18,0.6759791174648511,-0.14275886781559394,Democracy & Governance,100
continuous_d23,1948,168548,US-1966-MIRANDA,1966,-18,0.5738630272911884,-0.10434176240820296,Criminal Justice & Guns,100
continuous_d23,1948,168548,US-1967-KATZ,1967,-19,0.6239750024583244,-0.11953758005999343,Civil Liberties,100
continuous_d23,1948,168548,US-1967-LOVING,1967,-19,0.6988054169366116,-0.0933309799324501,Civil Rights,100
continuous_d23,1948,168548,US-1968-FAIR-HOUSING,1968,-20,0.7005843032453091,-0.14549059602810968,Civil Rights,100
continuous_d23,1948,168548,US-1968-GUN-CONTROL,1968,-20,0.6730820939367128,-0.1331748826018731,Criminal Justice & Guns,99
continuous_d23,1948,168548,US-1968-TERRY,1968,-20,0.6578153712296687,-0.11776262187321708,Criminal Justice & Guns,100
continuous_d23,1948,168548,US-1930-SMOOT-HAWLEY,1930,18,0.6137620921822943,-0.15956471691775712,Economy & Finance,100
continuous_d23,1948,168548,US-1932-RFC,1932,16,0.6992831166283172,-0.18552165801810527,Economy & Finance,100
continuous_d23,1948,168548,US-1932-NORRIS-LAGUARDIA,1932,16,0.6051298275142208,-0.11965185730105508,Labor,100
continuous_d23,1948,168548,US-1933-CCC,1933,15,0.630534550551344,-0.16084043149029775,Democracy & Governance,100
continuous_d23,1948,168548,US-1933-FERA,1933,15,0.7027559011212681,-0.19167875934978745,Health/Welfare/Educ,99
continuous_d23,1948,168548,US-1933-HOME-OWNERS-LOAN,1933,15,0.5228453150176903,-0.15067116656593132,Health/Welfare/Educ,99
continuous_d23,1948,168548,US-1934-NFA,1934,14,0.6762729652192828,-0.15980778128797776,Criminal Justice & Guns,100
continuous_d23,1948,168548,US-1935-PUHCA,1935,13,0.5342282776700173,-0.09174425419229484,Environment & Energy,100
continuous_d23,1948,168548,US-1936-RURAL-ELECTRIFICATION,1936,12,0.7358941937380075,-0.1473000986045589,Environment & Energy,100
continuous_d23,1948,168548,US-1939-HATCH-ACT,1939,9,0.7885220534444298,-0.17768694227253642,Civil Rights,100
continuous_d23,1948,168548,US-1940-SELECTIVE-TRAINING,1940,8,0.548279835145048,-0.19496275077371078,Natl Security & Foreign,100
continuous_d23,1948,168548,US-1940-SMITH-ACT,1940,8,0.5700113684361555,-0.12144831239303161,Natl Security & Foreign,99
continuous_d23,1948,168548,US-1941-DARBY,1941,7,0.7522314710359654,-0.1064709403651827,Labor,100
continuous_d23,1948,168548,US-1941-LEND-LEASE,1941,7,0.4379582348557672,-0.1571405877817624,Natl Security & Foreign,99
continuous_d23,1948,168548,US-1942-EMERGENCY-PRICE-CONTROL,1942,6,0.667891950449988,-0.1063017813770605,Natl Security & Foreign,100
continuous_d23,1948,168548,US-1943-CHINESE-EXCLUSION-REPEAL,1943,5,0.672892593719219,-0.13784096844849397,Immigration,99
continuous_d23,1948,168548,US-1945-BRETTON-WOODS,1945,3,0.6372986292900571,-0.15253728134339745,Natl Security & Foreign,100
continuous_d23,1948,168548,US-1945-UN-PARTICIPATION,1945,3,0.5328345028613856,-0.19349409780244117,Natl Security & Foreign,100
continuous_d23,1948,168548,US-1946-APA,1946,2,0.6179159284028208,-0.09506784055076975,Democracy & Governance,100
continuous_d23,1948,168548,US-1948-DISPLACED-PERSONS-ACT,1948,0,0.685931259418296,-0.1390355398664226,Immigration,99
continuous_d23,1948,168548,US-1948-MARSHALL-PLAN,1948,0,0.6118492522540716,-0.19672626786737824,Natl Security & Foreign,100
continuous_d23,1948,168548,US-1948-SHELLEY,1948,0,0.6535907321144784,-0.03889725201931015,Civil Rights,100
continuous_d23,1948,168548,US-1950-DPA,1950,-2,0.6594049414592922,-0.12812167263775087,Economy & Finance,100
continuous_d23,1948,168548,US-1950-INTERNAL-SECURITY,1950,-2,0.6407724606004576,-0.17968643699137782,Natl Security & Foreign,100
continuous_d23,1948,168548,US-1951-DENNIS,1951,-3,0.6564732991498244,-0.10497539713161787,Civil Liberties,97
continuous_d23,1948,168548,US-1956-BANK-HOLDING-COMPANY-ACT,1956,-8,0.679156244192934,-0.10968199130470663,Economy & Finance,100
continuous_d23,1948,168548,US-1957-YATES,1957,-9,0.60381672063304,-0.12323934909908178,Civil Liberties,100
continuous_d23,1948,168548,US-1958-NDEA,1958,-10,0.7885217865425643,-0.15328015585142352,Health/Welfare/Educ,100
continuous_d23,1948,168548,US-1958-NASA-ACT,1958,-10,0.5750149175157383,-0.207365611606416,Environment & Energy,100
continuous_d23,1948,168548,US-1958-COOPER,1958,-10,0.7187062419398527,-0.18363173712870232,Civil Rights,100
continuous_d23,1948,168548,US-1961-PEACE-CORPS,1961,-13,0.5948801895957431,-0.15933664028966524,Natl Security & Foreign,100
continuous_d23,1948,168548,US-1968-OMNIBUS-CRIME-CONTROL,1968,-20,0.6698632941032453,-0.09502738806010197,Criminal Justice & Guns,100
continuous_d23,1948,168548,US-1968-TRUTH-IN-LENDING,1968,-20,0.7138839258437547,-0.15064540416522285,Economy & Finance,100
continuous_d23,1948,168548,US-1933-TVA,1933,15,0.6807436057642076,-0.20682888265698046,Democracy & Governance,99
continuous_d23,1948,168548,US-1933-NIRA,1933,15,0.6291328803011711,-0.1575597467822843,Economy & Finance,100
continuous_d23,1948,168548,US-1942-EO9066,1942,6,0.4830091147473199,-0.22023981410065555,Civil Rights,100
continuous_d23,1948,168548,US-1947-TRUMAN-DOCTRINE,1947,1,0.5441488413282167,-0.1571576203765518,Natl Security & Foreign,100
continuous_d23,1948,168548,US-1957-EO10730,1957,-9,0.5884565472859047,-0.18903845689395662,Civil Rights,100
continuous_d23,1948,168548,US-1963-TEST-BAN-TREATY,1963,-15,0.5444617024508482,-0.1826761786744509,Natl Security & Foreign,100
continuous_d23,1948,168548,US-1964-TONKIN-GULF,1964,-16,0.45739691929393667,-0.17811138264445792,Natl Security & Foreign,100
continuous_d23,1948,168548,US-1967-ADEA,1967,-19,0.708907220927142,-0.1647059982430226,Civil Rights,100
continuous_d23,1949,169194,US-1933-GLASS-STEAGALL,1933,16,0.7210461361422672,-0.12325421083902847,Economy & Finance,100
continuous_d23,1949,169194,US-1933-PROHIBITION-REPEAL,1933,16,0.8136002918929726,-0.2131272727067747,Civil Liberties,100
continuous_d23,1949,169194,US-1933-SECURITIES-ACT,1933,16,0.7504001802456499,-0.19252902368499308,Economy & Finance,99
continuous_d23,1949,169194,US-1934-EXCHANGE-ACT,1934,15,0.7010535438643143,-0.24362269142469864,Economy & Finance,100
continuous_d23,1949,169194,US-1934-IRA,1934,15,0.7138276096730509,-0.14962190137463732,Civil Rights,100
continuous_d23,1949,169194,US-1934-NATIONAL-HOUSING-ACT,1934,15,0.7562730916130598,-0.17925585439324382,Health/Welfare/Educ,100
continuous_d23,1949,169194,US-1935-NIRA-SCHECHTER,1935,14,0.6829318570244193,-0.14101481961560838,Democracy & Governance,100
continuous_d23,1949,169194,US-1935-NLRA,1935,14,0.7135782177767888,-0.23558884714526776,Labor,100
continuous_d23,1949,169194,US-1935-SOCIAL-SECURITY,1935,14,0.7027697806051953,-0.16970504684677695,Health/Welfare/Educ,100
continuous_d23,1949,169194,US-1936-AAA-BUTLER,1936,13,0.6333801637119361,-0.189853625599468,Democracy & Governance,100
continuous_d23,1949,169194,US-1937-JONES-LAUGHLIN,1937,12,0.7789309134596865,-0.18403103382231556,Labor,100
continuous_d23,1949,169194,US-1937-WEST-COAST-HOTEL,1937,12,0.6801906437695447,-0.10942866637697606,Labor,100
continuous_d23,1949,169194,US-1938-FDCA,1938,11,0.7401553700064014,-0.2420246752762047,Economy & Finance,100
continuous_d23,1949,169194,US-1938-FLSA,1938,11,0.6744330368428443,-0.21638775931962403,Labor,100
continuous_d23,1949,169194,US-1941-EO8802,1941,8,0.5783229925621819,-0.2665133577369105,Civil Rights,100
continuous_d23,1949,169194,US-1942-WICKARD,1942,7,0.7411644414246982,-0.2672977047623202,Democracy & Governance,100
continuous_d23,1949,169194,US-1944-GI-BILL,1944,5,0.72307362036883,-0.28407312527387707,Health/Welfare/Educ,100
continuous_d23,1949,169194,US-1944-KOREMATSU,1944,5,0.7784558149003105,-0.22651992113492855,Civil Rights,100
continuous_d23,1949,169194,US-1946-EMPLOYMENT-ACT,1946,3,0.7390066358779821,-0.21531500219023372,Economy & Finance,100
continuous_d23,1949,169194,US-1947-NATIONAL-SECURITY-ACT,1947,2,0.6742635001112474,-0.21833672387186812,Natl Security & Foreign,100
continuous_d23,1949,169194,US-1947-TAFT-HARTLEY,1947,2,0.7375307524108144,-0.23260422177570303,Labor,100
continuous_d23,1949,169194,US-1948-EO9981,1948,1,0.5769875443316501,-0.24081639280408315,Civil Rights,100
continuous_d23,1949,169194,US-1952-INA,1952,-3,0.6585574852911433,-0.2299125645382902,Immigration,100
continuous_d23,1949,169194,US-1952-YOUNGSTOWN,1952,-3,0.5489538985269953,-0.27454298917400094,Democracy & Governance,99
continuous_d23,1949,169194,US-1954-BROWN,1954,-5,0.7944592473012014,-0.23502564159705255,Civil Rights,100
continuous_d23,1949,169194,US-1956-HIGHWAY,1956,-7,0.640854469671281,-0.21004307539215472,Environment & Energy,100
continuous_d23,1949,169194,US-1957-CIVIL-RIGHTS-ACT,1957,-8,0.7062929895567557,-0.26875185453548095,Civil Rights,100
continuous_d23,1949,169194,US-1961-MAPP,1961,-12,0.6821117095688785,-0.20954022987078197,Criminal Justice & Guns,100
continuous_d23,1949,169194,US-1962-BAKER,1962,-13,0.6052830966901495,-0.13838922695560324,Democracy & Governance,100
continuous_d23,1949,169194,US-1962-ENGEL,1962,-13,0.7939872743297243,-0.1629728729143662,Civil Liberties,100
continuous_d23,1949,169194,US-1962-KEFAUVER-HARRIS,1962,-13,0.6961013995306721,-0.196963370227571,Economy & Finance,100
continuous_d23,1949,169194,US-1963-EQUAL-PAY,1963,-14,0.8152063245980729,-0.2388369068856063,Civil Rights,99
continuous_d23,1949,169194,US-1963-GIDEON,1963,-14,0.7191693129604368,-0.23710815055706477,Criminal Justice & Guns,100
continuous_d23,1949,169194,US-1964-24TH-AMENDMENT,1964,-15,0.7944521961982851,-0.23390656959636938,Democracy & Governance,100
continuous_d23,1949,169194,US-1964-CIVIL-RIGHTS-ACT,1964,-15,0.7923787903147738,-0.2784117700642449,Civil Rights,100
continuous_d23,1949,169194,US-1964-ECONOMIC-OPPORTUNITY,1964,-15,0.7359533976878505,-0.19155540989268216,Health/Welfare/Educ,99
continuous_d23,1949,169194,US-1964-HEART-ATLANTA,1964,-15,0.8323305451412892,-0.3291759769939737,Civil Rights,100
continuous_d23,1949,169194,US-1964-NYT-SULLIVAN,1964,-15,0.7256476323914096,-0.14783563317554527,Civil Liberties,100
continuous_d23,1949,169194,US-1964-REYNOLDS,1964,-15,0.6210357572786033,-0.18165237004409407,Democracy & Governance,100
continuous_d23,1949,169194,US-1965-ESEA,1965,-16,0.7320533365730136,-0.2188625497005471,Health/Welfare/Educ,100
continuous_d23,1949,169194,US-1965-GRISWOLD,1965,-16,0.7508120346860842,-0.21965593885317758,Civil Liberties,99
continuous_d23,1949,169194,US-1965-HART-CELLER,1965,-16,0.7346662864427046,-0.2136802590776198,Immigration,100
continuous_d23,1949,169194,US-1965-MEDICARE-MEDICAID,1965,-16,0.6301014209296927,-0.18743776791182934,Health/Welfare/Educ,99
continuous_d23,1949,169194,US-1965-VRA,1965,-16,0.6013797602007461,-0.1906210269008813,Democracy & Governance,100
continuous_d23,1949,169194,US-1966-FOIA,1966,-17,0.715686925880126,-0.2548412947335972,Democracy & Governance,100
continuous_d23,1949,169194,US-1966-HARPER,1966,-17,0.8272870519491328,-0.20859383021907793,Democracy & Governance,100
continuous_d23,1949,169194,US-1966-MIRANDA,1966,-17,0.6628154304815287,-0.14500191211106706,Criminal Justice & Guns,100
continuous_d23,1949,169194,US-1967-KATZ,1967,-18,0.6244294954965838,-0.19317358659046488,Civil Liberties,100
continuous_d23,1949,169194,US-1967-LOVING,1967,-18,0.7660312133463282,-0.18775974240090698,Civil Rights,100
continuous_d23,1949,169194,US-1968-FAIR-HOUSING,1968,-19,0.7879284691745848,-0.25794029166822724,Civil Rights,100
continuous_d23,1949,169194,US-1968-GUN-CONTROL,1968,-19,0.7635620832950714,-0.221466872665625,Criminal Justice & Guns,99
continuous_d23,1949,169194,US-1968-TERRY,1968,-19,0.7546995563859861,-0.18086689018242338,Criminal Justice & Guns,100
continuous_d23,1949,169194,US-1969-BRANDENBURG,1969,-20,0.7429693249305199,-0.1852550414280485,Civil Liberties,100
continuous_d23,1949,169194,US-1969-NEPA,1969,-20,0.6202470430261094,-0.19967032706850552,Environment & Energy,100
continuous_d23,1949,169194,US-1969-TINKER,1969,-20,0.7781158350791809,-0.1544326960210954,Civil Liberties,100
continuous_d23,1949,169194,US-1930-SMOOT-HAWLEY,1930,19,0.7247544126229374,-0.23838888006454448,Economy & Finance,100
continuous_d23,1949,169194,US-1932-RFC,1932,17,0.6740506677514481,-0.22635944610026967,Economy & Finance,100
continuous_d23,1949,169194,US-1932-NORRIS-LAGUARDIA,1932,17,0.7132693501053928,-0.24068616752597852,Labor,100
continuous_d23,1949,169194,US-1933-CCC,1933,16,0.6118522727911647,-0.20336521840117208,Democracy & Governance,100
continuous_d23,1949,169194,US-1933-FERA,1933,16,0.6649072661490516,-0.2380758158452788,Health/Welfare/Educ,99
continuous_d23,1949,169194,US-1933-HOME-OWNERS-LOAN,1933,16,0.6474993158903645,-0.24729509629399096,Health/Welfare/Educ,99
continuous_d23,1949,169194,US-1934-NFA,1934,15,0.7566401745499519,-0.21841936727334654,Criminal Justice & Guns,100
continuous_d23,1949,169194,US-1935-PUHCA,1935,14,0.6759835417787157,-0.16593744218531967,Environment & Energy,100
continuous_d23,1949,169194,US-1936-RURAL-ELECTRIFICATION,1936,13,0.7416287180426301,-0.19552770061407002,Environment & Energy,100
continuous_d23,1949,169194,US-1939-HATCH-ACT,1939,10,0.8325699666341287,-0.20964155677924284,Civil Rights,100
continuous_d23,1949,169194,US-1940-SELECTIVE-TRAINING,1940,9,0.6869276943355564,-0.22500912111213878,Natl Security & Foreign,100
continuous_d23,1949,169194,US-1940-SMITH-ACT,1940,9,0.7823167742540874,-0.15766584186145827,Natl Security & Foreign,99
continuous_d23,1949,169194,US-1941-DARBY,1941,8,0.7600010870299982,-0.17463620347652092,Labor,100
continuous_d23,1949,169194,US-1941-LEND-LEASE,1941,8,0.6217717870525932,-0.209531934049845,Natl Security & Foreign,99
continuous_d23,1949,169194,US-1942-EMERGENCY-PRICE-CONTROL,1942,7,0.8030754147534206,-0.22685498611055624,Natl Security & Foreign,100
continuous_d23,1949,169194,US-1943-CHINESE-EXCLUSION-REPEAL,1943,6,0.7751413689960619,-0.2362249399369661,Immigration,99
continuous_d23,1949,169194,US-1945-BRETTON-WOODS,1945,4,0.6150702366413155,-0.20972055849170243,Natl Security & Foreign,100
continuous_d23,1949,169194,US-1945-UN-PARTICIPATION,1945,4,0.546940802671934,-0.24654591579548235,Natl Security & Foreign,100
continuous_d23,1949,169194,US-1946-APA,1946,3,0.6780847578545297,-0.23399953470223167,Democracy & Governance,100
continuous_d23,1949,169194,US-1948-DISPLACED-PERSONS-ACT,1948,1,0.6820362818162337,-0.1894897542813767,Immigration,99
continuous_d23,1949,169194,US-1948-MARSHALL-PLAN,1948,1,0.6514790974584502,-0.23278882003017748,Natl Security & Foreign,100
continuous_d23,1949,169194,US-1948-SHELLEY,1948,1,0.7386115859217646,-0.1654389159248557,Civil Rights,100
continuous_d23,1949,169194,US-1950-DPA,1950,-1,0.6111486088061794,-0.2325961550966931,Economy & Finance,100
continuous_d23,1949,169194,US-1950-INTERNAL-SECURITY,1950,-1,0.7284784323255695,-0.2139176449627195,Natl Security & Foreign,100
continuous_d23,1949,169194,US-1951-DENNIS,1951,-2,0.7702484780166854,-0.15698342353943326,Civil Liberties,97
continuous_d23,1949,169194,US-1956-BANK-HOLDING-COMPANY-ACT,1956,-7,0.7434032013767594,-0.18795436982389638,Economy & Finance,100
continuous_d23,1949,169194,US-1957-YATES,1957,-8,0.6902217839201298,-0.19034888132210856,Civil Liberties,100
continuous_d23,1949,169194,US-1958-NDEA,1958,-9,0.720144388658787,-0.17572844899446927,Health/Welfare/Educ,100
continuous_d23,1949,169194,US-1958-NASA-ACT,1958,-9,0.7418739176608213,-0.2239889695066774,Environment & Energy,100
continuous_d23,1949,169194,US-1958-COOPER,1958,-9,0.8716708903809416,-0.21744589687525387,Civil Rights,100
continuous_d23,1949,169194,US-1961-PEACE-CORPS,1961,-12,0.7015414483201526,-0.17731366833211143,Natl Security & Foreign,100
continuous_d23,1949,169194,US-1968-OMNIBUS-CRIME-CONTROL,1968,-19,0.6157791514306029,-0.20941254460914102,Criminal Justice & Guns,100
continuous_d23,1949,169194,US-1968-TRUTH-IN-LENDING,1968,-19,0.7867686915512675,-0.2639887539583754,Economy & Finance,100
continuous_d23,1949,169194,US-1933-TVA,1933,16,0.5447625917672981,-0.24779155996863483,Democracy & Governance,99
continuous_d23,1949,169194,US-1933-NIRA,1933,16,0.6491654758737663,-0.2664676142763122,Economy & Finance,100
continuous_d23,1949,169194,US-1942-EO9066,1942,7,0.537116960996754,-0.29305047198687884,Civil Rights,100
continuous_d23,1949,169194,US-1947-TRUMAN-DOCTRINE,1947,2,0.6239969399315527,-0.19331489203582092,Natl Security & Foreign,100
continuous_d23,1949,169194,US-1957-EO10730,1957,-8,0.5209981006601789,-0.22330893484131262,Civil Rights,100
continuous_d23,1949,169194,US-1963-TEST-BAN-TREATY,1963,-14,0.5629839644157577,-0.23317382774995518,Natl Security & Foreign,100
continuous_d23,1949,169194,US-1964-TONKIN-GULF,1964,-15,0.6309475864675566,-0.20718860069378,Natl Security & Foreign,100
continuous_d23,1949,169194,US-1967-ADEA,1967,-18,0.801849447970121,-0.24691586072973287,Civil Rights,100
continuous_d23,1950,169969,US-1933-GLASS-STEAGALL,1933,17,0.5725987933549095,0.04093408980681797,Economy & Finance,100
continuous_d23,1950,169969,US-1933-PROHIBITION-REPEAL,1933,17,0.5689251074233045,0.02709991988741469,Civil Liberties,100
continuous_d23,1950,169969,US-1933-SECURITIES-ACT,1933,17,0.5768330838188537,0.054741506439212,Economy & Finance,99
continuous_d23,1950,169969,US-1934-EXCHANGE-ACT,1934,16,0.578990581179515,0.037575792400671666,Economy & Finance,100
continuous_d23,1950,169969,US-1934-IRA,1934,16,0.5772046530553703,0.04474789898931614,Civil Rights,100
continuous_d23,1950,169969,US-1934-NATIONAL-HOUSING-ACT,1934,16,0.5633314762854928,0.038833251671774864,Health/Welfare/Educ,100
continuous_d23,1950,169969,US-1935-NIRA-SCHECHTER,1935,15,0.5702658321731968,0.026690699459489257,Democracy & Governance,100
continuous_d23,1950,169969,US-1935-NLRA,1935,15,0.5757006753771637,0.04862646101414583,Labor,100
continuous_d23,1950,169969,US-1935-SOCIAL-SECURITY,1935,15,0.5829973906283541,0.04631328137958599,Health/Welfare/Educ,100
continuous_d23,1950,169969,US-1936-AAA-BUTLER,1936,14,0.5583581486472955,0.034314999069576795,Democracy & Governance,100
continuous_d23,1950,169969,US-1937-JONES-LAUGHLIN,1937,13,0.5864035668102744,0.019485494542611632,Labor,100
continuous_d23,1950,169969,US-1937-WEST-COAST-HOTEL,1937,13,0.5801785816020518,0.04636726395705016,Labor,100
continuous_d23,1950,169969,US-1938-FDCA,1938,12,0.5815167246273064,0.058121294435059034,Economy & Finance,100
continuous_d23,1950,169969,US-1938-FLSA,1938,12,0.5695162779869309,-0.011349727626001562,Labor,100
continuous_d23,1950,169969,US-1941-EO8802,1941,9,0.5728202882459439,0.037353233900032,Civil Rights,100
continuous_d23,1950,169969,US-1942-WICKARD,1942,8,0.573432572926525,0.03021876487594819,Democracy & Governance,100
continuous_d23,1950,169969,US-1944-GI-BILL,1944,6,0.5789888727756063,0.05564147459386287,Health/Welfare/Educ,100
continuous_d23,1950,169969,US-1944-KOREMATSU,1944,6,0.5602256910875876,0.01163964535594241,Civil Rights,100
continuous_d23,1950,169969,US-1946-EMPLOYMENT-ACT,1946,4,0.5706488061453435,0.043349959899059015,Economy & Finance,100
continuous_d23,1950,169969,US-1947-NATIONAL-SECURITY-ACT,1947,3,0.5678236271747603,0.054483168807336516,Natl Security & Foreign,100
continuous_d23,1950,169969,US-1947-TAFT-HARTLEY,1947,3,0.5761568357374764,0.03473802010463904,Labor,100
continuous_d23,1950,169969,US-1948-EO9981,1948,2,0.570772845870972,0.02834974162059913,Civil Rights,100
continuous_d23,1950,169969,US-1952-INA,1952,-2,0.5723986825873328,0.005402327082676537,Immigration,100
continuous_d23,1950,169969,US-1952-YOUNGSTOWN,1952,-2,0.5696268631131217,0.038513336326812316,Democracy & Governance,99
continuous_d23,1950,169969,US-1954-BROWN,1954,-4,0.5689001972469662,0.025355795312927074,Civil Rights,100
continuous_d23,1950,169969,US-1956-HIGHWAY,1956,-6,0.5877776140802157,0.01869055670941566,Environment & Energy,100
continuous_d23,1950,169969,US-1957-CIVIL-RIGHTS-ACT,1957,-7,0.5643839866700462,0.028752938043771673,Civil Rights,100
continuous_d23,1950,169969,US-1961-MAPP,1961,-11,0.5689163695275309,0.035337545701982546,Criminal Justice & Guns,100
continuous_d23,1950,169969,US-1962-BAKER,1962,-12,0.5760653081896705,0.040470185343879715,Democracy & Governance,100
continuous_d23,1950,169969,US-1962-ENGEL,1962,-12,0.573156152174426,0.05000112128824649,Civil Liberties,100
continuous_d23,1950,169969,US-1962-KEFAUVER-HARRIS,1962,-12,0.5733740686173913,0.04237972582053229,Economy & Finance,100
continuous_d23,1950,169969,US-1963-EQUAL-PAY,1963,-13,0.5749007740557162,0.0036742163795078085,Civil Rights,99
continuous_d23,1950,169969,US-1963-GIDEON,1963,-13,0.5760853694321999,0.031198310962786545,Criminal Justice & Guns,100
continuous_d23,1950,169969,US-1964-24TH-AMENDMENT,1964,-14,0.5679060868185347,0.03303737592578943,Democracy & Governance,100
continuous_d23,1950,169969,US-1964-CIVIL-RIGHTS-ACT,1964,-14,0.5676565215966523,0.0026028785694634225,Civil Rights,100
continuous_d23,1950,169969,US-1964-ECONOMIC-OPPORTUNITY,1964,-14,0.5647806046490669,0.04611105399279883,Health/Welfare/Educ,99
continuous_d23,1950,169969,US-1964-HEART-ATLANTA,1964,-14,0.5695446636403845,0.06028128965795779,Civil Rights,100
continuous_d23,1950,169969,US-1964-NYT-SULLIVAN,1964,-14,0.5800797661707321,0.03662441227666682,Civil Liberties,100
continuous_d23,1950,169969,US-1964-REYNOLDS,1964,-14,0.5776511694277692,0.03368328261345365,Democracy & Governance,100
continuous_d23,1950,169969,US-1965-ESEA,1965,-15,0.5829012685153007,0.03482006684858211,Health/Welfare/Educ,100
continuous_d23,1950,169969,US-1965-GRISWOLD,1965,-15,0.5730520377694512,0.029418238081925646,Civil Liberties,99
continuous_d23,1950,169969,US-1965-HART-CELLER,1965,-15,0.580341167265616,0.0024484952569616943,Immigration,100
continuous_d23,1950,169969,US-1965-MEDICARE-MEDICAID,1965,-15,0.5747947056120971,0.05583755095656751,Health/Welfare/Educ,99
continuous_d23,1950,169969,US-1965-VRA,1965,-15,0.5742246899050896,0.022724890425553795,Democracy & Governance,100
continuous_d23,1950,169969,US-1966-FOIA,1966,-16,0.5820936662425522,0.02388866169820755,Democracy & Governance,100
continuous_d23,1950,169969,US-1966-HARPER,1966,-16,0.5606563385990535,0.022423996262218266,Democracy & Governance,100
continuous_d23,1950,169969,US-1966-MIRANDA,1966,-16,0.5631236729564283,0.032702038850107015,Criminal Justice & Guns,100
continuous_d23,1950,169969,US-1967-KATZ,1967,-17,0.5644034776298631,0.00040522380976015543,Civil Liberties,100
continuous_d23,1950,169969,US-1967-LOVING,1967,-17,0.5662773828527498,0.02964554917328231,Civil Rights,100
continuous_d23,1950,169969,US-1968-FAIR-HOUSING,1968,-18,0.5718615866853827,0.001530018271612648,Civil Rights,100
continuous_d23,1950,169969,US-1968-GUN-CONTROL,1968,-18,0.5738012973375282,0.04949702865249643,Criminal Justice & Guns,99
continuous_d23,1950,169969,US-1968-TERRY,1968,-18,0.5698574466801971,0.04629909274847283,Criminal Justice & Guns,100
continuous_d23,1950,169969,US-1969-BRANDENBURG,1969,-19,0.5695112296943179,0.02012218150960119,Civil Liberties,100
continuous_d23,1950,169969,US-1969-NEPA,1969,-19,0.5779753885863324,0.05492834405181987,Environment & Energy,100
continuous_d23,1950,169969,US-1969-TINKER,1969,-19,0.5650042881077897,0.026097350762884254,Civil Liberties,100
continuous_d23,1950,169969,US-1970-CLEAN-AIR,1970,-20,0.5693348794582171,0.03789288790875239,Environment & Energy,100
continuous_d23,1950,169969,US-1970-CSA,1970,-20,0.5670927748457362,0.007727306938344073,Criminal Justice & Guns,99
continuous_d23,1950,169969,US-1970-OSHA,1970,-20,0.5786034877381683,0.05836398576188809,Labor,100
continuous_d23,1950,169969,US-1930-SMOOT-HAWLEY,1930,20,0.5753242731804165,0.031008110568838263,Economy & Finance,100
continuous_d23,1950,169969,US-1932-RFC,1932,18,0.5816798125035841,0.02847585126557983,Economy & Finance,100
continuous_d23,1950,169969,US-1932-NORRIS-LAGUARDIA,1932,18,0.5733529163171354,0.047363973392451825,Labor,100
continuous_d23,1950,169969,US-1933-CCC,1933,17,0.5771156162221871,0.07522010614894156,Democracy & Governance,100
continuous_d23,1950,169969,US-1933-FERA,1933,17,0.5728933497059646,0.04100197052717208,Health/Welfare/Educ,99
continuous_d23,1950,169969,US-1933-HOME-OWNERS-LOAN,1933,17,0.5636904113491763,0.0289741453397317,Health/Welfare/Educ,99
continuous_d23,1950,169969,US-1934-NFA,1934,16,0.5765911489523767,0.04659433437293964,Criminal Justice & Guns,100
continuous_d23,1950,169969,US-1935-PUHCA,1935,15,0.5709495632749777,0.04346510345957649,Environment & Energy,100
continuous_d23,1950,169969,US-1936-RURAL-ELECTRIFICATION,1936,14,0.5709511416402896,0.04852814406499697,Environment & Energy,100
continuous_d23,1950,169969,US-1939-HATCH-ACT,1939,11,0.5695908000563399,0.02959524317370045,Civil Rights,100
continuous_d23,1950,169969,US-1940-SELECTIVE-TRAINING,1940,10,0.5720450438125461,0.0185516542639381,Natl Security & Foreign,100
continuous_d23,1950,169969,US-1940-SMITH-ACT,1940,10,0.5707440951966198,0.028626549084000745,Natl Security & Foreign,99
continuous_d23,1950,169969,US-1941-DARBY,1941,9,0.5784028156217502,0.04327241099917693,Labor,100
continuous_d23,1950,169969,US-1941-LEND-LEASE,1941,9,0.5710176230361024,0.013850880540484407,Natl Security & Foreign,99
continuous_d23,1950,169969,US-1942-EMERGENCY-PRICE-CONTROL,1942,8,0.5618491399937988,0.0584660180452186,Natl Security & Foreign,100
continuous_d23,1950,169969,US-1943-CHINESE-EXCLUSION-REPEAL,1943,7,0.5746835954035412,0.01789956427385811,Immigration,99
continuous_d23,1950,169969,US-1945-BRETTON-WOODS,1945,5,0.570924801922849,0.05065937460109589,Natl Security & Foreign,100
continuous_d23,1950,169969,US-1945-UN-PARTICIPATION,1945,5,0.5794666909842064,0.016445139709884798,Natl Security & Foreign,100
continuous_d23,1950,169969,US-1946-APA,1946,4,0.5748560935522261,0.05196321043606731,Democracy & Governance,100
continuous_d23,1950,169969,US-1948-DISPLACED-PERSONS-ACT,1948,2,0.5785437303060103,-0.002389744559915527,Immigration,99
continuous_d23,1950,169969,US-1948-MARSHALL-PLAN,1948,2,0.5631302283878165,0.02543428674218248,Natl Security & Foreign,100
continuous_d23,1950,169969,US-1948-SHELLEY,1948,2,0.5772431795705714,0.0288283665245456,Civil Rights,100
continuous_d23,1950,169969,US-1950-DPA,1950,0,0.5735802481992824,0.05900420168663948,Economy & Finance,100
continuous_d23,1950,169969,US-1950-INTERNAL-SECURITY,1950,0,0.5636532735306973,0.03546607784312556,Natl Security & Foreign,100
continuous_d23,1950,169969,US-1951-DENNIS,1951,-1,0.5810775461658614,0.027518423459589603,Civil Liberties,97
continuous_d23,1950,169969,US-1956-BANK-HOLDING-COMPANY-ACT,1956,-6,0.5749639987468366,0.04518158822051611,Economy & Finance,100
continuous_d23,1950,169969,US-1957-YATES,1957,-7,0.5610976462290712,0.022277990989101822,Civil Liberties,100
continuous_d23,1950,169969,US-1958-NDEA,1958,-8,0.5691174942267091,-0.01949599527768437,Health/Welfare/Educ,100
continuous_d23,1950,169969,US-1958-NASA-ACT,1958,-8,0.5766482102049771,0.036747563140418216,Environment & Energy,100
continuous_d23,1950,169969,US-1958-COOPER,1958,-8,0.5748535547287064,0.03231029856023767,Civil Rights,100
continuous_d23,1950,169969,US-1961-PEACE-CORPS,1961,-11,0.5691366450372628,0.0261563945931345,Natl Security & Foreign,100
continuous_d23,1950,169969,US-1968-OMNIBUS-CRIME-CONTROL,1968,-18,0.5809550642470653,0.04440205696904846,Criminal Justice & Guns,100
continuous_d23,1950,169969,US-1968-TRUTH-IN-LENDING,1968,-18,0.5701647458727007,0.02822532892623208,Economy & Finance,100
continuous_d23,1950,169969,US-1970-FCRA,1970,-20,0.5607259516050099,0.03255619427635078,Civil Liberties,100
continuous_d23,1950,169969,US-1933-TVA,1933,17,0.5618953198954555,-0.024132397261514227,Democracy & Governance,99
continuous_d23,1950,169969,US-1933-NIRA,1933,17,0.572819735688584,0.03281962439897236,Economy & Finance,100
continuous_d23,1950,169969,US-1942-EO9066,1942,8,0.5608669862223435,0.04075108718264551,Civil Rights,100
continuous_d23,1950,169969,US-1947-TRUMAN-DOCTRINE,1947,3,0.5573138485629753,0.032195906972185766,Natl Security & Foreign,100
continuous_d23,1950,169969,US-1957-EO10730,1957,-7,0.5498838954116,-0.002285157003532307,Civil Rights,100
continuous_d23,1950,169969,US-1963-TEST-BAN-TREATY,1963,-13,0.5597614193368156,-0.004674198315251856,Natl Security & Foreign,100
continuous_d23,1950,169969,US-1964-TONKIN-GULF,1964,-14,0.5641059836776126,0.02030404455442385,Natl Security & Foreign,100
continuous_d23,1950,169969,US-1967-ADEA,1967,-17,0.5670289753720368,0.029880809523175053,Civil Rights,100
continuous_d23,1950,169969,US-1970-BANK-SECRECY,1970,-20,0.5764688009299209,0.05147799296741367,Economy & Finance,99
continuous_d23,1951,170683,US-1933-GLASS-STEAGALL,1933,18,0.48402578537036994,-0.09698089523550768,Economy & Finance,100
continuous_d23,1951,170683,US-1933-PROHIBITION-REPEAL,1933,18,0.4815488566353936,-0.10432127024142289,Civil Liberties,100
continuous_d23,1951,170683,US-1933-SECURITIES-ACT,1933,18,0.4819614528162445,-0.08473064317674163,Economy & Finance,99
continuous_d23,1951,170683,US-1934-EXCHANGE-ACT,1934,17,0.47688712305598835,-0.10611553368574249,Economy & Finance,100
continuous_d23,1951,170683,US-1934-IRA,1934,17,0.476008555866791,-0.09870411824275926,Civil Rights,100
continuous_d23,1951,170683,US-1934-NATIONAL-HOUSING-ACT,1934,17,0.49912600270398877,-0.09456566321498093,Health/Welfare/Educ,100
continuous_d23,1951,170683,US-1935-NIRA-SCHECHTER,1935,16,0.41779406348419884,-0.09575596368318501,Democracy & Governance,100
continuous_d23,1951,170683,US-1935-NLRA,1935,16,0.4865086048619919,-0.08237422525188799,Labor,100
continuous_d23,1951,170683,US-1935-SOCIAL-SECURITY,1935,16,0.5016108474514297,-0.08510005904060815,Health/Welfare/Educ,100
continuous_d23,1951,170683,US-1936-AAA-BUTLER,1936,15,0.4300529258851195,-0.09228815461690011,Democracy & Governance,100
continuous_d23,1951,170683,US-1937-JONES-LAUGHLIN,1937,14,0.44476754845791855,-0.10093417638103333,Labor,100
continuous_d23,1951,170683,US-1937-WEST-COAST-HOTEL,1937,14,0.4079543079976364,-0.08656023747612432,Labor,100
continuous_d23,1951,170683,US-1938-FDCA,1938,13,0.4981974312599489,-0.09378386809550454,Economy & Finance,100
continuous_d23,1951,170683,US-1938-FLSA,1938,13,0.45862521144025287,-0.07999472201592801,Labor,100
continuous_d23,1951,170683,US-1941-EO8802,1941,10,0.4146009286381061,-0.10381115498120329,Civil Rights,100
continuous_d23,1951,170683,US-1942-WICKARD,1942,9,0.3962041604161293,-0.10310876134464829,Democracy & Governance,100
continuous_d23,1951,170683,US-1944-GI-BILL,1944,7,0.47631435374211395,-0.08964904844536264,Health/Welfare/Educ,100
continuous_d23,1951,170683,US-1944-KOREMATSU,1944,7,0.42590377190481876,-0.11390560877794467,Civil Rights,100
continuous_d23,1951,170683,US-1946-EMPLOYMENT-ACT,1946,5,0.49003073523239665,-0.10490960629973019,Economy & Finance,100
continuous_d23,1951,170683,US-1947-NATIONAL-SECURITY-ACT,1947,4,0.473588480456724,-0.09631408288193753,Natl Security & Foreign,100
continuous_d23,1951,170683,US-1947-TAFT-HARTLEY,1947,4,0.47425709043896697,-0.09076992464494169,Labor,100
continuous_d23,1951,170683,US-1948-EO9981,1948,3,0.4686312557647806,-0.09535984743941611,Civil Rights,100
continuous_d23,1951,170683,US-1952-INA,1952,-1,0.46104965147930055,-0.08353945339985998,Immigration,100
continuous_d23,1951,170683,US-1952-YOUNGSTOWN,1952,-1,0.4105637522345722,-0.11759179419877885,Democracy & Governance,99
continuous_d23,1951,170683,US-1954-BROWN,1954,-3,0.418012354664187,-0.07695202839397954,Civil Rights,100
continuous_d23,1951,170683,US-1956-HIGHWAY,1956,-5,0.4663953336040522,-0.09445902935698502,Environment & Energy,100
continuous_d23,1951,170683,US-1957-CIVIL-RIGHTS-ACT,1957,-6,0.4193314121665474,-0.10557040151714688,Civil Rights,100
continuous_d23,1951,170683,US-1961-MAPP,1961,-10,0.41606989120848537,-0.08778417125569053,Criminal Justice & Guns,100
continuous_d23,1951,170683,US-1962-BAKER,1962,-11,0.40954438625429934,-0.08699052498742431,Democracy & Governance,100
continuous_d23,1951,170683,US-1962-ENGEL,1962,-11,0.4757996676286736,-0.08595200236894707,Civil Liberties,100
continuous_d23,1951,170683,US-1962-KEFAUVER-HARRIS,1962,-11,0.4700434514051136,-0.08587283779679966,Economy & Finance,100
continuous_d23,1951,170683,US-1963-EQUAL-PAY,1963,-12,0.4538500509105099,-0.0781165706200532,Civil Rights,99
continuous_d23,1951,170683,US-1963-GIDEON,1963,-12,0.45610835606473754,-0.0938195311950127,Criminal Justice & Guns,100
continuous_d23,1951,170683,US-1964-24TH-AMENDMENT,1964,-13,0.44805859820968147,-0.08947225141768142,Democracy & Governance,100
continuous_d23,1951,170683,US-1964-CIVIL-RIGHTS-ACT,1964,-13,0.44852113414381606,-0.09282499724453777,Civil Rights,100
continuous_d23,1951,170683,US-1964-ECONOMIC-OPPORTUNITY,1964,-13,0.4636633288631347,-0.0944792497320671,Health/Welfare/Educ,99
continuous_d23,1951,170683,US-1964-HEART-ATLANTA,1964,-13,0.4932475846072761,-0.1021498721494577,Civil Rights,100
continuous_d23,1951,170683,US-1964-NYT-SULLIVAN,1964,-13,0.4551467282386138,-0.10343864098382381,Civil Liberties,100
continuous_d23,1951,170683,US-1964-REYNOLDS,1964,-13,0.3979901354590265,-0.092066332940232,Democracy & Governance,100
continuous_d23,1951,170683,US-1965-ESEA,1965,-14,0.39533422964415094,-0.10197043103155562,Health/Welfare/Educ,100
continuous_d23,1951,170683,US-1965-GRISWOLD,1965,-14,0.4341836266364897,-0.10312216041149115,Civil Liberties,99
continuous_d23,1951,170683,US-1965-HART-CELLER,1965,-14,0.4667118606054859,-0.08256011299719886,Immigration,100
continuous_d23,1951,170683,US-1965-MEDICARE-MEDICAID,1965,-14,0.4961676400535076,-0.09620022783967298,Health/Welfare/Educ,99
continuous_d23,1951,170683,US-1965-VRA,1965,-14,0.3922537342186334,-0.09476797805035263,Democracy & Governance,100
continuous_d23,1951,170683,US-1966-FOIA,1966,-15,0.4458447802382242,-0.09029599255403849,Democracy & Governance,100
continuous_d23,1951,170683,US-1966-HARPER,1966,-15,0.39561636247613696,-0.08980285044067873,Democracy & Governance,100
continuous_d23,1951,170683,US-1966-MIRANDA,1966,-15,0.5031309000460218,-0.10458746593300189,Criminal Justice & Guns,100
continuous_d23,1951,170683,US-1967-KATZ,1967,-16,0.4715511356448886,-0.10507900434136631,Civil Liberties,100
continuous_d23,1951,170683,US-1967-LOVING,1967,-16,0.4173620944658564,-0.08128239093609795,Civil Rights,100
continuous_d23,1951,170683,US-1968-FAIR-HOUSING,1968,-17,0.45893680493395317,-0.08611302633687798,Civil Rights,100
continuous_d23,1951,170683,US-1968-GUN-CONTROL,1968,-17,0.49094485253901726,-0.09267522060127478,Criminal Justice & Guns,99
continuous_d23,1951,170683,US-1968-TERRY,1968,-17,0.44269880329416667,-0.09975214905960585,Criminal Justice & Guns,100
continuous_d23,1951,170683,US-1969-BRANDENBURG,1969,-18,0.38610705632504383,-0.10447623573307674,Civil Liberties,100
continuous_d23,1951,170683,US-1969-NEPA,1969,-18,0.427192344536391,-0.08297317667132936,Environment & Energy,100
continuous_d23,1951,170683,US-1969-TINKER,1969,-18,0.4053850055736662,-0.08301256894313179,Civil Liberties,100
continuous_d23,1951,170683,US-1970-CLEAN-AIR,1970,-19,0.47720189733413837,-0.10173400939702652,Environment & Energy,100
continuous_d23,1951,170683,US-1970-CSA,1970,-19,0.4804393693342633,-0.08440902364114156,Criminal Justice & Guns,99
continuous_d23,1951,170683,US-1970-OSHA,1970,-19,0.4933238829511231,-0.09153601525846172,Labor,100
continuous_d23,1951,170683,US-1971-26TH,1971,-20,0.43327435982529516,-0.08751432232194176,Democracy & Governance,100
continuous_d23,1951,170683,US-1971-FECA,1971,-20,0.4809488009343734,-0.08810533263910901,Democracy & Governance,100
continuous_d23,1951,170683,US-1971-LEMON,1971,-20,0.4117810106686843,-0.10108635447633388,Civil Liberties,100
continuous_d23,1951,170683,US-1971-PENTAGON-PAPERS,1971,-20,0.37389088579377927,-0.11858326906307497,Civil Liberties,100
continuous_d23,1951,170683,US-1932-RFC,1932,19,0.47468524815090435,-0.10553465553472673,Economy & Finance,100
continuous_d23,1951,170683,US-1932-NORRIS-LAGUARDIA,1932,19,0.3964573582422859,-0.09140649863809687,Labor,100
continuous_d23,1951,170683,US-1933-CCC,1933,18,0.48299066341385716,-0.09060699685551464,Democracy & Governance,100
continuous_d23,1951,170683,US-1933-FERA,1933,18,0.49427829890507713,-0.09564203164293866,Health/Welfare/Educ,99
continuous_d23,1951,170683,US-1933-HOME-OWNERS-LOAN,1933,18,0.452631143738903,-0.10158646567842801,Health/Welfare/Educ,99
continuous_d23,1951,170683,US-1934-NFA,1934,17,0.4828374325343542,-0.10706424413430261,Criminal Justice & Guns,100
continuous_d23,1951,170683,US-1935-PUHCA,1935,16,0.49412482984737444,-0.08197473276440974,Environment & Energy,100
continuous_d23,1951,170683,US-1936-RURAL-ELECTRIFICATION,1936,15,0.4696743346697497,-0.08112219723084252,Environment & Energy,100
continuous_d23,1951,170683,US-1939-HATCH-ACT,1939,12,0.43689335924337835,-0.07851871728957296,Civil Rights,100
continuous_d23,1951,170683,US-1940-SELECTIVE-TRAINING,1940,11,0.43195156037988547,-0.10230070482231911,Natl Security & Foreign,100
continuous_d23,1951,170683,US-1940-SMITH-ACT,1940,11,0.4952930423403584,-0.09985075746322243,Natl Security & Foreign,99
continuous_d23,1951,170683,US-1941-DARBY,1941,10,0.48484765107192535,-0.10609172364311881,Labor,100
continuous_d23,1951,170683,US-1941-LEND-LEASE,1941,10,0.43699721128564456,-0.09780143072607156,Natl Security & Foreign,99
continuous_d23,1951,170683,US-1942-EMERGENCY-PRICE-CONTROL,1942,9,0.48630291112539825,-0.09961121040863573,Natl Security & Foreign,100
continuous_d23,1951,170683,US-1943-CHINESE-EXCLUSION-REPEAL,1943,8,0.4121102037715951,-0.08869242879973754,Immigration,99
continuous_d23,1951,170683,US-1945-BRETTON-WOODS,1945,6,0.47818093502080816,-0.08944397870516976,Natl Security & Foreign,100
continuous_d23,1951,170683,US-1945-UN-PARTICIPATION,1945,6,0.42203599642504697,-0.09445314897508605,Natl Security & Foreign,100
continuous_d23,1951,170683,US-1946-APA,1946,5,0.4798826921811728,-0.08879556122431076,Democracy & Governance,100
continuous_d23,1951,170683,US-1948-DISPLACED-PERSONS-ACT,1948,3,0.4431385223719616,-0.09528507386412102,Immigration,99
continuous_d23,1951,170683,US-1948-MARSHALL-PLAN,1948,3,0.4621621827812225,-0.09167103578710636,Natl Security & Foreign,100
continuous_d23,1951,170683,US-1948-SHELLEY,1948,3,0.4459288769600868,-0.08130757746197916,Civil Rights,100
continuous_d23,1951,170683,US-1950-DPA,1950,1,0.49644621758727303,-0.09289783339964218,Economy & Finance,100
continuous_d23,1951,170683,US-1950-INTERNAL-SECURITY,1950,1,0.4908266078426193,-0.09874097883104596,Natl Security & Foreign,100
continuous_d23,1951,170683,US-1951-DENNIS,1951,0,0.3953281172645391,-0.11405110931502546,Civil Liberties,97
continuous_d23,1951,170683,US-1956-BANK-HOLDING-COMPANY-ACT,1956,-5,0.4460909367541139,-0.08264780011058204,Economy & Finance,100
continuous_d23,1951,170683,US-1957-YATES,1957,-6,0.4016385803536351,-0.10423288655448747,Civil Liberties,100
continuous_d23,1951,170683,US-1958-NDEA,1958,-7,0.4454639994288138,-0.08273713707015952,Health/Welfare/Educ,100
continuous_d23,1951,170683,US-1958-NASA-ACT,1958,-7,0.48026593859571604,-0.09721263339207172,Environment & Energy,100
continuous_d23,1951,170683,US-1958-COOPER,1958,-7,0.412677737085315,-0.11057155828760024,Civil Rights,100
continuous_d23,1951,170683,US-1961-PEACE-CORPS,1961,-10,0.47868852908539117,-0.09323791962130297,Natl Security & Foreign,100
continuous_d23,1951,170683,US-1968-OMNIBUS-CRIME-CONTROL,1968,-17,0.4674813322373153,-0.08974890961529462,Criminal Justice & Guns,100
continuous_d23,1951,170683,US-1968-TRUTH-IN-LENDING,1968,-17,0.49455036364183713,-0.09101999966073478,Economy & Finance,100
continuous_d23,1951,170683,US-1970-FCRA,1970,-19,0.48819084719119865,-0.07215082508206985,Civil Liberties,100
continuous_d23,1951,170683,US-1933-TVA,1933,18,0.4556009137653011,-0.0995070102711787,Democracy & Governance,99
continuous_d23,1951,170683,US-1933-NIRA,1933,18,0.4656100844117744,-0.0995106513807006,Economy & Finance,100
continuous_d23,1951,170683,US-1942-EO9066,1942,9,0.4972598394687292,-0.11318022014446948,Civil Rights,100
continuous_d23,1951,170683,US-1947-TRUMAN-DOCTRINE,1947,4,0.47295439987890125,-0.08848782466001717,Natl Security & Foreign,100
continuous_d23,1951,170683,US-1957-EO10730,1957,-6,0.4520843545488102,-0.08256222596965981,Civil Rights,100
continuous_d23,1951,170683,US-1963-TEST-BAN-TREATY,1963,-12,0.43693333286149605,-0.08098443727394695,Natl Security & Foreign,100
continuous_d23,1951,170683,US-1964-TONKIN-GULF,1964,-13,0.44393096361753576,-0.10361125602894582,Natl Security & Foreign,100
continuous_d23,1951,170683,US-1967-ADEA,1967,-16,0.4526528726349512,-0.09523810742294377,Civil Rights,100
continuous_d23,1951,170683,US-1970-BANK-SECRECY,1970,-19,0.4905565401140922,-0.09452352826453635,Economy & Finance,99
continuous_d23,1951,170683,US-1971-ANCSA,1971,-20,0.4611497634822331,-0.09970144121243389,Civil Rights,99
continuous_d23,1952,171573,US-1933-GLASS-STEAGALL,1933,19,0.13688646426403422,0.26068464519611856,Economy & Finance,100
continuous_d23,1952,171573,US-1933-PROHIBITION-REPEAL,1933,19,0.18438696242610134,0.1465416473383001,Civil Liberties,100
continuous_d23,1952,171573,US-1933-SECURITIES-ACT,1933,19,0.10422509005471474,0.2557318011805961,Economy & Finance,99
continuous_d23,1952,171573,US-1934-EXCHANGE-ACT,1934,18,0.1398496825108411,0.18518856633357314,Economy & Finance,100
continuous_d23,1952,171573,US-1934-IRA,1934,18,0.19364762693032544,0.21319076443604326,Civil Rights,100
continuous_d23,1952,171573,US-1934-NATIONAL-HOUSING-ACT,1934,18,0.1545342746754286,0.21581778850962838,Health/Welfare/Educ,100
continuous_d23,1952,171573,US-1935-NIRA-SCHECHTER,1935,17,0.20602692588663513,0.18470004800470158,Democracy & Governance,100
continuous_d23,1952,171573,US-1935-NLRA,1935,17,0.1535452786753561,0.17855752188131316,Labor,100
continuous_d23,1952,171573,US-1935-SOCIAL-SECURITY,1935,17,0.17127250509734698,0.23316014080851372,Health/Welfare/Educ,100
continuous_d23,1952,171573,US-1936-AAA-BUTLER,1936,16,0.08592313349965924,0.20720316674747427,Democracy & Governance,100
continuous_d23,1952,171573,US-1937-JONES-LAUGHLIN,1937,15,0.13441763580379754,0.12852014758962615,Labor,100
continuous_d23,1952,171573,US-1937-WEST-COAST-HOTEL,1937,15,0.1073946404587966,0.18252610678218673,Labor,100
continuous_d23,1952,171573,US-1938-FDCA,1938,14,0.14678980205419376,0.1625714924992781,Economy & Finance,100
continuous_d23,1952,171573,US-1938-FLSA,1938,14,0.19713223677525082,0.19527842283105926,Labor,100
continuous_d23,1952,171573,US-1941-EO8802,1941,11,0.1115238946545592,0.20059901390706872,Civil Rights,100
continuous_d23,1952,171573,US-1942-WICKARD,1942,10,0.11728963754470709,0.17114050541217868,Democracy & Governance,100
continuous_d23,1952,171573,US-1944-GI-BILL,1944,8,0.13869347274714042,0.16960985799416067,Health/Welfare/Educ,100
continuous_d23,1952,171573,US-1944-KOREMATSU,1944,8,0.19566859896157787,0.17016374292185216,Civil Rights,100
continuous_d23,1952,171573,US-1946-EMPLOYMENT-ACT,1946,6,0.13903595301329466,0.1876076355694321,Economy & Finance,100
continuous_d23,1952,171573,US-1947-NATIONAL-SECURITY-ACT,1947,5,0.17515894491732617,0.15197854921955534,Natl Security & Foreign,100
continuous_d23,1952,171573,US-1947-TAFT-HARTLEY,1947,5,0.14665290948445578,0.1657337092971175,Labor,100
continuous_d23,1952,171573,US-1948-EO9981,1948,4,0.17184447389448432,0.18537451502408625,Civil Rights,100
continuous_d23,1952,171573,US-1952-INA,1952,0,0.16476721035958175,0.22296651351732724,Immigration,100
continuous_d23,1952,171573,US-1952-YOUNGSTOWN,1952,0,0.13803017012194566,0.1988503873526792,Democracy & Governance,99
continuous_d23,1952,171573,US-1954-BROWN,1954,-2,0.16128097500823266,0.13174432214683734,Civil Rights,100
continuous_d23,1952,171573,US-1956-HIGHWAY,1956,-4,0.12225460630079636,0.19730696954761112,Environment & Energy,100
continuous_d23,1952,171573,US-1957-CIVIL-RIGHTS-ACT,1957,-5,0.24985166182114743,0.13672625989139553,Civil Rights,100
continuous_d23,1952,171573,US-1961-MAPP,1961,-9,0.24452071142156823,0.20581176594170564,Criminal Justice & Guns,100
continuous_d23,1952,171573,US-1962-BAKER,1962,-10,0.08876395297353684,0.17468345787960282,Democracy & Governance,100
continuous_d23,1952,171573,US-1962-ENGEL,1962,-10,0.15111484769996278,0.2289571012390763,Civil Liberties,100
continuous_d23,1952,171573,US-1962-KEFAUVER-HARRIS,1962,-10,0.2286500078990546,0.2227352269400794,Economy & Finance,100
continuous_d23,1952,171573,US-1963-EQUAL-PAY,1963,-11,0.18239971567011437,0.20749048210583312,Civil Rights,99
continuous_d23,1952,171573,US-1963-GIDEON,1963,-11,0.14550569446168585,0.1463626938697037,Criminal Justice & Guns,100
continuous_d23,1952,171573,US-1964-24TH-AMENDMENT,1964,-12,0.1940655650170853,0.2154418814501904,Democracy & Governance,100
continuous_d23,1952,171573,US-1964-CIVIL-RIGHTS-ACT,1964,-12,0.17902183356552598,0.23339718517060828,Civil Rights,100
continuous_d23,1952,171573,US-1964-ECONOMIC-OPPORTUNITY,1964,-12,0.21286337051590382,0.163110907491572,Health/Welfare/Educ,99
continuous_d23,1952,171573,US-1964-HEART-ATLANTA,1964,-12,0.17942632206058343,0.2010566453519378,Civil Rights,100
continuous_d23,1952,171573,US-1964-NYT-SULLIVAN,1964,-12,0.07801750142775092,0.16010113051252248,Civil Liberties,100
continuous_d23,1952,171573,US-1964-REYNOLDS,1964,-12,0.1733785798443736,0.18842943557032407,Democracy & Governance,100
continuous_d23,1952,171573,US-1965-ESEA,1965,-13,0.11101266130794744,0.1953915784012257,Health/Welfare/Educ,100
continuous_d23,1952,171573,US-1965-GRISWOLD,1965,-13,0.13346006246481765,0.14634162371122597,Civil Liberties,99
continuous_d23,1952,171573,US-1965-HART-CELLER,1965,-13,0.2142772686369642,0.20004918789220988,Immigration,100
continuous_d23,1952,171573,US-1965-MEDICARE-MEDICAID,1965,-13,0.14856461067742124,0.18669989964507736,Health/Welfare/Educ,99
continuous_d23,1952,171573,US-1965-VRA,1965,-13,0.1389978409896989,0.17925735424517422,Democracy & Governance,100
continuous_d23,1952,171573,US-1966-FOIA,1966,-14,0.18169023367000844,0.174406783692887,Democracy & Governance,100
continuous_d23,1952,171573,US-1966-HARPER,1966,-14,0.1662457671379403,0.13366075256715987,Democracy & Governance,100
continuous_d23,1952,171573,US-1966-MIRANDA,1966,-14,0.16986315661523474,0.19019077609080728,Criminal Justice & Guns,100
continuous_d23,1952,171573,US-1967-KATZ,1967,-15,0.2333983048369989,0.2368348272383338,Civil Liberties,100
continuous_d23,1952,171573,US-1967-LOVING,1967,-15,0.12877468704832576,0.10118245527965172,Civil Rights,100
continuous_d23,1952,171573,US-1968-FAIR-HOUSING,1968,-16,0.1559306071400834,0.2705032710774608,Civil Rights,100
continuous_d23,1952,171573,US-1968-GUN-CONTROL,1968,-16,0.1447981946739405,0.2069453864218105,Criminal Justice & Guns,99
continuous_d23,1952,171573,US-1968-TERRY,1968,-16,0.17660291387824742,0.22832501079918505,Criminal Justice & Guns,100
continuous_d23,1952,171573,US-1969-BRANDENBURG,1969,-17,0.10372047211603073,0.19366230407490204,Civil Liberties,100
continuous_d23,1952,171573,US-1969-NEPA,1969,-17,0.19205133003564456,0.20729918982713869,Environment & Energy,100
continuous_d23,1952,171573,US-1969-TINKER,1969,-17,0.1714441474400386,0.2194727161460652,Civil Liberties,100
continuous_d23,1952,171573,US-1970-CLEAN-AIR,1970,-18,0.1234302331628343,0.19572196826467728,Environment & Energy,100
continuous_d23,1952,171573,US-1970-CSA,1970,-18,0.15782731690454183,0.22868865896489005,Criminal Justice & Guns,99
continuous_d23,1952,171573,US-1970-OSHA,1970,-18,0.18538398408736373,0.1929378703505738,Labor,100
continuous_d23,1952,171573,US-1971-26TH,1971,-19,0.28054547405375835,0.1885622659511109,Democracy & Governance,100
continuous_d23,1952,171573,US-1971-FECA,1971,-19,0.13066614904065316,0.2364511615269958,Democracy & Governance,100
continuous_d23,1952,171573,US-1971-LEMON,1971,-19,0.1277456073054299,0.2097058428682365,Civil Liberties,100
continuous_d23,1952,171573,US-1971-PENTAGON-PAPERS,1971,-19,0.11183272103227829,0.2402538806442735,Civil Liberties,100
continuous_d23,1952,171573,US-1972-CLEAN-WATER,1972,-20,0.15206885886757862,0.29068170076160627,Environment & Energy,100
continuous_d23,1952,171573,US-1972-FURMAN,1972,-20,0.1577670672862125,0.131053769551374,Criminal Justice & Guns,100
continuous_d23,1952,171573,US-1972-TITLE-IX,1972,-20,0.1708516251346694,0.17373644483247513,Civil Rights,100
continuous_d23,1952,171573,US-1972-YODER,1972,-20,0.17388813826585015,0.13750572337758077,Civil Liberties,100
continuous_d23,1952,171573,US-1932-RFC,1932,20,0.18935816338216463,0.18397209008649099,Economy & Finance,100
continuous_d23,1952,171573,US-1932-NORRIS-LAGUARDIA,1932,20,0.11164244684613109,0.1623174299709309,Labor,100
continuous_d23,1952,171573,US-1933-CCC,1933,19,0.1484627435696332,0.23606700885309417,Democracy & Governance,100
continuous_d23,1952,171573,US-1933-FERA,1933,19,0.15519949630668298,0.19446776563073057,Health/Welfare/Educ,99
continuous_d23,1952,171573,US-1933-HOME-OWNERS-LOAN,1933,19,0.10947191613496407,0.16617326835112398,Health/Welfare/Educ,99
continuous_d23,1952,171573,US-1934-NFA,1934,18,0.1593790965003229,0.14008438002084353,Criminal Justice & Guns,100
continuous_d23,1952,171573,US-1935-PUHCA,1935,17,0.0981073183930064,0.1864171718425411,Environment & Energy,100
continuous_d23,1952,171573,US-1936-RURAL-ELECTRIFICATION,1936,16,0.13296560918387562,0.2437011124475013,Environment & Energy,100
continuous_d23,1952,171573,US-1939-HATCH-ACT,1939,13,0.19796427858039112,0.15847391161911242,Civil Rights,100
continuous_d23,1952,171573,US-1940-SELECTIVE-TRAINING,1940,12,0.247292428642216,0.21140046061656068,Natl Security & Foreign,100
continuous_d23,1952,171573,US-1940-SMITH-ACT,1940,12,0.18372380495546284,0.15143786816945884,Natl Security & Foreign,99
continuous_d23,1952,171573,US-1941-DARBY,1941,11,0.19757485192381988,0.1644843534581836,Labor,100
continuous_d23,1952,171573,US-1941-LEND-LEASE,1941,11,0.15355712369672525,0.2282624168587503,Natl Security & Foreign,99
continuous_d23,1952,171573,US-1942-EMERGENCY-PRICE-CONTROL,1942,10,0.15125979707857085,0.21059720375150914,Natl Security & Foreign,100
continuous_d23,1952,171573,US-1943-CHINESE-EXCLUSION-REPEAL,1943,9,0.17740916016244251,0.21624827570833266,Immigration,99
continuous_d23,1952,171573,US-1945-BRETTON-WOODS,1945,7,0.13921221679926085,0.1829256788943617,Natl Security & Foreign,100
continuous_d23,1952,171573,US-1945-UN-PARTICIPATION,1945,7,0.13226335040114312,0.18512574646615787,Natl Security & Foreign,100
continuous_d23,1952,171573,US-1946-APA,1946,6,0.13105313638566338,0.2173464757057244,Democracy & Governance,100
continuous_d23,1952,171573,US-1948-DISPLACED-PERSONS-ACT,1948,4,0.19565707532347418,0.21924212463735332,Immigration,99
continuous_d23,1952,171573,US-1948-MARSHALL-PLAN,1948,4,0.1763361194270919,0.16479313486187713,Natl Security & Foreign,100
continuous_d23,1952,171573,US-1948-SHELLEY,1948,4,0.23090922156100668,0.1670302778648322,Civil Rights,100
continuous_d23,1952,171573,US-1950-DPA,1950,2,0.16103258933970466,0.22823224417919286,Economy & Finance,100
continuous_d23,1952,171573,US-1950-INTERNAL-SECURITY,1950,2,0.17108325841841918,0.176897166079472,Natl Security & Foreign,100
continuous_d23,1952,171573,US-1951-DENNIS,1951,1,0.2845683740823237,0.1661692705051182,Civil Liberties,97
continuous_d23,1952,171573,US-1956-BANK-HOLDING-COMPANY-ACT,1956,-4,0.18552580584540848,0.21630477502830328,Economy & Finance,100
continuous_d23,1952,171573,US-1957-YATES,1957,-5,0.18411555253100012,0.14385001768101935,Civil Liberties,100
continuous_d23,1952,171573,US-1958-NDEA,1958,-6,0.18615503737048456,0.19614444910629542,Health/Welfare/Educ,100
continuous_d23,1952,171573,US-1958-NASA-ACT,1958,-6,0.17833892436460783,0.19182491218823713,Environment & Energy,100
continuous_d23,1952,171573,US-1958-COOPER,1958,-6,0.1438577018714165,0.1386839745730527,Civil Rights,100
continuous_d23,1952,171573,US-1961-PEACE-CORPS,1961,-9,0.25222892066639646,0.2093229853997488,Natl Security & Foreign,100
continuous_d23,1952,171573,US-1968-OMNIBUS-CRIME-CONTROL,1968,-16,0.10089544576246968,0.24438666811906123,Criminal Justice & Guns,100
continuous_d23,1952,171573,US-1968-TRUTH-IN-LENDING,1968,-16,0.08558353028214082,0.2250795865928128,Economy & Finance,100
continuous_d23,1952,171573,US-1970-FCRA,1970,-18,0.11034474272205572,0.13400196345057686,Civil Liberties,100
continuous_d23,1952,171573,US-1972-CPSA,1972,-20,0.20653637084283885,0.18788194103062325,Economy & Finance,100
continuous_d23,1952,171573,US-1933-TVA,1933,19,0.16593623070194646,0.12112071928623855,Democracy & Governance,99
continuous_d23,1952,171573,US-1933-NIRA,1933,19,0.1465810728604343,0.15556520807082597,Economy & Finance,100
continuous_d23,1952,171573,US-1942-EO9066,1942,10,0.11711911162881022,0.04146297607783537,Civil Rights,100
continuous_d23,1952,171573,US-1947-TRUMAN-DOCTRINE,1947,5,0.11659085333855553,0.09220428111582724,Natl Security & Foreign,100
continuous_d23,1952,171573,US-1957-EO10730,1957,-5,0.17390091437826172,0.12021297507484452,Civil Rights,100
continuous_d23,1952,171573,US-1963-TEST-BAN-TREATY,1963,-11,0.12855998450408165,0.1257151950128595,Natl Security & Foreign,100
continuous_d23,1952,171573,US-1964-TONKIN-GULF,1964,-12,0.23812574730259206,0.1618964709735334,Natl Security & Foreign,100
continuous_d23,1952,171573,US-1967-ADEA,1967,-15,0.12069742187900606,0.18754209151981102,Civil Rights,100
continuous_d23,1952,171573,US-1970-BANK-SECRECY,1970,-18,0.10541548245206184,0.2100512581761792,Economy & Finance,99
continuous_d23,1952,171573,US-1971-ANCSA,1971,-19,0.13497774443370114,0.14271451606018457,Civil Rights,99
continuous_d23,1953,172404,US-1933-GLASS-STEAGALL,1933,20,0.15612006296419392,0.05286685077639085,Economy & Finance,100
continuous_d23,1953,172404,US-1933-PROHIBITION-REPEAL,1933,20,0.23328941902201822,-0.021381680763136766,Civil Liberties,100
continuous_d23,1953,172404,US-1933-SECURITIES-ACT,1933,20,0.12594333254965218,-0.08715314130582195,Economy & Finance,99
continuous_d23,1953,172404,US-1934-EXCHANGE-ACT,1934,19,0.19091676881807715,-0.07474779295143898,Economy & Finance,100
continuous_d23,1953,172404,US-1934-IRA,1934,19,0.1328009055747108,0.03032061785344605,Civil Rights,100
continuous_d23,1953,172404,US-1934-NATIONAL-HOUSING-ACT,1934,19,0.16375832494975529,-0.01858374287994499,Health/Welfare/Educ,100
continuous_d23,1953,172404,US-1935-NIRA-SCHECHTER,1935,18,0.27143316415260804,0.017419039059887717,Democracy & Governance,100
continuous_d23,1953,172404,US-1935-NLRA,1935,18,0.2540315372578699,-0.0430250705160439,Labor,100
continuous_d23,1953,172404,US-1935-SOCIAL-SECURITY,1935,18,0.2704673331775527,0.03611628587676183,Health/Welfare/Educ,100
continuous_d23,1953,172404,US-1936-AAA-BUTLER,1936,17,0.10761328876176739,0.07744209394247625,Democracy & Governance,100
continuous_d23,1953,172404,US-1937-JONES-LAUGHLIN,1937,16,0.14839536331284203,-0.04156219819783192,Labor,100
continuous_d23,1953,172404,US-1937-WEST-COAST-HOTEL,1937,16,0.08925300815148086,0.059827418375652267,Labor,100
continuous_d23,1953,172404,US-1938-FDCA,1938,15,0.09632668685704397,-0.051427663851548955,Economy & Finance,100
continuous_d23,1953,172404,US-1938-FLSA,1938,15,0.15875499079102307,0.0604960003325919,Labor,100
continuous_d23,1953,172404,US-1941-EO8802,1941,12,0.15605652290945346,-0.057242758599650445,Civil Rights,100
continuous_d23,1953,172404,US-1942-WICKARD,1942,11,0.13809512519322353,-0.034170997839415074,Democracy & Governance,100
continuous_d23,1953,172404,US-1944-GI-BILL,1944,9,0.30133583034361633,-0.014899229310023236,Health/Welfare/Educ,100
continuous_d23,1953,172404,US-1944-KOREMATSU,1944,9,0.22599621558120492,-0.03216913628336763,Civil Rights,100
continuous_d23,1953,172404,US-1946-EMPLOYMENT-ACT,1946,7,0.2204610748545408,-0.04193427601657155,Economy & Finance,100
continuous_d23,1953,172404,US-1947-NATIONAL-SECURITY-ACT,1947,6,0.31956179112231725,0.007967296514516059,Natl Security & Foreign,100
continuous_d23,1953,172404,US-1947-TAFT-HARTLEY,1947,6,0.09058226334162284,-0.0911443363583313,Labor,100
continuous_d23,1953,172404,US-1948-EO9981,1948,5,0.2583471918648132,-0.0319253968773126,Civil Rights,100
continuous_d23,1953,172404,US-1952-INA,1952,1,0.13673307505737964,-0.019716907258046232,Immigration,100
continuous_d23,1953,172404,US-1952-YOUNGSTOWN,1952,1,0.16521837266624945,-0.05256014327080022,Democracy & Governance,99
continuous_d23,1953,172404,US-1954-BROWN,1954,-1,0.17519706295736612,-0.03821537013407966,Civil Rights,100
continuous_d23,1953,172404,US-1956-HIGHWAY,1956,-3,0.20915987654077306,-0.044776506973364355,Environment & Energy,100
continuous_d23,1953,172404,US-1957-CIVIL-RIGHTS-ACT,1957,-4,0.32089130218298295,-0.12195266939643717,Civil Rights,100
continuous_d23,1953,172404,US-1961-MAPP,1961,-8,0.10556341963117788,0.12346177298325019,Criminal Justice & Guns,100
continuous_d23,1953,172404,US-1962-BAKER,1962,-9,0.12513729841724963,-0.06788706258126603,Democracy & Governance,100
continuous_d23,1953,172404,US-1962-ENGEL,1962,-9,0.16728749964523879,0.012454914042665372,Civil Liberties,100
continuous_d23,1953,172404,US-1962-KEFAUVER-HARRIS,1962,-9,0.17595634630179585,0.020923368952660778,Economy & Finance,100
continuous_d23,1953,172404,US-1963-EQUAL-PAY,1963,-10,0.21170477829649378,-0.05147493674096361,Civil Rights,99
continuous_d23,1953,172404,US-1963-GIDEON,1963,-10,0.12083593231837556,-0.06524422066239771,Criminal Justice & Guns,100
continuous_d23,1953,172404,US-1964-24TH-AMENDMENT,1964,-11,0.23342908506723248,-0.15307353709451704,Democracy & Governance,100
continuous_d23,1953,172404,US-1964-CIVIL-RIGHTS-ACT,1964,-11,0.12997022383030127,-0.012806837658884018,Civil Rights,100
continuous_d23,1953,172404,US-1964-ECONOMIC-OPPORTUNITY,1964,-11,0.2551094940607427,0.03814532363705181,Health/Welfare/Educ,99
continuous_d23,1953,172404,US-1964-HEART-ATLANTA,1964,-11,0.23768145180643344,-0.09518884180750398,Civil Rights,100
continuous_d23,1953,172404,US-1964-NYT-SULLIVAN,1964,-11,0.14562893989643416,0.018892178760158643,Civil Liberties,100
continuous_d23,1953,172404,US-1964-REYNOLDS,1964,-11,0.18210662446816056,-0.05128007297646014,Democracy & Governance,100
continuous_d23,1953,172404,US-1965-ESEA,1965,-12,0.19941729384916587,-0.07623675321763042,Health/Welfare/Educ,100
continuous_d23,1953,172404,US-1965-GRISWOLD,1965,-12,0.14506638204196942,0.0032674829620388222,Civil Liberties,99
continuous_d23,1953,172404,US-1965-HART-CELLER,1965,-12,0.16233450674733413,-0.024282642234407143,Immigration,100
continuous_d23,1953,172404,US-1965-MEDICARE-MEDICAID,1965,-12,0.18332568703172203,-0.0029424069045419225,Health/Welfare/Educ,99
continuous_d23,1953,172404,US-1965-VRA,1965,-12,0.15326937559057943,-0.13565625791318003,Democracy & Governance,100
continuous_d23,1953,172404,US-1966-FOIA,1966,-13,0.17775932762512667,0.06114336868889951,Democracy & Governance,100
continuous_d23,1953,172404,US-1966-HARPER,1966,-13,0.16255181597872925,-0.02769424916708124,Democracy & Governance,100
continuous_d23,1953,172404,US-1966-MIRANDA,1966,-13,0.12783089503268727,-0.015257243826127451,Criminal Justice & Guns,100
continuous_d23,1953,172404,US-1967-KATZ,1967,-14,0.23784278276094384,0.08578173532058898,Civil Liberties,100
continuous_d23,1953,172404,US-1967-LOVING,1967,-14,0.15010445062456465,0.01591708344550506,Civil Rights,100
continuous_d23,1953,172404,US-1968-FAIR-HOUSING,1968,-15,0.1518030677075106,-0.025080429580932827,Civil Rights,100
continuous_d23,1953,172404,US-1968-GUN-CONTROL,1968,-15,0.08281582236531275,-0.10322664768312037,Criminal Justice & Guns,99
continuous_d23,1953,172404,US-1968-TERRY,1968,-15,0.1897414961429174,0.012820750997313097,Criminal Justice & Guns,100
continuous_d23,1953,172404,US-1969-BRANDENBURG,1969,-16,0.12205112205918142,0.024205085341570096,Civil Liberties,100
continuous_d23,1953,172404,US-1969-NEPA,1969,-16,0.11604458053546235,-0.04906546984948605,Environment & Energy,100
continuous_d23,1953,172404,US-1969-TINKER,1969,-16,0.18385668172310132,-0.03311658703880994,Civil Liberties,100
continuous_d23,1953,172404,US-1970-CLEAN-AIR,1970,-17,0.13503727788462988,-0.016216983859692228,Environment & Energy,100
continuous_d23,1953,172404,US-1970-CSA,1970,-17,0.14823725797894713,0.0840885913135791,Criminal Justice & Guns,99
continuous_d23,1953,172404,US-1970-OSHA,1970,-17,0.19123675122869377,-0.03482167371827395,Labor,100
continuous_d23,1953,172404,US-1971-26TH,1971,-18,0.3835727370333312,-0.032560872135670216,Democracy & Governance,100
continuous_d23,1953,172404,US-1971-FECA,1971,-18,0.1339597420444796,-0.08399455619023471,Democracy & Governance,100
continuous_d23,1953,172404,US-1971-LEMON,1971,-18,0.10342850787189706,0.026354862211948563,Civil Liberties,100
continuous_d23,1953,172404,US-1971-PENTAGON-PAPERS,1971,-18,0.1268544688873319,0.06032379008984409,Civil Liberties,100
continuous_d23,1953,172404,US-1972-CLEAN-WATER,1972,-19,0.16309695463778293,-0.07384226925560639,Environment & Energy,100
continuous_d23,1953,172404,US-1972-FURMAN,1972,-19,0.16223123763441805,0.03210023448117488,Criminal Justice & Guns,100
continuous_d23,1953,172404,US-1972-TITLE-IX,1972,-19,0.14012775792522364,-0.05896150884341659,Civil Rights,100
continuous_d23,1953,172404,US-1972-YODER,1972,-19,0.18574797504851923,0.012162692838356666,Civil Liberties,100
continuous_d23,1953,172404,US-1973-ESA,1973,-20,0.11969791027374034,0.12033728563313806,Environment & Energy,100
continuous_d23,1953,172404,US-1973-REHABILITATION,1973,-20,0.11031130089837111,-0.25333590885465646,Civil Rights,100
continuous_d23,1953,172404,US-1973-RODRIGUEZ,1973,-20,0.15714342461666886,-0.0020615841075382435,Health/Welfare/Educ,100
continuous_d23,1953,172404,US-1973-ROE,1973,-20,0.18712182578087277,0.013492128923052255,Civil Liberties,100
continuous_d23,1953,172404,US-1973-WAR-POWERS,1973,-20,0.18317691044923104,-0.03611780324720487,Democracy & Governance,100
continuous_d23,1953,172404,US-1933-CCC,1933,20,0.20451702296550867,0.06203517952472379,Democracy & Governance,100
continuous_d23,1953,172404,US-1933-FERA,1933,20,0.2271180914587988,0.005200453706233117,Health/Welfare/Educ,99
continuous_d23,1953,172404,US-1933-HOME-OWNERS-LOAN,1933,20,0.12227758404708643,-0.04593135972003253,Health/Welfare/Educ,99
continuous_d23,1953,172404,US-1934-NFA,1934,19,0.11627894429850456,-0.057726913834802274,Criminal Justice & Guns,100
continuous_d23,1953,172404,US-1935-PUHCA,1935,18,0.09050291493104114,-0.10020350623542379,Environment & Energy,100
continuous_d23,1953,172404,US-1936-RURAL-ELECTRIFICATION,1936,17,0.1361411698936643,0.0940248027436879,Environment & Energy,100
continuous_d23,1953,172404,US-1939-HATCH-ACT,1939,14,0.23052146765599374,-0.08634842506175269,Civil Rights,100
continuous_d23,1953,172404,US-1940-SELECTIVE-TRAINING,1940,13,0.3373344802800002,-0.005999408759462831,Natl Security & Foreign,100
continuous_d23,1953,172404,US-1940-SMITH-ACT,1940,13,0.12948479687785916,0.010362798964586403,Natl Security & Foreign,99
continuous_d23,1953,172404,US-1941-DARBY,1941,12,0.13517909791351607,0.004312133083715346,Labor,100
continuous_d23,1953,172404,US-1941-LEND-LEASE,1941,12,0.2294938960564555,0.009402956252150728,Natl Security & Foreign,99
continuous_d23,1953,172404,US-1942-EMERGENCY-PRICE-CONTROL,1942,11,0.17980823172570368,0.010001830211674832,Natl Security & Foreign,100
continuous_d23,1953,172404,US-1943-CHINESE-EXCLUSION-REPEAL,1943,10,0.15959029155181878,-0.053908870370663324,Immigration,99
continuous_d23,1953,172404,US-1945-BRETTON-WOODS,1945,8,0.27167477720840055,0.010690145498451254,Natl Security & Foreign,100
continuous_d23,1953,172404,US-1945-UN-PARTICIPATION,1945,8,0.21019459204251403,-0.04459503307288401,Natl Security & Foreign,100
continuous_d23,1953,172404,US-1946-APA,1946,7,0.11647045451126065,0.040251127178125984,Democracy & Governance,100
continuous_d23,1953,172404,US-1948-DISPLACED-PERSONS-ACT,1948,5,0.19944841370624114,-0.0062226570572075784,Immigration,99
continuous_d23,1953,172404,US-1948-MARSHALL-PLAN,1948,5,0.2559001911740166,-0.027373881721741915,Natl Security & Foreign,100
continuous_d23,1953,172404,US-1948-SHELLEY,1948,5,0.1254298358489305,0.06718145044227225,Civil Rights,100
continuous_d23,1953,172404,US-1950-DPA,1950,3,0.24291427820753952,0.0346600227388946,Economy & Finance,100
continuous_d23,1953,172404,US-1950-INTERNAL-SECURITY,1950,3,0.19144520065542792,0.005963918065282602,Natl Security & Foreign,100
continuous_d23,1953,172404,US-1951-DENNIS,1951,2,0.20560264103234957,0.13148738479704916,Civil Liberties,97
continuous_d23,1953,172404,US-1956-BANK-HOLDING-COMPANY-ACT,1956,-3,0.13079458728045668,-0.005373409432667718,Economy & Finance,100
continuous_d23,1953,172404,US-1957-YATES,1957,-4,0.07544254592965556,0.043886266070691266,Civil Liberties,100
continuous_d23,1953,172404,US-1958-NDEA,1958,-5,0.1979162624561136,0.05951199447660003,Health/Welfare/Educ,100
continuous_d23,1953,172404,US-1958-NASA-ACT,1958,-5,0.24397870910011424,0.08705056271000697,Environment & Energy,100
continuous_d23,1953,172404,US-1958-COOPER,1958,-5,0.16542813979985205,-0.16544375424206684,Civil Rights,100
continuous_d23,1953,172404,US-1961-PEACE-CORPS,1961,-8,0.3004940708857294,0.03579414684154063,Natl Security & Foreign,100
continuous_d23,1953,172404,US-1968-OMNIBUS-CRIME-CONTROL,1968,-15,0.1218213375320786,0.08086829681262697,Criminal Justice & Guns,100
continuous_d23,1953,172404,US-1968-TRUTH-IN-LENDING,1968,-15,0.10398024186874334,-0.1515511660741616,Economy & Finance,100
continuous_d23,1953,172404,US-1970-FCRA,1970,-17,0.08394420972309788,-0.04993240510199175,Civil Liberties,100
continuous_d23,1953,172404,US-1972-CPSA,1972,-19,0.20946682006665338,-0.005506327237734747,Economy & Finance,100
continuous_d23,1953,172404,US-1933-TVA,1933,20,0.2557691491463079,-0.05918734349192241,Democracy & Governance,99
continuous_d23,1953,172404,US-1933-NIRA,1933,20,0.20134027078665337,-0.06369659664712853,Economy & Finance,100
continuous_d23,1953,172404,US-1942-EO9066,1942,11,0.19929611044586729,-0.14853723234962035,Civil Rights,100
continuous_d23,1953,172404,US-1947-TRUMAN-DOCTRINE,1947,6,0.14233326790554116,-0.11998253859701466,Natl Security & Foreign,100
continuous_d23,1953,172404,US-1957-EO10730,1957,-4,0.2435176464607587,-0.1490190824269196,Civil Rights,100
continuous_d23,1953,172404,US-1963-TEST-BAN-TREATY,1963,-10,0.24878083434885742,-0.017775863235179816,Natl Security & Foreign,100
continuous_d23,1953,172404,US-1964-TONKIN-GULF,1964,-11,0.30430707906855725,-0.09464617122405194,Natl Security & Foreign,100
continuous_d23,1953,172404,US-1967-ADEA,1967,-14,0.23185703195912652,0.08657363700527183,Civil Rights,100
continuous_d23,1953,172404,US-1970-BANK-SECRECY,1970,-17,0.13705524371656386,-0.04014800907481136,Economy & Finance,99
continuous_d23,1953,172404,US-1971-ANCSA,1971,-18,0.2441596557119463,-0.005605595869326698,Civil Rights,99
continuous_d23,1954,173388,US-1934-EXCHANGE-ACT,1934,20,0.30199501726708644,-0.22780027579205714,Economy & Finance,100
continuous_d23,1954,173388,US-1934-IRA,1934,20,0.33829062143006217,-0.022034748495418227,Civil Rights,100
continuous_d23,1954,173388,US-1934-NATIONAL-HOUSING-ACT,1934,20,0.3737991611060918,-0.12123039937486635,Health/Welfare/Educ,100
continuous_d23,1954,173388,US-1935-NIRA-SCHECHTER,1935,19,0.29944461936806327,-0.057446255831826755,Democracy & Governance,100
continuous_d23,1954,173388,US-1935-NLRA,1935,19,0.36692006610781264,-0.14005454960287242,Labor,100
continuous_d23,1954,173388,US-1935-SOCIAL-SECURITY,1935,19,0.4389886990204653,-0.09902655185258352,Health/Welfare/Educ,100
continuous_d23,1954,173388,US-1936-AAA-BUTLER,1936,18,0.2631721104349111,0.04727511381147914,Democracy & Governance,100
continuous_d23,1954,173388,US-1937-JONES-LAUGHLIN,1937,17,0.30959516503743334,-0.12641288454397906,Labor,100
continuous_d23,1954,173388,US-1937-WEST-COAST-HOTEL,1937,17,0.19568498523292274,-0.08293601593942267,Labor,100
continuous_d23,1954,173388,US-1938-FDCA,1938,16,0.28510103450372865,-0.06256858872987864,Economy & Finance,100
continuous_d23,1954,173388,US-1938-FLSA,1938,16,0.38667158880986635,-0.07655534809079605,Labor,100
continuous_d23,1954,173388,US-1941-EO8802,1941,13,0.2611738220394871,-0.1490253368819906,Civil Rights,100
continuous_d23,1954,173388,US-1942-WICKARD,1942,12,0.2306562160345629,-0.04324184474696179,Democracy & Governance,100
continuous_d23,1954,173388,US-1944-GI-BILL,1944,10,0.4325983283093595,-0.17538838329816625,Health/Welfare/Educ,100
continuous_d23,1954,173388,US-1944-KOREMATSU,1944,10,0.3837346060423632,-0.06769205387137013,Civil Rights,100
continuous_d23,1954,173388,US-1946-EMPLOYMENT-ACT,1946,8,0.3085220063273161,-0.12654645564574984,Economy & Finance,100
continuous_d23,1954,173388,US-1947-NATIONAL-SECURITY-ACT,1947,7,0.4244279742381029,-0.1627856505093805,Natl Security & Foreign,100
continuous_d23,1954,173388,US-1947-TAFT-HARTLEY,1947,7,0.3153461649188684,-0.1245824146295023,Labor,100
continuous_d23,1954,173388,US-1948-EO9981,1948,6,0.2931470002288304,-0.08816306081551818,Civil Rights,100
continuous_d23,1954,173388,US-1952-INA,1952,2,0.37794587083616693,-0.05275268960757055,Immigration,100
continuous_d23,1954,173388,US-1952-YOUNGSTOWN,1952,2,0.27173584863724337,-0.1055135490234126,Democracy & Governance,99
continuous_d23,1954,173388,US-1954-BROWN,1954,0,0.31285928775859895,-0.08909055136697751,Civil Rights,100
continuous_d23,1954,173388,US-1956-HIGHWAY,1956,-2,0.3212890585907773,-0.19072434488577764,Environment & Energy,100
continuous_d23,1954,173388,US-1957-CIVIL-RIGHTS-ACT,1957,-3,0.34395453134961834,-0.1972179252679649,Civil Rights,100
continuous_d23,1954,173388,US-1961-MAPP,1961,-7,0.2829835329366838,-0.06375881089079234,Criminal Justice & Guns,100
continuous_d23,1954,173388,US-1962-BAKER,1962,-8,0.2710302310373393,-0.2218861004952631,Democracy & Governance,100
continuous_d23,1954,173388,US-1962-ENGEL,1962,-8,0.3883580251076099,-0.006844175604232512,Civil Liberties,100
continuous_d23,1954,173388,US-1962-KEFAUVER-HARRIS,1962,-8,0.3276954809197391,-0.056863120574153284,Economy & Finance,100
continuous_d23,1954,173388,US-1963-EQUAL-PAY,1963,-9,0.4272280132263313,-0.0873374618003741,Civil Rights,99
continuous_d23,1954,173388,US-1963-GIDEON,1963,-9,0.33762803577526784,-0.15308925590434597,Criminal Justice & Guns,100
continuous_d23,1954,173388,US-1964-24TH-AMENDMENT,1964,-10,0.42347220845576516,-0.16163468217207166,Democracy & Governance,100
continuous_d23,1954,173388,US-1964-CIVIL-RIGHTS-ACT,1964,-10,0.3402855676205144,-0.07018459811687813,Civil Rights,100
continuous_d23,1954,173388,US-1964-ECONOMIC-OPPORTUNITY,1964,-10,0.44419876274655246,-0.16289026618063832,Health/Welfare/Educ,99
continuous_d23,1954,173388,US-1964-HEART-ATLANTA,1964,-10,0.23282919041604036,-0.08334477668360148,Civil Rights,100
continuous_d23,1954,173388,US-1964-NYT-SULLIVAN,1964,-10,0.23342040720752547,-0.0388243370296341,Civil Liberties,100
continuous_d23,1954,173388,US-1964-REYNOLDS,1964,-10,0.33586384432945626,-0.0804307372864272,Democracy & Governance,100
continuous_d23,1954,173388,US-1965-ESEA,1965,-11,0.3531040709505431,-0.1786233167490578,Health/Welfare/Educ,100
continuous_d23,1954,173388,US-1965-GRISWOLD,1965,-11,0.3328279714589941,-0.06416496168726346,Civil Liberties,99
continuous_d23,1954,173388,US-1965-HART-CELLER,1965,-11,0.42339377202925205,-0.07743588564158416,Immigration,100
continuous_d23,1954,173388,US-1965-MEDICARE-MEDICAID,1965,-11,0.34216357262098723,-0.11474483948609217,Health/Welfare/Educ,99
continuous_d23,1954,173388,US-1965-VRA,1965,-11,0.2788616574227488,-0.1891701536332795,Democracy & Governance,100
continuous_d23,1954,173388,US-1966-FOIA,1966,-12,0.3577574782395768,-0.14413633978649665,Democracy & Governance,100
continuous_d23,1954,173388,US-1966-HARPER,1966,-12,0.45221756030344046,-0.14849751024723148,Democracy & Governance,100
continuous_d23,1954,173388,US-1966-MIRANDA,1966,-12,0.2872724604042126,-0.12782527714994685,Criminal Justice & Guns,100
continuous_d23,1954,173388,US-1967-KATZ,1967,-13,0.26811155303024864,-0.0670587681387079,Civil Liberties,100
continuous_d23,1954,173388,US-1967-LOVING,1967,-13,0.3501927981206138,-0.10633856374938659,Civil Rights,100
continuous_d23,1954,173388,US-1968-FAIR-HOUSING,1968,-14,0.36126997631203034,-0.1340362551874395,Civil Rights,100
continuous_d23,1954,173388,US-1968-GUN-CONTROL,1968,-14,0.3004597815721206,-0.08295706179427915,Criminal Justice & Guns,99
continuous_d23,1954,173388,US-1968-TERRY,1968,-14,0.31644153273787806,-0.05559392492159392,Criminal Justice & Guns,100
continuous_d23,1954,173388,US-1969-BRANDENBURG,1969,-15,0.2284347764135197,-0.08035652796931013,Civil Liberties,100
continuous_d23,1954,173388,US-1969-NEPA,1969,-15,0.2952566522852749,-0.09125776741142191,Environment & Energy,100
continuous_d23,1954,173388,US-1969-TINKER,1969,-15,0.2940991416744411,-0.006320154276076746,Civil Liberties,100
continuous_d23,1954,173388,US-1970-CLEAN-AIR,1970,-16,0.2499965448813956,-0.09851966407621598,Environment & Energy,100
continuous_d23,1954,173388,US-1970-CSA,1970,-16,0.30422527213287565,-0.05254254221558887,Criminal Justice & Guns,99
continuous_d23,1954,173388,US-1970-OSHA,1970,-16,0.3538225895457521,-0.15082729104395065,Labor,100
continuous_d23,1954,173388,US-1971-26TH,1971,-17,0.5784860193696757,-0.09134433776425606,Democracy & Governance,100
continuous_d23,1954,173388,US-1971-FECA,1971,-17,0.30911537256900373,-0.13730605573007273,Democracy & Governance,100
continuous_d23,1954,173388,US-1971-LEMON,1971,-17,0.27010325281299163,-0.00660832508759726,Civil Liberties,100
continuous_d23,1954,173388,US-1971-PENTAGON-PAPERS,1971,-17,0.25099318370741547,0.03470873088919463,Civil Liberties,100
continuous_d23,1954,173388,US-1972-CLEAN-WATER,1972,-18,0.33085610548675537,-0.20997460351209035,Environment & Energy,100
continuous_d23,1954,173388,US-1972-FURMAN,1972,-18,0.36074064966569575,-0.11621594944100519,Criminal Justice & Guns,100
continuous_d23,1954,173388,US-1972-TITLE-IX,1972,-18,0.42122633590821495,-0.1360044124137706,Civil Rights,100
continuous_d23,1954,173388,US-1972-YODER,1972,-18,0.4203109133261051,-0.12424836551303832,Civil Liberties,100
continuous_d23,1954,173388,US-1973-ESA,1973,-19,0.3055632101582482,0.03178867506264937,Environment & Energy,100
continuous_d23,1954,173388,US-1973-REHABILITATION,1973,-19,0.32068520822201946,-0.27486947944868834,Civil Rights,100
continuous_d23,1954,173388,US-1973-RODRIGUEZ,1973,-19,0.33601604823353853,-0.12080132558397373,Health/Welfare/Educ,100
continuous_d23,1954,173388,US-1973-ROE,1973,-19,0.33721459524289765,-0.02459850551343593,Civil Liberties,100
continuous_d23,1954,173388,US-1973-WAR-POWERS,1973,-19,0.3595787211118494,-0.05908314156475074,Democracy & Governance,100
continuous_d23,1954,173388,US-1974-ECOA,1974,-20,0.41423209283891055,-0.07486543233684725,Economy & Finance,100
continuous_d23,1954,173388,US-1974-ERISA,1974,-20,0.3660262449310672,-0.16058885539419168,Labor,100
continuous_d23,1954,173388,US-1974-MILLIKEN,1974,-20,0.2947931922187295,-0.19325667051176945,Civil Rights,100
continuous_d23,1954,173388,US-1974-PRIVACY-ACT,1974,-20,0.44690580493589044,-0.10040863164592409,Civil Liberties,100
continuous_d23,1954,173388,US-1934-NFA,1934,20,0.2782467423934014,-0.09652055555351062,Criminal Justice & Guns,100
continuous_d23,1954,173388,US-1935-PUHCA,1935,19,0.17353070615504507,-0.16052813321051393,Environment & Energy,100
continuous_d23,1954,173388,US-1936-RURAL-ELECTRIFICATION,1936,18,0.27024720518915485,-0.027008883227676365,Environment & Energy,100
continuous_d23,1954,173388,US-1939-HATCH-ACT,1939,15,0.33827016620188,-0.205481800759306,Civil Rights,100
continuous_d23,1954,173388,US-1940-SELECTIVE-TRAINING,1940,14,0.45577979475374114,-0.09099125449278425,Natl Security & Foreign,100
continuous_d23,1954,173388,US-1940-SMITH-ACT,1940,14,0.26797784416467735,-0.04409775408617794,Natl Security & Foreign,99
continuous_d23,1954,173388,US-1941-DARBY,1941,13,0.3178937167209036,-0.08197536619613062,Labor,100
continuous_d23,1954,173388,US-1941-LEND-LEASE,1941,13,0.3479795315365516,-0.04834278912902467,Natl Security & Foreign,99
continuous_d23,1954,173388,US-1942-EMERGENCY-PRICE-CONTROL,1942,12,0.29158952033953145,-0.052671015656711936,Natl Security & Foreign,100
continuous_d23,1954,173388,US-1943-CHINESE-EXCLUSION-REPEAL,1943,11,0.3133940135149896,-0.09230124326356158,Immigration,99
continuous_d23,1954,173388,US-1945-BRETTON-WOODS,1945,9,0.27039735560225436,-0.08245916251572515,Natl Security & Foreign,100
continuous_d23,1954,173388,US-1945-UN-PARTICIPATION,1945,9,0.25612999262361646,-0.14772402790204198,Natl Security & Foreign,100
continuous_d23,1954,173388,US-1946-APA,1946,8,0.24308960211108083,-0.06979314608900596,Democracy & Governance,100
continuous_d23,1954,173388,US-1948-DISPLACED-PERSONS-ACT,1948,6,0.3307581672363964,-0.10824687514054197,Immigration,99
continuous_d23,1954,173388,US-1948-MARSHALL-PLAN,1948,6,0.3618818302988933,-0.14667607310626468,Natl Security & Foreign,100
continuous_d23,1954,173388,US-1948-SHELLEY,1948,6,0.4385796464525201,-0.07375792471526585,Civil Rights,100
continuous_d23,1954,173388,US-1950-DPA,1950,4,0.31117409944657826,-0.055154862551211305,Economy & Finance,100
continuous_d23,1954,173388,US-1950-INTERNAL-SECURITY,1950,4,0.3038321355673144,0.011645726554159018,Natl Security & Foreign,100
continuous_d23,1954,173388,US-1951-DENNIS,1951,3,0.4136273034901808,-0.05433724349493075,Civil Liberties,97
continuous_d23,1954,173388,US-1956-BANK-HOLDING-COMPANY-ACT,1956,-2,0.3320610535389666,-0.10029445786327719,Economy & Finance,100
continuous_d23,1954,173388,US-1957-YATES,1957,-3,0.4100615750510736,-0.10576220469313881,Civil Liberties,100
continuous_d23,1954,173388,US-1958-NDEA,1958,-4,0.3887679126973722,-0.06772908353946643,Health/Welfare/Educ,100
continuous_d23,1954,173388,US-1958-NASA-ACT,1958,-4,0.3075130714996689,-0.13771555070047958,Environment & Energy,100
continuous_d23,1954,173388,US-1958-COOPER,1958,-4,0.4243018172464376,-0.1715145920974285,Civil Rights,100
continuous_d23,1954,173388,US-1961-PEACE-CORPS,1961,-7,0.41033081668515825,-0.11084671842636862,Natl Security & Foreign,100
continuous_d23,1954,173388,US-1968-OMNIBUS-CRIME-CONTROL,1968,-14,0.2133731207502981,-0.05552835454974207,Criminal Justice & Guns,100
continuous_d23,1954,173388,US-1968-TRUTH-IN-LENDING,1968,-14,0.2027662488723844,-0.19321279438611488,Economy & Finance,100
continuous_d23,1954,173388,US-1970-FCRA,1970,-16,0.26795210270154035,-0.13126960472158594,Civil Liberties,100
continuous_d23,1954,173388,US-1972-CPSA,1972,-18,0.3426826249223637,-0.17639488960260682,Economy & Finance,100
continuous_d23,1954,173388,US-1942-EO9066,1942,12,0.28500956903332625,-0.1864505280395578,Civil Rights,100
continuous_d23,1954,173388,US-1947-TRUMAN-DOCTRINE,1947,7,0.3563200904945915,-0.14884240699057233,Natl Security & Foreign,100
continuous_d23,1954,173388,US-1957-EO10730,1957,-3,0.2432708084626378,-0.17972411044687145,Civil Rights,100
continuous_d23,1954,173388,US-1963-TEST-BAN-TREATY,1963,-9,0.23704350638950417,-0.10178876264107496,Natl Security & Foreign,100
continuous_d23,1954,173388,US-1964-TONKIN-GULF,1964,-10,0.31756768764027465,-0.1047374447304098,Natl Security & Foreign,100
continuous_d23,1954,173388,US-1967-ADEA,1967,-13,0.38333990739577567,-0.04330431708655256,Civil Rights,100
continuous_d23,1954,173388,US-1970-BANK-SECRECY,1970,-16,0.27030459903857457,-0.10151247901471115,Economy & Finance,99
continuous_d23,1954,173388,US-1971-ANCSA,1971,-17,0.3630708777605502,-0.09655070603970071,Civil Rights,99
continuous_d23,1955,174444,US-1935-NIRA-SCHECHTER,1935,20,0.4459678805702613,-0.01532934635773973,Democracy & Governance,100
continuous_d23,1955,174444,US-1935-NLRA,1935,20,0.4482712534190529,-0.01188262656040427,Labor,100
continuous_d23,1955,174444,US-1935-SOCIAL-SECURITY,1935,20,0.45230050244596925,-0.011402233292773647,Health/Welfare/Educ,100
continuous_d23,1955,174444,US-1936-AAA-BUTLER,1936,19,0.4626687925179124,-0.029497064637713934,Democracy & Governance,100
continuous_d23,1955,174444,US-1937-JONES-LAUGHLIN,1937,18,0.4427730467441994,-0.023863209304036726,Labor,100
continuous_d23,1955,174444,US-1937-WEST-COAST-HOTEL,1937,18,0.45563909361921917,-0.03104750189690716,Labor,100
continuous_d23,1955,174444,US-1938-FDCA,1938,17,0.4508931308482122,-0.029050540580718747,Economy & Finance,100
continuous_d23,1955,174444,US-1938-FLSA,1938,17,0.44443846320588243,-0.02091906342842829,Labor,100
continuous_d23,1955,174444,US-1941-EO8802,1941,14,0.4568292624076088,-0.022851188701301026,Civil Rights,100
continuous_d23,1955,174444,US-1942-WICKARD,1942,13,0.44160460436924504,-0.019511187534997657,Democracy & Governance,100
continuous_d23,1955,174444,US-1944-GI-BILL,1944,11,0.4559565521711859,-0.03806620395784367,Health/Welfare/Educ,100
continuous_d23,1955,174444,US-1944-KOREMATSU,1944,11,0.4490142741984981,-0.008736156472519081,Civil Rights,100
continuous_d23,1955,174444,US-1946-EMPLOYMENT-ACT,1946,9,0.4532510831140816,-0.022930591774091572,Economy & Finance,100
continuous_d23,1955,174444,US-1947-NATIONAL-SECURITY-ACT,1947,8,0.44604368496930547,-0.00827510456279113,Natl Security & Foreign,100
continuous_d23,1955,174444,US-1947-TAFT-HARTLEY,1947,8,0.44456381640555065,-0.028019764881731996,Labor,100
continuous_d23,1955,174444,US-1948-EO9981,1948,7,0.44791122484155194,-0.013470441203974705,Civil Rights,100
continuous_d23,1955,174444,US-1952-INA,1952,3,0.44538788165206183,0.018233936460110674,Immigration,100
continuous_d23,1955,174444,US-1952-YOUNGSTOWN,1952,3,0.44158379056958497,-0.021520876147974148,Democracy & Governance,99
continuous_d23,1955,174444,US-1954-BROWN,1954,1,0.453646216858717,-0.026736867143925515,Civil Rights,100
continuous_d23,1955,174444,US-1956-HIGHWAY,1956,-1,0.44922635338058287,-0.018778406201118557,Environment & Energy,100
continuous_d23,1955,174444,US-1957-CIVIL-RIGHTS-ACT,1957,-2,0.4565844870646218,-0.017078712505233958,Civil Rights,100
continuous_d23,1955,174444,US-1961-MAPP,1961,-6,0.460309179002874,-0.02954444560156117,Criminal Justice & Guns,100
continuous_d23,1955,174444,US-1962-BAKER,1962,-7,0.45415283203062395,-0.03266213200676928,Democracy & Governance,100
continuous_d23,1955,174444,US-1962-ENGEL,1962,-7,0.45621443762784963,-0.030689632746894055,Civil Liberties,100
continuous_d23,1955,174444,US-1962-KEFAUVER-HARRIS,1962,-7,0.45217770025230336,-0.024592392510068443,Economy & Finance,100
continuous_d23,1955,174444,US-1963-EQUAL-PAY,1963,-8,0.4354633418117825,-0.01851237542252473,Civil Rights,99
continuous_d23,1955,174444,US-1963-GIDEON,1963,-8,0.45241582414208925,-0.02296561009469608,Criminal Justice & Guns,100
continuous_d23,1955,174444,US-1964-24TH-AMENDMENT,1964,-9,0.4570861165330896,-0.030933426673008226,Democracy & Governance,100
continuous_d23,1955,174444,US-1964-CIVIL-RIGHTS-ACT,1964,-9,0.4537671915219753,-0.025690476779914775,Civil Rights,100
continuous_d23,1955,174444,US-1964-ECONOMIC-OPPORTUNITY,1964,-9,0.4361353887776513,-0.018067242262631966,Health/Welfare/Educ,99
continuous_d23,1955,174444,US-1964-HEART-ATLANTA,1964,-9,0.4573143367705162,-0.026438599137795907,Civil Rights,100
continuous_d23,1955,174444,US-1964-NYT-SULLIVAN,1964,-9,0.4586003412900205,-0.039008740377184756,Civil Liberties,100
continuous_d23,1955,174444,US-1964-REYNOLDS,1964,-9,0.4579968332166745,-0.029711414422450833,Democracy & Governance,100
continuous_d23,1955,174444,US-1965-ESEA,1965,-10,0.4487012377436718,-0.033655398867628195,Health/Welfare/Educ,100
continuous_d23,1955,174444,US-1965-GRISWOLD,1965,-10,0.4467226960760293,-0.03331121886811538,Civil Liberties,99
continuous_d23,1955,174444,US-1965-HART-CELLER,1965,-10,0.44632884673273115,0.013411878224418684,Immigration,100
continuous_d23,1955,174444,US-1965-MEDICARE-MEDICAID,1965,-10,0.45009876883386896,-0.017496959063960395,Health/Welfare/Educ,99
continuous_d23,1955,174444,US-1965-VRA,1965,-10,0.4494069279209413,-0.032712567662687854,Democracy & Governance,100
continuous_d23,1955,174444,US-1966-FOIA,1966,-11,0.44016003991262714,-0.02770461371798944,Democracy & Governance,100
continuous_d23,1955,174444,US-1966-HARPER,1966,-11,0.4370009689910205,-0.02054278717233571,Democracy & Governance,100
continuous_d23,1955,174444,US-1966-MIRANDA,1966,-11,0.4497260382031066,-0.010414084183211922,Criminal Justice & Guns,100
continuous_d23,1955,174444,US-1967-KATZ,1967,-12,0.432735697165896,-0.013280850709014795,Civil Liberties,100
continuous_d23,1955,174444,US-1967-LOVING,1967,-12,0.44884895628631233,-0.031447207354889,Civil Rights,100
continuous_d23,1955,174444,US-1968-FAIR-HOUSING,1968,-13,0.4396013782282837,-0.033580225759530354,Civil Rights,100
continuous_d23,1955,174444,US-1968-GUN-CONTROL,1968,-13,0.4467657676997131,-0.020800122953200488,Criminal Justice & Guns,99
continuous_d23,1955,174444,US-1968-TERRY,1968,-13,0.4549166067793207,-0.014765699516711606,Criminal Justice & Guns,100
continuous_d23,1955,174444,US-1969-BRANDENBURG,1969,-14,0.4427273497170756,-0.02824175583748496,Civil Liberties,100
continuous_d23,1955,174444,US-1969-NEPA,1969,-14,0.4498309660831636,-0.03199949744709004,Environment & Energy,100
continuous_d23,1955,174444,US-1969-TINKER,1969,-14,0.44537919588794284,-0.033023692173207525,Civil Liberties,100
continuous_d23,1955,174444,US-1970-CLEAN-AIR,1970,-15,0.44355838361305006,-0.01646564405423724,Environment & Energy,100
continuous_d23,1955,174444,US-1970-CSA,1970,-15,0.4343963760997552,-0.01125624526029216,Criminal Justice & Guns,99
continuous_d23,1955,174444,US-1970-OSHA,1970,-15,0.45887527612890566,-0.022939028472107128,Labor,100
continuous_d23,1955,174444,US-1971-26TH,1971,-16,0.43690631963552684,-0.04761560874470103,Democracy & Governance,100
continuous_d23,1955,174444,US-1971-FECA,1971,-16,0.4431266159867376,-0.03772572840377433,Democracy & Governance,100
continuous_d23,1955,174444,US-1971-LEMON,1971,-16,0.45179646870066814,-0.028079705955016035,Civil Liberties,100
continuous_d23,1955,174444,US-1971-PENTAGON-PAPERS,1971,-16,0.43606620147877484,-0.02701295102443213,Civil Liberties,100
continuous_d23,1955,174444,US-1972-CLEAN-WATER,1972,-17,0.4509074821819209,-0.01648620656769074,Environment & Energy,100
continuous_d23,1955,174444,US-1972-FURMAN,1972,-17,0.4483510558910709,-0.01755450130530786,Criminal Justice & Guns,100
continuous_d23,1955,174444,US-1972-TITLE-IX,1972,-17,0.45950809103144985,-0.036737062425556195,Civil Rights,100
continuous_d23,1955,174444,US-1972-YODER,1972,-17,0.4479948295408208,-0.025796729092606017,Civil Liberties,100
continuous_d23,1955,174444,US-1973-ESA,1973,-18,0.4488294943656708,-0.012538734543250794,Environment & Energy,100
continuous_d23,1955,174444,US-1973-REHABILITATION,1973,-18,0.45851555554084233,-0.01943772626096497,Civil Rights,100
continuous_d23,1955,174444,US-1973-RODRIGUEZ,1973,-18,0.4447739125328164,-0.04671962826418401,Health/Welfare/Educ,100
continuous_d23,1955,174444,US-1973-ROE,1973,-18,0.4522151357189213,-0.04244168885019439,Civil Liberties,100
continuous_d23,1955,174444,US-1973-WAR-POWERS,1973,-18,0.4524042256989537,-0.024549570860679576,Democracy & Governance,100
continuous_d23,1955,174444,US-1974-ECOA,1974,-19,0.45077995638948454,-0.001267406555594806,Economy & Finance,100
continuous_d23,1955,174444,US-1974-ERISA,1974,-19,0.4593756308729381,-0.037503864905540196,Labor,100
continuous_d23,1955,174444,US-1974-MILLIKEN,1974,-19,0.443430354468269,-0.028718439838048573,Civil Rights,100
continuous_d23,1955,174444,US-1974-PRIVACY-ACT,1974,-19,0.4599946413537249,-0.026353283807747378,Civil Liberties,100
continuous_d23,1955,174444,US-1975-IDEA,1975,-20,0.4505915739146687,-0.024929331831702296,Civil Rights,100
continuous_d23,1955,174444,US-1975-ISDEAA,1975,-20,0.4533225522392371,-0.012790144765468303,Civil Rights,100
continuous_d23,1955,174444,US-1935-PUHCA,1935,20,0.4488341952516566,-0.028738955253389906,Environment & Energy,100
continuous_d23,1955,174444,US-1936-RURAL-ELECTRIFICATION,1936,19,0.44735401347666076,-0.02749490935577221,Environment & Energy,100
continuous_d23,1955,174444,US-1939-HATCH-ACT,1939,16,0.4499914388556572,-0.013817179319601684,Civil Rights,100
continuous_d23,1955,174444,US-1940-SELECTIVE-TRAINING,1940,15,0.4482097803773237,-0.001808352507930786,Natl Security & Foreign,100
continuous_d23,1955,174444,US-1940-SMITH-ACT,1940,15,0.44950534455312846,-0.001997834498442249,Natl Security & Foreign,99
continuous_d23,1955,174444,US-1941-DARBY,1941,14,0.4513221291441779,-0.024768398093899812,Labor,100
continuous_d23,1955,174444,US-1941-LEND-LEASE,1941,14,0.4466540816124005,-0.004342772380199189,Natl Security & Foreign,99
continuous_d23,1955,174444,US-1942-EMERGENCY-PRICE-CONTROL,1942,13,0.45344165670774567,-0.02632429764429784,Natl Security & Foreign,100
continuous_d23,1955,174444,US-1943-CHINESE-EXCLUSION-REPEAL,1943,12,0.43804401373267504,-0.01730477630612617,Immigration,99
continuous_d23,1955,174444,US-1945-BRETTON-WOODS,1945,10,0.44228156672956964,-0.003052770388918854,Natl Security & Foreign,100
continuous_d23,1955,174444,US-1945-UN-PARTICIPATION,1945,10,0.45548136206274775,-0.003539092197235955,Natl Security & Foreign,100
continuous_d23,1955,174444,US-1946-APA,1946,9,0.4598184117248691,-0.031038645070775382,Democracy & Governance,100
continuous_d23,1955,174444,US-1948-DISPLACED-PERSONS-ACT,1948,7,0.44811507646352117,-0.0010615052236024806,Immigration,99
continuous_d23,1955,174444,US-1948-MARSHALL-PLAN,1948,7,0.44271045991061714,-0.003855823850946609,Natl Security & Foreign,100
continuous_d23,1955,174444,US-1948-SHELLEY,1948,7,0.45073286247168914,-0.02572988503525481,Civil Rights,100
continuous_d23,1955,174444,US-1950-DPA,1950,5,0.44408752336465296,-0.0019475563837643328,Economy & Finance,100
continuous_d23,1955,174444,US-1950-INTERNAL-SECURITY,1950,5,0.4477420918540745,-0.017297934904760445,Natl Security & Foreign,100
continuous_d23,1955,174444,US-1951-DENNIS,1951,4,0.45277835910351627,-0.013496025039037539,Civil Liberties,97
continuous_d23,1955,174444,US-1956-BANK-HOLDING-COMPANY-ACT,1956,-1,0.44087584961825965,-0.02569347062012027,Economy & Finance,100
continuous_d23,1955,174444,US-1957-YATES,1957,-2,0.43649280104196214,-0.014862435342620049,Civil Liberties,100
continuous_d23,1955,174444,US-1958-NDEA,1958,-3,0.45518367261071907,-0.0073563297420621955,Health/Welfare/Educ,100
continuous_d23,1955,174444,US-1958-NASA-ACT,1958,-3,0.44520875839013735,-0.0109792312531668,Environment & Energy,100
continuous_d23,1955,174444,US-1958-COOPER,1958,-3,0.45043431164676845,-0.028708402450309096,Civil Rights,100
continuous_d23,1955,174444,US-1961-PEACE-CORPS,1961,-6,0.44303618260710304,0.004849728690192291,Natl Security & Foreign,100
continuous_d23,1955,174444,US-1968-OMNIBUS-CRIME-CONTROL,1968,-13,0.45587879923545344,-0.01584135803505194,Criminal Justice & Guns,100
continuous_d23,1955,174444,US-1968-TRUTH-IN-LENDING,1968,-13,0.4454523198768975,-0.023899183486056616,Economy & Finance,100
continuous_d23,1955,174444,US-1970-FCRA,1970,-15,0.4498811138392634,-0.02934797940666152,Civil Liberties,100
continuous_d23,1955,174444,US-1972-CPSA,1972,-17,0.43679244766202296,-0.022609403023615516,Economy & Finance,100
continuous_d23,1955,174444,US-1975-EPCA,1975,-20,0.4536727098044707,-0.021736928356009322,Environment & Energy,99
continuous_d23,1955,174444,US-1942-EO9066,1942,13,0.4298645715011269,-0.00577953126567887,Civil Rights,100
continuous_d23,1955,174444,US-1947-TRUMAN-DOCTRINE,1947,8,0.4378004227562738,0.0005756542223948263,Natl Security & Foreign,100
continuous_d23,1955,174444,US-1957-EO10730,1957,-2,0.4414849559056627,-0.01895284232158972,Civil Rights,100
continuous_d23,1955,174444,US-1963-TEST-BAN-TREATY,1963,-8,0.43749966419931124,-0.011176011270804571,Natl Security & Foreign,100
continuous_d23,1955,174444,US-1964-TONKIN-GULF,1964,-9,0.4419942322741036,-0.015128480414073433,Natl Security & Foreign,100
continuous_d23,1955,174444,US-1967-ADEA,1967,-12,0.45865361513975905,-0.026403243757543896,Civil Rights,100
continuous_d23,1955,174444,US-1970-BANK-SECRECY,1970,-15,0.4456407234913351,-0.011376121943232599,Economy & Finance,99
continuous_d23,1955,174444,US-1971-ANCSA,1971,-16,0.4405212004730266,-0.02267322527628878,Civil Rights,99
continuous_d23,1956,175114,US-1936-AAA-BUTLER,1936,20,0.36901371634324953,0.20937178068796364,Democracy & Governance,100
continuous_d23,1956,175114,US-1937-JONES-LAUGHLIN,1937,19,0.5286059109163815,0.17229648114339607,Labor,100
continuous_d23,1956,175114,US-1937-WEST-COAST-HOTEL,1937,19,0.40142939277351153,0.21889913212908632,Labor,100
continuous_d23,1956,175114,US-1938-FDCA,1938,18,0.5356602241469607,0.1937118490619934,Economy & Finance,100
continuous_d23,1956,175114,US-1938-FLSA,1938,18,0.5104300449901727,0.24927601072803607,Labor,100
continuous_d23,1956,175114,US-1941-EO8802,1941,15,0.385192622417947,0.22366720122245057,Civil Rights,100
continuous_d23,1956,175114,US-1942-WICKARD,1942,14,0.46547156704273596,0.15088977740214307,Democracy & Governance,100
continuous_d23,1956,175114,US-1944-GI-BILL,1944,12,0.5351092508285602,0.19886287718131063,Health/Welfare/Educ,100
continuous_d23,1956,175114,US-1944-KOREMATSU,1944,12,0.5647285739595074,0.21158419674088225,Civil Rights,100
continuous_d23,1956,175114,US-1946-EMPLOYMENT-ACT,1946,10,0.5115817385280161,0.18530231936908909,Economy & Finance,100
continuous_d23,1956,175114,US-1947-NATIONAL-SECURITY-ACT,1947,9,0.638623615715647,0.1669603411456183,Natl Security & Foreign,100
continuous_d23,1956,175114,US-1947-TAFT-HARTLEY,1947,9,0.562395136849047,0.21982386961810887,Labor,100
continuous_d23,1956,175114,US-1948-EO9981,1948,8,0.4676183775137613,0.2082079297001496,Civil Rights,100
continuous_d23,1956,175114,US-1952-INA,1952,4,0.4904220252731723,0.2352530597422625,Immigration,100
continuous_d23,1956,175114,US-1952-YOUNGSTOWN,1952,4,0.41414024138738165,0.17267875072384437,Democracy & Governance,99
continuous_d23,1956,175114,US-1954-BROWN,1954,2,0.4536308452198233,0.2502944419690781,Civil Rights,100
continuous_d23,1956,175114,US-1956-HIGHWAY,1956,0,0.4645941891463014,0.1733580840868505,Environment & Energy,100
continuous_d23,1956,175114,US-1957-CIVIL-RIGHTS-ACT,1957,-1,0.5543298574660657,0.11232156396780871,Civil Rights,100
continuous_d23,1956,175114,US-1961-MAPP,1961,-5,0.4953898785850206,0.257844858187085,Criminal Justice & Guns,100
continuous_d23,1956,175114,US-1962-BAKER,1962,-6,0.3983811891536282,0.17526460953746192,Democracy & Governance,100
continuous_d23,1956,175114,US-1962-ENGEL,1962,-6,0.48563931582424025,0.2543491983197177,Civil Liberties,100
continuous_d23,1956,175114,US-1962-KEFAUVER-HARRIS,1962,-6,0.501335855629959,0.19776243673098512,Economy & Finance,100
continuous_d23,1956,175114,US-1963-EQUAL-PAY,1963,-7,0.4431341288324319,0.1896433778976581,Civil Rights,99
continuous_d23,1956,175114,US-1963-GIDEON,1963,-7,0.4333286265000612,0.13738559194100072,Criminal Justice & Guns,100
continuous_d23,1956,175114,US-1964-24TH-AMENDMENT,1964,-8,0.5197952829989032,0.16186228798024313,Democracy & Governance,100
continuous_d23,1956,175114,US-1964-CIVIL-RIGHTS-ACT,1964,-8,0.45648053575987035,0.2893041236525659,Civil Rights,100
continuous_d23,1956,175114,US-1964-ECONOMIC-OPPORTUNITY,1964,-8,0.5956927983798075,0.2198092870530949,Health/Welfare/Educ,99
continuous_d23,1956,175114,US-1964-HEART-ATLANTA,1964,-8,0.4148758509534903,0.24821374063844773,Civil Rights,100
continuous_d23,1956,175114,US-1964-NYT-SULLIVAN,1964,-8,0.3492569271803476,0.21945683670719446,Civil Liberties,100
continuous_d23,1956,175114,US-1964-REYNOLDS,1964,-8,0.4527316351937563,0.20630683879185935,Democracy & Governance,100
continuous_d23,1956,175114,US-1965-ESEA,1965,-9,0.46595427468385714,0.21388024690531554,Health/Welfare/Educ,100
continuous_d23,1956,175114,US-1965-GRISWOLD,1965,-9,0.5175218866286018,0.14232290986758106,Civil Liberties,99
continuous_d23,1956,175114,US-1965-HART-CELLER,1965,-9,0.47487385888780836,0.22310394166916153,Immigration,100
continuous_d23,1956,175114,US-1965-MEDICARE-MEDICAID,1965,-9,0.5763639575437176,0.21778853157674824,Health/Welfare/Educ,99
continuous_d23,1956,175114,US-1965-VRA,1965,-9,0.5070184404640209,0.20969871861180192,Democracy & Governance,100
continuous_d23,1956,175114,US-1966-FOIA,1966,-10,0.46283469670957617,0.18581290266946898,Democracy & Governance,100
continuous_d23,1956,175114,US-1966-HARPER,1966,-10,0.5202120288654687,0.23081490260986093,Democracy & Governance,100
continuous_d23,1956,175114,US-1966-MIRANDA,1966,-10,0.5447347919916585,0.1861438717209443,Criminal Justice & Guns,100
continuous_d23,1956,175114,US-1967-KATZ,1967,-11,0.4619254053416724,0.25059728782274254,Civil Liberties,100
continuous_d23,1956,175114,US-1967-LOVING,1967,-11,0.47958547088117925,0.20962773260941184,Civil Rights,100
continuous_d23,1956,175114,US-1968-FAIR-HOUSING,1968,-12,0.5562554384240654,0.30077622585493,Civil Rights,100
continuous_d23,1956,175114,US-1968-GUN-CONTROL,1968,-12,0.5576772372038671,0.16981984428127722,Criminal Justice & Guns,99
continuous_d23,1956,175114,US-1968-TERRY,1968,-12,0.5329572504859981,0.250251531691945,Criminal Justice & Guns,100
continuous_d23,1956,175114,US-1969-BRANDENBURG,1969,-13,0.425707971579888,0.2311360741164086,Civil Liberties,100
continuous_d23,1956,175114,US-1969-NEPA,1969,-13,0.4495201644405064,0.15551570585886515,Environment & Energy,100
continuous_d23,1956,175114,US-1969-TINKER,1969,-13,0.47160086781071603,0.3440250378127548,Civil Liberties,100
continuous_d23,1956,175114,US-1970-CLEAN-AIR,1970,-14,0.5297527527579041,0.18751734673514114,Environment & Energy,100
continuous_d23,1956,175114,US-1970-CSA,1970,-14,0.5415111057587619,0.2903178824849213,Criminal Justice & Guns,99
continuous_d23,1956,175114,US-1970-OSHA,1970,-14,0.5308269667724098,0.18567927548521723,Labor,100
continuous_d23,1956,175114,US-1971-26TH,1971,-15,0.4922660102765205,0.1690442768728149,Democracy & Governance,100
continuous_d23,1956,175114,US-1971-FECA,1971,-15,0.5252162326648082,0.23992791990944837,Democracy & Governance,100
continuous_d23,1956,175114,US-1971-LEMON,1971,-15,0.484394958887408,0.26126108093603984,Civil Liberties,100
continuous_d23,1956,175114,US-1971-PENTAGON-PAPERS,1971,-15,0.47958339931638266,0.28319057432088385,Civil Liberties,100
continuous_d23,1956,175114,US-1972-CLEAN-WATER,1972,-16,0.49530116281479875,0.2952562653375659,Environment & Energy,100
continuous_d23,1956,175114,US-1972-FURMAN,1972,-16,0.5391222699544759,0.2581818867640433,Criminal Justice & Guns,100
continuous_d23,1956,175114,US-1972-TITLE-IX,1972,-16,0.5168976946762914,0.19078473546770194,Civil Rights,100
continuous_d23,1956,175114,US-1972-YODER,1972,-16,0.4399409518902799,0.22419695505784643,Civil Liberties,100
continuous_d23,1956,175114,US-1973-ESA,1973,-17,0.48243401937603037,0.2372501646819353,Environment & Energy,100
continuous_d23,1956,175114,US-1973-REHABILITATION,1973,-17,0.4522574016399762,0.13835278401094867,Civil Rights,100
continuous_d23,1956,175114,US-1973-RODRIGUEZ,1973,-17,0.4601798858080073,0.26683530067623523,Health/Welfare/Educ,100
continuous_d23,1956,175114,US-1973-ROE,1973,-17,0.5537205268184537,0.18972606103140616,Civil Liberties,100
continuous_d23,1956,175114,US-1973-WAR-POWERS,1973,-17,0.5771663337182823,0.23402171133985974,Democracy & Governance,100
continuous_d23,1956,175114,US-1974-ECOA,1974,-18,0.4964062799963549,0.24969276233414903,Economy & Finance,100
continuous_d23,1956,175114,US-1974-ERISA,1974,-18,0.49495956541735614,0.17202701378463928,Labor,100
continuous_d23,1956,175114,US-1974-MILLIKEN,1974,-18,0.35231913962504413,0.1895638669039774,Civil Rights,100
continuous_d23,1956,175114,US-1974-PRIVACY-ACT,1974,-18,0.5118439906374916,0.26829149602466024,Civil Liberties,100
continuous_d23,1956,175114,US-1975-IDEA,1975,-19,0.5450120939395244,0.2984073133693447,Civil Rights,100
continuous_d23,1956,175114,US-1975-ISDEAA,1975,-19,0.5139793182243609,0.10256974822752796,Civil Rights,100
continuous_d23,1956,175114,US-1976-BUCKLEY,1976,-20,0.5551937706593522,0.30244521771137467,Democracy & Governance,99
continuous_d23,1956,175114,US-1976-GREGG,1976,-20,0.46600166370728685,0.19221300877409944,Criminal Justice & Guns,100
continuous_d23,1956,175114,US-1976-TSCA,1976,-20,0.4640830070942187,0.16257264044459777,Environment & Energy,100
continuous_d23,1956,175114,US-1936-RURAL-ELECTRIFICATION,1936,20,0.5354942821125162,0.24827135525646263,Environment & Energy,100
continuous_d23,1956,175114,US-1939-HATCH-ACT,1939,17,0.5214058745170131,0.1225156987272943,Civil Rights,100
continuous_d23,1956,175114,US-1940-SELECTIVE-TRAINING,1940,16,0.5897307490125402,0.21757576984139249,Natl Security & Foreign,100
continuous_d23,1956,175114,US-1940-SMITH-ACT,1940,16,0.607858349037233,0.24937507324009456,Natl Security & Foreign,99
continuous_d23,1956,175114,US-1941-DARBY,1941,15,0.5836274444418076,0.202747374143738,Labor,100
continuous_d23,1956,175114,US-1941-LEND-LEASE,1941,15,0.5149771293287637,0.20130519775797287,Natl Security & Foreign,99
continuous_d23,1956,175114,US-1942-EMERGENCY-PRICE-CONTROL,1942,14,0.5436216791066824,0.2408818551891183,Natl Security & Foreign,100
continuous_d23,1956,175114,US-1943-CHINESE-EXCLUSION-REPEAL,1943,13,0.5784526219683167,0.22596219723025956,Immigration,99
continuous_d23,1956,175114,US-1945-BRETTON-WOODS,1945,11,0.4937838654993814,0.21033579247318562,Natl Security & Foreign,100
continuous_d23,1956,175114,US-1945-UN-PARTICIPATION,1945,11,0.40511385816776846,0.13458637615532384,Natl Security & Foreign,100
continuous_d23,1956,175114,US-1946-APA,1946,10,0.38910723308657874,0.21417484317975158,Democracy & Governance,100
continuous_d23,1956,175114,US-1948-DISPLACED-PERSONS-ACT,1948,8,0.5575674838532291,0.32026878149495513,Immigration,99
continuous_d23,1956,175114,US-1948-MARSHALL-PLAN,1948,8,0.5734585660215976,0.23541043004023646,Natl Security & Foreign,100
continuous_d23,1956,175114,US-1948-SHELLEY,1948,8,0.5274396719496357,0.2600539144485342,Civil Rights,100
continuous_d23,1956,175114,US-1950-DPA,1950,6,0.5389059934996608,0.2231279724486059,Economy & Finance,100
continuous_d23,1956,175114,US-1950-INTERNAL-SECURITY,1950,6,0.6442864720860122,0.22478012296671113,Natl Security & Foreign,100
continuous_d23,1956,175114,US-1951-DENNIS,1951,5,0.5427924443784974,0.21029789994262554,Civil Liberties,97
continuous_d23,1956,175114,US-1956-BANK-HOLDING-COMPANY-ACT,1956,0,0.49406322618070236,0.2171448159263954,Economy & Finance,100
continuous_d23,1956,175114,US-1957-YATES,1957,-1,0.44545085397970874,0.23613290173371482,Civil Liberties,100
continuous_d23,1956,175114,US-1958-NDEA,1958,-2,0.4785351120918921,0.2666984506702256,Health/Welfare/Educ,100
continuous_d23,1956,175114,US-1958-NASA-ACT,1958,-2,0.559346332009192,0.16421199162414854,Environment & Energy,100
continuous_d23,1956,175114,US-1958-COOPER,1958,-2,0.4781021833791609,0.15322014322676106,Civil Rights,100
continuous_d23,1956,175114,US-1961-PEACE-CORPS,1961,-5,0.5665343636385667,0.24898341132429094,Natl Security & Foreign,100
continuous_d23,1956,175114,US-1968-OMNIBUS-CRIME-CONTROL,1968,-12,0.48133917466549425,0.2812844784188304,Criminal Justice & Guns,100
continuous_d23,1956,175114,US-1968-TRUTH-IN-LENDING,1968,-12,0.44751574663297383,0.2254518953360331,Economy & Finance,100
continuous_d23,1956,175114,US-1970-FCRA,1970,-14,0.4886305138344772,0.1827271757000969,Civil Liberties,100
continuous_d23,1956,175114,US-1972-CPSA,1972,-16,0.5569023465024032,0.14102195361821643,Economy & Finance,100
continuous_d23,1956,175114,US-1975-EPCA,1975,-19,0.5535119998357826,0.2097658870556639,Environment & Energy,99
continuous_d23,1956,175114,US-1942-EO9066,1942,14,0.4788553720868444,0.19393855905960847,Civil Rights,100
continuous_d23,1956,175114,US-1947-TRUMAN-DOCTRINE,1947,9,0.49330054883481333,0.18773195567424994,Natl Security & Foreign,100
continuous_d23,1956,175114,US-1957-EO10730,1957,-1,0.45037782587479147,0.17580753417609965,Civil Rights,100
continuous_d23,1956,175114,US-1963-TEST-BAN-TREATY,1963,-7,0.48797038777053076,0.2241225068459358,Natl Security & Foreign,100
continuous_d23,1956,175114,US-1964-TONKIN-GULF,1964,-8,0.4794286138569834,0.17229443971586444,Natl Security & Foreign,100
continuous_d23,1956,175114,US-1967-ADEA,1967,-11,0.5019991593299591,0.2104129223570954,Civil Rights,100
continuous_d23,1956,175114,US-1970-BANK-SECRECY,1970,-14,0.5327392272502399,0.24097171139330695,Economy & Finance,99
continuous_d23,1956,175114,US-1971-ANCSA,1971,-15,0.5561021257994435,0.17096256277262847,Civil Rights,99
continuous_d23,1957,175903,US-1937-JONES-LAUGHLIN,1937,20,0.24061097373690538,0.2847336145627864,Labor,100
continuous_d23,1957,175903,US-1937-WEST-COAST-HOTEL,1937,20,0.1686281460666715,0.3814178500434559,Labor,100
continuous_d23,1957,175903,US-1938-FDCA,1938,19,0.27679561352003884,0.31941731906760845,Economy & Finance,100
continuous_d23,1957,175903,US-1938-FLSA,1938,19,0.2897558167676598,0.31490533034569207,Labor,100
continuous_d23,1957,175903,US-1941-EO8802,1941,16,0.07818641473137969,0.36263769013423086,Civil Rights,100
continuous_d23,1957,175903,US-1942-WICKARD,1942,15,0.08765557623459717,0.30567586125702795,Democracy & Governance,100
continuous_d23,1957,175903,US-1944-GI-BILL,1944,13,0.22876630434883574,0.30186136879206965,Health/Welfare/Educ,100
continuous_d23,1957,175903,US-1944-KOREMATSU,1944,13,0.1791356994179645,0.32248164038023236,Civil Rights,100
continuous_d23,1957,175903,US-1946-EMPLOYMENT-ACT,1946,11,0.23060663585796487,0.28748506009323505,Economy & Finance,100
continuous_d23,1957,175903,US-1947-NATIONAL-SECURITY-ACT,1947,10,0.2242080828272782,0.29534446872868836,Natl Security & Foreign,100
continuous_d23,1957,175903,US-1947-TAFT-HARTLEY,1947,10,0.19233470935471852,0.3302229304227233,Labor,100
continuous_d23,1957,175903,US-1948-EO9981,1948,9,0.1672691816260799,0.32224562552139474,Civil Rights,100
continuous_d23,1957,175903,US-1952-INA,1952,5,0.1876050495323845,0.3453383665685801,Immigration,100
continuous_d23,1957,175903,US-1952-YOUNGSTOWN,1952,5,0.06900426236129505,0.2935743623523963,Democracy & Governance,99
continuous_d23,1957,175903,US-1954-BROWN,1954,3,0.16308514577341612,0.3059377120810056,Civil Rights,100
continuous_d23,1957,175903,US-1956-HIGHWAY,1956,1,0.24381765014467938,0.24736998631228724,Environment & Energy,100
continuous_d23,1957,175903,US-1957-CIVIL-RIGHTS-ACT,1957,0,0.24271390602858822,0.255519348190721,Civil Rights,100
continuous_d23,1957,175903,US-1961-MAPP,1961,-4,0.13632274971326575,0.3772190093303246,Criminal Justice & Guns,100
continuous_d23,1957,175903,US-1962-BAKER,1962,-5,0.20876885973087106,0.26538539997850746,Democracy & Governance,100
continuous_d23,1957,175903,US-1962-ENGEL,1962,-5,0.13066061746356078,0.37664666611338227,Civil Liberties,100
continuous_d23,1957,175903,US-1962-KEFAUVER-HARRIS,1962,-5,0.1867161246686829,0.32934309356988506,Economy & Finance,100
continuous_d23,1957,175903,US-1963-EQUAL-PAY,1963,-6,0.2009339257807491,0.30228690992586577,Civil Rights,99
continuous_d23,1957,175903,US-1963-GIDEON,1963,-6,0.15937714663002342,0.29073130169654704,Criminal Justice & Guns,100
continuous_d23,1957,175903,US-1964-24TH-AMENDMENT,1964,-7,0.20460401872342535,0.2809525548917213,Democracy & Governance,100
continuous_d23,1957,175903,US-1964-CIVIL-RIGHTS-ACT,1964,-7,0.16230279819294002,0.3815191204306024,Civil Rights,100
continuous_d23,1957,175903,US-1964-ECONOMIC-OPPORTUNITY,1964,-7,0.2380231752499357,0.28413420075789503,Health/Welfare/Educ,99
continuous_d23,1957,175903,US-1964-HEART-ATLANTA,1964,-7,0.08075574760443105,0.3534792367940188,Civil Rights,100
continuous_d23,1957,175903,US-1964-NYT-SULLIVAN,1964,-7,0.15648604006078723,0.3625460597930823,Civil Liberties,100
continuous_d23,1957,175903,US-1964-REYNOLDS,1964,-7,0.2339174334457341,0.32371829622586235,Democracy & Governance,100
continuous_d23,1957,175903,US-1965-ESEA,1965,-8,0.10228224977974498,0.28789672627276763,Health/Welfare/Educ,100
continuous_d23,1957,175903,US-1965-GRISWOLD,1965,-8,0.1474636063550758,0.3206322782281919,Civil Liberties,99
continuous_d23,1957,175903,US-1965-HART-CELLER,1965,-8,0.15693824666738648,0.30931174314577664,Immigration,100
continuous_d23,1957,175903,US-1965-MEDICARE-MEDICAID,1965,-8,0.21178268188830582,0.3289101707600123,Health/Welfare/Educ,99
continuous_d23,1957,175903,US-1965-VRA,1965,-8,0.18705659734810137,0.31351143623480787,Democracy & Governance,100
continuous_d23,1957,175903,US-1966-FOIA,1966,-9,0.24417050115181513,0.3228918252036542,Democracy & Governance,100
continuous_d23,1957,175903,US-1966-HARPER,1966,-9,0.2017143313790004,0.3025307849381404,Democracy & Governance,100
continuous_d23,1957,175903,US-1966-MIRANDA,1966,-9,0.15310533749832606,0.3280953157130258,Criminal Justice & Guns,100
continuous_d23,1957,175903,US-1967-KATZ,1967,-10,0.2002233725152843,0.3567358847288321,Civil Liberties,100
continuous_d23,1957,175903,US-1967-LOVING,1967,-10,0.23017938350663988,0.3197239242962008,Civil Rights,100
continuous_d23,1957,175903,US-1968-FAIR-HOUSING,1968,-11,0.1445188557948588,0.3802141067630348,Civil Rights,100
continuous_d23,1957,175903,US-1968-GUN-CONTROL,1968,-11,0.1597076953544413,0.3301553982975428,Criminal Justice & Guns,99
continuous_d23,1957,175903,US-1968-TERRY,1968,-11,0.2267143727554622,0.41591998545016773,Criminal Justice & Guns,100
continuous_d23,1957,175903,US-1969-BRANDENBURG,1969,-12,0.14970660909483738,0.36600465933395493,Civil Liberties,100
continuous_d23,1957,175903,US-1969-NEPA,1969,-12,0.19008940522693357,0.2829851426228806,Environment & Energy,100
continuous_d23,1957,175903,US-1969-TINKER,1969,-12,0.13731815265940672,0.41937737315721063,Civil Liberties,100
continuous_d23,1957,175903,US-1970-CLEAN-AIR,1970,-13,0.13911846591688984,0.29642686952612457,Environment & Energy,100
continuous_d23,1957,175903,US-1970-CSA,1970,-13,0.19259033661333097,0.36599811215640854,Criminal Justice & Guns,99
continuous_d23,1957,175903,US-1970-OSHA,1970,-13,0.2460656566974319,0.2980027740612565,Labor,100
continuous_d23,1957,175903,US-1971-26TH,1971,-14,0.3987784142543,0.34360255192692046,Democracy & Governance,100
continuous_d23,1957,175903,US-1971-FECA,1971,-14,0.24219096406688917,0.34548362153862117,Democracy & Governance,100
continuous_d23,1957,175903,US-1971-LEMON,1971,-14,0.11316415753118736,0.34945517394171277,Civil Liberties,100
continuous_d23,1957,175903,US-1971-PENTAGON-PAPERS,1971,-14,0.10585122053668615,0.3766545197600303,Civil Liberties,100
continuous_d23,1957,175903,US-1972-CLEAN-WATER,1972,-15,0.1660852175650571,0.3477542635878932,Environment & Energy,100
continuous_d23,1957,175903,US-1972-FURMAN,1972,-15,0.14821476067039965,0.3501544620860524,Criminal Justice & Guns,100
continuous_d23,1957,175903,US-1972-TITLE-IX,1972,-15,0.23521119590170847,0.3047628796678476,Civil Rights,100
continuous_d23,1957,175903,US-1972-YODER,1972,-15,0.16128031845781812,0.3503125072167399,Civil Liberties,100
continuous_d23,1957,175903,US-1973-ESA,1973,-16,0.18875530339997987,0.35887731914390736,Environment & Energy,100
continuous_d23,1957,175903,US-1973-REHABILITATION,1973,-16,0.11042074842470927,0.31025991577399553,Civil Rights,100
continuous_d23,1957,175903,US-1973-RODRIGUEZ,1973,-16,0.17804381383878864,0.33569765575041116,Health/Welfare/Educ,100
continuous_d23,1957,175903,US-1973-ROE,1973,-16,0.23908862225152652,0.3614152229124587,Civil Liberties,100
continuous_d23,1957,175903,US-1973-WAR-POWERS,1973,-16,0.21089046012339444,0.3325775837452393,Democracy & Governance,100
continuous_d23,1957,175903,US-1974-ECOA,1974,-17,0.2118103026976882,0.3792983944005969,Economy & Finance,100
continuous_d23,1957,175903,US-1974-ERISA,1974,-17,0.26408451033348657,0.29607715021631525,Labor,100
continuous_d23,1957,175903,US-1974-MILLIKEN,1974,-17,0.15295196508743836,0.26201215651360615,Civil Rights,100
continuous_d23,1957,175903,US-1974-PRIVACY-ACT,1974,-17,0.16601018627922726,0.4011335899575507,Civil Liberties,100
continuous_d23,1957,175903,US-1975-IDEA,1975,-18,0.21589976458191618,0.3958423843807762,Civil Rights,100
continuous_d23,1957,175903,US-1975-ISDEAA,1975,-18,0.20438782363606436,0.2759005697769139,Civil Rights,100
continuous_d23,1957,175903,US-1976-BUCKLEY,1976,-19,0.17156900728663188,0.3789227372723091,Democracy & Governance,99
continuous_d23,1957,175903,US-1976-GREGG,1976,-19,0.23018749588023507,0.3287953641543342,Criminal Justice & Guns,100
continuous_d23,1957,175903,US-1976-TSCA,1976,-19,0.2222699376643356,0.3269816125296105,Environment & Energy,100
continuous_d23,1957,175903,US-1977-CRA,1977,-20,0.19435460845793828,0.3088127594221284,Health/Welfare/Educ,100
continuous_d23,1957,175903,US-1977-FED-DUAL-MANDATE,1977,-20,0.2667624727532065,0.32131209243839465,Economy & Finance,100
continuous_d23,1957,175903,US-1939-HATCH-ACT,1939,18,0.17782347477039923,0.28311817766028147,Civil Rights,100
continuous_d23,1957,175903,US-1940-SELECTIVE-TRAINING,1940,17,0.26247719767384514,0.3062717309667963,Natl Security & Foreign,100
continuous_d23,1957,175903,US-1940-SMITH-ACT,1940,17,0.191337608814871,0.3073945919961564,Natl Security & Foreign,99
continuous_d23,1957,175903,US-1941-DARBY,1941,16,0.233502050539434,0.30559930237932176,Labor,100
continuous_d23,1957,175903,US-1941-LEND-LEASE,1941,16,0.17373824292683474,0.3068452158482159,Natl Security & Foreign,99
continuous_d23,1957,175903,US-1942-EMERGENCY-PRICE-CONTROL,1942,15,0.21138061755571175,0.3290577847951397,Natl Security & Foreign,100
continuous_d23,1957,175903,US-1943-CHINESE-EXCLUSION-REPEAL,1943,14,0.2010775087776647,0.3414105334790475,Immigration,99
continuous_d23,1957,175903,US-1945-BRETTON-WOODS,1945,12,0.14024575336677925,0.3110095104111452,Natl Security & Foreign,100
continuous_d23,1957,175903,US-1945-UN-PARTICIPATION,1945,12,0.13124488924437638,0.2812421486357981,Natl Security & Foreign,100
continuous_d23,1957,175903,US-1946-APA,1946,11,0.20842560691638806,0.3122302501067455,Democracy & Governance,100
continuous_d23,1957,175903,US-1948-DISPLACED-PERSONS-ACT,1948,9,0.15617415904049775,0.38748172383588325,Immigration,99
continuous_d23,1957,175903,US-1948-MARSHALL-PLAN,1948,9,0.18685383961980936,0.3034128995596509,Natl Security & Foreign,100
continuous_d23,1957,175903,US-1948-SHELLEY,1948,9,0.24273688097202462,0.34171853845466443,Civil Rights,100
continuous_d23,1957,175903,US-1950-DPA,1950,7,0.1853860587922588,0.3261500865771698,Economy & Finance,100
continuous_d23,1957,175903,US-1950-INTERNAL-SECURITY,1950,7,0.20087622976996822,0.3314664875535163,Natl Security & Foreign,100
continuous_d23,1957,175903,US-1951-DENNIS,1951,6,0.3079256550702585,0.34675218881781344,Civil Liberties,97
continuous_d23,1957,175903,US-1956-BANK-HOLDING-COMPANY-ACT,1956,1,0.13526714577893645,0.32097818005820067,Economy & Finance,100
continuous_d23,1957,175903,US-1957-YATES,1957,0,0.14951898722123713,0.3379296686923832,Civil Liberties,100
continuous_d23,1957,175903,US-1958-NDEA,1958,-1,0.25544962878587146,0.31585031798046015,Health/Welfare/Educ,100
continuous_d23,1957,175903,US-1958-NASA-ACT,1958,-1,0.2004382993172422,0.28138021530699453,Environment & Energy,100
continuous_d23,1957,175903,US-1958-COOPER,1958,-1,0.15761565258127352,0.25674674899719113,Civil Rights,100
continuous_d23,1957,175903,US-1961-PEACE-CORPS,1961,-4,0.1560295959689116,0.32193574912518264,Natl Security & Foreign,100
continuous_d23,1957,175903,US-1968-OMNIBUS-CRIME-CONTROL,1968,-11,0.18510624156677427,0.3645361240920479,Criminal Justice & Guns,100
continuous_d23,1957,175903,US-1968-TRUTH-IN-LENDING,1968,-11,0.14387084951908297,0.3069847282614755,Economy & Finance,100
continuous_d23,1957,175903,US-1970-FCRA,1970,-13,0.1569120247397121,0.31532927466278016,Civil Liberties,100
continuous_d23,1957,175903,US-1972-CPSA,1972,-15,0.2256896705144549,0.2937878240406156,Economy & Finance,100
continuous_d23,1957,175903,US-1975-EPCA,1975,-18,0.29654427617492957,0.3115479222337106,Environment & Energy,99
continuous_d23,1957,175903,US-1942-EO9066,1942,15,0.15607127132472112,0.2632661631450258,Civil Rights,100
continuous_d23,1957,175903,US-1947-TRUMAN-DOCTRINE,1947,10,0.13497430787823247,0.24965401126607253,Natl Security & Foreign,100
continuous_d23,1957,175903,US-1957-EO10730,1957,0,0.09599395542992575,0.2232709113286499,Civil Rights,100
continuous_d23,1957,175903,US-1963-TEST-BAN-TREATY,1963,-6,0.18910420613141807,0.24235441882996192,Natl Security & Foreign,100
continuous_d23,1957,175903,US-1964-TONKIN-GULF,1964,-7,0.10371400634713047,0.2592221579543094,Natl Security & Foreign,100
continuous_d23,1957,175903,US-1967-ADEA,1967,-10,0.20339953201256097,0.36295062799435657,Civil Rights,100
continuous_d23,1957,175903,US-1970-BANK-SECRECY,1970,-13,0.13328256632823432,0.3004265843125313,Economy & Finance,99
continuous_d23,1957,175903,US-1971-ANCSA,1971,-14,0.11957453545291878,0.2648308875750368,Civil Rights,99
continuous_d23,1958,176657,US-1938-FDCA,1938,20,0.26567749011194336,-0.023715887062406505,Economy & Finance,100
continuous_d23,1958,176657,US-1938-FLSA,1938,20,0.25988292618011855,-0.03821027110185649,Labor,100
continuous_d23,1958,176657,US-1941-EO8802,1941,17,0.12464697637884944,0.0005986865212169282,Civil Rights,100
continuous_d23,1958,176657,US-1942-WICKARD,1942,16,0.1300529703104396,-0.0392134918779543,Democracy & Governance,100
continuous_d23,1958,176657,US-1944-GI-BILL,1944,14,0.25146261737322245,-0.05217570126334361,Health/Welfare/Educ,100
continuous_d23,1958,176657,US-1944-KOREMATSU,1944,14,0.21067300119124077,-0.08386961542452978,Civil Rights,100
continuous_d23,1958,176657,US-1946-EMPLOYMENT-ACT,1946,12,0.23499484314614122,-0.08116094821507575,Economy & Finance,100
continuous_d23,1958,176657,US-1947-NATIONAL-SECURITY-ACT,1947,11,0.33182878155112633,-0.12241745209321911,Natl Security & Foreign,100
continuous_d23,1958,176657,US-1947-TAFT-HARTLEY,1947,11,0.16920964960374854,-0.020440303424344882,Labor,100
continuous_d23,1958,176657,US-1948-EO9981,1948,10,0.1811742471193062,-0.07415844235122901,Civil Rights,100
continuous_d23,1958,176657,US-1952-INA,1952,6,0.2396865495707009,-0.032868868875188195,Immigration,100
continuous_d23,1958,176657,US-1952-YOUNGSTOWN,1952,6,0.06370105701279365,-0.13477776996630805,Democracy & Governance,99
continuous_d23,1958,176657,US-1954-BROWN,1954,4,0.1643614903885774,-0.09146078027363921,Civil Rights,100
continuous_d23,1958,176657,US-1956-HIGHWAY,1956,2,0.2488197065209869,-0.0974010155046001,Environment & Energy,100
continuous_d23,1958,176657,US-1957-CIVIL-RIGHTS-ACT,1957,1,0.29260403836303356,-0.1732665819365891,Civil Rights,100
continuous_d23,1958,176657,US-1961-MAPP,1961,-3,0.1574792247967472,-0.015396579091742843,Criminal Justice & Guns,100
continuous_d23,1958,176657,US-1962-BAKER,1962,-4,0.12595704451811013,-0.10912174368630302,Democracy & Governance,100
continuous_d23,1958,176657,US-1962-ENGEL,1962,-4,0.2029770285309624,0.13399586474915645,Civil Liberties,100
continuous_d23,1958,176657,US-1962-KEFAUVER-HARRIS,1962,-4,0.24718994001748598,-0.09081979426261678,Economy & Finance,100
continuous_d23,1958,176657,US-1963-EQUAL-PAY,1963,-5,0.3270562779015994,-0.12383596350446775,Civil Rights,99
continuous_d23,1958,176657,US-1963-GIDEON,1963,-5,0.2433636938501851,-0.15596039865259578,Criminal Justice & Guns,100
continuous_d23,1958,176657,US-1964-24TH-AMENDMENT,1964,-6,0.2046384570943923,-0.06618815774659664,Democracy & Governance,100
continuous_d23,1958,176657,US-1964-CIVIL-RIGHTS-ACT,1964,-6,0.19775779990661635,0.08125912545730556,Civil Rights,100
continuous_d23,1958,176657,US-1964-ECONOMIC-OPPORTUNITY,1964,-6,0.34311521897343844,-0.0696387861017511,Health/Welfare/Educ,99
continuous_d23,1958,176657,US-1964-HEART-ATLANTA,1964,-6,0.13580479699689316,0.046251092790283825,Civil Rights,100
continuous_d23,1958,176657,US-1964-NYT-SULLIVAN,1964,-6,0.16506678647246345,0.05298254564856972,Civil Liberties,100
continuous_d23,1958,176657,US-1964-REYNOLDS,1964,-6,0.19628903877998505,-0.04521153074164174,Democracy & Governance,100
continuous_d23,1958,176657,US-1965-ESEA,1965,-7,0.14647777973546627,-0.06398413760053082,Health/Welfare/Educ,100
continuous_d23,1958,176657,US-1965-GRISWOLD,1965,-7,0.2549228742494963,-0.016835576363036522,Civil Liberties,99
continuous_d23,1958,176657,US-1965-HART-CELLER,1965,-7,0.24761939765442464,-0.10422469488172732,Immigration,100
continuous_d23,1958,176657,US-1965-MEDICARE-MEDICAID,1965,-7,0.24870909908728578,-0.024762360647693365,Health/Welfare/Educ,99
continuous_d23,1958,176657,US-1965-VRA,1965,-7,0.13162220654847548,-0.13321667813907365,Democracy & Governance,100
continuous_d23,1958,176657,US-1966-FOIA,1966,-8,0.22314772687095513,-0.008616623802276482,Democracy & Governance,100
continuous_d23,1958,176657,US-1966-HARPER,1966,-8,0.2296089807824859,-0.04514101612036898,Democracy & Governance,100
continuous_d23,1958,176657,US-1966-MIRANDA,1966,-8,0.23477543552927077,-0.06313638330371636,Criminal Justice & Guns,100
continuous_d23,1958,176657,US-1967-KATZ,1967,-9,0.23664740270829185,0.14332034708696836,Civil Liberties,100
continuous_d23,1958,176657,US-1967-LOVING,1967,-9,0.20950762584265054,-0.0658496340321174,Civil Rights,100
continuous_d23,1958,176657,US-1968-FAIR-HOUSING,1968,-10,0.21239676337745408,0.006406220173708328,Civil Rights,100
continuous_d23,1958,176657,US-1968-GUN-CONTROL,1968,-10,0.21541076771394022,-0.030411978442257383,Criminal Justice & Guns,99
continuous_d23,1958,176657,US-1968-TERRY,1968,-10,0.2522582593857772,0.05945951876923306,Criminal Justice & Guns,100
continuous_d23,1958,176657,US-1969-BRANDENBURG,1969,-11,0.16761518808609224,-0.0069683022224393066,Civil Liberties,100
continuous_d23,1958,176657,US-1969-NEPA,1969,-11,0.20280938250785016,-0.12533227625621138,Environment & Energy,100
continuous_d23,1958,176657,US-1969-TINKER,1969,-11,0.24999023687533423,0.2151365292460906,Civil Liberties,100
continuous_d23,1958,176657,US-1970-CLEAN-AIR,1970,-12,0.11841166746717567,-0.0880522441973523,Environment & Energy,100
continuous_d23,1958,176657,US-1970-CSA,1970,-12,0.24926874288828546,0.08500597938660392,Criminal Justice & Guns,99
continuous_d23,1958,176657,US-1970-OSHA,1970,-12,0.3057753518396551,-0.06333186409518751,Labor,100
continuous_d23,1958,176657,US-1971-26TH,1971,-13,0.39967873304048707,-0.04545116770895908,Democracy & Governance,100
continuous_d23,1958,176657,US-1971-FECA,1971,-13,0.2442392680007584,-0.05927215392315821,Democracy & Governance,100
continuous_d23,1958,176657,US-1971-LEMON,1971,-13,0.18766643250175233,0.01354594579954341,Civil Liberties,100
continuous_d23,1958,176657,US-1971-PENTAGON-PAPERS,1971,-13,0.12128916159051217,0.029864697988105423,Civil Liberties,100
continuous_d23,1958,176657,US-1972-CLEAN-WATER,1972,-14,0.17221540887995912,0.021041157626098813,Environment & Energy,100
continuous_d23,1958,176657,US-1972-FURMAN,1972,-14,0.16203117854757662,0.004085637824762759,Criminal Justice & Guns,100
continuous_d23,1958,176657,US-1972-TITLE-IX,1972,-14,0.28153543744071663,-0.0674019035095398,Civil Rights,100
continuous_d23,1958,176657,US-1972-YODER,1972,-14,0.2776204846042427,-0.02479729341984094,Civil Liberties,100
continuous_d23,1958,176657,US-1973-ESA,1973,-15,0.1601859689678714,0.11686416746825104,Environment & Energy,100
continuous_d23,1958,176657,US-1973-REHABILITATION,1973,-15,0.1740589310164286,0.0048111401304666125,Civil Rights,100
continuous_d23,1958,176657,US-1973-RODRIGUEZ,1973,-15,0.1734168289324178,0.002195829029809164,Health/Welfare/Educ,100
continuous_d23,1958,176657,US-1973-ROE,1973,-15,0.20282718970939528,0.07664704080487832,Civil Liberties,100
continuous_d23,1958,176657,US-1973-WAR-POWERS,1973,-15,0.23901553822853702,-0.05991569259687565,Democracy & Governance,100
continuous_d23,1958,176657,US-1974-ECOA,1974,-16,0.1806332417933416,-0.04556420764790345,Economy & Finance,100
continuous_d23,1958,176657,US-1974-ERISA,1974,-16,0.2487788617533281,-0.1366695483074167,Labor,100
continuous_d23,1958,176657,US-1974-MILLIKEN,1974,-16,0.10013144914441918,-0.182952727398121,Civil Rights,100
continuous_d23,1958,176657,US-1974-PRIVACY-ACT,1974,-16,0.25913819084704814,0.08475993732683204,Civil Liberties,100
continuous_d23,1958,176657,US-1975-IDEA,1975,-17,0.21739578880466484,0.211207085685699,Civil Rights,100
continuous_d23,1958,176657,US-1975-ISDEAA,1975,-17,0.17597665306364135,-0.14894745430806222,Civil Rights,100
continuous_d23,1958,176657,US-1976-BUCKLEY,1976,-18,0.22355700950708668,0.02158806900043904,Democracy & Governance,99
continuous_d23,1958,176657,US-1976-GREGG,1976,-18,0.2572019337668824,-0.006446324943937775,Criminal Justice & Guns,100
continuous_d23,1958,176657,US-1976-TSCA,1976,-18,0.11870186965986697,-0.03785593995644863,Environment & Energy,100
continuous_d23,1958,176657,US-1977-CRA,1977,-19,0.32200384235778645,-0.015433049416361571,Health/Welfare/Educ,100
continuous_d23,1958,176657,US-1977-FED-DUAL-MANDATE,1977,-19,0.24500847040016013,-0.10697689978841396,Economy & Finance,100
continuous_d23,1958,176657,US-1978-AIRLINE-DEREG,1978,-20,0.1913269238879159,-0.03296979281532725,Economy & Finance,100
continuous_d23,1958,176657,US-1978-BAKKE,1978,-20,0.13447726335374904,-0.02522155332565794,Civil Rights,99
continuous_d23,1958,176657,US-1978-FISA,1978,-20,0.21685518371629608,0.0052403176156936146,Civil Liberties,100
continuous_d23,1958,176657,US-1978-HUMPHREY-HAWKINS,1978,-20,0.2505294046181961,-0.14427721563114373,Economy & Finance,100
continuous_d23,1958,176657,US-1978-ICWA,1978,-20,0.1775702627805823,-0.12335437585835816,Civil Rights,100
continuous_d23,1958,176657,US-1978-PREGNANCY-DISCRIM,1978,-20,0.30017350737353615,-0.08824213628259199,Civil Rights,100
continuous_d23,1958,176657,US-1939-HATCH-ACT,1939,19,0.1937072290426576,-0.15179721989819212,Civil Rights,100
continuous_d23,1958,176657,US-1940-SELECTIVE-TRAINING,1940,18,0.2807929778995836,-0.035128067636208626,Natl Security & Foreign,100
continuous_d23,1958,176657,US-1940-SMITH-ACT,1940,18,0.19543784612117543,-0.005225758336206512,Natl Security & Foreign,99
continuous_d23,1958,176657,US-1941-DARBY,1941,17,0.2690751584333168,0.010316450194872746,Labor,100
continuous_d23,1958,176657,US-1941-LEND-LEASE,1941,17,0.13203709504885036,-0.09947833170036034,Natl Security & Foreign,99
continuous_d23,1958,176657,US-1942-EMERGENCY-PRICE-CONTROL,1942,16,0.23019941366980107,-0.09459485904561868,Natl Security & Foreign,100
continuous_d23,1958,176657,US-1943-CHINESE-EXCLUSION-REPEAL,1943,15,0.18376626341115063,-0.09998261889123418,Immigration,99
continuous_d23,1958,176657,US-1945-BRETTON-WOODS,1945,13,0.24280967670744402,-0.07864302228676556,Natl Security & Foreign,100
continuous_d23,1958,176657,US-1945-UN-PARTICIPATION,1945,13,0.1584998088746757,-0.18423694892766412,Natl Security & Foreign,100
continuous_d23,1958,176657,US-1946-APA,1946,12,0.15676756027312974,-0.1288951608120919,Democracy & Governance,100
continuous_d23,1958,176657,US-1948-DISPLACED-PERSONS-ACT,1948,10,0.15463359437606203,0.04953424550920384,Immigration,99
continuous_d23,1958,176657,US-1948-MARSHALL-PLAN,1948,10,0.19921428206705147,-0.12331288923168966,Natl Security & Foreign,100
continuous_d23,1958,176657,US-1948-SHELLEY,1948,10,0.17853807411580522,0.040374646955325694,Civil Rights,100
continuous_d23,1958,176657,US-1950-DPA,1950,8,0.16297696616134538,-0.011751577594095586,Economy & Finance,100
continuous_d23,1958,176657,US-1950-INTERNAL-SECURITY,1950,8,0.2784914816857751,-0.03729336365968349,Natl Security & Foreign,100
continuous_d23,1958,176657,US-1951-DENNIS,1951,7,0.25425696899094546,-0.010306287835298468,Civil Liberties,97
continuous_d23,1958,176657,US-1956-BANK-HOLDING-COMPANY-ACT,1956,2,0.27514290576770256,-0.06239099846306166,Economy & Finance,100
continuous_d23,1958,176657,US-1957-YATES,1957,1,0.11241222056038022,-0.06610744307585209,Civil Liberties,100
continuous_d23,1958,176657,US-1958-NDEA,1958,0,0.3265168587805965,0.010738191860847074,Health/Welfare/Educ,100
continuous_d23,1958,176657,US-1958-NASA-ACT,1958,0,0.326528222618611,-0.10267982308822081,Environment & Energy,100
continuous_d23,1958,176657,US-1958-COOPER,1958,0,0.17338095015169963,-0.21757655945245724,Civil Rights,100
continuous_d23,1958,176657,US-1961-PEACE-CORPS,1961,-3,0.24236514256416547,-0.05225889384542692,Natl Security & Foreign,100
continuous_d23,1958,176657,US-1968-OMNIBUS-CRIME-CONTROL,1968,-10,0.18205764338629393,0.08480833087004104,Criminal Justice & Guns,100
continuous_d23,1958,176657,US-1968-TRUTH-IN-LENDING,1968,-10,0.13949911698705536,-0.04858660007910949,Economy & Finance,100
continuous_d23,1958,176657,US-1970-FCRA,1970,-12,0.18888754192406246,-0.12014910163418664,Civil Liberties,100
continuous_d23,1958,176657,US-1972-CPSA,1972,-14,0.25857308054570244,-0.18047669157931615,Economy & Finance,100
continuous_d23,1958,176657,US-1975-EPCA,1975,-17,0.20051048704377125,-0.023266750930866796,Environment & Energy,99
continuous_d23,1958,176657,US-1942-EO9066,1942,16,0.09264069964701135,-0.21383851557743444,Civil Rights,100
continuous_d23,1958,176657,US-1947-TRUMAN-DOCTRINE,1947,11,0.16892192728663047,-0.1352971828304107,Natl Security & Foreign,100
continuous_d23,1958,176657,US-1957-EO10730,1957,1,0.06016146655833769,-0.16030678612132448,Civil Rights,100
continuous_d23,1958,176657,US-1963-TEST-BAN-TREATY,1963,-5,0.09330321966780396,-0.1348535464739532,Natl Security & Foreign,100
continuous_d23,1958,176657,US-1964-TONKIN-GULF,1964,-6,0.09930922621117318,-0.08940733461484233,Natl Security & Foreign,100
continuous_d23,1958,176657,US-1967-ADEA,1967,-9,0.2607834396884008,0.015078047514540626,Civil Rights,100
continuous_d23,1958,176657,US-1970-BANK-SECRECY,1970,-12,0.21449822680423264,-0.00015536857902160718,Economy & Finance,99
continuous_d23,1958,176657,US-1971-ANCSA,1971,-13,0.19832894337041695,-0.04852498199751491,Civil Rights,99
continuous_d23,1958,176657,US-1978-AIRFA,1978,-20,0.16435982519964074,-0.08713549333829253,Civil Rights,100
continuous_d23,1959,177756,US-1941-EO8802,1941,18,0.4762569856239275,-0.022022841897422363,Civil Rights,100
continuous_d23,1959,177756,US-1942-WICKARD,1942,17,0.4625150791683302,-0.021243457659526944,Democracy & Governance,100
continuous_d23,1959,177756,US-1944-GI-BILL,1944,15,0.47101177272319605,-0.01677472454737547,Health/Welfare/Educ,100
continuous_d23,1959,177756,US-1944-KOREMATSU,1944,15,0.4748293835715407,-0.015717815275766597,Civil Rights,100
continuous_d23,1959,177756,US-1946-EMPLOYMENT-ACT,1946,13,0.46705312626050377,-0.019887335851198965,Economy & Finance,100
continuous_d23,1959,177756,US-1947-NATIONAL-SECURITY-ACT,1947,12,0.4542396963135694,-0.011823306845800989,Natl Security & Foreign,100
continuous_d23,1959,177756,US-1947-TAFT-HARTLEY,1947,12,0.4727566334806335,-0.014248479403058279,Labor,100
continuous_d23,1959,177756,US-1948-EO9981,1948,11,0.4408837074645566,-0.007867731546836652,Civil Rights,100
continuous_d23,1959,177756,US-1952-INA,1952,7,0.4648562143218893,0.004754661056957898,Immigration,100
continuous_d23,1959,177756,US-1952-YOUNGSTOWN,1952,7,0.46398006486186905,-0.017384253916777198,Democracy & Governance,99
continuous_d23,1959,177756,US-1954-BROWN,1954,5,0.46654077639888464,-0.015928070754794618,Civil Rights,100
continuous_d23,1959,177756,US-1956-HIGHWAY,1956,3,0.5043456819149349,-0.01987156688088731,Environment & Energy,100
continuous_d23,1959,177756,US-1957-CIVIL-RIGHTS-ACT,1957,2,0.48490940742229394,-0.016074855869353,Civil Rights,100
continuous_d23,1959,177756,US-1961-MAPP,1961,-2,0.4441388857384559,-0.0303725501761948,Criminal Justice & Guns,100
continuous_d23,1959,177756,US-1962-BAKER,1962,-3,0.44109327676796584,-0.037311139673325264,Democracy & Governance,100
continuous_d23,1959,177756,US-1962-ENGEL,1962,-3,0.47071016040013314,-0.015077602243565504,Civil Liberties,100
continuous_d23,1959,177756,US-1962-KEFAUVER-HARRIS,1962,-3,0.4670388415174371,-0.01496249262253612,Economy & Finance,100
continuous_d23,1959,177756,US-1963-EQUAL-PAY,1963,-4,0.4570525973288082,0.018032939548804756,Civil Rights,99
continuous_d23,1959,177756,US-1963-GIDEON,1963,-4,0.4592327438526463,-0.037594511568900355,Criminal Justice & Guns,100
continuous_d23,1959,177756,US-1964-24TH-AMENDMENT,1964,-5,0.4851893241471844,-0.026827374077138443,Democracy & Governance,100
continuous_d23,1959,177756,US-1964-CIVIL-RIGHTS-ACT,1964,-5,0.4746384090546656,-0.009575358927778907,Civil Rights,100
continuous_d23,1959,177756,US-1964-ECONOMIC-OPPORTUNITY,1964,-5,0.4884449828136482,-0.025193230865177857,Health/Welfare/Educ,99
continuous_d23,1959,177756,US-1964-HEART-ATLANTA,1964,-5,0.4452299043487423,-0.017964337402871903,Civil Rights,100
continuous_d23,1959,177756,US-1964-NYT-SULLIVAN,1964,-5,0.4320214157994766,-0.03186620520546782,Civil Liberties,100
continuous_d23,1959,177756,US-1964-REYNOLDS,1964,-5,0.44865939707067587,-0.020457459952791107,Democracy & Governance,100
continuous_d23,1959,177756,US-1965-ESEA,1965,-6,0.4968688971484466,-0.03287059779831234,Health/Welfare/Educ,100
continuous_d23,1959,177756,US-1965-GRISWOLD,1965,-6,0.4769535914233753,-0.03446168205895307,Civil Liberties,99
continuous_d23,1959,177756,US-1965-HART-CELLER,1965,-6,0.46420275036283765,0.012464787814003477,Immigration,100
continuous_d23,1959,177756,US-1965-MEDICARE-MEDICAID,1965,-6,0.4702819475815785,-0.009624832622143356,Health/Welfare/Educ,99
continuous_d23,1959,177756,US-1965-VRA,1965,-6,0.4858179128860244,-0.02097363707558976,Democracy & Governance,100
continuous_d23,1959,177756,US-1966-FOIA,1966,-7,0.47339017714125725,-0.03363754138978805,Democracy & Governance,100
continuous_d23,1959,177756,US-1966-HARPER,1966,-7,0.4755973653750025,-0.03426442743159875,Democracy & Governance,100
continuous_d23,1959,177756,US-1966-MIRANDA,1966,-7,0.45965408716909506,-0.01984437561099917,Criminal Justice & Guns,100
continuous_d23,1959,177756,US-1967-KATZ,1967,-8,0.46597157038994697,0.0015686004539489284,Civil Liberties,100
continuous_d23,1959,177756,US-1967-LOVING,1967,-8,0.47904747629956135,-0.029415777711709386,Civil Rights,100
continuous_d23,1959,177756,US-1968-FAIR-HOUSING,1968,-9,0.47041248344088293,0.006280998446922659,Civil Rights,100
continuous_d23,1959,177756,US-1968-GUN-CONTROL,1968,-9,0.4710865651573869,-0.021332572615182527,Criminal Justice & Guns,99
continuous_d23,1959,177756,US-1968-TERRY,1968,-9,0.44839871161462275,-0.024154963914201702,Criminal Justice & Guns,100
continuous_d23,1959,177756,US-1969-BRANDENBURG,1969,-10,0.46617506939117603,-0.02585145294520972,Civil Liberties,100
continuous_d23,1959,177756,US-1969-NEPA,1969,-10,0.4747422274708206,-0.02237584644750547,Environment & Energy,100
continuous_d23,1959,177756,US-1969-TINKER,1969,-10,0.4494793771995929,-0.019440070323257036,Civil Liberties,100
continuous_d23,1959,177756,US-1970-CLEAN-AIR,1970,-11,0.4587535904874529,-0.014658767189590381,Environment & Energy,100
continuous_d23,1959,177756,US-1970-CSA,1970,-11,0.47229193283645937,0.009646904035888876,Criminal Justice & Guns,99
continuous_d23,1959,177756,US-1970-OSHA,1970,-11,0.4467173892420645,-0.009114229526074973,Labor,100
continuous_d23,1959,177756,US-1971-26TH,1971,-12,0.4512894076332288,-0.00721550447118057,Democracy & Governance,100
continuous_d23,1959,177756,US-1971-FECA,1971,-12,0.4582917421754229,-0.022100340356860138,Democracy & Governance,100
continuous_d23,1959,177756,US-1971-LEMON,1971,-12,0.4709851703818628,-0.019446216726010327,Civil Liberties,100
continuous_d23,1959,177756,US-1971-PENTAGON-PAPERS,1971,-12,0.4849920298696131,-0.016631909593748686,Civil Liberties,100
continuous_d23,1959,177756,US-1972-CLEAN-WATER,1972,-13,0.47145540157303706,-0.0255767680826854,Environment & Energy,100
continuous_d23,1959,177756,US-1972-FURMAN,1972,-13,0.4769669068953025,-0.027861939080821765,Criminal Justice & Guns,100
continuous_d23,1959,177756,US-1972-TITLE-IX,1972,-13,0.4610941700510553,-0.022651701611163522,Civil Rights,100
continuous_d23,1959,177756,US-1972-YODER,1972,-13,0.460113517464143,-0.026362240599139476,Civil Liberties,100
continuous_d23,1959,177756,US-1973-ESA,1973,-14,0.4679492765795322,-0.008012546262846315,Environment & Energy,100
continuous_d23,1959,177756,US-1973-REHABILITATION,1973,-14,0.464300804817654,-0.03127584174142685,Civil Rights,100
continuous_d23,1959,177756,US-1973-RODRIGUEZ,1973,-14,0.4643388171140714,-0.02050827727169883,Health/Welfare/Educ,100
continuous_d23,1959,177756,US-1973-ROE,1973,-14,0.4725448549052348,-0.0347154777064129,Civil Liberties,100
continuous_d23,1959,177756,US-1973-WAR-POWERS,1973,-14,0.4669728327165975,-0.02185661867770383,Democracy & Governance,100
continuous_d23,1959,177756,US-1974-ECOA,1974,-15,0.4849657411417327,0.00466687252021515,Economy & Finance,100
continuous_d23,1959,177756,US-1974-ERISA,1974,-15,0.4697598666602979,-0.01845402667097659,Labor,100
continuous_d23,1959,177756,US-1974-MILLIKEN,1974,-15,0.43378223239337144,-0.04072708567459988,Civil Rights,100
continuous_d23,1959,177756,US-1974-PRIVACY-ACT,1974,-15,0.46161368071718323,-0.022548753752692427,Civil Liberties,100
continuous_d23,1959,177756,US-1975-IDEA,1975,-16,0.4688281108665195,-0.021614200760746206,Civil Rights,100
continuous_d23,1959,177756,US-1975-ISDEAA,1975,-16,0.4569350059708636,-0.030162633706702028,Civil Rights,100
continuous_d23,1959,177756,US-1976-BUCKLEY,1976,-17,0.46459350866202526,0.0019505685474705216,Democracy & Governance,99
continuous_d23,1959,177756,US-1976-GREGG,1976,-17,0.4730685580430854,-0.02602106246063944,Criminal Justice & Guns,100
continuous_d23,1959,177756,US-1976-TSCA,1976,-17,0.4754931040893876,-0.024488147543932984,Environment & Energy,100
continuous_d23,1959,177756,US-1977-CRA,1977,-18,0.4664268491535437,-0.029230032288457698,Health/Welfare/Educ,100
continuous_d23,1959,177756,US-1977-FED-DUAL-MANDATE,1977,-18,0.4720280379726392,-0.01856482200057352,Economy & Finance,100
continuous_d23,1959,177756,US-1978-AIRLINE-DEREG,1978,-19,0.4337029184507008,-0.004970003154487958,Economy & Finance,100
continuous_d23,1959,177756,US-1978-BAKKE,1978,-19,0.4692392137833993,-0.001277090425691036,Civil Rights,99
continuous_d23,1959,177756,US-1978-FISA,1978,-19,0.47574463901999303,-0.0055088572994950605,Civil Liberties,100
continuous_d23,1959,177756,US-1978-HUMPHREY-HAWKINS,1978,-19,0.47030174925636026,0.005855784407260209,Economy & Finance,100
continuous_d23,1959,177756,US-1978-ICWA,1978,-19,0.4451488547608038,-0.03297445765002899,Civil Rights,100
continuous_d23,1959,177756,US-1978-PREGNANCY-DISCRIM,1978,-19,0.45458363173139693,-0.02497222978719739,Civil Rights,100
continuous_d23,1959,177756,US-1939-HATCH-ACT,1939,20,0.4727941470597356,-0.030563832119314682,Civil Rights,100
continuous_d23,1959,177756,US-1940-SELECTIVE-TRAINING,1940,19,0.4775140515023938,-0.016495884166507976,Natl Security & Foreign,100
continuous_d23,1959,177756,US-1940-SMITH-ACT,1940,19,0.4556099296994122,-0.016532971902399052,Natl Security & Foreign,99
continuous_d23,1959,177756,US-1941-DARBY,1941,18,0.46923755313005017,-0.012843428989013882,Labor,100
continuous_d23,1959,177756,US-1941-LEND-LEASE,1941,18,0.47421072110316265,-0.019827958754489623,Natl Security & Foreign,99
continuous_d23,1959,177756,US-1942-EMERGENCY-PRICE-CONTROL,1942,17,0.45514755647571725,-0.014557507305698597,Natl Security & Foreign,100
continuous_d23,1959,177756,US-1943-CHINESE-EXCLUSION-REPEAL,1943,16,0.48030343759755323,-0.009941831320522737,Immigration,99
continuous_d23,1959,177756,US-1945-BRETTON-WOODS,1945,14,0.4647885156985359,-0.018137327707535372,Natl Security & Foreign,100
continuous_d23,1959,177756,US-1945-UN-PARTICIPATION,1945,14,0.4781985239937166,-0.011694428215837162,Natl Security & Foreign,100
continuous_d23,1959,177756,US-1946-APA,1946,13,0.4695425208685587,-0.037651226115695755,Democracy & Governance,100
continuous_d23,1959,177756,US-1948-DISPLACED-PERSONS-ACT,1948,11,0.47771437059959176,-0.009017559897242422,Immigration,99
continuous_d23,1959,177756,US-1948-MARSHALL-PLAN,1948,11,0.4525029649156377,-0.012889238344044785,Natl Security & Foreign,100
continuous_d23,1959,177756,US-1948-SHELLEY,1948,11,0.4713803943588698,-0.022040068922688182,Civil Rights,100
continuous_d23,1959,177756,US-1950-DPA,1950,9,0.47188002010742147,-0.017486641240732074,Economy & Finance,100
continuous_d23,1959,177756,US-1950-INTERNAL-SECURITY,1950,9,0.4802346316356626,-0.013213949965809007,Natl Security & Foreign,100
continuous_d23,1959,177756,US-1951-DENNIS,1951,8,0.4640053021099336,-0.02172459630405766,Civil Liberties,97
continuous_d23,1959,177756,US-1956-BANK-HOLDING-COMPANY-ACT,1956,3,0.46711167000104825,-0.023756386798594417,Economy & Finance,100
continuous_d23,1959,177756,US-1957-YATES,1957,2,0.46220186454712114,-0.03687988384742552,Civil Liberties,100
continuous_d23,1959,177756,US-1958-NDEA,1958,1,0.48681135584657587,0.018438934272610334,Health/Welfare/Educ,100
continuous_d23,1959,177756,US-1958-NASA-ACT,1958,1,0.495442084162836,-0.027117761968854532,Environment & Energy,100
continuous_d23,1959,177756,US-1958-COOPER,1958,1,0.44191145184020014,-0.02963759771688338,Civil Rights,100
continuous_d23,1959,177756,US-1961-PEACE-CORPS,1961,-2,0.4559110898310891,-0.011712121459850906,Natl Security & Foreign,100
continuous_d23,1959,177756,US-1968-OMNIBUS-CRIME-CONTROL,1968,-9,0.460950660992842,-0.014614909620875905,Criminal Justice & Guns,100
continuous_d23,1959,177756,US-1968-TRUTH-IN-LENDING,1968,-9,0.4899357907356298,-0.019791421450070776,Economy & Finance,100
continuous_d23,1959,177756,US-1970-FCRA,1970,-11,0.4825838486261423,-0.029518379949956187,Civil Liberties,100
continuous_d23,1959,177756,US-1972-CPSA,1972,-13,0.49604893653175147,-0.023432801369728234,Economy & Finance,100
continuous_d23,1959,177756,US-1975-EPCA,1975,-16,0.4599173956662754,-0.02886246562142793,Environment & Energy,99
continuous_d23,1959,177756,US-1942-EO9066,1942,17,0.47155862496926454,-0.011143163499925137,Civil Rights,100
continuous_d23,1959,177756,US-1947-TRUMAN-DOCTRINE,1947,12,0.4465196729658918,-0.010696852975710842,Natl Security & Foreign,100
continuous_d23,1959,177756,US-1957-EO10730,1957,2,0.48051341066861136,-0.01219737182856615,Civil Rights,100
continuous_d23,1959,177756,US-1963-TEST-BAN-TREATY,1963,-4,0.4683499368772399,0.0011436226395177204,Natl Security & Foreign,100
continuous_d23,1959,177756,US-1964-TONKIN-GULF,1964,-5,0.4723023626019935,-0.033720989555966835,Natl Security & Foreign,100
continuous_d23,1959,177756,US-1967-ADEA,1967,-8,0.4684778663389097,-0.03632961699358545,Civil Rights,100
continuous_d23,1959,177756,US-1970-BANK-SECRECY,1970,-11,0.4659102224549032,-0.010298587965205795,Economy & Finance,99
continuous_d23,1959,177756,US-1971-ANCSA,1971,-12,0.4700647072763696,-0.015321100632806152,Civil Rights,99
continuous_d23,1959,177756,US-1978-AIRFA,1978,-19,0.4690156960444654,-0.025207161372110626,Civil Rights,100
continuous_d23,1960,178733,US-1941-EO8802,1941,19,0.4860668050608499,0.1740151940550541,Civil Rights,100
continuous_d23,1960,178733,US-1942-WICKARD,1942,18,0.5732773861582422,0.007619669536011071,Democracy & Governance,100
continuous_d23,1960,178733,US-1944-GI-BILL,1944,16,0.6685528418761006,0.16809267787227783,Health/Welfare/Educ,100
continuous_d23,1960,178733,US-1944-KOREMATSU,1944,16,0.6010825937355383,0.09828446554396633,Civil Rights,100
continuous_d23,1960,178733,US-1946-EMPLOYMENT-ACT,1946,14,0.6359049548875333,0.15779188400903987,Economy & Finance,100
continuous_d23,1960,178733,US-1947-NATIONAL-SECURITY-ACT,1947,13,0.6981542345313205,0.11779627107314955,Natl Security & Foreign,100
continuous_d23,1960,178733,US-1947-TAFT-HARTLEY,1947,13,0.6136476051747973,0.12968882781876762,Labor,100
continuous_d23,1960,178733,US-1948-EO9981,1948,12,0.570218939070201,0.15924114863351727,Civil Rights,100
continuous_d23,1960,178733,US-1952-INA,1952,8,0.6014452027091376,0.1634272933893203,Immigration,100
continuous_d23,1960,178733,US-1952-YOUNGSTOWN,1952,8,0.4689112339126631,0.1206453794915095,Democracy & Governance,99
continuous_d23,1960,178733,US-1954-BROWN,1954,6,0.6661749165404346,0.1827823539006831,Civil Rights,100
continuous_d23,1960,178733,US-1956-HIGHWAY,1956,4,0.6936855755279931,0.13205016462910177,Environment & Energy,100
continuous_d23,1960,178733,US-1957-CIVIL-RIGHTS-ACT,1957,3,0.66765411981759,0.06884632499512117,Civil Rights,100
continuous_d23,1960,178733,US-1961-MAPP,1961,-1,0.5701980579500137,0.17957173738794233,Criminal Justice & Guns,100
continuous_d23,1960,178733,US-1962-BAKER,1962,-2,0.4861546564762097,0.09088050565018932,Democracy & Governance,100
continuous_d23,1960,178733,US-1962-ENGEL,1962,-2,0.5695956941199418,0.21736248550655454,Civil Liberties,100
continuous_d23,1960,178733,US-1962-KEFAUVER-HARRIS,1962,-2,0.6090591116455846,0.18891450914557142,Economy & Finance,100
continuous_d23,1960,178733,US-1963-EQUAL-PAY,1963,-3,0.6584541616518079,0.09840037899958137,Civil Rights,99
continuous_d23,1960,178733,US-1963-GIDEON,1963,-3,0.5385412275475572,0.09949857809065875,Criminal Justice & Guns,100
continuous_d23,1960,178733,US-1964-24TH-AMENDMENT,1964,-4,0.6232312085432773,0.12321734014875523,Democracy & Governance,100
continuous_d23,1960,178733,US-1964-CIVIL-RIGHTS-ACT,1964,-4,0.6445568923113939,0.24080710472901726,Civil Rights,100
continuous_d23,1960,178733,US-1964-ECONOMIC-OPPORTUNITY,1964,-4,0.7853331763021102,0.12634461545440667,Health/Welfare/Educ,99
continuous_d23,1960,178733,US-1964-HEART-ATLANTA,1964,-4,0.6188312477478843,0.16753951174334852,Civil Rights,100
continuous_d23,1960,178733,US-1964-NYT-SULLIVAN,1964,-4,0.588689730157926,0.14040178609419202,Civil Liberties,100
continuous_d23,1960,178733,US-1964-REYNOLDS,1964,-4,0.5372408627979197,0.19694266245996178,Democracy & Governance,100
continuous_d23,1960,178733,US-1965-ESEA,1965,-5,0.6621344141003305,0.1809108738925511,Health/Welfare/Educ,100
continuous_d23,1960,178733,US-1965-GRISWOLD,1965,-5,0.5873464844111838,0.11435122396757882,Civil Liberties,99
continuous_d23,1960,178733,US-1965-HART-CELLER,1965,-5,0.5916462865060121,0.17725899026022193,Immigration,100
continuous_d23,1960,178733,US-1965-MEDICARE-MEDICAID,1965,-5,0.6724015301826418,0.12472876457841506,Health/Welfare/Educ,99
continuous_d23,1960,178733,US-1965-VRA,1965,-5,0.5622985201415043,0.15297377804662257,Democracy & Governance,100
continuous_d23,1960,178733,US-1966-FOIA,1966,-6,0.5911289075594879,0.023504812360478786,Democracy & Governance,100
continuous_d23,1960,178733,US-1966-HARPER,1966,-6,0.7021661157962308,0.15965135432212363,Democracy & Governance,100
continuous_d23,1960,178733,US-1966-MIRANDA,1966,-6,0.5352481315481582,0.13981151498536737,Criminal Justice & Guns,100
continuous_d23,1960,178733,US-1967-KATZ,1967,-7,0.757533571385276,0.18873720459269225,Civil Liberties,100
continuous_d23,1960,178733,US-1967-LOVING,1967,-7,0.6963120299287828,0.15532197663737718,Civil Rights,100
continuous_d23,1960,178733,US-1968-FAIR-HOUSING,1968,-8,0.6615244677527242,0.19707620007294152,Civil Rights,100
continuous_d23,1960,178733,US-1968-GUN-CONTROL,1968,-8,0.6454835438829829,0.12199312991743753,Criminal Justice & Guns,99
continuous_d23,1960,178733,US-1968-TERRY,1968,-8,0.614689586918856,0.12234092020448721,Criminal Justice & Guns,100
continuous_d23,1960,178733,US-1969-BRANDENBURG,1969,-9,0.46862555704409947,0.10627077072985144,Civil Liberties,100
continuous_d23,1960,178733,US-1969-NEPA,1969,-9,0.544160517027031,0.08330903597283107,Environment & Energy,100
continuous_d23,1960,178733,US-1969-TINKER,1969,-9,0.5629723322125609,0.21216005094004017,Civil Liberties,100
continuous_d23,1960,178733,US-1970-CLEAN-AIR,1970,-10,0.6279674999717069,0.12693592832496997,Environment & Energy,100
continuous_d23,1960,178733,US-1970-CSA,1970,-10,0.6685120371561201,0.23613175089197996,Criminal Justice & Guns,99
continuous_d23,1960,178733,US-1970-OSHA,1970,-10,0.6495101733041909,0.15442130832163137,Labor,100
continuous_d23,1960,178733,US-1971-26TH,1971,-11,0.6757218594586502,0.13277465042306688,Democracy & Governance,100
continuous_d23,1960,178733,US-1971-FECA,1971,-11,0.6150658894828755,0.18742416246206275,Democracy & Governance,100
continuous_d23,1960,178733,US-1971-LEMON,1971,-11,0.5638228104942357,0.16581650094003839,Civil Liberties,100
continuous_d23,1960,178733,US-1971-PENTAGON-PAPERS,1971,-11,0.3697591092154371,0.2495473594999514,Civil Liberties,100
continuous_d23,1960,178733,US-1972-CLEAN-WATER,1972,-12,0.6223536081591763,0.21151905827441464,Environment & Energy,100
continuous_d23,1960,178733,US-1972-FURMAN,1972,-12,0.7196281736818946,0.1701087246960906,Criminal Justice & Guns,100
continuous_d23,1960,178733,US-1972-TITLE-IX,1972,-12,0.582326895356536,0.18324690403492613,Civil Rights,100
continuous_d23,1960,178733,US-1972-YODER,1972,-12,0.5390508569982203,0.1712149369450906,Civil Liberties,100
continuous_d23,1960,178733,US-1973-ESA,1973,-13,0.5101162176574938,0.15554266424743018,Environment & Energy,100
continuous_d23,1960,178733,US-1973-REHABILITATION,1973,-13,0.539698493518278,0.08144691756259087,Civil Rights,100
continuous_d23,1960,178733,US-1973-RODRIGUEZ,1973,-13,0.6408966721123263,0.17164825524062485,Health/Welfare/Educ,100
continuous_d23,1960,178733,US-1973-ROE,1973,-13,0.5442072994673329,0.22279465951864397,Civil Liberties,100
continuous_d23,1960,178733,US-1973-WAR-POWERS,1973,-13,0.5366792594496438,0.2292833902130693,Democracy & Governance,100
continuous_d23,1960,178733,US-1974-ECOA,1974,-14,0.5740526509712547,0.15764187886369518,Economy & Finance,100
continuous_d23,1960,178733,US-1974-ERISA,1974,-14,0.6558764067556748,0.08512545920937031,Labor,100
continuous_d23,1960,178733,US-1974-MILLIKEN,1974,-14,0.37938484458463934,0.06366309666176413,Civil Rights,100
continuous_d23,1960,178733,US-1974-PRIVACY-ACT,1974,-14,0.6249931257700546,0.26904436090776135,Civil Liberties,100
continuous_d23,1960,178733,US-1975-IDEA,1975,-15,0.6322752463631823,0.2717082944545697,Civil Rights,100
continuous_d23,1960,178733,US-1975-ISDEAA,1975,-15,0.6067780073793603,-0.015955151162507033,Civil Rights,100
continuous_d23,1960,178733,US-1976-BUCKLEY,1976,-16,0.5809007076174174,0.27167027950837563,Democracy & Governance,99
continuous_d23,1960,178733,US-1976-GREGG,1976,-16,0.6383422515955326,0.17930863160715316,Criminal Justice & Guns,100
continuous_d23,1960,178733,US-1976-TSCA,1976,-16,0.7154636765916179,0.18246079544079807,Environment & Energy,100
continuous_d23,1960,178733,US-1977-CRA,1977,-17,0.6436564268362475,0.12259732313839083,Health/Welfare/Educ,100
continuous_d23,1960,178733,US-1977-FED-DUAL-MANDATE,1977,-17,0.6754279598088211,0.16900010499400167,Economy & Finance,100
continuous_d23,1960,178733,US-1978-AIRLINE-DEREG,1978,-18,0.5674729234777793,0.1424497181696946,Economy & Finance,100
continuous_d23,1960,178733,US-1978-BAKKE,1978,-18,0.43108750818757374,0.10834101577264114,Civil Rights,99
continuous_d23,1960,178733,US-1978-FISA,1978,-18,0.6613629959012312,0.14798560685861556,Civil Liberties,100
continuous_d23,1960,178733,US-1978-HUMPHREY-HAWKINS,1978,-18,0.6054369162175935,0.0901438611401428,Economy & Finance,100
continuous_d23,1960,178733,US-1978-ICWA,1978,-18,0.6162690371335651,0.10002763240287252,Civil Rights,100
continuous_d23,1960,178733,US-1978-PREGNANCY-DISCRIM,1978,-18,0.5993910974630225,0.15527390205019342,Civil Rights,100
continuous_d23,1960,178733,US-1980-CERCLA,1980,-20,0.5929527984265124,0.13689076967217864,Environment & Energy,100
continuous_d23,1960,178733,US-1980-DIDMCA,1980,-20,0.5521221070741124,0.2351650719230042,Economy & Finance,99
continuous_d23,1960,178733,US-1980-REFUGEE-ACT,1980,-20,0.6343168221775849,0.15664376538158606,Immigration,100
continuous_d23,1960,178733,US-1940-SELECTIVE-TRAINING,1940,20,0.627722607977956,0.18767409266599472,Natl Security & Foreign,100
continuous_d23,1960,178733,US-1940-SMITH-ACT,1940,20,0.6068232357356692,0.17837822180367804,Natl Security & Foreign,99
continuous_d23,1960,178733,US-1941-DARBY,1941,19,0.7078323179437411,0.11097652327169767,Labor,100
continuous_d23,1960,178733,US-1941-LEND-LEASE,1941,19,0.6563397509546065,0.1743887859371277,Natl Security & Foreign,99
continuous_d23,1960,178733,US-1942-EMERGENCY-PRICE-CONTROL,1942,18,0.6250402322363293,0.12366425234117993,Natl Security & Foreign,100
continuous_d23,1960,178733,US-1943-CHINESE-EXCLUSION-REPEAL,1943,17,0.5578390574907998,0.13328051565274943,Immigration,99
continuous_d23,1960,178733,US-1945-BRETTON-WOODS,1945,15,0.708574293194453,0.18852771534680127,Natl Security & Foreign,100
continuous_d23,1960,178733,US-1945-UN-PARTICIPATION,1945,15,0.5509828919035464,0.09639868206010106,Natl Security & Foreign,100
continuous_d23,1960,178733,US-1946-APA,1946,14,0.5376985525197459,0.12573213722372423,Democracy & Governance,100
continuous_d23,1960,178733,US-1948-DISPLACED-PERSONS-ACT,1948,12,0.5563603554494535,0.20593435079188108,Immigration,99
continuous_d23,1960,178733,US-1948-MARSHALL-PLAN,1948,12,0.7455117605370828,0.14523670752787157,Natl Security & Foreign,100
continuous_d23,1960,178733,US-1948-SHELLEY,1948,12,0.6857853749215234,0.2015112043331982,Civil Rights,100
continuous_d23,1960,178733,US-1950-DPA,1950,10,0.6546586840788967,0.1365058018908772,Economy & Finance,100
continuous_d23,1960,178733,US-1950-INTERNAL-SECURITY,1950,10,0.6690856321573713,0.1845125504164669,Natl Security & Foreign,100
continuous_d23,1960,178733,US-1951-DENNIS,1951,9,0.692075141734264,0.06551029640047633,Civil Liberties,97
continuous_d23,1960,178733,US-1956-BANK-HOLDING-COMPANY-ACT,1956,4,0.6116054941566372,0.14775025631501268,Economy & Finance,100
continuous_d23,1960,178733,US-1957-YATES,1957,3,0.5312204081406378,0.08487509355290364,Civil Liberties,100
continuous_d23,1960,178733,US-1958-NDEA,1958,2,0.6789604312720584,0.1794027841109319,Health/Welfare/Educ,100
continuous_d23,1960,178733,US-1958-NASA-ACT,1958,2,0.6842064077784249,0.08457275090198749,Environment & Energy,100
continuous_d23,1960,178733,US-1958-COOPER,1958,2,0.49753655109006373,0.0635888174051553,Civil Rights,100
continuous_d23,1960,178733,US-1961-PEACE-CORPS,1961,-1,0.6957270308053232,0.1437812083872825,Natl Security & Foreign,100
continuous_d23,1960,178733,US-1968-OMNIBUS-CRIME-CONTROL,1968,-8,0.5919702401936792,0.19786623518116608,Criminal Justice & Guns,100
continuous_d23,1960,178733,US-1968-TRUTH-IN-LENDING,1968,-8,0.5055851583397657,0.14871999245387335,Economy & Finance,100
continuous_d23,1960,178733,US-1970-FCRA,1970,-10,0.5923710309973041,0.1163121672269212,Civil Liberties,100
continuous_d23,1960,178733,US-1972-CPSA,1972,-12,0.710828926215876,0.04909574215912905,Economy & Finance,100
continuous_d23,1960,178733,US-1975-EPCA,1975,-15,0.6623704837652437,0.16099382312868857,Environment & Energy,99
continuous_d23,1960,178733,US-1942-EO9066,1942,18,0.5082195603058728,0.0461001471958908,Civil Rights,100
continuous_d23,1960,178733,US-1947-TRUMAN-DOCTRINE,1947,13,0.6865814137070221,0.07144491404463672,Natl Security & Foreign,100
continuous_d23,1960,178733,US-1957-EO10730,1957,3,0.6337761151688258,0.10849124034142095,Civil Rights,100
continuous_d23,1960,178733,US-1963-TEST-BAN-TREATY,1963,-3,0.6243717603514326,0.17228448172509567,Natl Security & Foreign,100
continuous_d23,1960,178733,US-1964-TONKIN-GULF,1964,-4,0.5931759957426116,0.12834468335596272,Natl Security & Foreign,100
continuous_d23,1960,178733,US-1967-ADEA,1967,-7,0.6741638001473217,0.16579770079832787,Civil Rights,100
continuous_d23,1960,178733,US-1970-BANK-SECRECY,1970,-10,0.6569593537833729,0.18575298442798416,Economy & Finance,99
continuous_d23,1960,178733,US-1971-ANCSA,1971,-11,0.7411350073227951,0.13056337232091433,Civil Rights,99
continuous_d23,1960,178733,US-1978-AIRFA,1978,-18,0.6929996610711597,0.1134687900035974,Civil Rights,100
continuous_d23,1961,179554,US-1941-EO8802,1941,20,0.2695793952018948,0.223936023281133,Civil Rights,100
continuous_d23,1961,179554,US-1942-WICKARD,1942,19,0.5326778115711785,0.15013365530803152,Democracy & Governance,100
continuous_d23,1961,179554,US-1944-GI-BILL,1944,17,0.6083550198939599,0.18260560539242718,Health/Welfare/Educ,100
continuous_d23,1961,179554,US-1944-KOREMATSU,1944,17,0.5082063301136212,0.12310202762037856,Civil Rights,100
continuous_d23,1961,179554,US-1946-EMPLOYMENT-ACT,1946,15,0.5067821814631825,0.1534076666085681,Economy & Finance,100
continuous_d23,1961,179554,US-1947-NATIONAL-SECURITY-ACT,1947,14,0.5382556385579021,0.10464656694389954,Natl Security & Foreign,100
continuous_d23,1961,179554,US-1947-TAFT-HARTLEY,1947,14,0.5757737347943064,0.20214567738150052,Labor,100
continuous_d23,1961,179554,US-1948-EO9981,1948,13,0.46037274489819785,0.17532288699321288,Civil Rights,100
continuous_d23,1961,179554,US-1952-INA,1952,9,0.4600505898305227,0.19402469827537755,Immigration,100
continuous_d23,1961,179554,US-1952-YOUNGSTOWN,1952,9,0.23081742765992122,0.14995379949517063,Democracy & Governance,99
continuous_d23,1961,179554,US-1954-BROWN,1954,7,0.5028452870812401,0.07970651368307297,Civil Rights,100
continuous_d23,1961,179554,US-1956-HIGHWAY,1956,5,0.5542619950850071,0.13959098478464363,Environment & Energy,100
continuous_d23,1961,179554,US-1957-CIVIL-RIGHTS-ACT,1957,4,0.41375187856597734,-0.007272427930434938,Civil Rights,100
continuous_d23,1961,179554,US-1961-MAPP,1961,0,0.49969673971202716,0.2088086062892098,Criminal Justice & Guns,100
continuous_d23,1961,179554,US-1962-BAKER,1962,-1,0.5143923110636269,0.09822019788127272,Democracy & Governance,100
continuous_d23,1961,179554,US-1962-ENGEL,1962,-1,0.48421553604485895,0.1836917738672541,Civil Liberties,100
continuous_d23,1961,179554,US-1962-KEFAUVER-HARRIS,1962,-1,0.5811519570900254,0.16659102052919988,Economy & Finance,100
continuous_d23,1961,179554,US-1963-EQUAL-PAY,1963,-2,0.613870083114639,0.12051745667821168,Civil Rights,99
continuous_d23,1961,179554,US-1963-GIDEON,1963,-2,0.5220406645431555,0.1370237222759419,Criminal Justice & Guns,100
continuous_d23,1961,179554,US-1964-24TH-AMENDMENT,1964,-3,0.43591449466152477,0.0929955151400777,Democracy & Governance,100
continuous_d23,1961,179554,US-1964-CIVIL-RIGHTS-ACT,1964,-3,0.5963859268429533,0.23479697606358343,Civil Rights,100
continuous_d23,1961,179554,US-1964-ECONOMIC-OPPORTUNITY,1964,-3,0.6406384081546982,0.10906896709481495,Health/Welfare/Educ,99
continuous_d23,1961,179554,US-1964-HEART-ATLANTA,1964,-3,0.5711635772700269,0.1863486513814624,Civil Rights,100
continuous_d23,1961,179554,US-1964-NYT-SULLIVAN,1964,-3,0.49066640695948566,0.17024125661948994,Civil Liberties,100
continuous_d23,1961,179554,US-1964-REYNOLDS,1964,-3,0.5221402765841473,0.1624651433866018,Democracy & Governance,100
continuous_d23,1961,179554,US-1965-ESEA,1965,-4,0.5667058429277396,0.15378348849189785,Health/Welfare/Educ,100
continuous_d23,1961,179554,US-1965-GRISWOLD,1965,-4,0.4562780125445849,0.12995736788764736,Civil Liberties,99
continuous_d23,1961,179554,US-1965-HART-CELLER,1965,-4,0.44575003919482037,0.15546338519333527,Immigration,100
continuous_d23,1961,179554,US-1965-MEDICARE-MEDICAID,1965,-4,0.5499268695718349,0.14058982645710935,Health/Welfare/Educ,99
continuous_d23,1961,179554,US-1965-VRA,1965,-4,0.445840955421952,0.15109718163570215,Democracy & Governance,100
continuous_d23,1961,179554,US-1966-FOIA,1966,-5,0.557237181104368,0.15344958870755546,Democracy & Governance,100
continuous_d23,1961,179554,US-1966-HARPER,1966,-5,0.47545827323680806,0.11829906256613913,Democracy & Governance,100
continuous_d23,1961,179554,US-1966-MIRANDA,1966,-5,0.4327055953457834,0.16703342962974713,Criminal Justice & Guns,100
continuous_d23,1961,179554,US-1967-KATZ,1967,-6,0.5551489830989306,0.17352717283360078,Civil Liberties,100
continuous_d23,1961,179554,US-1967-LOVING,1967,-6,0.496548195206983,0.13253300577731097,Civil Rights,100
continuous_d23,1961,179554,US-1968-FAIR-HOUSING,1968,-7,0.6670867835643054,0.2084168791426355,Civil Rights,100
continuous_d23,1961,179554,US-1968-GUN-CONTROL,1968,-7,0.6568042932125462,0.17819455984705446,Criminal Justice & Guns,99
continuous_d23,1961,179554,US-1968-TERRY,1968,-7,0.6079275494694002,0.17708220584339074,Criminal Justice & Guns,100
continuous_d23,1961,179554,US-1969-BRANDENBURG,1969,-8,0.413202864294285,0.24255899847845167,Civil Liberties,100
continuous_d23,1961,179554,US-1969-NEPA,1969,-8,0.446601961401364,0.14635705012024097,Environment & Energy,100
continuous_d23,1961,179554,US-1969-TINKER,1969,-8,0.47489898658850094,0.28916764388923416,Civil Liberties,100
continuous_d23,1961,179554,US-1970-CLEAN-AIR,1970,-9,0.5148029921148131,0.10574963644029023,Environment & Energy,100
continuous_d23,1961,179554,US-1970-CSA,1970,-9,0.6741288303514112,0.25273156757896825,Criminal Justice & Guns,99
continuous_d23,1961,179554,US-1970-OSHA,1970,-9,0.6357790049159121,0.1385997384027972,Labor,100
continuous_d23,1961,179554,US-1971-26TH,1971,-10,0.48843565240892334,0.13771102836624405,Democracy & Governance,100
continuous_d23,1961,179554,US-1971-FECA,1971,-10,0.6448170482204929,0.19090229956038607,Democracy & Governance,100
continuous_d23,1961,179554,US-1971-LEMON,1971,-10,0.4814694406503714,0.14732058476019178,Civil Liberties,100
continuous_d23,1961,179554,US-1971-PENTAGON-PAPERS,1971,-10,0.22661461836187807,0.21179177113891773,Civil Liberties,100
continuous_d23,1961,179554,US-1972-CLEAN-WATER,1972,-11,0.5091141783209694,0.14849452657313433,Environment & Energy,100
continuous_d23,1961,179554,US-1972-FURMAN,1972,-11,0.5056060170613549,0.11057654835168039,Criminal Justice & Guns,100
continuous_d23,1961,179554,US-1972-TITLE-IX,1972,-11,0.5459373563787766,0.19100941393490875,Civil Rights,100
continuous_d23,1961,179554,US-1972-YODER,1972,-11,0.4920244296289616,0.1679382129072283,Civil Liberties,100
continuous_d23,1961,179554,US-1973-ESA,1973,-12,0.5417150020076622,0.19215193391069493,Environment & Energy,100
continuous_d23,1961,179554,US-1973-REHABILITATION,1973,-12,0.5468756739063406,0.1305236458700632,Civil Rights,100
continuous_d23,1961,179554,US-1973-RODRIGUEZ,1973,-12,0.5972291081844248,0.10373770526463238,Health/Welfare/Educ,100
continuous_d23,1961,179554,US-1973-ROE,1973,-12,0.4656529886388753,0.20709507882876724,Civil Liberties,100
continuous_d23,1961,179554,US-1973-WAR-POWERS,1973,-12,0.39689473157755467,0.23539605210298517,Democracy & Governance,100
continuous_d23,1961,179554,US-1974-ECOA,1974,-13,0.5336152081073733,0.2051890338394171,Economy & Finance,100
continuous_d23,1961,179554,US-1974-ERISA,1974,-13,0.5716307181816334,0.11737285525276658,Labor,100
continuous_d23,1961,179554,US-1974-MILLIKEN,1974,-13,0.4125005636297147,0.07579229243210567,Civil Rights,100
continuous_d23,1961,179554,US-1974-PRIVACY-ACT,1974,-13,0.6137774947508942,0.2876470911269621,Civil Liberties,100
continuous_d23,1961,179554,US-1975-IDEA,1975,-14,0.6424194736407646,0.18638435782112775,Civil Rights,100
continuous_d23,1961,179554,US-1975-ISDEAA,1975,-14,0.5175763530365288,0.1166671617948789,Civil Rights,100
continuous_d23,1961,179554,US-1976-BUCKLEY,1976,-15,0.5607711876947282,0.2442026975052217,Democracy & Governance,99
continuous_d23,1961,179554,US-1976-GREGG,1976,-15,0.4306927142969284,0.14213157877997254,Criminal Justice & Guns,100
continuous_d23,1961,179554,US-1976-TSCA,1976,-15,0.4758468681759287,0.1485650590190147,Environment & Energy,100
continuous_d23,1961,179554,US-1977-CRA,1977,-16,0.5834886199499028,0.20792560115641995,Health/Welfare/Educ,100
continuous_d23,1961,179554,US-1977-FED-DUAL-MANDATE,1977,-16,0.5718295404894582,0.18572146601066244,Economy & Finance,100
continuous_d23,1961,179554,US-1978-AIRLINE-DEREG,1978,-17,0.4972982579163879,0.14853833110484657,Economy & Finance,100
continuous_d23,1961,179554,US-1978-BAKKE,1978,-17,0.4518314283059199,0.1565165916399582,Civil Rights,99
continuous_d23,1961,179554,US-1978-FISA,1978,-17,0.5003550616349817,0.16538629478169312,Civil Liberties,100
continuous_d23,1961,179554,US-1978-HUMPHREY-HAWKINS,1978,-17,0.5530573994083039,0.10851635533819197,Economy & Finance,100
continuous_d23,1961,179554,US-1978-ICWA,1978,-17,0.6268617639578814,0.17177135781267452,Civil Rights,100
continuous_d23,1961,179554,US-1978-PREGNANCY-DISCRIM,1978,-17,0.5789965388786498,0.1896546333457115,Civil Rights,100
continuous_d23,1961,179554,US-1980-CERCLA,1980,-19,0.5557035085784047,0.16824553136076417,Environment & Energy,100
continuous_d23,1961,179554,US-1980-DIDMCA,1980,-19,0.5633487535723983,0.24727227074438246,Economy & Finance,99
continuous_d23,1961,179554,US-1980-REFUGEE-ACT,1980,-19,0.615093803893008,0.13216748473497572,Immigration,100
continuous_d23,1961,179554,US-1941-DARBY,1941,20,0.5560078180315415,0.1284482163577627,Labor,100
continuous_d23,1961,179554,US-1941-LEND-LEASE,1941,20,0.3848105777323746,0.2003530917547277,Natl Security & Foreign,99
continuous_d23,1961,179554,US-1942-EMERGENCY-PRICE-CONTROL,1942,19,0.6404288049936734,0.1903409056084739,Natl Security & Foreign,100
continuous_d23,1961,179554,US-1943-CHINESE-EXCLUSION-REPEAL,1943,18,0.3422191712625118,0.1157153681720999,Immigration,99
continuous_d23,1961,179554,US-1945-BRETTON-WOODS,1945,16,0.5173259481215478,0.16252127195106436,Natl Security & Foreign,100
continuous_d23,1961,179554,US-1945-UN-PARTICIPATION,1945,16,0.3307751485640506,0.12802794772868217,Natl Security & Foreign,100
continuous_d23,1961,179554,US-1946-APA,1946,15,0.40524958824627544,0.15754446549886988,Democracy & Governance,100
continuous_d23,1961,179554,US-1948-DISPLACED-PERSONS-ACT,1948,13,0.3361358722403641,0.18427325745653372,Immigration,99
continuous_d23,1961,179554,US-1948-MARSHALL-PLAN,1948,13,0.4762818435001385,0.14200337228376264,Natl Security & Foreign,100
continuous_d23,1961,179554,US-1948-SHELLEY,1948,13,0.5931287722141437,0.12501470141125903,Civil Rights,100
continuous_d23,1961,179554,US-1950-DPA,1950,11,0.5342236809422166,0.1766993269138343,Economy & Finance,100
continuous_d23,1961,179554,US-1950-INTERNAL-SECURITY,1950,11,0.5055715088579921,0.08789310639729803,Natl Security & Foreign,100
continuous_d23,1961,179554,US-1951-DENNIS,1951,10,0.5686400515225234,0.12953593848392755,Civil Liberties,97
continuous_d23,1961,179554,US-1956-BANK-HOLDING-COMPANY-ACT,1956,5,0.5300464183766729,0.18059041828517075,Economy & Finance,100
continuous_d23,1961,179554,US-1957-YATES,1957,4,0.4142885069852798,0.08707511349375077,Civil Liberties,100
continuous_d23,1961,179554,US-1958-NDEA,1958,3,0.6441385031957393,0.12435844267116071,Health/Welfare/Educ,100
continuous_d23,1961,179554,US-1958-NASA-ACT,1958,3,0.4550310060545834,0.09456224721142359,Environment & Energy,100
continuous_d23,1961,179554,US-1958-COOPER,1958,3,0.48151505963903246,0.08786451170844964,Civil Rights,100
continuous_d23,1961,179554,US-1961-PEACE-CORPS,1961,0,0.5175378609308158,0.18750094960990216,Natl Security & Foreign,100
continuous_d23,1961,179554,US-1968-OMNIBUS-CRIME-CONTROL,1968,-7,0.5245147663263956,0.1938781183595731,Criminal Justice & Guns,100
continuous_d23,1961,179554,US-1968-TRUTH-IN-LENDING,1968,-7,0.6285693599512596,0.1879552155062365,Economy & Finance,100
continuous_d23,1961,179554,US-1970-FCRA,1970,-9,0.6090903728499101,0.1312485177281829,Civil Liberties,100
continuous_d23,1961,179554,US-1972-CPSA,1972,-11,0.6431250301027006,0.06781280158376463,Economy & Finance,100
continuous_d23,1961,179554,US-1975-EPCA,1975,-14,0.4972102787963641,0.15513278502602987,Environment & Energy,99
continuous_d23,1961,179554,US-1942-EO9066,1942,19,0.30041850535645515,0.026173565203872803,Civil Rights,100
continuous_d23,1961,179554,US-1947-TRUMAN-DOCTRINE,1947,14,0.4232111672455185,0.09419307823253542,Natl Security & Foreign,100
continuous_d23,1961,179554,US-1957-EO10730,1957,4,0.36426539755726217,0.05587755019802903,Civil Rights,100
continuous_d23,1961,179554,US-1963-TEST-BAN-TREATY,1963,-2,0.5131520887091334,0.1169922922296283,Natl Security & Foreign,100
continuous_d23,1961,179554,US-1964-TONKIN-GULF,1964,-3,0.37305782760231765,0.09985058501450304,Natl Security & Foreign,100
continuous_d23,1961,179554,US-1967-ADEA,1967,-6,0.5014924294687417,0.23932406847701793,Civil Rights,100
continuous_d23,1961,179554,US-1970-BANK-SECRECY,1970,-9,0.5326631637966436,0.14832919665628644,Economy & Finance,99
continuous_d23,1961,179554,US-1971-ANCSA,1971,-10,0.5290072380711218,0.09869130490584475,Civil Rights,99
continuous_d23,1961,179554,US-1978-AIRFA,1978,-17,0.48143963590216576,0.12025954002241677,Civil Rights,100
continuous_d23,1962,180499,US-1942-WICKARD,1942,20,0.39301525426174844,0.0248382914262183,Democracy & Governance,100
continuous_d23,1962,180499,US-1944-GI-BILL,1944,18,0.4801599791334692,-0.003564232909203302,Health/Welfare/Educ,100
continuous_d23,1962,180499,US-1944-KOREMATSU,1944,18,0.4433508089613079,-0.018159675062492785,Civil Rights,100
continuous_d23,1962,180499,US-1946-EMPLOYMENT-ACT,1946,16,0.3740836057132247,0.012196477293331412,Economy & Finance,100
continuous_d23,1962,180499,US-1947-NATIONAL-SECURITY-ACT,1947,15,0.46460780029382176,-0.01787702839015056,Natl Security & Foreign,100
continuous_d23,1962,180499,US-1947-TAFT-HARTLEY,1947,15,0.507190341981782,-0.05562908975302133,Labor,100
continuous_d23,1962,180499,US-1948-EO9981,1948,14,0.4794213819153887,-0.00029746964321769755,Civil Rights,100
continuous_d23,1962,180499,US-1952-INA,1952,10,0.3721630855331876,-0.00438730633497968,Immigration,100
continuous_d23,1962,180499,US-1952-YOUNGSTOWN,1952,10,0.42313209120577483,-0.0010504235217688837,Democracy & Governance,99
continuous_d23,1962,180499,US-1954-BROWN,1954,8,0.47269765548334824,-0.10048035074832645,Civil Rights,100
continuous_d23,1962,180499,US-1956-HIGHWAY,1956,6,0.5320419957287084,-0.03928629251011376,Environment & Energy,100
continuous_d23,1962,180499,US-1957-CIVIL-RIGHTS-ACT,1957,5,0.45652453050722824,-0.08180794907918694,Civil Rights,100
continuous_d23,1962,180499,US-1961-MAPP,1961,1,0.30795612711063053,-0.026470328674594153,Criminal Justice & Guns,100
continuous_d23,1962,180499,US-1962-BAKER,1962,0,0.3631018966926739,-0.08524685218703656,Democracy & Governance,100
continuous_d23,1962,180499,US-1962-ENGEL,1962,0,0.43680448341793515,0.0032766422508728322,Civil Liberties,100
continuous_d23,1962,180499,US-1962-KEFAUVER-HARRIS,1962,0,0.4007408347100469,-0.007098796432076947,Economy & Finance,100
continuous_d23,1962,180499,US-1963-EQUAL-PAY,1963,-1,0.5036304502501463,-0.03539062724220462,Civil Rights,99
continuous_d23,1962,180499,US-1963-GIDEON,1963,-1,0.41857905803779066,-0.0971172610807389,Criminal Justice & Guns,100
continuous_d23,1962,180499,US-1964-24TH-AMENDMENT,1964,-2,0.47859631352544896,-0.07704935649627925,Democracy & Governance,100
continuous_d23,1962,180499,US-1964-CIVIL-RIGHTS-ACT,1964,-2,0.36150156647537945,0.020345068533386298,Civil Rights,100
continuous_d23,1962,180499,US-1964-ECONOMIC-OPPORTUNITY,1964,-2,0.6233000794254726,-0.023931108542115845,Health/Welfare/Educ,99
continuous_d23,1962,180499,US-1964-HEART-ATLANTA,1964,-2,0.38941233967385935,-0.025615091757834253,Civil Rights,100
continuous_d23,1962,180499,US-1964-NYT-SULLIVAN,1964,-2,0.3772140652018083,-0.01984740372980515,Civil Liberties,100
continuous_d23,1962,180499,US-1964-REYNOLDS,1964,-2,0.46531494576637206,-0.006395640372365187,Democracy & Governance,100
continuous_d23,1962,180499,US-1965-ESEA,1965,-3,0.538538689571239,-0.01639045370472865,Health/Welfare/Educ,100
continuous_d23,1962,180499,US-1965-GRISWOLD,1965,-3,0.41976286818528175,-0.03322912138134065,Civil Liberties,99
continuous_d23,1962,180499,US-1965-HART-CELLER,1965,-3,0.3759340793580317,-0.04512873327059065,Immigration,100
continuous_d23,1962,180499,US-1965-MEDICARE-MEDICAID,1965,-3,0.47334261315840337,-0.04443245593513311,Health/Welfare/Educ,99
continuous_d23,1962,180499,US-1965-VRA,1965,-3,0.37304235037987893,-0.051528038421373,Democracy & Governance,100
continuous_d23,1962,180499,US-1966-FOIA,1966,-4,0.4782080613036255,-0.018732588805024625,Democracy & Governance,100
continuous_d23,1962,180499,US-1966-HARPER,1966,-4,0.5671010174074559,-0.04301500373607104,Democracy & Governance,100
continuous_d23,1962,180499,US-1966-MIRANDA,1966,-4,0.24612807748186175,-0.07735052615113878,Criminal Justice & Guns,100
continuous_d23,1962,180499,US-1967-KATZ,1967,-5,0.36288609347266165,-0.024934598497995862,Civil Liberties,100
continuous_d23,1962,180499,US-1967-LOVING,1967,-5,0.4752037941169796,-0.09768013424316667,Civil Rights,100
continuous_d23,1962,180499,US-1968-FAIR-HOUSING,1968,-6,0.4521017090368082,-0.056052562311021174,Civil Rights,100
continuous_d23,1962,180499,US-1968-GUN-CONTROL,1968,-6,0.4683739534378034,-0.022803277725877296,Criminal Justice & Guns,99
continuous_d23,1962,180499,US-1968-TERRY,1968,-6,0.40557254559114886,-0.0409153649498768,Criminal Justice & Guns,100
continuous_d23,1962,180499,US-1969-BRANDENBURG,1969,-7,0.3853981776146183,0.09404348623732335,Civil Liberties,100
continuous_d23,1962,180499,US-1969-NEPA,1969,-7,0.3556924182392593,0.03278861247329466,Environment & Energy,100
continuous_d23,1962,180499,US-1969-TINKER,1969,-7,0.4308825020411458,-0.03772252769465392,Civil Liberties,100
continuous_d23,1962,180499,US-1970-CLEAN-AIR,1970,-8,0.5103215369246639,-0.02246290120485707,Environment & Energy,100
continuous_d23,1962,180499,US-1970-CSA,1970,-8,0.38822148631210857,0.022826495120541947,Criminal Justice & Guns,99
continuous_d23,1962,180499,US-1970-OSHA,1970,-8,0.4616943268122607,-0.05610697493879022,Labor,100
continuous_d23,1962,180499,US-1971-26TH,1971,-9,0.5539118973464969,-0.045495626196994585,Democracy & Governance,100
continuous_d23,1962,180499,US-1971-FECA,1971,-9,0.500891724411265,0.04980803173261201,Democracy & Governance,100
continuous_d23,1962,180499,US-1971-LEMON,1971,-9,0.5040131847669788,0.007546050257212127,Civil Liberties,100
continuous_d23,1962,180499,US-1971-PENTAGON-PAPERS,1971,-9,0.322098593608202,0.14347578719059537,Civil Liberties,100
continuous_d23,1962,180499,US-1972-CLEAN-WATER,1972,-10,0.48406647329237473,-0.03304877728953264,Environment & Energy,100
continuous_d23,1962,180499,US-1972-FURMAN,1972,-10,0.4573636625285767,-0.06458706040793144,Criminal Justice & Guns,100
continuous_d23,1962,180499,US-1972-TITLE-IX,1972,-10,0.45861889653595506,-0.017000575292135653,Civil Rights,100
continuous_d23,1962,180499,US-1972-YODER,1972,-10,0.44970774869289576,-0.05784939464784711,Civil Liberties,100
continuous_d23,1962,180499,US-1973-ESA,1973,-11,0.46673778872478516,0.06898122827149375,Environment & Energy,100
continuous_d23,1962,180499,US-1973-REHABILITATION,1973,-11,0.43546813207245577,-0.033220835676239145,Civil Rights,100
continuous_d23,1962,180499,US-1973-RODRIGUEZ,1973,-11,0.4984774966634774,-0.047322746061405956,Health/Welfare/Educ,100
continuous_d23,1962,180499,US-1973-ROE,1973,-11,0.3868666027786533,0.06177130557369572,Civil Liberties,100
continuous_d23,1962,180499,US-1973-WAR-POWERS,1973,-11,0.2540543635293447,0.05084022018024143,Democracy & Governance,100
continuous_d23,1962,180499,US-1974-ECOA,1974,-12,0.4060122303762801,-0.01588227668972894,Economy & Finance,100
continuous_d23,1962,180499,US-1974-ERISA,1974,-12,0.5118809090856644,-0.05737757395232828,Labor,100
continuous_d23,1962,180499,US-1974-MILLIKEN,1974,-12,0.41757988419926145,-0.13795916911590533,Civil Rights,100
continuous_d23,1962,180499,US-1974-PRIVACY-ACT,1974,-12,0.447196803811176,0.10996771013182323,Civil Liberties,100
continuous_d23,1962,180499,US-1975-IDEA,1975,-13,0.5532768032505756,0.04828492691899965,Civil Rights,100
continuous_d23,1962,180499,US-1975-ISDEAA,1975,-13,0.48162412513433606,-0.047014079803020234,Civil Rights,100
continuous_d23,1962,180499,US-1976-BUCKLEY,1976,-14,0.4939986420459079,0.1797036923967682,Democracy & Governance,99
continuous_d23,1962,180499,US-1976-GREGG,1976,-14,0.5214018013666685,-0.016941802151347444,Criminal Justice & Guns,100
continuous_d23,1962,180499,US-1976-TSCA,1976,-14,0.45944700178658293,0.012684143635496786,Environment & Energy,100
continuous_d23,1962,180499,US-1977-CRA,1977,-15,0.48187824791373396,-0.020635874938619694,Health/Welfare/Educ,100
continuous_d23,1962,180499,US-1977-FED-DUAL-MANDATE,1977,-15,0.460456927875158,0.006745667701016619,Economy & Finance,100
continuous_d23,1962,180499,US-1978-AIRLINE-DEREG,1978,-16,0.48462315934679673,-0.06822185535195902,Economy & Finance,100
continuous_d23,1962,180499,US-1978-BAKKE,1978,-16,0.39968757012918055,-0.042580283925822665,Civil Rights,99
continuous_d23,1962,180499,US-1978-FISA,1978,-16,0.4082707827556803,-0.0008453539476967948,Civil Liberties,100
continuous_d23,1962,180499,US-1978-HUMPHREY-HAWKINS,1978,-16,0.4333408883608888,-0.05488602994038793,Economy & Finance,100
continuous_d23,1962,180499,US-1978-ICWA,1978,-16,0.5102049088803715,-0.04027799336247861,Civil Rights,100
continuous_d23,1962,180499,US-1978-PREGNANCY-DISCRIM,1978,-16,0.40332156018753573,-0.04604068443062026,Civil Rights,100
continuous_d23,1962,180499,US-1980-CERCLA,1980,-18,0.4504001659582659,-0.05868752426515953,Environment & Energy,100
continuous_d23,1962,180499,US-1980-DIDMCA,1980,-18,0.49104753206956503,0.021277029399909813,Economy & Finance,99
continuous_d23,1962,180499,US-1980-REFUGEE-ACT,1980,-18,0.5271954234938394,-0.020798949405539488,Immigration,100
continuous_d23,1962,180499,US-1942-EMERGENCY-PRICE-CONTROL,1942,20,0.5211179373732012,0.018341398538064546,Natl Security & Foreign,100
continuous_d23,1962,180499,US-1943-CHINESE-EXCLUSION-REPEAL,1943,19,0.3939293068020698,-0.026587508279858677,Immigration,99
continuous_d23,1962,180499,US-1945-BRETTON-WOODS,1945,17,0.385260243585442,0.025233146050207576,Natl Security & Foreign,100
continuous_d23,1962,180499,US-1945-UN-PARTICIPATION,1945,17,0.34804457385776255,0.015383435520381681,Natl Security & Foreign,100
continuous_d23,1962,180499,US-1946-APA,1946,16,0.3102273370744116,0.038897471318476845,Democracy & Governance,100
continuous_d23,1962,180499,US-1948-DISPLACED-PERSONS-ACT,1948,14,0.3938432538186457,0.008600147054072655,Immigration,99
continuous_d23,1962,180499,US-1948-MARSHALL-PLAN,1948,14,0.4473320227923356,0.05321973006085965,Natl Security & Foreign,100
continuous_d23,1962,180499,US-1948-SHELLEY,1948,14,0.3770478588653694,-0.047885671200868216,Civil Rights,100
continuous_d23,1962,180499,US-1950-DPA,1950,12,0.5191099960575797,0.020604183760060336,Economy & Finance,100
continuous_d23,1962,180499,US-1950-INTERNAL-SECURITY,1950,12,0.41693301811775973,0.023701879289871254,Natl Security & Foreign,100
continuous_d23,1962,180499,US-1951-DENNIS,1951,11,0.3686096624897289,-0.03344542997111184,Civil Liberties,97
continuous_d23,1962,180499,US-1956-BANK-HOLDING-COMPANY-ACT,1956,6,0.3772457655934081,0.02599435467500818,Economy & Finance,100
continuous_d23,1962,180499,US-1957-YATES,1957,5,0.40304465553106844,-0.08079354715507878,Civil Liberties,100
continuous_d23,1962,180499,US-1958-NDEA,1958,4,0.5953592803934299,0.039687181214721486,Health/Welfare/Educ,100
continuous_d23,1962,180499,US-1958-NASA-ACT,1958,4,0.530491453296522,0.04903260429517809,Environment & Energy,100
continuous_d23,1962,180499,US-1958-COOPER,1958,4,0.47948506278949865,-0.07931912475925518,Civil Rights,100
continuous_d23,1962,180499,US-1961-PEACE-CORPS,1961,1,0.46190608537496713,0.06381054175645617,Natl Security & Foreign,100
continuous_d23,1962,180499,US-1968-OMNIBUS-CRIME-CONTROL,1968,-6,0.44627794569892615,0.01520443099719428,Criminal Justice & Guns,100
continuous_d23,1962,180499,US-1968-TRUTH-IN-LENDING,1968,-6,0.406976801599762,-0.0028298521267937082,Economy & Finance,100
continuous_d23,1962,180499,US-1970-FCRA,1970,-8,0.4736424006109602,0.002259698123753868,Civil Liberties,100
continuous_d23,1962,180499,US-1972-CPSA,1972,-10,0.5680812332572153,-0.03070216609020642,Economy & Finance,100
continuous_d23,1962,180499,US-1975-EPCA,1975,-13,0.6348556078578191,-0.0344779330323836,Environment & Energy,99
continuous_d23,1962,180499,US-1942-EO9066,1942,20,0.41435609739783325,-0.090637802721987,Civil Rights,100
continuous_d23,1962,180499,US-1947-TRUMAN-DOCTRINE,1947,15,0.4349147585528118,-0.03393533374355064,Natl Security & Foreign,100
continuous_d23,1962,180499,US-1957-EO10730,1957,5,0.45654186929964935,-0.09188048427047217,Civil Rights,100
continuous_d23,1962,180499,US-1963-TEST-BAN-TREATY,1963,-1,0.40229037638627846,0.04278993803840294,Natl Security & Foreign,100
continuous_d23,1962,180499,US-1964-TONKIN-GULF,1964,-2,0.4402057851212171,0.0028833415516494577,Natl Security & Foreign,100
continuous_d23,1962,180499,US-1967-ADEA,1967,-5,0.4261606621121097,0.00047596432209020325,Civil Rights,100
continuous_d23,1962,180499,US-1970-BANK-SECRECY,1970,-8,0.38971043567884267,-0.02552740098365839,Economy & Finance,99
continuous_d23,1962,180499,US-1971-ANCSA,1971,-9,0.4467347902988773,0.002780459051959615,Civil Rights,99
continuous_d23,1962,180499,US-1978-AIRFA,1978,-16,0.37733520762376016,-0.006147733911785263,Civil Rights,100
continuous_d23,1962,180499,US-1982-VRA-AMENDMENTS,1982,-20,0.5030006557764406,-0.06576877136443283,Democracy & Governance,100
continuous_d23,1963,181337,US-1944-GI-BILL,1944,19,0.4735817502218784,-0.05078300212305778,Health/Welfare/Educ,100
continuous_d23,1963,181337,US-1944-KOREMATSU,1944,19,0.464857368591092,-0.07908389879768457,Civil Rights,100
continuous_d23,1963,181337,US-1946-EMPLOYMENT-ACT,1946,17,0.4738082066554882,-0.03937568102828985,Economy & Finance,100
continuous_d23,1963,181337,US-1947-NATIONAL-SECURITY-ACT,1947,16,0.4661254061175484,-0.053039479236983975,Natl Security & Foreign,100
continuous_d23,1963,181337,US-1947-TAFT-HARTLEY,1947,16,0.4638370229978853,-0.049753130803949795,Labor,100
continuous_d23,1963,181337,US-1948-EO9981,1948,15,0.4682392468139654,-0.060208573239414614,Civil Rights,100
continuous_d23,1963,181337,US-1952-INA,1952,11,0.4391000469289732,-0.06536099417368675,Immigration,100
continuous_d23,1963,181337,US-1952-YOUNGSTOWN,1952,11,0.47899107271532243,-0.06601735714173276,Democracy & Governance,99
continuous_d23,1963,181337,US-1954-BROWN,1954,9,0.47327599978213963,-0.06687920792801791,Civil Rights,100
continuous_d23,1963,181337,US-1956-HIGHWAY,1956,7,0.48143769241773754,-0.05895391224550409,Environment & Energy,100
continuous_d23,1963,181337,US-1957-CIVIL-RIGHTS-ACT,1957,6,0.4814565209191295,-0.067388338473474,Civil Rights,100
continuous_d23,1963,181337,US-1961-MAPP,1961,2,0.46665735084467413,-0.0752119115501172,Criminal Justice & Guns,100
continuous_d23,1963,181337,US-1962-BAKER,1962,1,0.4745906348618602,-0.05852551102331291,Democracy & Governance,100
continuous_d23,1963,181337,US-1962-ENGEL,1962,1,0.4720935533619256,-0.06232438132883408,Civil Liberties,100
continuous_d23,1963,181337,US-1962-KEFAUVER-HARRIS,1962,1,0.46754340813567,-0.056094506871571664,Economy & Finance,100
continuous_d23,1963,181337,US-1963-EQUAL-PAY,1963,0,0.46073385390439925,-0.06694232307382965,Civil Rights,99
continuous_d23,1963,181337,US-1963-GIDEON,1963,0,0.4802024770943921,-0.07733934387130192,Criminal Justice & Guns,100
continuous_d23,1963,181337,US-1964-24TH-AMENDMENT,1964,-1,0.4745861644296069,-0.07425059372370324,Democracy & Governance,100
continuous_d23,1963,181337,US-1964-CIVIL-RIGHTS-ACT,1964,-1,0.45904697898247243,-0.05419216626468333,Civil Rights,100
continuous_d23,1963,181337,US-1964-ECONOMIC-OPPORTUNITY,1964,-1,0.46052142243357613,-0.06605868836138563,Health/Welfare/Educ,99
continuous_d23,1963,181337,US-1964-HEART-ATLANTA,1964,-1,0.4670969410679083,-0.040407521171757416,Civil Rights,100
continuous_d23,1963,181337,US-1964-NYT-SULLIVAN,1964,-1,0.4790843290214753,-0.06659695358583799,Civil Liberties,100
continuous_d23,1963,181337,US-1964-REYNOLDS,1964,-1,0.47660552763033315,-0.06258498932298144,Democracy & Governance,100
continuous_d23,1963,181337,US-1965-ESEA,1965,-2,0.4779161680367751,-0.05918239846828601,Health/Welfare/Educ,100
continuous_d23,1963,181337,US-1965-GRISWOLD,1965,-2,0.46931939251280486,-0.06800712357254729,Civil Liberties,99
continuous_d23,1963,181337,US-1965-HART-CELLER,1965,-2,0.4473584129425713,-0.05997302248548837,Immigration,100
continuous_d23,1963,181337,US-1965-MEDICARE-MEDICAID,1965,-2,0.4781209404374107,-0.05628073051587271,Health/Welfare/Educ,99
continuous_d23,1963,181337,US-1965-VRA,1965,-2,0.4717536513703221,-0.058686725624868624,Democracy & Governance,100
continuous_d23,1963,181337,US-1966-FOIA,1966,-3,0.4759376735934175,-0.07583982799524473,Democracy & Governance,100
continuous_d23,1963,181337,US-1966-HARPER,1966,-3,0.4792370373214243,-0.06782329825572962,Democracy & Governance,100
continuous_d23,1963,181337,US-1966-MIRANDA,1966,-3,0.47032997827987894,-0.06245359020061885,Criminal Justice & Guns,100
continuous_d23,1963,181337,US-1967-KATZ,1967,-4,0.4722938479607026,-0.062362343160804475,Civil Liberties,100
continuous_d23,1963,181337,US-1967-LOVING,1967,-4,0.4794692436939949,-0.07451515076294407,Civil Rights,100
continuous_d23,1963,181337,US-1968-FAIR-HOUSING,1968,-5,0.4652724633711572,-0.056923107740462484,Civil Rights,100
continuous_d23,1963,181337,US-1968-GUN-CONTROL,1968,-5,0.47457551825179645,-0.049570154736798405,Criminal Justice & Guns,99
continuous_d23,1963,181337,US-1968-TERRY,1968,-5,0.4760711009968622,-0.05237804042307882,Criminal Justice & Guns,100
continuous_d23,1963,181337,US-1969-BRANDENBURG,1969,-6,0.4680230959353027,-0.06042082334626607,Civil Liberties,100
continuous_d23,1963,181337,US-1969-NEPA,1969,-6,0.4699465027551799,-0.06318440788252219,Environment & Energy,100
continuous_d23,1963,181337,US-1969-TINKER,1969,-6,0.47417395212886965,-0.05198769790069826,Civil Liberties,100
continuous_d23,1963,181337,US-1970-CLEAN-AIR,1970,-7,0.46749248551228073,-0.04855341918489921,Environment & Energy,100
continuous_d23,1963,181337,US-1970-CSA,1970,-7,0.4558676804553931,-0.06758603612570495,Criminal Justice & Guns,99
continuous_d23,1963,181337,US-1970-OSHA,1970,-7,0.4779253029022235,-0.05262303521314613,Labor,100
continuous_d23,1963,181337,US-1971-26TH,1971,-8,0.43108232254073015,-0.06489306022724241,Democracy & Governance,100
continuous_d23,1963,181337,US-1971-FECA,1971,-8,0.4672927223223525,-0.055330741553415025,Democracy & Governance,100
continuous_d23,1963,181337,US-1971-LEMON,1971,-8,0.4809247198705813,-0.06929887887149304,Civil Liberties,100
continuous_d23,1963,181337,US-1971-PENTAGON-PAPERS,1971,-8,0.4770398941030166,-0.07042307155114183,Civil Liberties,100
continuous_d23,1963,181337,US-1972-CLEAN-WATER,1972,-9,0.48200035842781164,-0.06702314530647267,Environment & Energy,100
continuous_d23,1963,181337,US-1972-FURMAN,1972,-9,0.4866659718654533,-0.06314419213682546,Criminal Justice & Guns,100
continuous_d23,1963,181337,US-1972-TITLE-IX,1972,-9,0.47829112117368416,-0.0601468326297791,Civil Rights,100
continuous_d23,1963,181337,US-1972-YODER,1972,-9,0.4818399375210478,-0.07218068071952595,Civil Liberties,100
continuous_d23,1963,181337,US-1973-ESA,1973,-10,0.4730145601168732,-0.06046204529916884,Environment & Energy,100
continuous_d23,1963,181337,US-1973-REHABILITATION,1973,-10,0.48592391933754264,-0.061908660778901226,Civil Rights,100
continuous_d23,1963,181337,US-1973-RODRIGUEZ,1973,-10,0.4645316819700993,-0.05561540454576064,Health/Welfare/Educ,100
continuous_d23,1963,181337,US-1973-ROE,1973,-10,0.48181187920834473,-0.062258202875692226,Civil Liberties,100
continuous_d23,1963,181337,US-1973-WAR-POWERS,1973,-10,0.47115174586296155,-0.054975960447550154,Democracy & Governance,100
continuous_d23,1963,181337,US-1974-ECOA,1974,-11,0.4587760071011641,-0.059354493091360004,Economy & Finance,100
continuous_d23,1963,181337,US-1974-ERISA,1974,-11,0.4834483042603862,-0.05419461570011728,Labor,100
continuous_d23,1963,181337,US-1974-MILLIKEN,1974,-11,0.4813682390921267,-0.07143490096895133,Civil Rights,100
continuous_d23,1963,181337,US-1974-PRIVACY-ACT,1974,-11,0.4763510917059533,-0.05309667581840486,Civil Liberties,100
continuous_d23,1963,181337,US-1975-IDEA,1975,-12,0.4755894574721461,-0.07014406926351426,Civil Rights,100
continuous_d23,1963,181337,US-1975-ISDEAA,1975,-12,0.47503115297128823,-0.05372349407682713,Civil Rights,100
continuous_d23,1963,181337,US-1976-BUCKLEY,1976,-13,0.4537477892992813,-0.06725699369638809,Democracy & Governance,99
continuous_d23,1963,181337,US-1976-GREGG,1976,-13,0.4790474763786365,-0.06830438791117704,Criminal Justice & Guns,100
continuous_d23,1963,181337,US-1976-TSCA,1976,-13,0.4750658271063306,-0.049110736632369124,Environment & Energy,100
continuous_d23,1963,181337,US-1977-CRA,1977,-14,0.4861135782804761,-0.07466310857288713,Health/Welfare/Educ,100
continuous_d23,1963,181337,US-1977-FED-DUAL-MANDATE,1977,-14,0.4702969310374618,-0.046229761023841215,Economy & Finance,100
continuous_d23,1963,181337,US-1978-AIRLINE-DEREG,1978,-15,0.46326862595299395,-0.04596816990105759,Economy & Finance,100
continuous_d23,1963,181337,US-1978-BAKKE,1978,-15,0.4639210368343566,-0.06693671750655719,Civil Rights,99
continuous_d23,1963,181337,US-1978-FISA,1978,-15,0.47381938780125504,-0.05910260123189286,Civil Liberties,100
continuous_d23,1963,181337,US-1978-HUMPHREY-HAWKINS,1978,-15,0.464222185787383,-0.04540821312470672,Economy & Finance,100
continuous_d23,1963,181337,US-1978-ICWA,1978,-15,0.46645161947203734,-0.055056558368948065,Civil Rights,100
continuous_d23,1963,181337,US-1978-PREGNANCY-DISCRIM,1978,-15,0.4683463280621104,-0.06393519745433897,Civil Rights,100
continuous_d23,1963,181337,US-1980-CERCLA,1980,-17,0.4711624592875156,-0.06320698564691252,Environment & Energy,100
continuous_d23,1963,181337,US-1980-DIDMCA,1980,-17,0.4641979715745313,-0.04947629946519121,Economy & Finance,99
continuous_d23,1963,181337,US-1980-REFUGEE-ACT,1980,-17,0.4419348756652885,-0.07678881593823438,Immigration,100
continuous_d23,1963,181337,US-1983-CHADHA,1983,-20,0.4653238478282653,-0.06626133497536041,Civil Liberties,100
continuous_d23,1963,181337,US-1943-CHINESE-EXCLUSION-REPEAL,1943,20,0.4680047687462932,-0.061536069751578694,Immigration,99
continuous_d23,1963,181337,US-1945-BRETTON-WOODS,1945,18,0.46268159539614273,-0.04921364228888296,Natl Security & Foreign,100
continuous_d23,1963,181337,US-1945-UN-PARTICIPATION,1945,18,0.45272520820783124,-0.06995470153647944,Natl Security & Foreign,100
continuous_d23,1963,181337,US-1946-APA,1946,17,0.47252763199946146,-0.05372758692504311,Democracy & Governance,100
continuous_d23,1963,181337,US-1948-DISPLACED-PERSONS-ACT,1948,15,0.44225757867352467,-0.06664982810993525,Immigration,99
continuous_d23,1963,181337,US-1948-MARSHALL-PLAN,1948,15,0.4644392123534673,-0.06814181620717522,Natl Security & Foreign,100
continuous_d23,1963,181337,US-1948-SHELLEY,1948,15,0.466996674151765,-0.06427419824129395,Civil Rights,100
continuous_d23,1963,181337,US-1950-DPA,1950,13,0.47325720948040506,-0.056787724656928266,Economy & Finance,100
continuous_d23,1963,181337,US-1950-INTERNAL-SECURITY,1950,13,0.47882619434250323,-0.056368669779417194,Natl Security & Foreign,100
continuous_d23,1963,181337,US-1951-DENNIS,1951,12,0.48726986582256887,-0.07140784897502911,Civil Liberties,97
continuous_d23,1963,181337,US-1956-BANK-HOLDING-COMPANY-ACT,1956,7,0.45900648307235487,-0.05580715220134219,Economy & Finance,100
continuous_d23,1963,181337,US-1957-YATES,1957,6,0.47679542415962195,-0.05662183024563547,Civil Liberties,100
continuous_d23,1963,181337,US-1958-NDEA,1958,5,0.46667123680660255,-0.07481653546334657,Health/Welfare/Educ,100
continuous_d23,1963,181337,US-1958-NASA-ACT,1958,5,0.4576028992659966,-0.07773832969274876,Environment & Energy,100
continuous_d23,1963,181337,US-1958-COOPER,1958,5,0.4824893906839086,-0.06757262076238664,Civil Rights,100
continuous_d23,1963,181337,US-1961-PEACE-CORPS,1961,2,0.4703106344766852,-0.06252748998402977,Natl Security & Foreign,100
continuous_d23,1963,181337,US-1968-OMNIBUS-CRIME-CONTROL,1968,-5,0.4718777444201124,-0.06637258843785393,Criminal Justice & Guns,100
continuous_d23,1963,181337,US-1968-TRUTH-IN-LENDING,1968,-5,0.46334812391261226,-0.04842810646509256,Economy & Finance,100
continuous_d23,1963,181337,US-1970-FCRA,1970,-7,0.45983662836404887,-0.05918995537924582,Civil Liberties,100
continuous_d23,1963,181337,US-1972-CPSA,1972,-9,0.4584760548262619,-0.0712198997388355,Economy & Finance,100
continuous_d23,1963,181337,US-1975-EPCA,1975,-12,0.47474932649484064,-0.056940379130987685,Environment & Energy,99
continuous_d23,1963,181337,US-1947-TRUMAN-DOCTRINE,1947,16,0.4699801955078964,-0.05479746755026253,Natl Security & Foreign,100
continuous_d23,1963,181337,US-1957-EO10730,1957,6,0.45433283533035285,-0.05883229299268976,Civil Rights,100
continuous_d23,1963,181337,US-1963-TEST-BAN-TREATY,1963,0,0.4509332189176805,-0.08162390814012514,Natl Security & Foreign,100
continuous_d23,1963,181337,US-1964-TONKIN-GULF,1964,-1,0.4705866484685996,-0.06152485689287754,Natl Security & Foreign,100
continuous_d23,1963,181337,US-1967-ADEA,1967,-4,0.47892305292105514,-0.05178239143760992,Civil Rights,100
continuous_d23,1963,181337,US-1970-BANK-SECRECY,1970,-7,0.47136386791241974,-0.0618314782146575,Economy & Finance,99
continuous_d23,1963,181337,US-1971-ANCSA,1971,-8,0.44955689515334907,-0.061215598368050746,Civil Rights,99
continuous_d23,1963,181337,US-1978-AIRFA,1978,-15,0.48082242542397147,-0.05749516274849939,Civil Rights,100
continuous_d23,1963,181337,US-1982-VRA-AMENDMENTS,1982,-19,0.4726328957403101,-0.04000174576384364,Democracy & Governance,100
continuous_d23,1964,181998,US-1944-GI-BILL,1944,20,0.7675347356928104,-0.04630331507675598,Health/Welfare/Educ,100
continuous_d23,1964,181998,US-1944-KOREMATSU,1944,20,0.7385573078029831,0.008687187373822522,Civil Rights,100
continuous_d23,1964,181998,US-1946-EMPLOYMENT-ACT,1946,18,0.7515234355507385,-0.03734750383011207,Economy & Finance,100
continuous_d23,1964,181998,US-1947-NATIONAL-SECURITY-ACT,1947,17,0.7787371364367357,-0.016935248809603617,Natl Security & Foreign,100
continuous_d23,1964,181998,US-1947-TAFT-HARTLEY,1947,17,0.70321966204847,-0.03182864113791721,Labor,100
continuous_d23,1964,181998,US-1948-EO9981,1948,16,0.7709138009759005,-0.0196315146748957,Civil Rights,100
continuous_d23,1964,181998,US-1952-INA,1952,12,0.7572893343162782,0.00854235985107744,Immigration,100
continuous_d23,1964,181998,US-1952-YOUNGSTOWN,1952,12,0.5587541518013803,-0.04106528539361205,Democracy & Governance,99
continuous_d23,1964,181998,US-1954-BROWN,1954,10,0.7304040033593925,-0.08025208318373502,Civil Rights,100
continuous_d23,1964,181998,US-1956-HIGHWAY,1956,8,0.7117530280440911,-0.055870172469687285,Environment & Energy,100
continuous_d23,1964,181998,US-1957-CIVIL-RIGHTS-ACT,1957,7,0.7466467854060358,-0.0607678248447987,Civil Rights,100
continuous_d23,1964,181998,US-1961-MAPP,1961,3,0.6178058058698369,-0.028210427591569758,Criminal Justice & Guns,100
continuous_d23,1964,181998,US-1962-BAKER,1962,2,0.611990801980011,-0.032436431702145996,Democracy & Governance,100
continuous_d23,1964,181998,US-1962-ENGEL,1962,2,0.6949081462009145,-0.011167758952861817,Civil Liberties,100
continuous_d23,1964,181998,US-1962-KEFAUVER-HARRIS,1962,2,0.7109679264317856,-0.01281283444038248,Economy & Finance,100
continuous_d23,1964,181998,US-1963-EQUAL-PAY,1963,1,0.71242712122552,-0.024730191746694382,Civil Rights,99
continuous_d23,1964,181998,US-1963-GIDEON,1963,1,0.6199132113189205,-0.07246969103040159,Criminal Justice & Guns,100
continuous_d23,1964,181998,US-1964-24TH-AMENDMENT,1964,0,0.7419183218929915,-0.07979436869434464,Democracy & Governance,100
continuous_d23,1964,181998,US-1964-CIVIL-RIGHTS-ACT,1964,0,0.7604299447219769,0.11395170369828833,Civil Rights,100
continuous_d23,1964,181998,US-1964-ECONOMIC-OPPORTUNITY,1964,0,0.8052035338148452,-0.02448688158876581,Health/Welfare/Educ,99
continuous_d23,1964,181998,US-1964-HEART-ATLANTA,1964,0,0.757522537857957,0.09032794558362335,Civil Rights,100
continuous_d23,1964,181998,US-1964-NYT-SULLIVAN,1964,0,0.6501276503285152,-0.0677614518890743,Civil Liberties,100
continuous_d23,1964,181998,US-1964-REYNOLDS,1964,0,0.7423068805860636,0.014928935239526176,Democracy & Governance,100
continuous_d23,1964,181998,US-1965-ESEA,1965,-1,0.7386030383146176,-0.005401149282556422,Health/Welfare/Educ,100
continuous_d23,1964,181998,US-1965-GRISWOLD,1965,-1,0.7098683684112025,-0.06948410338804246,Civil Liberties,99
continuous_d23,1964,181998,US-1965-HART-CELLER,1965,-1,0.7569459820651998,-0.01835053877537294,Immigration,100
continuous_d23,1964,181998,US-1965-MEDICARE-MEDICAID,1965,-1,0.7756738983944763,-0.009284851419848816,Health/Welfare/Educ,99
continuous_d23,1964,181998,US-1965-VRA,1965,-1,0.6406679961706035,0.03709264017143747,Democracy & Governance,100
continuous_d23,1964,181998,US-1966-FOIA,1966,-2,0.6974188697954092,-0.05101073254817166,Democracy & Governance,100
continuous_d23,1964,181998,US-1966-HARPER,1966,-2,0.6894758199359973,-0.06439574663214541,Democracy & Governance,100
continuous_d23,1964,181998,US-1966-MIRANDA,1966,-2,0.5643000159875369,-0.013204842696360696,Criminal Justice & Guns,100
continuous_d23,1964,181998,US-1967-KATZ,1967,-3,0.6286915328009313,-0.02987052938952925,Civil Liberties,100
continuous_d23,1964,181998,US-1967-LOVING,1967,-3,0.7103806258569568,-0.09887504715100402,Civil Rights,100
continuous_d23,1964,181998,US-1968-FAIR-HOUSING,1968,-4,0.7129127560784712,0.10958752552887983,Civil Rights,100
continuous_d23,1964,181998,US-1968-GUN-CONTROL,1968,-4,0.6867309826145936,-0.022533914171260775,Criminal Justice & Guns,99
continuous_d23,1964,181998,US-1968-TERRY,1968,-4,0.6596436472288535,-0.007776000867603169,Criminal Justice & Guns,100
continuous_d23,1964,181998,US-1969-BRANDENBURG,1969,-5,0.5361790047420859,0.015248954295393554,Civil Liberties,100
continuous_d23,1964,181998,US-1969-NEPA,1969,-5,0.6133855567250468,0.024735042848576052,Environment & Energy,100
continuous_d23,1964,181998,US-1969-TINKER,1969,-5,0.587375875464161,0.08984067859564623,Civil Liberties,100
continuous_d23,1964,181998,US-1970-CLEAN-AIR,1970,-6,0.6890342103392385,-0.04066308157151263,Environment & Energy,100
continuous_d23,1964,181998,US-1970-CSA,1970,-6,0.7434400024690276,0.06496830271729143,Criminal Justice & Guns,99
continuous_d23,1964,181998,US-1970-OSHA,1970,-6,0.734866592043771,-0.049076368829967916,Labor,100
continuous_d23,1964,181998,US-1971-26TH,1971,-7,0.7854186503858105,-0.046428514386355195,Democracy & Governance,100
continuous_d23,1964,181998,US-1971-FECA,1971,-7,0.727972384231336,-0.0018730243224235512,Democracy & Governance,100
continuous_d23,1964,181998,US-1971-LEMON,1971,-7,0.7557795934024801,-0.03650873478163763,Civil Liberties,100
continuous_d23,1964,181998,US-1971-PENTAGON-PAPERS,1971,-7,0.5785240488742098,0.05151501981232388,Civil Liberties,100
continuous_d23,1964,181998,US-1972-CLEAN-WATER,1972,-8,0.7296965435448954,0.030631682252774003,Environment & Energy,100
continuous_d23,1964,181998,US-1972-FURMAN,1972,-8,0.73362735029751,-0.08519031550167769,Criminal Justice & Guns,100
continuous_d23,1964,181998,US-1972-TITLE-IX,1972,-8,0.7513208737012057,0.117688128654648,Civil Rights,100
continuous_d23,1964,181998,US-1972-YODER,1972,-8,0.7175971790377812,-0.05526950578396529,Civil Liberties,100
continuous_d23,1964,181998,US-1973-ESA,1973,-9,0.630281661746461,0.035565398952613195,Environment & Energy,100
continuous_d23,1964,181998,US-1973-REHABILITATION,1973,-9,0.6745079447584265,0.10596909704855326,Civil Rights,100
continuous_d23,1964,181998,US-1973-RODRIGUEZ,1973,-9,0.6882091285998994,-0.04035041845343603,Health/Welfare/Educ,100
continuous_d23,1964,181998,US-1973-ROE,1973,-9,0.7169779148480344,-0.016748301187417575,Civil Liberties,100
continuous_d23,1964,181998,US-1973-WAR-POWERS,1973,-9,0.6810097042227622,-0.02577536581795987,Democracy & Governance,100
continuous_d23,1964,181998,US-1974-ECOA,1974,-10,0.7172130737109224,0.06995273943232712,Economy & Finance,100
continuous_d23,1964,181998,US-1974-ERISA,1974,-10,0.7268688301796647,-0.0987817740440628,Labor,100
continuous_d23,1964,181998,US-1974-MILLIKEN,1974,-10,0.5592909119611044,0.020035059281844236,Civil Rights,100
continuous_d23,1964,181998,US-1974-PRIVACY-ACT,1974,-10,0.7174937785358135,0.09963104070607369,Civil Liberties,100
continuous_d23,1964,181998,US-1975-IDEA,1975,-11,0.7621768794841128,0.12245716783087561,Civil Rights,100
continuous_d23,1964,181998,US-1975-ISDEAA,1975,-11,0.6992387674456991,-0.06435753424823655,Civil Rights,100
continuous_d23,1964,181998,US-1976-BUCKLEY,1976,-12,0.7073963797109856,0.043554582828624844,Democracy & Governance,99
continuous_d23,1964,181998,US-1976-GREGG,1976,-12,0.7558915103685894,-0.02374958349353423,Criminal Justice & Guns,100
continuous_d23,1964,181998,US-1976-TSCA,1976,-12,0.801411792802209,-0.030390569891411198,Environment & Energy,100
continuous_d23,1964,181998,US-1977-CRA,1977,-13,0.6730638587926525,0.0005662323143101553,Health/Welfare/Educ,100
continuous_d23,1964,181998,US-1977-FED-DUAL-MANDATE,1977,-13,0.7750001881041334,-0.06330013056183921,Economy & Finance,100
continuous_d23,1964,181998,US-1978-AIRLINE-DEREG,1978,-14,0.6792675558327133,-0.037661093586929824,Economy & Finance,100
continuous_d23,1964,181998,US-1978-BAKKE,1978,-14,0.6253193248046726,0.015032472462854366,Civil Rights,99
continuous_d23,1964,181998,US-1978-FISA,1978,-14,0.6850447855521665,-0.04901037687549716,Civil Liberties,100
continuous_d23,1964,181998,US-1978-HUMPHREY-HAWKINS,1978,-14,0.6969277052579698,-0.07999524553918554,Economy & Finance,100
continuous_d23,1964,181998,US-1978-ICWA,1978,-14,0.749836558271148,-0.03840613021457666,Civil Rights,100
continuous_d23,1964,181998,US-1978-PREGNANCY-DISCRIM,1978,-14,0.7262938259222587,0.10987205217754901,Civil Rights,100
continuous_d23,1964,181998,US-1980-CERCLA,1980,-16,0.6842860151633114,-0.031082774235540855,Environment & Energy,100
continuous_d23,1964,181998,US-1980-DIDMCA,1980,-16,0.765000176489554,-0.02043881137399838,Economy & Finance,99
continuous_d23,1964,181998,US-1980-REFUGEE-ACT,1980,-16,0.788844196811963,0.0019593077910098717,Immigration,100
continuous_d23,1964,181998,US-1983-CHADHA,1983,-19,0.7777318190924397,-0.08980917014296921,Civil Liberties,100
continuous_d23,1964,181998,US-1984-CHEVRON,1984,-20,0.5842919711854287,-0.058488708647927004,Democracy & Governance,100
continuous_d23,1964,181998,US-1984-SENTENCING,1984,-20,0.682957265297015,0.0019572584816793873,Criminal Justice & Guns,100
continuous_d23,1964,181998,US-1945-BRETTON-WOODS,1945,19,0.761022096771705,-0.026207037230117067,Natl Security & Foreign,100
continuous_d23,1964,181998,US-1945-UN-PARTICIPATION,1945,19,0.7039964111940407,-0.057201519577466435,Natl Security & Foreign,100
continuous_d23,1964,181998,US-1946-APA,1946,18,0.6869699286916238,-0.0492968460806723,Democracy & Governance,100
continuous_d23,1964,181998,US-1948-DISPLACED-PERSONS-ACT,1948,16,0.7479397406978577,0.12440017015856207,Immigration,99
continuous_d23,1964,181998,US-1948-MARSHALL-PLAN,1948,16,0.8157963466811771,-0.025200699055665073,Natl Security & Foreign,100
continuous_d23,1964,181998,US-1948-SHELLEY,1948,16,0.6438096700592664,-0.09814787902440951,Civil Rights,100
continuous_d23,1964,181998,US-1950-DPA,1950,14,0.7270382894109784,-0.002073447088011309,Economy & Finance,100
continuous_d23,1964,181998,US-1950-INTERNAL-SECURITY,1950,14,0.7798876705651269,-0.009734398693990155,Natl Security & Foreign,100
continuous_d23,1964,181998,US-1951-DENNIS,1951,13,0.6542442991676318,-0.05114254784059105,Civil Liberties,97
continuous_d23,1964,181998,US-1956-BANK-HOLDING-COMPANY-ACT,1956,8,0.6814823949796484,-0.02650739739324305,Economy & Finance,100
continuous_d23,1964,181998,US-1957-YATES,1957,7,0.5584618372556233,-0.06356875074133694,Civil Liberties,100
continuous_d23,1964,181998,US-1958-NDEA,1958,6,0.7789903644235691,-0.016626366948101,Health/Welfare/Educ,100
continuous_d23,1964,181998,US-1958-NASA-ACT,1958,6,0.7986798840632713,-0.03005358901819158,Environment & Energy,100
continuous_d23,1964,181998,US-1958-COOPER,1958,6,0.6603016055462472,0.023486328759515184,Civil Rights,100
continuous_d23,1964,181998,US-1961-PEACE-CORPS,1961,3,0.7778042966976515,0.003275181101723764,Natl Security & Foreign,100
continuous_d23,1964,181998,US-1968-OMNIBUS-CRIME-CONTROL,1968,-4,0.6895435166778117,-0.027124419768078924,Criminal Justice & Guns,100
continuous_d23,1964,181998,US-1968-TRUTH-IN-LENDING,1968,-4,0.6571085870854695,0.04479503820734263,Economy & Finance,100
continuous_d23,1964,181998,US-1970-FCRA,1970,-6,0.6691278110203431,-0.025347307657195253,Civil Liberties,100
continuous_d23,1964,181998,US-1972-CPSA,1972,-8,0.7727960351071733,-0.0558938316957109,Economy & Finance,100
continuous_d23,1964,181998,US-1975-EPCA,1975,-11,0.7009655186207217,-0.0172039456756289,Environment & Energy,99
continuous_d23,1964,181998,US-1947-TRUMAN-DOCTRINE,1947,17,0.719046227202425,-0.011214298877712511,Natl Security & Foreign,100
continuous_d23,1964,181998,US-1957-EO10730,1957,7,0.6078307041367816,0.011214715736322958,Civil Rights,100
continuous_d23,1964,181998,US-1963-TEST-BAN-TREATY,1963,1,0.6566153308956831,-0.0361066559845306,Natl Security & Foreign,100
continuous_d23,1964,181998,US-1964-TONKIN-GULF,1964,0,0.6875132522744377,-0.00366907257521745,Natl Security & Foreign,100
continuous_d23,1964,181998,US-1967-ADEA,1967,-3,0.7179519441276493,0.060289909801940086,Civil Rights,100
continuous_d23,1964,181998,US-1970-BANK-SECRECY,1970,-6,0.6993034522188967,-0.009839439163441438,Economy & Finance,99
continuous_d23,1964,181998,US-1971-ANCSA,1971,-7,0.7397694987830579,-0.00220000804487676,Civil Rights,99
continuous_d23,1964,181998,US-1978-AIRFA,1978,-14,0.7384864856132144,-0.03817078593436768,Civil Rights,100
continuous_d23,1964,181998,US-1982-VRA-AMENDMENTS,1982,-18,0.7712516944882551,0.07391443387963137,Democracy & Governance,100
continuous_d23,1965,182724,US-1946-EMPLOYMENT-ACT,1946,19,0.5057710579962716,0.16015854354322961,Economy & Finance,100
continuous_d23,1965,182724,US-1947-NATIONAL-SECURITY-ACT,1947,18,0.5627201454726961,0.10618669331838194,Natl Security & Foreign,100
continuous_d23,1965,182724,US-1947-TAFT-HARTLEY,1947,18,0.359658157171265,0.09437479028936725,Labor,100
continuous_d23,1965,182724,US-1948-EO9981,1948,17,0.49822307105598285,0.20494571661983,Civil Rights,100
continuous_d23,1965,182724,US-1952-INA,1952,13,0.4726094846412632,0.1889032878552634,Immigration,100
continuous_d23,1965,182724,US-1952-YOUNGSTOWN,1952,13,0.2520999113383797,0.18562353407000262,Democracy & Governance,99
continuous_d23,1965,182724,US-1954-BROWN,1954,11,0.4753531698133745,0.13207856522146108,Civil Rights,100
continuous_d23,1965,182724,US-1956-HIGHWAY,1956,9,0.5163979352661521,0.09538056120339819,Environment & Energy,100
continuous_d23,1965,182724,US-1957-CIVIL-RIGHTS-ACT,1957,8,0.4691417462266962,0.07764888540081734,Civil Rights,100
continuous_d23,1965,182724,US-1961-MAPP,1961,4,0.27328733141006334,0.24202914754799884,Criminal Justice & Guns,100
continuous_d23,1965,182724,US-1962-BAKER,1962,3,0.3321606949553567,0.11000311749734493,Democracy & Governance,100
continuous_d23,1965,182724,US-1962-ENGEL,1962,3,0.40956423562741107,0.2013263472421462,Civil Liberties,100
continuous_d23,1965,182724,US-1962-KEFAUVER-HARRIS,1962,3,0.3342111042225921,0.23048340572772638,Economy & Finance,100
continuous_d23,1965,182724,US-1963-EQUAL-PAY,1963,2,0.4660979998676714,0.13656346404581832,Civil Rights,99
continuous_d23,1965,182724,US-1963-GIDEON,1963,2,0.42812535914948285,0.16645460483420563,Criminal Justice & Guns,100
continuous_d23,1965,182724,US-1964-24TH-AMENDMENT,1964,1,0.4122008348700355,0.09881586472208959,Democracy & Governance,100
continuous_d23,1965,182724,US-1964-CIVIL-RIGHTS-ACT,1964,1,0.4632733525854774,0.20022223892975052,Civil Rights,100
continuous_d23,1965,182724,US-1964-ECONOMIC-OPPORTUNITY,1964,1,0.6568313659624788,0.14449073523398712,Health/Welfare/Educ,99
continuous_d23,1965,182724,US-1964-HEART-ATLANTA,1964,1,0.39029937347354604,0.17620871588010903,Civil Rights,100
continuous_d23,1965,182724,US-1964-NYT-SULLIVAN,1964,1,0.4188579743854911,0.232071805244865,Civil Liberties,100
continuous_d23,1965,182724,US-1964-REYNOLDS,1964,1,0.3909232996178362,0.15004191266603445,Democracy & Governance,100
continuous_d23,1965,182724,US-1965-ESEA,1965,0,0.4824918586569005,0.14005696323578787,Health/Welfare/Educ,100
continuous_d23,1965,182724,US-1965-GRISWOLD,1965,0,0.4347810495272281,0.11682133542628384,Civil Liberties,99
continuous_d23,1965,182724,US-1965-HART-CELLER,1965,0,0.4611676227121065,0.15456485957139143,Immigration,100
continuous_d23,1965,182724,US-1965-MEDICARE-MEDICAID,1965,0,0.5745947868738371,0.13211623179338755,Health/Welfare/Educ,99
continuous_d23,1965,182724,US-1965-VRA,1965,0,0.3948911465706566,0.19628614059278454,Democracy & Governance,100
continuous_d23,1965,182724,US-1966-FOIA,1966,-1,0.38814156821722995,0.1491233676019908,Democracy & Governance,100
continuous_d23,1965,182724,US-1966-HARPER,1966,-1,0.49443935357157015,0.12290394488819657,Democracy & Governance,100
continuous_d23,1965,182724,US-1966-MIRANDA,1966,-1,0.310675643481757,0.27302960687306416,Criminal Justice & Guns,100
continuous_d23,1965,182724,US-1967-KATZ,1967,-2,0.34094132315226927,0.19783002334148214,Civil Liberties,100
continuous_d23,1965,182724,US-1967-LOVING,1967,-2,0.4551848202738104,0.10577333311016154,Civil Rights,100
continuous_d23,1965,182724,US-1968-FAIR-HOUSING,1968,-3,0.3913712480773588,0.13145207771111644,Civil Rights,100
continuous_d23,1965,182724,US-1968-GUN-CONTROL,1968,-3,0.29539399668553307,0.08606819767455547,Criminal Justice & Guns,99
continuous_d23,1965,182724,US-1968-TERRY,1968,-3,0.41453970995966183,0.22819727206016802,Criminal Justice & Guns,100
continuous_d23,1965,182724,US-1969-BRANDENBURG,1969,-4,0.3167598787285007,0.1623045944866102,Civil Liberties,100
continuous_d23,1965,182724,US-1969-NEPA,1969,-4,0.1851720241023867,0.15541843995820495,Environment & Energy,100
continuous_d23,1965,182724,US-1969-TINKER,1969,-4,0.4379926505890202,0.35191571994112386,Civil Liberties,100
continuous_d23,1965,182724,US-1970-CLEAN-AIR,1970,-5,0.3864114374278994,0.101410318609662,Environment & Energy,100
continuous_d23,1965,182724,US-1970-CSA,1970,-5,0.341420776510891,0.24980752559594663,Criminal Justice & Guns,99
continuous_d23,1965,182724,US-1970-OSHA,1970,-5,0.4588566766126016,0.11162900433119485,Labor,100
continuous_d23,1965,182724,US-1971-26TH,1971,-6,0.6286680425964462,0.0964763772830915,Democracy & Governance,100
continuous_d23,1965,182724,US-1971-FECA,1971,-6,0.3681517948730296,0.17636121989900727,Democracy & Governance,100
continuous_d23,1965,182724,US-1971-LEMON,1971,-6,0.4149950752444818,0.1490879839810391,Civil Liberties,100
continuous_d23,1965,182724,US-1971-PENTAGON-PAPERS,1971,-6,0.15885494042295162,0.3220247375972099,Civil Liberties,100
continuous_d23,1965,182724,US-1972-CLEAN-WATER,1972,-7,0.3845746899580494,0.22489216516695523,Environment & Energy,100
continuous_d23,1965,182724,US-1972-FURMAN,1972,-7,0.4920844958828831,0.138966565478517,Criminal Justice & Guns,100
continuous_d23,1965,182724,US-1972-TITLE-IX,1972,-7,0.4654644303612861,0.19372702091789795,Civil Rights,100
continuous_d23,1965,182724,US-1972-YODER,1972,-7,0.42443589959023176,0.11817757524931106,Civil Liberties,100
continuous_d23,1965,182724,US-1973-ESA,1973,-8,0.5510344095862628,0.2252984673913832,Environment & Energy,100
continuous_d23,1965,182724,US-1973-REHABILITATION,1973,-8,0.36505037562956566,0.24741504191323307,Civil Rights,100
continuous_d23,1965,182724,US-1973-RODRIGUEZ,1973,-8,0.4231348924423153,0.09043894155548665,Health/Welfare/Educ,100
continuous_d23,1965,182724,US-1973-ROE,1973,-8,0.33969374695403365,0.2160094988337162,Civil Liberties,100
continuous_d23,1965,182724,US-1973-WAR-POWERS,1973,-8,0.23683705781704423,0.18465724259759683,Democracy & Governance,100
continuous_d23,1965,182724,US-1974-ECOA,1974,-9,0.4869757117985843,0.19297331468182755,Economy & Finance,100
continuous_d23,1965,182724,US-1974-ERISA,1974,-9,0.40848135883263464,0.026954925222374797,Labor,100
continuous_d23,1965,182724,US-1974-MILLIKEN,1974,-9,0.2525483792506973,0.14263340000546193,Civil Rights,100
continuous_d23,1965,182724,US-1974-PRIVACY-ACT,1974,-9,0.411564944143948,0.30468005427471456,Civil Liberties,100
continuous_d23,1965,182724,US-1975-IDEA,1975,-10,0.5396937769185596,0.3161753015845363,Civil Rights,100
continuous_d23,1965,182724,US-1975-ISDEAA,1975,-10,0.4283339198433871,0.023759295991541952,Civil Rights,100
continuous_d23,1965,182724,US-1976-BUCKLEY,1976,-11,0.3485636646223543,0.26037033387048514,Democracy & Governance,99
continuous_d23,1965,182724,US-1976-GREGG,1976,-11,0.4712199493688226,0.2219465148935834,Criminal Justice & Guns,100
continuous_d23,1965,182724,US-1976-TSCA,1976,-11,0.46059210416460467,0.2298769277105983,Environment & Energy,100
continuous_d23,1965,182724,US-1977-CRA,1977,-12,0.38083544204885117,0.16306821200588537,Health/Welfare/Educ,100
continuous_d23,1965,182724,US-1977-FED-DUAL-MANDATE,1977,-12,0.4199924801472812,0.09256200336827121,Economy & Finance,100
continuous_d23,1965,182724,US-1978-AIRLINE-DEREG,1978,-13,0.2903848545433602,0.14637378780914373,Economy & Finance,100
continuous_d23,1965,182724,US-1978-BAKKE,1978,-13,0.4098789289880708,0.15977653815563167,Civil Rights,99
continuous_d23,1965,182724,US-1978-FISA,1978,-13,0.41019236576998536,0.17159243893404372,Civil Liberties,100
continuous_d23,1965,182724,US-1978-HUMPHREY-HAWKINS,1978,-13,0.35562669576319345,0.04945959252641753,Economy & Finance,100
continuous_d23,1965,182724,US-1978-ICWA,1978,-13,0.4688148634642691,0.09875795946921206,Civil Rights,100
continuous_d23,1965,182724,US-1978-PREGNANCY-DISCRIM,1978,-13,0.44909096060522813,0.18873114751293651,Civil Rights,100
continuous_d23,1965,182724,US-1980-CERCLA,1980,-15,0.4336934482380193,0.14442990046328025,Environment & Energy,100
continuous_d23,1965,182724,US-1980-DIDMCA,1980,-15,0.3273349124026852,0.17867086328947399,Economy & Finance,99
continuous_d23,1965,182724,US-1980-REFUGEE-ACT,1980,-15,0.5011645079179481,0.16093028713929056,Immigration,100
continuous_d23,1965,182724,US-1983-CHADHA,1983,-18,0.5146254728983878,0.08271726189919723,Civil Liberties,100
continuous_d23,1965,182724,US-1984-CHEVRON,1984,-19,0.3965647306577991,0.01159456221227412,Democracy & Governance,100
continuous_d23,1965,182724,US-1984-SENTENCING,1984,-19,0.3477099305011368,0.19534222918842917,Criminal Justice & Guns,100
continuous_d23,1965,182724,US-1945-BRETTON-WOODS,1945,20,0.5210285418671399,0.21180584363982388,Natl Security & Foreign,100
continuous_d23,1965,182724,US-1945-UN-PARTICIPATION,1945,20,0.474942090212663,0.221985989241347,Natl Security & Foreign,100
continuous_d23,1965,182724,US-1946-APA,1946,19,0.2597451995811812,0.10908412772102802,Democracy & Governance,100
continuous_d23,1965,182724,US-1948-DISPLACED-PERSONS-ACT,1948,17,0.4703055343755711,0.2832603843991798,Immigration,99
continuous_d23,1965,182724,US-1948-MARSHALL-PLAN,1948,17,0.583393415806557,0.14774058330433912,Natl Security & Foreign,100
continuous_d23,1965,182724,US-1948-SHELLEY,1948,17,0.24058494695616922,0.1084425419802225,Civil Rights,100
continuous_d23,1965,182724,US-1950-DPA,1950,15,0.41130227473242653,0.11418742774504287,Economy & Finance,100
continuous_d23,1965,182724,US-1950-INTERNAL-SECURITY,1950,15,0.3619132491078671,0.21603484902514453,Natl Security & Foreign,100
continuous_d23,1965,182724,US-1951-DENNIS,1951,14,0.43476573621119274,0.16353619357699958,Civil Liberties,97
continuous_d23,1965,182724,US-1956-BANK-HOLDING-COMPANY-ACT,1956,9,0.3275452073433888,0.12917734548587118,Economy & Finance,100
continuous_d23,1965,182724,US-1957-YATES,1957,8,0.3816526864425993,0.1036109620713593,Civil Liberties,100
continuous_d23,1965,182724,US-1958-NDEA,1958,7,0.5773504966569134,0.1337901958249746,Health/Welfare/Educ,100
continuous_d23,1965,182724,US-1958-NASA-ACT,1958,7,0.4956805846075523,0.05771585013252273,Environment & Energy,100
continuous_d23,1965,182724,US-1958-COOPER,1958,7,0.4278295943625363,0.14454357417276067,Civil Rights,100
continuous_d23,1965,182724,US-1961-PEACE-CORPS,1961,4,0.537240191710267,0.1755150982468083,Natl Security & Foreign,100
continuous_d23,1965,182724,US-1968-OMNIBUS-CRIME-CONTROL,1968,-3,0.3494165552966244,0.19438566516422795,Criminal Justice & Guns,100
continuous_d23,1965,182724,US-1968-TRUTH-IN-LENDING,1968,-3,0.24167824821063025,0.21240187653805115,Economy & Finance,100
continuous_d23,1965,182724,US-1970-FCRA,1970,-5,0.23309840396757583,0.0798208535427007,Civil Liberties,100
continuous_d23,1965,182724,US-1972-CPSA,1972,-7,0.42006145491555175,-0.005462244087506218,Economy & Finance,100
continuous_d23,1965,182724,US-1975-EPCA,1975,-10,0.4098300993194047,0.19867740508535311,Environment & Energy,99
continuous_d23,1965,182724,US-1947-TRUMAN-DOCTRINE,1947,18,0.33304833125454425,0.14839379801427008,Natl Security & Foreign,100
continuous_d23,1965,182724,US-1957-EO10730,1957,8,0.2355521952911117,0.1849408609828197,Civil Rights,100
continuous_d23,1965,182724,US-1963-TEST-BAN-TREATY,1963,2,0.32162785963549045,0.17735477604218058,Natl Security & Foreign,100
continuous_d23,1965,182724,US-1964-TONKIN-GULF,1964,1,0.2975494122233506,0.2154225291357462,Natl Security & Foreign,100
continuous_d23,1965,182724,US-1967-ADEA,1967,-2,0.5298956974130639,0.15562497384536456,Civil Rights,100
continuous_d23,1965,182724,US-1970-BANK-SECRECY,1970,-5,0.311405847449573,0.22447719452510453,Economy & Finance,99
continuous_d23,1965,182724,US-1971-ANCSA,1971,-6,0.35073972793020675,0.1149426970758338,Civil Rights,99
continuous_d23,1965,182724,US-1978-AIRFA,1978,-13,0.47442328381529497,0.1508072600639724,Civil Rights,100
continuous_d23,1965,182724,US-1982-VRA-AMENDMENTS,1982,-17,0.41352389994195493,0.24112822908719533,Democracy & Governance,100
continuous_d23,1966,183415,US-1946-EMPLOYMENT-ACT,1946,20,0.6241637278963815,0.13669153310839602,Economy & Finance,100
continuous_d23,1966,183415,US-1947-NATIONAL-SECURITY-ACT,1947,19,0.6300840584851997,0.08057688955668044,Natl Security & Foreign,100
continuous_d23,1966,183415,US-1947-TAFT-HARTLEY,1947,19,0.6871186032974053,0.12399947284696627,Labor,100
continuous_d23,1966,183415,US-1948-EO9981,1948,18,0.5759392380648654,0.1655111698878742,Civil Rights,100
continuous_d23,1966,183415,US-1952-INA,1952,14,0.6382352564089555,0.15580598260602532,Immigration,100
continuous_d23,1966,183415,US-1952-YOUNGSTOWN,1952,14,0.42787558321249325,0.13773721321163845,Democracy & Governance,99
continuous_d23,1966,183415,US-1954-BROWN,1954,12,0.5835046989588918,0.10384010288012663,Civil Rights,100
continuous_d23,1966,183415,US-1956-HIGHWAY,1956,10,0.5954526175903005,0.1336857120659055,Environment & Energy,100
continuous_d23,1966,183415,US-1957-CIVIL-RIGHTS-ACT,1957,9,0.5978622370362717,0.08504644372877934,Civil Rights,100
continuous_d23,1966,183415,US-1961-MAPP,1961,5,0.49594257114934537,0.1825034028015567,Criminal Justice & Guns,100
continuous_d23,1966,183415,US-1962-BAKER,1962,4,0.5746137816296573,0.1073869163721698,Democracy & Governance,100
continuous_d23,1966,183415,US-1962-ENGEL,1962,4,0.5206205742424472,0.18390845998891384,Civil Liberties,100
continuous_d23,1966,183415,US-1962-KEFAUVER-HARRIS,1962,4,0.5725800645611397,0.09797495249055013,Economy & Finance,100
continuous_d23,1966,183415,US-1963-EQUAL-PAY,1963,3,0.6107872384810493,0.11931662444556881,Civil Rights,99
continuous_d23,1966,183415,US-1963-GIDEON,1963,3,0.573678088654104,0.1442830715920583,Criminal Justice & Guns,100
continuous_d23,1966,183415,US-1964-24TH-AMENDMENT,1964,2,0.5153804732466161,0.14764281605619164,Democracy & Governance,100
continuous_d23,1966,183415,US-1964-CIVIL-RIGHTS-ACT,1964,2,0.5794812571221828,0.2585606605441342,Civil Rights,100
continuous_d23,1966,183415,US-1964-ECONOMIC-OPPORTUNITY,1964,2,0.6180506746718583,0.09016177613638492,Health/Welfare/Educ,99
continuous_d23,1966,183415,US-1964-HEART-ATLANTA,1964,2,0.5653454440233469,0.19002216194049276,Civil Rights,100
continuous_d23,1966,183415,US-1964-NYT-SULLIVAN,1964,2,0.46010947848690137,0.16783076909956487,Civil Liberties,100
continuous_d23,1966,183415,US-1964-REYNOLDS,1964,2,0.6016411226856525,0.15164210525322927,Democracy & Governance,100
continuous_d23,1966,183415,US-1965-ESEA,1965,1,0.6389585559159078,0.21474559637724397,Health/Welfare/Educ,100
continuous_d23,1966,183415,US-1965-GRISWOLD,1965,1,0.5223392695284074,0.09811178721342383,Civil Liberties,99
continuous_d23,1966,183415,US-1965-HART-CELLER,1965,1,0.5694968412441913,0.1311386737300898,Immigration,100
continuous_d23,1966,183415,US-1965-MEDICARE-MEDICAID,1965,1,0.5994462258170319,0.17795050234617335,Health/Welfare/Educ,99
continuous_d23,1966,183415,US-1965-VRA,1965,1,0.6129870410605239,0.3105430441067059,Democracy & Governance,100
continuous_d23,1966,183415,US-1966-FOIA,1966,0,0.542507067034835,0.16339694513371542,Democracy & Governance,100
continuous_d23,1966,183415,US-1966-HARPER,1966,0,0.5756416674990416,0.1341899184736218,Democracy & Governance,100
continuous_d23,1966,183415,US-1966-MIRANDA,1966,0,0.4508582460569852,0.20382566973452793,Criminal Justice & Guns,100
continuous_d23,1966,183415,US-1967-KATZ,1967,-1,0.43073185224545213,0.14964654128214577,Civil Liberties,100
continuous_d23,1966,183415,US-1967-LOVING,1967,-1,0.5507251205731147,0.10329659149612322,Civil Rights,100
continuous_d23,1966,183415,US-1968-FAIR-HOUSING,1968,-2,0.5530702851688931,0.2445862177029443,Civil Rights,100
continuous_d23,1966,183415,US-1968-GUN-CONTROL,1968,-2,0.6230414885703142,0.13440887925224662,Criminal Justice & Guns,99
continuous_d23,1966,183415,US-1968-TERRY,1968,-2,0.5531344988909196,0.13118207154708456,Criminal Justice & Guns,100
continuous_d23,1966,183415,US-1969-BRANDENBURG,1969,-3,0.4754357788437946,0.11492809192289728,Civil Liberties,100
continuous_d23,1966,183415,US-1969-NEPA,1969,-3,0.558432062586348,0.19563444233929642,Environment & Energy,100
continuous_d23,1966,183415,US-1969-TINKER,1969,-3,0.5566307367657575,0.3301730059303381,Civil Liberties,100
continuous_d23,1966,183415,US-1970-CLEAN-AIR,1970,-4,0.6336964518121659,0.0814507878965583,Environment & Energy,100
continuous_d23,1966,183415,US-1970-CSA,1970,-4,0.617815034573436,0.19651820313007987,Criminal Justice & Guns,99
continuous_d23,1966,183415,US-1970-OSHA,1970,-4,0.6297156787592754,0.10017151517171131,Labor,100
continuous_d23,1966,183415,US-1971-26TH,1971,-5,0.6073939135569651,0.14919251394806252,Democracy & Governance,100
continuous_d23,1966,183415,US-1971-FECA,1971,-5,0.6038127673512205,0.25555016774695527,Democracy & Governance,100
continuous_d23,1966,183415,US-1971-LEMON,1971,-5,0.48308359385270117,0.1803407620952794,Civil Liberties,100
continuous_d23,1966,183415,US-1971-PENTAGON-PAPERS,1971,-5,0.4872042521203964,0.1780485800145849,Civil Liberties,100
continuous_d23,1966,183415,US-1972-CLEAN-WATER,1972,-6,0.5751757395355578,0.27888581330611745,Environment & Energy,100
continuous_d23,1966,183415,US-1972-FURMAN,1972,-6,0.605603048041424,0.122116568171662,Criminal Justice & Guns,100
continuous_d23,1966,183415,US-1972-TITLE-IX,1972,-6,0.5716941327024947,0.2395829724218763,Civil Rights,100
continuous_d23,1966,183415,US-1972-YODER,1972,-6,0.5261819425747276,0.13141626376087287,Civil Liberties,100
continuous_d23,1966,183415,US-1973-ESA,1973,-7,0.6832395963773318,0.1956875439240593,Environment & Energy,100
continuous_d23,1966,183415,US-1973-REHABILITATION,1973,-7,0.502431544916075,0.35740741333233744,Civil Rights,100
continuous_d23,1966,183415,US-1973-RODRIGUEZ,1973,-7,0.5563356851631417,0.12204304933288215,Health/Welfare/Educ,100
continuous_d23,1966,183415,US-1973-ROE,1973,-7,0.5809477972179374,0.18107532988367736,Civil Liberties,100
continuous_d23,1966,183415,US-1973-WAR-POWERS,1973,-7,0.5984824952173525,0.20599786442878665,Democracy & Governance,100
continuous_d23,1966,183415,US-1974-ECOA,1974,-8,0.6130703505938943,0.23112235618283603,Economy & Finance,100
continuous_d23,1966,183415,US-1974-ERISA,1974,-8,0.6237982735679961,0.10632405801969574,Labor,100
continuous_d23,1966,183415,US-1974-MILLIKEN,1974,-8,0.5591861768165984,0.0971888216744991,Civil Rights,100
continuous_d23,1966,183415,US-1974-PRIVACY-ACT,1974,-8,0.6018226388177179,0.3213626011531288,Civil Liberties,100
continuous_d23,1966,183415,US-1975-IDEA,1975,-9,0.6375000399854902,0.3498920564374307,Civil Rights,100
continuous_d23,1966,183415,US-1975-ISDEAA,1975,-9,0.6046158176097449,0.0793829185754976,Civil Rights,100
continuous_d23,1966,183415,US-1976-BUCKLEY,1976,-10,0.633578382076438,0.34316613517245115,Democracy & Governance,99
continuous_d23,1966,183415,US-1976-GREGG,1976,-10,0.6499964396312724,0.13848372233646605,Criminal Justice & Guns,100
continuous_d23,1966,183415,US-1976-TSCA,1976,-10,0.5705303477940187,0.08905475960166034,Environment & Energy,100
continuous_d23,1966,183415,US-1977-CRA,1977,-11,0.6205485652888113,0.19764066632054086,Health/Welfare/Educ,100
continuous_d23,1966,183415,US-1977-FED-DUAL-MANDATE,1977,-11,0.6443635484041628,0.14020103281154386,Economy & Finance,100
continuous_d23,1966,183415,US-1978-AIRLINE-DEREG,1978,-12,0.5747414553403996,0.13849681385889143,Economy & Finance,100
continuous_d23,1966,183415,US-1978-BAKKE,1978,-12,0.6268777534306227,0.13726921014555504,Civil Rights,99
continuous_d23,1966,183415,US-1978-FISA,1978,-12,0.5609638846664059,0.12274143437429691,Civil Liberties,100
continuous_d23,1966,183415,US-1978-HUMPHREY-HAWKINS,1978,-12,0.6232661754116156,0.04181266296417178,Economy & Finance,100
continuous_d23,1966,183415,US-1978-ICWA,1978,-12,0.6420857207425703,0.16898652860219898,Civil Rights,100
continuous_d23,1966,183415,US-1978-PREGNANCY-DISCRIM,1978,-12,0.5183720340726444,0.2753585907176957,Civil Rights,100
continuous_d23,1966,183415,US-1980-CERCLA,1980,-14,0.6293944534294662,0.13210528167748672,Environment & Energy,100
continuous_d23,1966,183415,US-1980-DIDMCA,1980,-14,0.5984309555804114,0.16446162520791519,Economy & Finance,99
continuous_d23,1966,183415,US-1980-REFUGEE-ACT,1980,-14,0.6374276683260296,0.1354003191561019,Immigration,100
continuous_d23,1966,183415,US-1983-CHADHA,1983,-17,0.6257570149672942,0.07232739109494626,Civil Liberties,100
continuous_d23,1966,183415,US-1984-CHEVRON,1984,-18,0.6687251721449633,0.16985383292301617,Democracy & Governance,100
continuous_d23,1966,183415,US-1984-SENTENCING,1984,-18,0.5965881542351393,0.1752607729790206,Criminal Justice & Guns,100
continuous_d23,1966,183415,US-1986-BOWERS,1986,-20,0.5722968404957954,0.09164720288709244,Civil Liberties,100
continuous_d23,1966,183415,US-1986-IRCA,1986,-20,0.6335793389271648,0.24235531792403095,Immigration,99
continuous_d23,1966,183415,US-1986-TAX-REFORM,1986,-20,0.5428238811553703,0.2030740713638421,Economy & Finance,100
continuous_d23,1966,183415,US-1946-APA,1946,20,0.4847283288698966,0.12149125530372823,Democracy & Governance,100
continuous_d23,1966,183415,US-1948-DISPLACED-PERSONS-ACT,1948,18,0.633425254764624,0.34475437818990934,Immigration,99
continuous_d23,1966,183415,US-1948-MARSHALL-PLAN,1948,18,0.679773960460355,0.18967818564157196,Natl Security & Foreign,100
continuous_d23,1966,183415,US-1948-SHELLEY,1948,18,0.5462672566667713,0.1555046273931946,Civil Rights,100
continuous_d23,1966,183415,US-1950-DPA,1950,16,0.5553762966692575,0.16198350729587113,Economy & Finance,100
continuous_d23,1966,183415,US-1950-INTERNAL-SECURITY,1950,16,0.5581277834713078,0.1859342006985426,Natl Security & Foreign,100
continuous_d23,1966,183415,US-1951-DENNIS,1951,15,0.6049775744227127,0.1084093127554322,Civil Liberties,97
continuous_d23,1966,183415,US-1956-BANK-HOLDING-COMPANY-ACT,1956,10,0.5763292121513416,0.2005412861972375,Economy & Finance,100
continuous_d23,1966,183415,US-1957-YATES,1957,9,0.5948586907779917,0.08064572387749597,Civil Liberties,100
continuous_d23,1966,183415,US-1958-NDEA,1958,8,0.6691475051282728,0.15531651947011463,Health/Welfare/Educ,100
continuous_d23,1966,183415,US-1958-NASA-ACT,1958,8,0.5974568764304653,0.11707732631026008,Environment & Energy,100
continuous_d23,1966,183415,US-1958-COOPER,1958,8,0.5705682778577938,0.08500558993192184,Civil Rights,100
continuous_d23,1966,183415,US-1961-PEACE-CORPS,1961,5,0.6102247762848719,0.18264383844122847,Natl Security & Foreign,100
continuous_d23,1966,183415,US-1968-OMNIBUS-CRIME-CONTROL,1968,-2,0.5939813634759652,0.15292924376033454,Criminal Justice & Guns,100
continuous_d23,1966,183415,US-1968-TRUTH-IN-LENDING,1968,-2,0.46759085348503904,0.24463557210952377,Economy & Finance,100
continuous_d23,1966,183415,US-1970-FCRA,1970,-4,0.51077956153715,0.15597676953249798,Civil Liberties,100
continuous_d23,1966,183415,US-1972-CPSA,1972,-6,0.5731693439606785,0.05103196996703623,Economy & Finance,100
continuous_d23,1966,183415,US-1975-EPCA,1975,-9,0.5885373633510161,0.1463036616079101,Environment & Energy,99
continuous_d23,1966,183415,US-1947-TRUMAN-DOCTRINE,1947,19,0.5797764482623251,0.12320155817141253,Natl Security & Foreign,100
continuous_d23,1966,183415,US-1957-EO10730,1957,9,0.4473344737020079,0.08569694650828588,Civil Rights,100
continuous_d23,1966,183415,US-1963-TEST-BAN-TREATY,1963,3,0.412375706084557,0.05165442658653333,Natl Security & Foreign,100
continuous_d23,1966,183415,US-1964-TONKIN-GULF,1964,2,0.5004450589143467,0.09521174370235254,Natl Security & Foreign,100
continuous_d23,1966,183415,US-1967-ADEA,1967,-1,0.5243582216226158,0.18859719757495788,Civil Rights,100
continuous_d23,1966,183415,US-1970-BANK-SECRECY,1970,-4,0.5302202076660906,0.18790484385866743,Economy & Finance,99
continuous_d23,1966,183415,US-1971-ANCSA,1971,-5,0.5428694360862757,0.13946176832584156,Civil Rights,99
continuous_d23,1966,183415,US-1978-AIRFA,1978,-12,0.5667105514227518,0.17798761730267937,Civil Rights,100
continuous_d23,1966,183415,US-1982-VRA-AMENDMENTS,1982,-16,0.6387437376986299,0.2935571860572244,Democracy & Governance,100
continuous_d23,1967,184141,US-1947-NATIONAL-SECURITY-ACT,1947,20,0.5270539927920906,-0.10078567403526498,Natl Security & Foreign,100
continuous_d23,1967,184141,US-1947-TAFT-HARTLEY,1947,20,0.503519747950476,-0.1162382806838903,Labor,100
continuous_d23,1967,184141,US-1948-EO9981,1948,19,0.5211190124965264,-0.09588483673829323,Civil Rights,100
continuous_d23,1967,184141,US-1952-INA,1952,15,0.5301954106734754,-0.11739734700155574,Immigration,100
continuous_d23,1967,184141,US-1952-YOUNGSTOWN,1952,15,0.5229038102404536,-0.13316599065552598,Democracy & Governance,99
continuous_d23,1967,184141,US-1954-BROWN,1954,13,0.5417909517190277,-0.11584061633236972,Civil Rights,100
continuous_d23,1967,184141,US-1956-HIGHWAY,1956,11,0.5181494470298005,-0.11604121275640217,Environment & Energy,100
continuous_d23,1967,184141,US-1957-CIVIL-RIGHTS-ACT,1957,10,0.5179394945839322,-0.10531030625179923,Civil Rights,100
continuous_d23,1967,184141,US-1961-MAPP,1961,6,0.5256870338531416,-0.1156452998264496,Criminal Justice & Guns,100
continuous_d23,1967,184141,US-1962-BAKER,1962,5,0.5283884154648129,-0.12944248323923807,Democracy & Governance,100
continuous_d23,1967,184141,US-1962-ENGEL,1962,5,0.5599221995842949,-0.11191409806413168,Civil Liberties,100
continuous_d23,1967,184141,US-1962-KEFAUVER-HARRIS,1962,5,0.5393943222416605,-0.09958069237226418,Economy & Finance,100
continuous_d23,1967,184141,US-1963-EQUAL-PAY,1963,4,0.49977752578615,-0.09808655901788631,Civil Rights,99
continuous_d23,1967,184141,US-1963-GIDEON,1963,4,0.5529452810158515,-0.11755652671890326,Criminal Justice & Guns,100
continuous_d23,1967,184141,US-1964-24TH-AMENDMENT,1964,3,0.5255488925615053,-0.11469768012184778,Democracy & Governance,100
continuous_d23,1967,184141,US-1964-CIVIL-RIGHTS-ACT,1964,3,0.5059432064152759,-0.09507195680136346,Civil Rights,100
continuous_d23,1967,184141,US-1964-ECONOMIC-OPPORTUNITY,1964,3,0.4823624934240872,-0.11362215768137773,Health/Welfare/Educ,99
continuous_d23,1967,184141,US-1964-HEART-ATLANTA,1964,3,0.5098237227208577,-0.10600948896482348,Civil Rights,100
continuous_d23,1967,184141,US-1964-NYT-SULLIVAN,1964,3,0.5467130802019998,-0.10747985151416499,Civil Liberties,100
continuous_d23,1967,184141,US-1964-REYNOLDS,1964,3,0.5480555984234544,-0.10761380570366892,Democracy & Governance,100
continuous_d23,1967,184141,US-1965-ESEA,1965,2,0.5493275884568631,-0.13444687387136922,Health/Welfare/Educ,100
continuous_d23,1967,184141,US-1965-GRISWOLD,1965,2,0.5177927380655404,-0.12462175634097493,Civil Liberties,99
continuous_d23,1967,184141,US-1965-HART-CELLER,1965,2,0.5433209744681872,-0.10552722924190061,Immigration,100
continuous_d23,1967,184141,US-1965-MEDICARE-MEDICAID,1965,2,0.5008461463695594,-0.09567606481975123,Health/Welfare/Educ,99
continuous_d23,1967,184141,US-1965-VRA,1965,2,0.5228691985817345,-0.10925392645913962,Democracy & Governance,100
continuous_d23,1967,184141,US-1966-FOIA,1966,1,0.5321918698499757,-0.14889464252327636,Democracy & Governance,100
continuous_d23,1967,184141,US-1966-HARPER,1966,1,0.520443867592207,-0.11451353491300212,Democracy & Governance,100
continuous_d23,1967,184141,US-1966-MIRANDA,1966,1,0.5347868140226697,-0.10991979644058053,Criminal Justice & Guns,100
continuous_d23,1967,184141,US-1967-KATZ,1967,0,0.5273616951751009,-0.1069939169359563,Civil Liberties,100
continuous_d23,1967,184141,US-1967-LOVING,1967,0,0.5394925243220896,-0.12248705072478369,Civil Rights,100
continuous_d23,1967,184141,US-1968-FAIR-HOUSING,1968,-1,0.5083725210344537,-0.09394064934879374,Civil Rights,100
continuous_d23,1967,184141,US-1968-GUN-CONTROL,1968,-1,0.5206590046411566,-0.09912035171771727,Criminal Justice & Guns,99
continuous_d23,1967,184141,US-1968-TERRY,1968,-1,0.5216683221495138,-0.10878489954308701,Criminal Justice & Guns,100
continuous_d23,1967,184141,US-1969-BRANDENBURG,1969,-2,0.5173288266624938,-0.13125106667859712,Civil Liberties,100
continuous_d23,1967,184141,US-1969-NEPA,1969,-2,0.536317636894285,-0.1241426738193418,Environment & Energy,100
continuous_d23,1967,184141,US-1969-TINKER,1969,-2,0.5062957087385335,-0.15100328913360753,Civil Liberties,100
continuous_d23,1967,184141,US-1970-CLEAN-AIR,1970,-3,0.531313281442,-0.09774654068078624,Environment & Energy,100
continuous_d23,1967,184141,US-1970-CSA,1970,-3,0.48812744917602013,-0.11767547274701232,Criminal Justice & Guns,99
continuous_d23,1967,184141,US-1970-OSHA,1970,-3,0.5319052148595531,-0.10427870546098582,Labor,100
continuous_d23,1967,184141,US-1971-26TH,1971,-4,0.5524684214955498,-0.0906454184892053,Democracy & Governance,100
continuous_d23,1967,184141,US-1971-FECA,1971,-4,0.5441784685573616,-0.08487230933085291,Democracy & Governance,100
continuous_d23,1967,184141,US-1971-LEMON,1971,-4,0.5170199446473721,-0.11714165959692831,Civil Liberties,100
continuous_d23,1967,184141,US-1971-PENTAGON-PAPERS,1971,-4,0.540405300788183,-0.12634148664260073,Civil Liberties,100
continuous_d23,1967,184141,US-1972-CLEAN-WATER,1972,-5,0.5340288155492594,-0.11705507762681093,Environment & Energy,100
continuous_d23,1967,184141,US-1972-FURMAN,1972,-5,0.5262079596210005,-0.12103761758693105,Criminal Justice & Guns,100
continuous_d23,1967,184141,US-1972-TITLE-IX,1972,-5,0.5474880411706374,-0.12850594169650972,Civil Rights,100
continuous_d23,1967,184141,US-1972-YODER,1972,-5,0.559270179983208,-0.11787748054729535,Civil Liberties,100
continuous_d23,1967,184141,US-1973-ESA,1973,-6,0.512426197451433,-0.11731309962375137,Environment & Energy,100
continuous_d23,1967,184141,US-1973-REHABILITATION,1973,-6,0.5460949940672382,-0.11825481744457286,Civil Rights,100
continuous_d23,1967,184141,US-1973-RODRIGUEZ,1973,-6,0.5223536123467336,-0.12287237249125077,Health/Welfare/Educ,100
continuous_d23,1967,184141,US-1973-ROE,1973,-6,0.48779602073612965,-0.11747984522875252,Civil Liberties,100
continuous_d23,1967,184141,US-1973-WAR-POWERS,1973,-6,0.5241007907666376,-0.1222914910122547,Democracy & Governance,100
continuous_d23,1967,184141,US-1974-ECOA,1974,-7,0.4938353960885078,-0.08939194659231069,Economy & Finance,100
continuous_d23,1967,184141,US-1974-ERISA,1974,-7,0.5274474496975011,-0.09861708979992141,Labor,100
continuous_d23,1967,184141,US-1974-MILLIKEN,1974,-7,0.5224693862287969,-0.11650961728374398,Civil Rights,100
continuous_d23,1967,184141,US-1974-PRIVACY-ACT,1974,-7,0.5511147627173745,-0.11969122975179994,Civil Liberties,100
continuous_d23,1967,184141,US-1975-IDEA,1975,-8,0.5632402646382497,-0.10250882510328882,Civil Rights,100
continuous_d23,1967,184141,US-1975-ISDEAA,1975,-8,0.5360012112334243,-0.11160173595060303,Civil Rights,100
continuous_d23,1967,184141,US-1976-BUCKLEY,1976,-9,0.49223587620960685,-0.11371536904852267,Democracy & Governance,99
continuous_d23,1967,184141,US-1976-GREGG,1976,-9,0.5281336350905211,-0.12163565243729493,Criminal Justice & Guns,100
continuous_d23,1967,184141,US-1976-TSCA,1976,-9,0.5132557875038283,-0.1195516607589503,Environment & Energy,100
continuous_d23,1967,184141,US-1977-CRA,1977,-10,0.5536814100957652,-0.11678436728930826,Health/Welfare/Educ,100
continuous_d23,1967,184141,US-1977-FED-DUAL-MANDATE,1977,-10,0.5251171059230743,-0.11056706987803169,Economy & Finance,100
continuous_d23,1967,184141,US-1978-AIRLINE-DEREG,1978,-11,0.551158613589889,-0.10030384715596417,Economy & Finance,100
continuous_d23,1967,184141,US-1978-BAKKE,1978,-11,0.5134669669478962,-0.11188991614253269,Civil Rights,99
continuous_d23,1967,184141,US-1978-FISA,1978,-11,0.5121119182739424,-0.11154308832691019,Civil Liberties,100
continuous_d23,1967,184141,US-1978-HUMPHREY-HAWKINS,1978,-11,0.5229927443232407,-0.10089958870805564,Economy & Finance,100
continuous_d23,1967,184141,US-1978-ICWA,1978,-11,0.5096102520689921,-0.10718854496904222,Civil Rights,100
continuous_d23,1967,184141,US-1978-PREGNANCY-DISCRIM,1978,-11,0.5275646927253416,-0.12136313590498102,Civil Rights,100
continuous_d23,1967,184141,US-1980-CERCLA,1980,-13,0.5056335226617147,-0.11977421406760934,Environment & Energy,100
continuous_d23,1967,184141,US-1980-DIDMCA,1980,-13,0.5235620070004604,-0.09882618837025642,Economy & Finance,99
continuous_d23,1967,184141,US-1980-REFUGEE-ACT,1980,-13,0.5157481252734223,-0.11465444987459902,Immigration,100
continuous_d23,1967,184141,US-1983-CHADHA,1983,-16,0.5477652223658039,-0.113168786868134,Civil Liberties,100
continuous_d23,1967,184141,US-1984-CHEVRON,1984,-17,0.5244601369059998,-0.13220195738426724,Democracy & Governance,100
continuous_d23,1967,184141,US-1984-SENTENCING,1984,-17,0.5183266509833121,-0.11448167254789066,Criminal Justice & Guns,100
continuous_d23,1967,184141,US-1986-BOWERS,1986,-19,0.5598460825854257,-0.13390920370671136,Civil Liberties,100
continuous_d23,1967,184141,US-1986-IRCA,1986,-19,0.499115694330569,-0.12381954038189441,Immigration,99
continuous_d23,1967,184141,US-1986-TAX-REFORM,1986,-19,0.5354355957728026,-0.12130783461936773,Economy & Finance,100
continuous_d23,1967,184141,US-1948-DISPLACED-PERSONS-ACT,1948,19,0.4970922092691398,-0.10984862294626775,Immigration,99
continuous_d23,1967,184141,US-1948-MARSHALL-PLAN,1948,19,0.5096144302325148,-0.09982641128953335,Natl Security & Foreign,100
continuous_d23,1967,184141,US-1948-SHELLEY,1948,19,0.5382332999507554,-0.10831173457504228,Civil Rights,100
continuous_d23,1967,184141,US-1950-DPA,1950,17,0.5335779719399308,-0.10712639006812412,Economy & Finance,100
continuous_d23,1967,184141,US-1950-INTERNAL-SECURITY,1950,17,0.5519816761253558,-0.12342486831134225,Natl Security & Foreign,100
continuous_d23,1967,184141,US-1951-DENNIS,1951,16,0.53375597995993,-0.12697069357909432,Civil Liberties,97
continuous_d23,1967,184141,US-1956-BANK-HOLDING-COMPANY-ACT,1956,11,0.502012559050173,-0.1209959082333446,Economy & Finance,100
continuous_d23,1967,184141,US-1957-YATES,1957,10,0.5246454508382039,-0.0990350191522306,Civil Liberties,100
continuous_d23,1967,184141,US-1958-NDEA,1958,9,0.47141137754829066,-0.09311118012645496,Health/Welfare/Educ,100
continuous_d23,1967,184141,US-1958-NASA-ACT,1958,9,0.4974002383277433,-0.10390010280324055,Environment & Energy,100
continuous_d23,1967,184141,US-1958-COOPER,1958,9,0.5779878098015384,-0.10192587996147594,Civil Rights,100
continuous_d23,1967,184141,US-1961-PEACE-CORPS,1961,6,0.5241812435179747,-0.09550273702927273,Natl Security & Foreign,100
continuous_d23,1967,184141,US-1968-OMNIBUS-CRIME-CONTROL,1968,-1,0.5088918202984462,-0.10159219776674767,Criminal Justice & Guns,100
continuous_d23,1967,184141,US-1968-TRUTH-IN-LENDING,1968,-1,0.5300544902207114,-0.10861634325144719,Economy & Finance,100
continuous_d23,1967,184141,US-1970-FCRA,1970,-3,0.5404898720954788,-0.10205546455392395,Civil Liberties,100
continuous_d23,1967,184141,US-1972-CPSA,1972,-5,0.5313455970445936,-0.12467103505318967,Economy & Finance,100
continuous_d23,1967,184141,US-1975-EPCA,1975,-8,0.5225840704918985,-0.10870922010671866,Environment & Energy,99
continuous_d23,1967,184141,US-1987-DOLE,1987,-20,0.5389260198705406,-0.11931546434344,Economy & Finance,100
continuous_d23,1967,184141,US-1947-TRUMAN-DOCTRINE,1947,20,0.4946129134467904,-0.10353755488454257,Natl Security & Foreign,100
continuous_d23,1967,184141,US-1957-EO10730,1957,10,0.5087718309893907,-0.10840268857056536,Civil Rights,100
continuous_d23,1967,184141,US-1963-TEST-BAN-TREATY,1963,4,0.4842632208321929,-0.0975934225733185,Natl Security & Foreign,100
continuous_d23,1967,184141,US-1964-TONKIN-GULF,1964,3,0.5236157919975397,-0.11655037493702096,Natl Security & Foreign,100
continuous_d23,1967,184141,US-1967-ADEA,1967,0,0.5188459731950705,-0.12599117227805068,Civil Rights,100
continuous_d23,1967,184141,US-1970-BANK-SECRECY,1970,-3,0.5068509606712566,-0.09042078321231456,Economy & Finance,99
continuous_d23,1967,184141,US-1971-ANCSA,1971,-4,0.4982174800603614,-0.11311345908248964,Civil Rights,99
continuous_d23,1967,184141,US-1978-AIRFA,1978,-11,0.5101871717017039,-0.12338189633504693,Civil Rights,100
continuous_d23,1967,184141,US-1982-VRA-AMENDMENTS,1982,-15,0.5080576823946179,-0.09001497603680854,Democracy & Governance,100
continuous_d23,1968,184973,US-1948-EO9981,1948,20,0.25352479632298275,-0.0033885504790532395,Civil Rights,100
continuous_d23,1968,184973,US-1952-INA,1952,16,0.2731051518108814,0.01805681580795456,Immigration,100
continuous_d23,1968,184973,US-1952-YOUNGSTOWN,1952,16,0.05919060819293584,-0.0434157874089571,Democracy & Governance,99
continuous_d23,1968,184973,US-1954-BROWN,1954,14,0.23923752367049878,0.027755033509164844,Civil Rights,100
continuous_d23,1968,184973,US-1956-HIGHWAY,1956,12,0.38190949481360803,-0.0378830636089559,Environment & Energy,100
continuous_d23,1968,184973,US-1957-CIVIL-RIGHTS-ACT,1957,11,0.30343179551635646,-0.07223808270478106,Civil Rights,100
continuous_d23,1968,184973,US-1961-MAPP,1961,7,0.1928067885909262,0.054009718070117944,Criminal Justice & Guns,100
continuous_d23,1968,184973,US-1962-BAKER,1962,6,0.21388161096346672,-0.03153962422352422,Democracy & Governance,100
continuous_d23,1968,184973,US-1962-ENGEL,1962,6,0.23903466795969527,0.09999176916221302,Civil Liberties,100
continuous_d23,1968,184973,US-1962-KEFAUVER-HARRIS,1962,6,0.35684664116149106,0.02402204915389342,Economy & Finance,100
continuous_d23,1968,184973,US-1963-EQUAL-PAY,1963,5,0.4215531154995127,-0.031076411022280957,Civil Rights,99
continuous_d23,1968,184973,US-1963-GIDEON,1963,5,0.28206822978977597,-0.06902802798751752,Criminal Justice & Guns,100
continuous_d23,1968,184973,US-1964-24TH-AMENDMENT,1964,4,0.20210558648868931,-0.03515592111635237,Democracy & Governance,100
continuous_d23,1968,184973,US-1964-CIVIL-RIGHTS-ACT,1964,4,0.4276047835605671,0.08864167348639283,Civil Rights,100
continuous_d23,1968,184973,US-1964-ECONOMIC-OPPORTUNITY,1964,4,0.43183428297858506,-0.013043954256886823,Health/Welfare/Educ,99
continuous_d23,1968,184973,US-1964-HEART-ATLANTA,1964,4,0.2059285866086769,0.01955274861965307,Civil Rights,100
continuous_d23,1968,184973,US-1964-NYT-SULLIVAN,1964,4,0.21674191785166982,0.05027655417540808,Civil Liberties,100
continuous_d23,1968,184973,US-1964-REYNOLDS,1964,4,0.27272890498312785,0.01603494643436807,Democracy & Governance,100
continuous_d23,1968,184973,US-1965-ESEA,1965,3,0.2978074876101242,-0.004149515160543166,Health/Welfare/Educ,100
continuous_d23,1968,184973,US-1965-GRISWOLD,1965,3,0.21170885868456835,0.008439225341649894,Civil Liberties,99
continuous_d23,1968,184973,US-1965-HART-CELLER,1965,3,0.3137701154142479,0.027689448309949582,Immigration,100
continuous_d23,1968,184973,US-1965-MEDICARE-MEDICAID,1965,3,0.3568458441473314,-0.03604600597635522,Health/Welfare/Educ,99
continuous_d23,1968,184973,US-1965-VRA,1965,3,0.14653626345291346,0.09932933191189253,Democracy & Governance,100
continuous_d23,1968,184973,US-1966-FOIA,1966,2,0.3519357207681618,0.01615423582468807,Democracy & Governance,100
continuous_d23,1968,184973,US-1966-HARPER,1966,2,0.18999025486297907,-0.006381317835353106,Democracy & Governance,100
continuous_d23,1968,184973,US-1966-MIRANDA,1966,2,0.29279568829426134,0.025814007329822624,Criminal Justice & Guns,100
continuous_d23,1968,184973,US-1967-KATZ,1967,1,0.3148821399382491,0.025492719916844365,Civil Liberties,100
continuous_d23,1968,184973,US-1967-LOVING,1967,1,0.25287100968414605,0.03809325843728824,Civil Rights,100
continuous_d23,1968,184973,US-1968-FAIR-HOUSING,1968,0,0.38069533028666436,0.057976836647820926,Civil Rights,100
continuous_d23,1968,184973,US-1968-GUN-CONTROL,1968,0,0.39483261562211747,0.01867995351167835,Criminal Justice & Guns,99
continuous_d23,1968,184973,US-1968-TERRY,1968,0,0.2962192295066441,0.06853468845314835,Criminal Justice & Guns,100
continuous_d23,1968,184973,US-1969-BRANDENBURG,1969,-1,0.14905496041416474,0.08398162864900945,Civil Liberties,100
continuous_d23,1968,184973,US-1969-NEPA,1969,-1,0.3439021445963132,0.06741115565422624,Environment & Energy,100
continuous_d23,1968,184973,US-1969-TINKER,1969,-1,0.18720099409838284,0.07723173713954402,Civil Liberties,100
continuous_d23,1968,184973,US-1970-CLEAN-AIR,1970,-2,0.30149588177320835,-0.0010812409536977848,Environment & Energy,100
continuous_d23,1968,184973,US-1970-CSA,1970,-2,0.38967942565151936,0.04427162221840117,Criminal Justice & Guns,99
continuous_d23,1968,184973,US-1970-OSHA,1970,-2,0.4673794134609625,0.0024336367858800246,Labor,100
continuous_d23,1968,184973,US-1971-26TH,1971,-3,0.25397541071011104,-0.03236007849354844,Democracy & Governance,100
continuous_d23,1968,184973,US-1971-FECA,1971,-3,0.3712735740408346,0.07638221734607008,Democracy & Governance,100
continuous_d23,1968,184973,US-1971-LEMON,1971,-3,0.19902858997614678,0.035972742160102086,Civil Liberties,100
continuous_d23,1968,184973,US-1971-PENTAGON-PAPERS,1971,-3,0.06861009339913517,0.083331613043822,Civil Liberties,100
continuous_d23,1968,184973,US-1972-CLEAN-WATER,1972,-4,0.38625905810431216,0.037618307683941934,Environment & Energy,100
continuous_d23,1968,184973,US-1972-FURMAN,1972,-4,0.18434149574942957,0.015935022390370396,Criminal Justice & Guns,100
continuous_d23,1968,184973,US-1972-TITLE-IX,1972,-4,0.33848496508131243,0.011435386790372204,Civil Rights,100
continuous_d23,1968,184973,US-1972-YODER,1972,-4,0.30647450970224976,0.004716416250513398,Civil Liberties,100
continuous_d23,1968,184973,US-1973-ESA,1973,-5,0.36572246821580684,0.07826289141043524,Environment & Energy,100
continuous_d23,1968,184973,US-1973-REHABILITATION,1973,-5,0.28615438678428445,0.07541699299114306,Civil Rights,100
continuous_d23,1968,184973,US-1973-RODRIGUEZ,1973,-5,0.3277413947904989,0.0011788567123629124,Health/Welfare/Educ,100
continuous_d23,1968,184973,US-1973-ROE,1973,-5,0.3191827876689109,0.05506825703188953,Civil Liberties,100
continuous_d23,1968,184973,US-1973-WAR-POWERS,1973,-5,0.2984866451196164,0.03510481871951364,Democracy & Governance,100
continuous_d23,1968,184973,US-1974-ECOA,1974,-6,0.3582662346183712,0.055666428933290595,Economy & Finance,100
continuous_d23,1968,184973,US-1974-ERISA,1974,-6,0.48188421630070266,-0.050665365367367966,Labor,100
continuous_d23,1968,184973,US-1974-MILLIKEN,1974,-6,0.25222005399532943,-0.07411638340734088,Civil Rights,100
continuous_d23,1968,184973,US-1974-PRIVACY-ACT,1974,-6,0.2735427374224897,0.15138227278329572,Civil Liberties,100
continuous_d23,1968,184973,US-1975-IDEA,1975,-7,0.39612075433914384,0.05532598705481921,Civil Rights,100
continuous_d23,1968,184973,US-1975-ISDEAA,1975,-7,0.31085890807484456,-0.09140604380246624,Civil Rights,100
continuous_d23,1968,184973,US-1976-BUCKLEY,1976,-8,0.32658864609116023,0.17195104473343817,Democracy & Governance,99
continuous_d23,1968,184973,US-1976-GREGG,1976,-8,0.33574745544573376,0.016085441487425342,Criminal Justice & Guns,100
continuous_d23,1968,184973,US-1976-TSCA,1976,-8,0.3338996766127586,0.03842562313498079,Environment & Energy,100
continuous_d23,1968,184973,US-1977-CRA,1977,-9,0.34184668710115074,0.008074178061985238,Health/Welfare/Educ,100
continuous_d23,1968,184973,US-1977-FED-DUAL-MANDATE,1977,-9,0.4665255280360039,0.004877500785178377,Economy & Finance,100
continuous_d23,1968,184973,US-1978-AIRLINE-DEREG,1978,-10,0.2874113437195946,0.040157722048768774,Economy & Finance,100
continuous_d23,1968,184973,US-1978-BAKKE,1978,-10,0.2710615231870143,-0.02695753311537169,Civil Rights,99
continuous_d23,1968,184973,US-1978-FISA,1978,-10,0.3330621506713212,0.008226937162635877,Civil Liberties,100
continuous_d23,1968,184973,US-1978-HUMPHREY-HAWKINS,1978,-10,0.44671752094919404,-0.054580048388912096,Economy & Finance,100
continuous_d23,1968,184973,US-1978-ICWA,1978,-10,0.3988399536961888,-0.0035693422647625882,Civil Rights,100
continuous_d23,1968,184973,US-1978-PREGNANCY-DISCRIM,1978,-10,0.2953494614257142,0.0926891452410703,Civil Rights,100
continuous_d23,1968,184973,US-1980-CERCLA,1980,-12,0.39096872264787486,0.028349060442580357,Environment & Energy,100
continuous_d23,1968,184973,US-1980-DIDMCA,1980,-12,0.4372414342159976,0.033686403980368214,Economy & Finance,99
continuous_d23,1968,184973,US-1980-REFUGEE-ACT,1980,-12,0.4362331506344153,0.006506372385319964,Immigration,100
continuous_d23,1968,184973,US-1983-CHADHA,1983,-15,0.286541860521439,-0.048041168902358954,Civil Liberties,100
continuous_d23,1968,184973,US-1984-CHEVRON,1984,-16,0.3802132169497412,0.010085074992482177,Democracy & Governance,100
continuous_d23,1968,184973,US-1984-SENTENCING,1984,-16,0.3827721170184204,0.03768103991607799,Criminal Justice & Guns,100
continuous_d23,1968,184973,US-1986-BOWERS,1986,-18,0.3327066059120602,-0.003701180838600551,Civil Liberties,100
continuous_d23,1968,184973,US-1986-IRCA,1986,-18,0.30063147572657417,0.0661878403299076,Immigration,99
continuous_d23,1968,184973,US-1986-TAX-REFORM,1986,-18,0.3304056020601487,0.08650002347213634,Economy & Finance,100
continuous_d23,1968,184973,US-1988-CIVIL-LIBERTIES-ACT,1988,-20,0.09058289125368292,-0.03254064863147596,Civil Rights,100
continuous_d23,1968,184973,US-1948-DISPLACED-PERSONS-ACT,1948,20,0.19208859591814256,0.10495840338582912,Immigration,99
continuous_d23,1968,184973,US-1948-MARSHALL-PLAN,1948,20,0.4478925919414332,0.0048890832805340316,Natl Security & Foreign,100
continuous_d23,1968,184973,US-1948-SHELLEY,1948,20,0.20154735098745719,0.040803083359666904,Civil Rights,100
continuous_d23,1968,184973,US-1950-DPA,1950,18,0.2546102903488765,0.00039877146584098994,Economy & Finance,100
continuous_d23,1968,184973,US-1950-INTERNAL-SECURITY,1950,18,0.23623010771666905,0.01401743072334124,Natl Security & Foreign,100
continuous_d23,1968,184973,US-1951-DENNIS,1951,17,0.20525315169317396,-0.015807126685053862,Civil Liberties,97
continuous_d23,1968,184973,US-1956-BANK-HOLDING-COMPANY-ACT,1956,12,0.348806117480571,0.04734659119089664,Economy & Finance,100
continuous_d23,1968,184973,US-1957-YATES,1957,11,0.10483297813347627,-0.02463463370936739,Civil Liberties,100
continuous_d23,1968,184973,US-1958-NDEA,1958,10,0.5171302471445051,0.0003881149197902347,Health/Welfare/Educ,100
continuous_d23,1968,184973,US-1958-NASA-ACT,1958,10,0.4369202504857317,0.005840122051324809,Environment & Energy,100
continuous_d23,1968,184973,US-1958-COOPER,1958,10,0.2633204561608304,-0.09078638192505614,Civil Rights,100
continuous_d23,1968,184973,US-1961-PEACE-CORPS,1961,7,0.3484127553443806,0.023006668855401317,Natl Security & Foreign,100
continuous_d23,1968,184973,US-1968-OMNIBUS-CRIME-CONTROL,1968,0,0.3137794297059079,0.03866541267364207,Criminal Justice & Guns,100
continuous_d23,1968,184973,US-1968-TRUTH-IN-LENDING,1968,0,0.34767737264495957,0.05849541017071982,Economy & Finance,100
continuous_d23,1968,184973,US-1970-FCRA,1970,-2,0.39166274910052534,0.025174763438735228,Civil Liberties,100
continuous_d23,1968,184973,US-1972-CPSA,1972,-4,0.4563885052296272,0.004721580349634869,Economy & Finance,100
continuous_d23,1968,184973,US-1975-EPCA,1975,-7,0.4303915517238134,0.009868942179465524,Environment & Energy,99
continuous_d23,1968,184973,US-1987-DOLE,1987,-19,0.26731886752418776,-0.05527806954156947,Economy & Finance,100
continuous_d23,1968,184973,US-1957-EO10730,1957,11,0.16490828358664125,-0.04234917910679625,Civil Rights,100
continuous_d23,1968,184973,US-1963-TEST-BAN-TREATY,1963,5,0.277847519716596,0.01641419873784034,Natl Security & Foreign,100
continuous_d23,1968,184973,US-1964-TONKIN-GULF,1964,4,0.14892592922354778,0.0674293283385561,Natl Security & Foreign,100
continuous_d23,1968,184973,US-1967-ADEA,1967,1,0.3453207693063998,0.025876380446585755,Civil Rights,100
continuous_d23,1968,184973,US-1970-BANK-SECRECY,1970,-2,0.34592691444909457,0.04704220142316158,Economy & Finance,99
continuous_d23,1968,184973,US-1971-ANCSA,1971,-3,0.42222787728079614,0.012269251694807703,Civil Rights,99
continuous_d23,1968,184973,US-1978-AIRFA,1978,-10,0.28164305386344823,0.03391295328452307,Civil Rights,100
continuous_d23,1968,184973,US-1982-VRA-AMENDMENTS,1982,-14,0.3921942734487157,0.0788904429534947,Democracy & Governance,100
continuous_d23,1969,185898,US-1952-INA,1952,17,0.44075524421893186,0.09693897541958449,Immigration,100
continuous_d23,1969,185898,US-1952-YOUNGSTOWN,1952,17,0.3419015083210648,0.08487375497456158,Democracy & Governance,99
continuous_d23,1969,185898,US-1954-BROWN,1954,15,0.3833708537864103,0.019788405959518043,Civil Rights,100
continuous_d23,1969,185898,US-1956-HIGHWAY,1956,13,0.5963547632284493,0.036454695829013256,Environment & Energy,100
continuous_d23,1969,185898,US-1957-CIVIL-RIGHTS-ACT,1957,12,0.5348345549742771,-0.008240771680462725,Civil Rights,100
continuous_d23,1969,185898,US-1961-MAPP,1961,8,0.3041668518154735,0.09143611418530107,Criminal Justice & Guns,100
continuous_d23,1969,185898,US-1962-BAKER,1962,7,0.35571031810798254,-0.003048864883698248,Democracy & Governance,100
continuous_d23,1969,185898,US-1962-ENGEL,1962,7,0.33502223927454833,0.054255186152615924,Civil Liberties,100
continuous_d23,1969,185898,US-1962-KEFAUVER-HARRIS,1962,7,0.5304121227323471,0.030265822644688488,Economy & Finance,100
continuous_d23,1969,185898,US-1963-EQUAL-PAY,1963,6,0.508055507418991,0.031951592457443015,Civil Rights,99
continuous_d23,1969,185898,US-1963-GIDEON,1963,6,0.41477208320520637,0.03497757955849313,Criminal Justice & Guns,100
continuous_d23,1969,185898,US-1964-24TH-AMENDMENT,1964,5,0.3294201383617487,0.020946362664229726,Democracy & Governance,100
continuous_d23,1969,185898,US-1964-CIVIL-RIGHTS-ACT,1964,5,0.45476369085985857,0.11521291983658094,Civil Rights,100
continuous_d23,1969,185898,US-1964-ECONOMIC-OPPORTUNITY,1964,5,0.7050841209449906,0.017550325418440704,Health/Welfare/Educ,99
continuous_d23,1969,185898,US-1964-HEART-ATLANTA,1964,5,0.4287293399646785,0.11448040737725418,Civil Rights,100
continuous_d23,1969,185898,US-1964-NYT-SULLIVAN,1964,5,0.33648142947844917,0.0670162551660463,Civil Liberties,100
continuous_d23,1969,185898,US-1964-REYNOLDS,1964,5,0.4704621237862744,0.04601034312547642,Democracy & Governance,100
continuous_d23,1969,185898,US-1965-ESEA,1965,4,0.5415753267276768,0.026762009880150883,Health/Welfare/Educ,100
continuous_d23,1969,185898,US-1965-GRISWOLD,1965,4,0.409537271752675,0.0439249698022042,Civil Liberties,99
continuous_d23,1969,185898,US-1965-HART-CELLER,1965,4,0.41571474566272704,0.0664468798340771,Immigration,100
continuous_d23,1969,185898,US-1965-MEDICARE-MEDICAID,1965,4,0.6258617392145677,0.034307546458376914,Health/Welfare/Educ,99
continuous_d23,1969,185898,US-1965-VRA,1965,4,0.4446878181852735,0.192437208141777,Democracy & Governance,100
continuous_d23,1969,185898,US-1966-FOIA,1966,3,0.49553607864264476,0.012930710782170151,Democracy & Governance,100
continuous_d23,1969,185898,US-1966-HARPER,1966,3,0.30713179817647124,0.02879440235956775,Democracy & Governance,100
continuous_d23,1969,185898,US-1966-MIRANDA,1966,3,0.47436412325933147,0.06780102245105242,Criminal Justice & Guns,100
continuous_d23,1969,185898,US-1967-KATZ,1967,2,0.4561366248560584,0.09482881258860579,Civil Liberties,100
continuous_d23,1969,185898,US-1967-LOVING,1967,2,0.3804384934413904,0.016824477095985182,Civil Rights,100
continuous_d23,1969,185898,US-1968-FAIR-HOUSING,1968,1,0.42569897244435817,0.07501157458735826,Civil Rights,100
continuous_d23,1969,185898,US-1968-GUN-CONTROL,1968,1,0.4413001124046634,0.01707632891879656,Criminal Justice & Guns,99
continuous_d23,1969,185898,US-1968-TERRY,1968,1,0.43959532016584263,0.0843912685372762,Criminal Justice & Guns,100
continuous_d23,1969,185898,US-1969-BRANDENBURG,1969,0,0.312215685251419,0.06643108298522157,Civil Liberties,100
continuous_d23,1969,185898,US-1969-NEPA,1969,0,0.44902028265607113,0.005023301222631814,Environment & Energy,100
continuous_d23,1969,185898,US-1969-TINKER,1969,0,0.36511557255062577,0.2805566282207648,Civil Liberties,100
continuous_d23,1969,185898,US-1970-CLEAN-AIR,1970,-1,0.4414789059410915,0.027244511149554125,Environment & Energy,100
continuous_d23,1969,185898,US-1970-CSA,1970,-1,0.45012024033389186,0.11987959228537984,Criminal Justice & Guns,99
continuous_d23,1969,185898,US-1970-OSHA,1970,-1,0.5128922999799214,0.03111808985795934,Labor,100
continuous_d23,1969,185898,US-1971-26TH,1971,-2,0.504788610691529,0.037611593176452865,Democracy & Governance,100
continuous_d23,1969,185898,US-1971-FECA,1971,-2,0.3837071752364728,0.050648887183562724,Democracy & Governance,100
continuous_d23,1969,185898,US-1971-LEMON,1971,-2,0.47175202663860005,0.038027813112365576,Civil Liberties,100
continuous_d23,1969,185898,US-1971-PENTAGON-PAPERS,1971,-2,0.35499957934432347,0.09596361111447198,Civil Liberties,100
continuous_d23,1969,185898,US-1972-CLEAN-WATER,1972,-3,0.3947862896981583,0.06545282742327281,Environment & Energy,100
continuous_d23,1969,185898,US-1972-FURMAN,1972,-3,0.4991176732775827,0.009153460238368705,Criminal Justice & Guns,100
continuous_d23,1969,185898,US-1972-TITLE-IX,1972,-3,0.4231229371403595,0.0207222068376725,Civil Rights,100
continuous_d23,1969,185898,US-1972-YODER,1972,-3,0.43316488917895923,0.018860635757801815,Civil Liberties,100
continuous_d23,1969,185898,US-1973-ESA,1973,-4,0.4521279067099438,0.0856259622671016,Environment & Energy,100
continuous_d23,1969,185898,US-1973-REHABILITATION,1973,-4,0.39832160408106737,0.16774067236376758,Civil Rights,100
continuous_d23,1969,185898,US-1973-RODRIGUEZ,1973,-4,0.4462668788676295,0.02293447069991815,Health/Welfare/Educ,100
continuous_d23,1969,185898,US-1973-ROE,1973,-4,0.4464245998926466,0.05581623479312461,Civil Liberties,100
continuous_d23,1969,185898,US-1973-WAR-POWERS,1973,-4,0.42254592247137196,0.10899856965535039,Democracy & Governance,100
continuous_d23,1969,185898,US-1974-ECOA,1974,-5,0.36267826126453123,0.04037607674097278,Economy & Finance,100
continuous_d23,1969,185898,US-1974-ERISA,1974,-5,0.5476563439668577,0.01166846778988654,Labor,100
continuous_d23,1969,185898,US-1974-MILLIKEN,1974,-5,0.2392349152753389,-0.01845542468134114,Civil Rights,100
continuous_d23,1969,185898,US-1974-PRIVACY-ACT,1974,-5,0.5051972384864603,0.1623645360946405,Civil Liberties,100
continuous_d23,1969,185898,US-1975-IDEA,1975,-6,0.4862809878559473,0.1729418123719418,Civil Rights,100
continuous_d23,1969,185898,US-1975-ISDEAA,1975,-6,0.4911586079815017,-0.03770007298325545,Civil Rights,100
continuous_d23,1969,185898,US-1976-BUCKLEY,1976,-7,0.40089196886129463,0.1204144718737796,Democracy & Governance,99
continuous_d23,1969,185898,US-1976-GREGG,1976,-7,0.4751559080011419,0.021820825123476634,Criminal Justice & Guns,100
continuous_d23,1969,185898,US-1976-TSCA,1976,-7,0.5793983950261843,0.025084371740333015,Environment & Energy,100
continuous_d23,1969,185898,US-1977-CRA,1977,-8,0.4937339800164034,0.04816293960870288,Health/Welfare/Educ,100
continuous_d23,1969,185898,US-1977-FED-DUAL-MANDATE,1977,-8,0.5967878699358133,0.04452444395200755,Economy & Finance,100
continuous_d23,1969,185898,US-1978-AIRLINE-DEREG,1978,-9,0.35159587962788025,0.0360727049166054,Economy & Finance,100
continuous_d23,1969,185898,US-1978-BAKKE,1978,-9,0.3957277840301699,0.08147427820479847,Civil Rights,99
continuous_d23,1969,185898,US-1978-FISA,1978,-9,0.5101219528611316,-0.012945383306624337,Civil Liberties,100
continuous_d23,1969,185898,US-1978-HUMPHREY-HAWKINS,1978,-9,0.5317193105762859,0.029768631103826496,Economy & Finance,100
continuous_d23,1969,185898,US-1978-ICWA,1978,-9,0.4706874025062712,0.03235839795692056,Civil Rights,100
continuous_d23,1969,185898,US-1978-PREGNANCY-DISCRIM,1978,-9,0.4806762303187172,0.06278299866757883,Civil Rights,100
continuous_d23,1969,185898,US-1980-CERCLA,1980,-11,0.45181653628467194,0.042394108246692194,Environment & Energy,100
continuous_d23,1969,185898,US-1980-DIDMCA,1980,-11,0.45594225357921037,0.04555964993612757,Economy & Finance,99
continuous_d23,1969,185898,US-1980-REFUGEE-ACT,1980,-11,0.5873696785633199,0.008958554330954698,Immigration,100
continuous_d23,1969,185898,US-1983-CHADHA,1983,-14,0.3995943442797024,0.02711114823514611,Civil Liberties,100
continuous_d23,1969,185898,US-1984-CHEVRON,1984,-15,0.46762190289197414,-0.02931217479488575,Democracy & Governance,100
continuous_d23,1969,185898,US-1984-SENTENCING,1984,-15,0.39913061463530075,0.07906669461183252,Criminal Justice & Guns,100
continuous_d23,1969,185898,US-1986-BOWERS,1986,-17,0.3985699523188886,-0.0018950428118034049,Civil Liberties,100
continuous_d23,1969,185898,US-1986-IRCA,1986,-17,0.4293971086136247,0.13995392877193585,Immigration,99
continuous_d23,1969,185898,US-1986-TAX-REFORM,1986,-17,0.4517187799751672,0.0825524895676631,Economy & Finance,100
continuous_d23,1969,185898,US-1988-CIVIL-LIBERTIES-ACT,1988,-19,0.4570919714673783,0.07579027330546867,Civil Rights,100
continuous_d23,1969,185898,US-1950-DPA,1950,19,0.5357397741922242,0.07038649943237822,Economy & Finance,100
continuous_d23,1969,185898,US-1950-INTERNAL-SECURITY,1950,19,0.4660160896635248,0.08546394938067788,Natl Security & Foreign,100
continuous_d23,1969,185898,US-1951-DENNIS,1951,18,0.34978601883239485,0.04105224479930721,Civil Liberties,97
continuous_d23,1969,185898,US-1956-BANK-HOLDING-COMPANY-ACT,1956,13,0.45433289363031304,0.06207742445662018,Economy & Finance,100
continuous_d23,1969,185898,US-1957-YATES,1957,12,0.37125545925274767,0.01910196971135634,Civil Liberties,100
continuous_d23,1969,185898,US-1958-NDEA,1958,11,0.5727743091830118,0.05132951307880901,Health/Welfare/Educ,100
continuous_d23,1969,185898,US-1958-NASA-ACT,1958,11,0.47601871328547835,-0.09817226794834805,Environment & Energy,100
continuous_d23,1969,185898,US-1958-COOPER,1958,11,0.35417551575921535,0.002600282526212594,Civil Rights,100
continuous_d23,1969,185898,US-1961-PEACE-CORPS,1961,8,0.6114571340525752,0.07964148343084043,Natl Security & Foreign,100
continuous_d23,1969,185898,US-1968-OMNIBUS-CRIME-CONTROL,1968,1,0.43406363361516415,0.10594185714907994,Criminal Justice & Guns,100
continuous_d23,1969,185898,US-1968-TRUTH-IN-LENDING,1968,1,0.38464966660179706,0.018958164246455803,Economy & Finance,100
continuous_d23,1969,185898,US-1970-FCRA,1970,-1,0.4817595064060841,0.03719486448841972,Civil Liberties,100
continuous_d23,1969,185898,US-1972-CPSA,1972,-3,0.5378752973418822,-0.044613806855149735,Economy & Finance,100
continuous_d23,1969,185898,US-1975-EPCA,1975,-6,0.5252900115521686,0.06917959559621081,Environment & Energy,99
continuous_d23,1969,185898,US-1987-DOLE,1987,-18,0.43852156695482847,-0.003943892956073487,Economy & Finance,100
continuous_d23,1969,185898,US-1957-EO10730,1957,12,0.5429534525669382,0.05247822446074668,Civil Rights,100
continuous_d23,1969,185898,US-1963-TEST-BAN-TREATY,1963,6,0.48114993866412825,0.07082462386084785,Natl Security & Foreign,100
continuous_d23,1969,185898,US-1964-TONKIN-GULF,1964,5,0.39150297195613787,0.16609776001023893,Natl Security & Foreign,100
continuous_d23,1969,185898,US-1967-ADEA,1967,2,0.47756506898880297,0.052411415708692816,Civil Rights,100
continuous_d23,1969,185898,US-1970-BANK-SECRECY,1970,-1,0.5179613252101162,0.060580832293618714,Economy & Finance,99
continuous_d23,1969,185898,US-1971-ANCSA,1971,-2,0.5241844231998932,0.0816258442704545,Civil Rights,99
continuous_d23,1969,185898,US-1978-AIRFA,1978,-9,0.5730454461142411,0.06720917990328366,Civil Rights,100
continuous_d23,1969,185898,US-1982-VRA-AMENDMENTS,1982,-13,0.5947944966925487,0.12301577711949806,Democracy & Governance,100
continuous_d23,1970,186870,US-1952-INA,1952,18,0.6076957647654364,0.29896086870362765,Immigration,100
continuous_d23,1970,186870,US-1952-YOUNGSTOWN,1952,18,0.3402287934931913,0.348239508535427,Democracy & Governance,99
continuous_d23,1970,186870,US-1954-BROWN,1954,16,0.6049533756977813,0.3141549641810929,Civil Rights,100
continuous_d23,1970,186870,US-1956-HIGHWAY,1956,14,0.6628965553366696,0.31557959903690536,Environment & Energy,100
continuous_d23,1970,186870,US-1957-CIVIL-RIGHTS-ACT,1957,13,0.6202820343339646,0.27120975772587647,Civil Rights,100
continuous_d23,1970,186870,US-1961-MAPP,1961,9,0.49789489218611543,0.3547626729735922,Criminal Justice & Guns,100
continuous_d23,1970,186870,US-1962-BAKER,1962,8,0.45347118523176894,0.26662190422706944,Democracy & Governance,100
continuous_d23,1970,186870,US-1962-ENGEL,1962,8,0.6394654773027258,0.34324512403003615,Civil Liberties,100
continuous_d23,1970,186870,US-1962-KEFAUVER-HARRIS,1962,8,0.5160553858116679,0.33793338539637463,Economy & Finance,100
continuous_d23,1970,186870,US-1963-EQUAL-PAY,1963,7,0.5928857749750992,0.26955654727649236,Civil Rights,99
continuous_d23,1970,186870,US-1963-GIDEON,1963,7,0.47298242120465467,0.3077306431937291,Criminal Justice & Guns,100
continuous_d23,1970,186870,US-1964-24TH-AMENDMENT,1964,6,0.5122235147537922,0.30296722505458157,Democracy & Governance,100
continuous_d23,1970,186870,US-1964-CIVIL-RIGHTS-ACT,1964,6,0.5891972003928598,0.3035238106058249,Civil Rights,100
continuous_d23,1970,186870,US-1964-ECONOMIC-OPPORTUNITY,1964,6,0.7362523105914196,0.3086545813956007,Health/Welfare/Educ,99
continuous_d23,1970,186870,US-1964-HEART-ATLANTA,1964,6,0.5413236863326151,0.3145735323308144,Civil Rights,100
continuous_d23,1970,186870,US-1964-NYT-SULLIVAN,1964,6,0.3808563125476633,0.32549714570619437,Civil Liberties,100
continuous_d23,1970,186870,US-1964-REYNOLDS,1964,6,0.5433932742194143,0.2997957820731179,Democracy & Governance,100
continuous_d23,1970,186870,US-1965-ESEA,1965,5,0.6840245731818017,0.3116521187477475,Health/Welfare/Educ,100
continuous_d23,1970,186870,US-1965-GRISWOLD,1965,5,0.532516573828163,0.3126621336274337,Civil Liberties,99
continuous_d23,1970,186870,US-1965-HART-CELLER,1965,5,0.5765806252565584,0.3020231196487039,Immigration,100
continuous_d23,1970,186870,US-1965-MEDICARE-MEDICAID,1965,5,0.6651734166101134,0.30383920335596165,Health/Welfare/Educ,99
continuous_d23,1970,186870,US-1965-VRA,1965,5,0.5491075519949393,0.3002077676942751,Democracy & Governance,100
continuous_d23,1970,186870,US-1966-FOIA,1966,4,0.5375235378206046,0.36869469242440206,Democracy & Governance,100
continuous_d23,1970,186870,US-1966-HARPER,1966,4,0.5299672678865496,0.299292304755053,Democracy & Governance,100
continuous_d23,1970,186870,US-1966-MIRANDA,1966,4,0.48308358884038954,0.28658628234105565,Criminal Justice & Guns,100
continuous_d23,1970,186870,US-1967-KATZ,1967,3,0.5240102227320947,0.3454763720021856,Civil Liberties,100
continuous_d23,1970,186870,US-1967-LOVING,1967,3,0.5694499427584707,0.31181343399174943,Civil Rights,100
continuous_d23,1970,186870,US-1968-FAIR-HOUSING,1968,2,0.5765450227470591,0.28830149561384116,Civil Rights,100
continuous_d23,1970,186870,US-1968-GUN-CONTROL,1968,2,0.5809714475318435,0.32677040628871595,Criminal Justice & Guns,99
continuous_d23,1970,186870,US-1968-TERRY,1968,2,0.577189468517179,0.35005517727001867,Criminal Justice & Guns,100
continuous_d23,1970,186870,US-1969-BRANDENBURG,1969,1,0.516007457263036,0.31635912550023193,Civil Liberties,100
continuous_d23,1970,186870,US-1969-NEPA,1969,1,0.4216536974784209,0.3296838400877607,Environment & Energy,100
continuous_d23,1970,186870,US-1969-TINKER,1969,1,0.5292798446522624,0.38346979590422847,Civil Liberties,100
continuous_d23,1970,186870,US-1970-CLEAN-AIR,1970,0,0.5954595799024974,0.3157414873422672,Environment & Energy,100
continuous_d23,1970,186870,US-1970-CSA,1970,0,0.6211401241769187,0.3713057307421816,Criminal Justice & Guns,99
continuous_d23,1970,186870,US-1970-OSHA,1970,0,0.7317084866642294,0.2966013016716939,Labor,100
continuous_d23,1970,186870,US-1971-26TH,1971,-1,0.6690350045621066,0.3071422374425337,Democracy & Governance,100
continuous_d23,1970,186870,US-1971-FECA,1971,-1,0.5844915348049207,0.3114555763309584,Democracy & Governance,100
continuous_d23,1970,186870,US-1971-LEMON,1971,-1,0.5930750090553039,0.3036928438179035,Civil Liberties,100
continuous_d23,1970,186870,US-1971-PENTAGON-PAPERS,1971,-1,0.4467623276875894,0.34695055416042464,Civil Liberties,100
continuous_d23,1970,186870,US-1972-CLEAN-WATER,1972,-2,0.5128066506812307,0.3247292789061189,Environment & Energy,100
continuous_d23,1970,186870,US-1972-FURMAN,1972,-2,0.6766334411750803,0.3229694388573667,Criminal Justice & Guns,100
continuous_d23,1970,186870,US-1972-TITLE-IX,1972,-2,0.5536214183899516,0.2715250389331375,Civil Rights,100
continuous_d23,1970,186870,US-1972-YODER,1972,-2,0.5579250006782723,0.34019094905872715,Civil Liberties,100
continuous_d23,1970,186870,US-1973-ESA,1973,-3,0.6110673593028615,0.337839849033313,Environment & Energy,100
continuous_d23,1970,186870,US-1973-REHABILITATION,1973,-3,0.5051652975123002,0.28074822800995675,Civil Rights,100
continuous_d23,1970,186870,US-1973-RODRIGUEZ,1973,-3,0.6105737092859586,0.29468059299676197,Health/Welfare/Educ,100
continuous_d23,1970,186870,US-1973-ROE,1973,-3,0.5257121043095581,0.36356014926959984,Civil Liberties,100
continuous_d23,1970,186870,US-1973-WAR-POWERS,1973,-3,0.48447917017052516,0.35214939084845753,Democracy & Governance,100
continuous_d23,1970,186870,US-1974-ECOA,1974,-4,0.4909320293744516,0.27564888446010405,Economy & Finance,100
continuous_d23,1970,186870,US-1974-ERISA,1974,-4,0.6032043238592236,0.30638870154363973,Labor,100
continuous_d23,1970,186870,US-1974-MILLIKEN,1974,-4,0.423545345198356,0.28897699733756943,Civil Rights,100
continuous_d23,1970,186870,US-1974-PRIVACY-ACT,1974,-4,0.5965243850224731,0.3809927758513069,Civil Liberties,100
continuous_d23,1970,186870,US-1975-IDEA,1975,-5,0.6783408611406192,0.3033007514382716,Civil Rights,100
continuous_d23,1970,186870,US-1975-ISDEAA,1975,-5,0.5869325860670911,0.27585557658726334,Civil Rights,100
continuous_d23,1970,186870,US-1976-BUCKLEY,1976,-6,0.531385074983909,0.3346701312953188,Democracy & Governance,99
continuous_d23,1970,186870,US-1976-GREGG,1976,-6,0.6619880092658801,0.3174953314179308,Criminal Justice & Guns,100
continuous_d23,1970,186870,US-1976-TSCA,1976,-6,0.6570764096274213,0.31576048669826434,Environment & Energy,100
continuous_d23,1970,186870,US-1977-CRA,1977,-7,0.4967109241874113,0.29768092563175985,Health/Welfare/Educ,100
continuous_d23,1970,186870,US-1977-FED-DUAL-MANDATE,1977,-7,0.7025071739575631,0.31125165667096627,Economy & Finance,100
continuous_d23,1970,186870,US-1978-AIRLINE-DEREG,1978,-8,0.5367852003159391,0.31823625873148154,Economy & Finance,100
continuous_d23,1970,186870,US-1978-BAKKE,1978,-8,0.5397506602836781,0.33559870314993634,Civil Rights,99
continuous_d23,1970,186870,US-1978-FISA,1978,-8,0.5016322124141799,0.3114831993562616,Civil Liberties,100
continuous_d23,1970,186870,US-1978-HUMPHREY-HAWKINS,1978,-8,0.5675312338529,0.2706439960663195,Economy & Finance,100
continuous_d23,1970,186870,US-1978-ICWA,1978,-8,0.5991032085021405,0.32061767121243157,Civil Rights,100
continuous_d23,1970,186870,US-1978-PREGNANCY-DISCRIM,1978,-8,0.5811063507326841,0.27928560883608816,Civil Rights,100
continuous_d23,1970,186870,US-1980-CERCLA,1980,-10,0.5863743713796794,0.3210505376766172,Environment & Energy,100
continuous_d23,1970,186870,US-1980-DIDMCA,1980,-10,0.6397562798632359,0.3324257535755323,Economy & Finance,99
continuous_d23,1970,186870,US-1980-REFUGEE-ACT,1980,-10,0.6664748085893585,0.31727933645780915,Immigration,100
continuous_d23,1970,186870,US-1983-CHADHA,1983,-13,0.6173183312828399,0.29711986308536165,Civil Liberties,100
continuous_d23,1970,186870,US-1984-CHEVRON,1984,-14,0.497946755883526,0.3665814543660099,Democracy & Governance,100
continuous_d23,1970,186870,US-1984-SENTENCING,1984,-14,0.5147477759160326,0.34347716740436696,Criminal Justice & Guns,100
continuous_d23,1970,186870,US-1986-BOWERS,1986,-16,0.569814705224782,0.3023243570988243,Civil Liberties,100
continuous_d23,1970,186870,US-1986-IRCA,1986,-16,0.5966182081167187,0.3320365447732921,Immigration,99
continuous_d23,1970,186870,US-1986-TAX-REFORM,1986,-16,0.5930804460525633,0.3591217456399464,Economy & Finance,100
continuous_d23,1970,186870,US-1988-CIVIL-LIBERTIES-ACT,1988,-18,0.3968816121155001,0.31067700141862437,Civil Rights,100
continuous_d23,1970,186870,US-1990-ADA,1990,-20,0.6723028937635241,0.30671252462756976,Civil Rights,100
continuous_d23,1970,186870,US-1990-CLEAN-AIR-AMEND,1990,-20,0.6451666713880811,0.32131615817544623,Environment & Energy,100
continuous_d23,1970,186870,US-1950-DPA,1950,20,0.5996443131532576,0.3414455199308236,Economy & Finance,100
continuous_d23,1970,186870,US-1950-INTERNAL-SECURITY,1950,20,0.6254173023275124,0.32854444740473715,Natl Security & Foreign,100
continuous_d23,1970,186870,US-1951-DENNIS,1951,19,0.5623228737766649,0.32750902159970036,Civil Liberties,97
continuous_d23,1970,186870,US-1956-BANK-HOLDING-COMPANY-ACT,1956,14,0.5337283224521233,0.33882515834192434,Economy & Finance,100
continuous_d23,1970,186870,US-1957-YATES,1957,13,0.5087104835736103,0.3450219945904944,Civil Liberties,100
continuous_d23,1970,186870,US-1958-NDEA,1958,12,0.7231103911509466,0.31459336172246666,Health/Welfare/Educ,100
continuous_d23,1970,186870,US-1958-NASA-ACT,1958,12,0.6327948959689087,0.3264280819514484,Environment & Energy,100
continuous_d23,1970,186870,US-1958-COOPER,1958,12,0.5709455481403611,0.25970090362757664,Civil Rights,100
continuous_d23,1970,186870,US-1961-PEACE-CORPS,1961,9,0.6484642870982027,0.32077360392430193,Natl Security & Foreign,100
continuous_d23,1970,186870,US-1968-OMNIBUS-CRIME-CONTROL,1968,2,0.6183234003833286,0.37490080447283597,Criminal Justice & Guns,100
continuous_d23,1970,186870,US-1968-TRUTH-IN-LENDING,1968,2,0.46209543879916354,0.28512428175924476,Economy & Finance,100
continuous_d23,1970,186870,US-1970-FCRA,1970,0,0.5470533608016005,0.3433040066726769,Civil Liberties,100
continuous_d23,1970,186870,US-1972-CPSA,1972,-2,0.607368437710569,0.32761257113238573,Economy & Finance,100
continuous_d23,1970,186870,US-1975-EPCA,1975,-5,0.6382038938966753,0.33022186453399305,Environment & Energy,99
continuous_d23,1970,186870,US-1987-DOLE,1987,-17,0.5448322826159514,0.3212487179875005,Economy & Finance,100
continuous_d23,1970,186870,US-1957-EO10730,1957,13,0.45309314751110435,0.2559920728203641,Civil Rights,100
continuous_d23,1970,186870,US-1963-TEST-BAN-TREATY,1963,7,0.48081837944579425,0.2809138725385253,Natl Security & Foreign,100
continuous_d23,1970,186870,US-1964-TONKIN-GULF,1964,6,0.3801367333628,0.31368970351612996,Natl Security & Foreign,100
continuous_d23,1970,186870,US-1967-ADEA,1967,3,0.5534525683731706,0.29109152871902094,Civil Rights,100
continuous_d23,1970,186870,US-1970-BANK-SECRECY,1970,0,0.591149615088722,0.3292615916585411,Economy & Finance,99
continuous_d23,1970,186870,US-1971-ANCSA,1971,-1,0.5167739562956839,0.34127060832997413,Civil Rights,99
continuous_d23,1970,186870,US-1978-AIRFA,1978,-8,0.5631413204429986,0.3233518681992355,Civil Rights,100
continuous_d23,1970,186870,US-1982-VRA-AMENDMENTS,1982,-12,0.6796222948122912,0.3096925217991943,Democracy & Governance,100
continuous_d23,1970,186870,US-1990-IMMIGRATION-ACT,1990,-20,0.6838824032479992,0.3026848026055972,Immigration,100
continuous_d23,1971,187795,US-1952-INA,1952,19,0.3836582896901208,-0.07279072038905779,Immigration,100
continuous_d23,1971,187795,US-1952-YOUNGSTOWN,1952,19,0.4437783626189294,-0.060282773288795395,Democracy & Governance,99
continuous_d23,1971,187795,US-1954-BROWN,1954,17,0.41602841025526055,-0.07042107181637346,Civil Rights,100
continuous_d23,1971,187795,US-1956-HIGHWAY,1956,15,0.4450538158583828,-0.0718303322514943,Environment & Energy,100
continuous_d23,1971,187795,US-1957-CIVIL-RIGHTS-ACT,1957,14,0.4235914835578346,-0.05807034271353575,Civil Rights,100
continuous_d23,1971,187795,US-1961-MAPP,1961,10,0.4254428264671396,-0.08117166297064608,Criminal Justice & Guns,100
continuous_d23,1971,187795,US-1962-BAKER,1962,9,0.4310921962875579,-0.08386894354854847,Democracy & Governance,100
continuous_d23,1971,187795,US-1962-ENGEL,1962,9,0.42533449635024567,-0.08093352719005559,Civil Liberties,100
continuous_d23,1971,187795,US-1962-KEFAUVER-HARRIS,1962,9,0.4172037167051378,-0.0836618896055018,Economy & Finance,100
continuous_d23,1971,187795,US-1963-EQUAL-PAY,1963,8,0.4329559036738892,-0.07225024421499104,Civil Rights,99
continuous_d23,1971,187795,US-1963-GIDEON,1963,8,0.4359905968834123,-0.08162846514803274,Criminal Justice & Guns,100
continuous_d23,1971,187795,US-1964-24TH-AMENDMENT,1964,7,0.4292620339602099,-0.06327127956018075,Democracy & Governance,100
continuous_d23,1971,187795,US-1964-CIVIL-RIGHTS-ACT,1964,7,0.40645133107871223,-0.08195459750387539,Civil Rights,100
continuous_d23,1971,187795,US-1964-ECONOMIC-OPPORTUNITY,1964,7,0.41762042272909056,-0.07129166521498258,Health/Welfare/Educ,99
continuous_d23,1971,187795,US-1964-HEART-ATLANTA,1964,7,0.425472828611288,-0.07992756142754531,Civil Rights,100
continuous_d23,1971,187795,US-1964-NYT-SULLIVAN,1964,7,0.44355958505121373,-0.0797978376408639,Civil Liberties,100
continuous_d23,1971,187795,US-1964-REYNOLDS,1964,7,0.4343819758242825,-0.08424366804047372,Democracy & Governance,100
continuous_d23,1971,187795,US-1965-ESEA,1965,6,0.4407414656347629,-0.07481208043216153,Health/Welfare/Educ,100
continuous_d23,1971,187795,US-1965-GRISWOLD,1965,6,0.43441309425084423,-0.08378873904893053,Civil Liberties,99
continuous_d23,1971,187795,US-1965-HART-CELLER,1965,6,0.3717240748370489,-0.07497060171216165,Immigration,100
continuous_d23,1971,187795,US-1965-MEDICARE-MEDICAID,1965,6,0.4379708234829514,-0.06726847449591239,Health/Welfare/Educ,99
continuous_d23,1971,187795,US-1965-VRA,1965,6,0.44082377578923854,-0.07488522204035043,Democracy & Governance,100
continuous_d23,1971,187795,US-1966-FOIA,1966,5,0.44671112219925163,-0.08393689418080168,Democracy & Governance,100
continuous_d23,1971,187795,US-1966-HARPER,1966,5,0.43188234765896105,-0.08163873009510646,Democracy & Governance,100
continuous_d23,1971,187795,US-1966-MIRANDA,1966,5,0.44719568546075616,-0.06751741882156705,Criminal Justice & Guns,100
continuous_d23,1971,187795,US-1967-KATZ,1967,4,0.4223342054179691,-0.06793930773361795,Civil Liberties,100
continuous_d23,1971,187795,US-1967-LOVING,1967,4,0.4142333556436397,-0.0927733707010046,Civil Rights,100
continuous_d23,1971,187795,US-1968-FAIR-HOUSING,1968,3,0.414963677982313,-0.07613394621102226,Civil Rights,100
continuous_d23,1971,187795,US-1968-GUN-CONTROL,1968,3,0.4246165846386337,-0.08127270198085043,Criminal Justice & Guns,99
continuous_d23,1971,187795,US-1968-TERRY,1968,3,0.4263477037257434,-0.08233988737952679,Criminal Justice & Guns,100
continuous_d23,1971,187795,US-1969-BRANDENBURG,1969,2,0.4081756469652626,-0.07900643509533987,Civil Liberties,100
continuous_d23,1971,187795,US-1969-NEPA,1969,2,0.43454130539678326,-0.08026698183850264,Environment & Energy,100
continuous_d23,1971,187795,US-1969-TINKER,1969,2,0.4347882927680573,-0.06217278385723707,Civil Liberties,100
continuous_d23,1971,187795,US-1970-CLEAN-AIR,1970,1,0.4373677571734499,-0.07658808830303485,Environment & Energy,100
continuous_d23,1971,187795,US-1970-CSA,1970,1,0.41938606254716426,-0.07719272386347627,Criminal Justice & Guns,99
continuous_d23,1971,187795,US-1970-OSHA,1970,1,0.4151935448559155,-0.0833180108992864,Labor,100
continuous_d23,1971,187795,US-1971-26TH,1971,0,0.43269664090912335,-0.06903635972313683,Democracy & Governance,100
continuous_d23,1971,187795,US-1971-FECA,1971,0,0.41284508913613666,-0.08154028683271841,Democracy & Governance,100
continuous_d23,1971,187795,US-1971-LEMON,1971,0,0.42431618394092174,-0.08400702026559552,Civil Liberties,100
continuous_d23,1971,187795,US-1971-PENTAGON-PAPERS,1971,0,0.4300331974756236,-0.0787698580862579,Civil Liberties,100
continuous_d23,1971,187795,US-1972-CLEAN-WATER,1972,-1,0.42379573599309395,-0.07735999888383854,Environment & Energy,100
continuous_d23,1971,187795,US-1972-FURMAN,1972,-1,0.4251579985375905,-0.06649467647557,Criminal Justice & Guns,100
continuous_d23,1971,187795,US-1972-TITLE-IX,1972,-1,0.42465801068357956,-0.07532516329577409,Civil Rights,100
continuous_d23,1971,187795,US-1972-YODER,1972,-1,0.4362671245395358,-0.0824008509879525,Civil Liberties,100
continuous_d23,1971,187795,US-1973-ESA,1973,-2,0.4212042024769591,-0.07351858966558385,Environment & Energy,100
continuous_d23,1971,187795,US-1973-REHABILITATION,1973,-2,0.4272673160483307,-0.09146041432636823,Civil Rights,100
continuous_d23,1971,187795,US-1973-RODRIGUEZ,1973,-2,0.4278770493687589,-0.0804654822587937,Health/Welfare/Educ,100
continuous_d23,1971,187795,US-1973-ROE,1973,-2,0.4286640764372518,-0.08140051081058736,Civil Liberties,100
continuous_d23,1971,187795,US-1973-WAR-POWERS,1973,-2,0.41800918113132984,-0.07244704463938276,Democracy & Governance,100
continuous_d23,1971,187795,US-1974-ECOA,1974,-3,0.42798774971088915,-0.06621111753789588,Economy & Finance,100
continuous_d23,1971,187795,US-1974-ERISA,1974,-3,0.4316118751056178,-0.08350401370680702,Labor,100
continuous_d23,1971,187795,US-1974-MILLIKEN,1974,-3,0.417860219933264,-0.064592537040979,Civil Rights,100
continuous_d23,1971,187795,US-1974-PRIVACY-ACT,1974,-3,0.4213884323371587,-0.075123300777967,Civil Liberties,100
continuous_d23,1971,187795,US-1975-IDEA,1975,-4,0.4225337560007781,-0.09091905929842672,Civil Rights,100
continuous_d23,1971,187795,US-1975-ISDEAA,1975,-4,0.42626028048535763,-0.08318392397382668,Civil Rights,100
continuous_d23,1971,187795,US-1976-BUCKLEY,1976,-5,0.4305438916603727,-0.07450061488011042,Democracy & Governance,99
continuous_d23,1971,187795,US-1976-GREGG,1976,-5,0.4182218582698119,-0.06599397976889713,Criminal Justice & Guns,100
continuous_d23,1971,187795,US-1976-TSCA,1976,-5,0.4374413648453952,-0.06341585248840177,Environment & Energy,100
continuous_d23,1971,187795,US-1977-CRA,1977,-6,0.4423284225693089,-0.07186304691945553,Health/Welfare/Educ,100
continuous_d23,1971,187795,US-1977-FED-DUAL-MANDATE,1977,-6,0.44572490304366164,-0.08129554184570126,Economy & Finance,100
continuous_d23,1971,187795,US-1978-AIRLINE-DEREG,1978,-7,0.4331386033317608,-0.0795315076251466,Economy & Finance,100
continuous_d23,1971,187795,US-1978-BAKKE,1978,-7,0.42286637457518284,-0.0658289823194988,Civil Rights,99
continuous_d23,1971,187795,US-1978-FISA,1978,-7,0.4142989398844276,-0.06296388514803132,Civil Liberties,100
continuous_d23,1971,187795,US-1978-HUMPHREY-HAWKINS,1978,-7,0.42759675646216766,-0.06968676228259167,Economy & Finance,100
continuous_d23,1971,187795,US-1978-ICWA,1978,-7,0.4225099860411038,-0.07932860795949717,Civil Rights,100
continuous_d23,1971,187795,US-1978-PREGNANCY-DISCRIM,1978,-7,0.4361274872014611,-0.07417235540253495,Civil Rights,100
continuous_d23,1971,187795,US-1980-CERCLA,1980,-9,0.4276897165260179,-0.06970976579971622,Environment & Energy,100
continuous_d23,1971,187795,US-1980-DIDMCA,1980,-9,0.4280720136014294,-0.06713617909053379,Economy & Finance,99
continuous_d23,1971,187795,US-1980-REFUGEE-ACT,1980,-9,0.41080394199599746,-0.07144952386797859,Immigration,100
continuous_d23,1971,187795,US-1983-CHADHA,1983,-12,0.4437111719112361,-0.06957787502054519,Civil Liberties,100
continuous_d23,1971,187795,US-1984-CHEVRON,1984,-13,0.4204930483383913,-0.08663622745527576,Democracy & Governance,100
continuous_d23,1971,187795,US-1984-SENTENCING,1984,-13,0.41979049875768043,-0.07777988106636084,Criminal Justice & Guns,100
continuous_d23,1971,187795,US-1986-BOWERS,1986,-15,0.44237766275457985,-0.0877399712148867,Civil Liberties,100
continuous_d23,1971,187795,US-1986-IRCA,1986,-15,0.43451104351986114,-0.06968918582378043,Immigration,99
continuous_d23,1971,187795,US-1986-TAX-REFORM,1986,-15,0.4291102764778546,-0.068372700421096,Economy & Finance,100
continuous_d23,1971,187795,US-1988-CIVIL-LIBERTIES-ACT,1988,-17,0.43517021773471404,-0.06390907306805114,Civil Rights,100
continuous_d23,1971,187795,US-1990-ADA,1990,-19,0.4312617616666861,-0.0853015385465483,Civil Rights,100
continuous_d23,1971,187795,US-1990-CLEAN-AIR-AMEND,1990,-19,0.4397220466445888,-0.08232815628927583,Environment & Energy,100
continuous_d23,1971,187795,US-1991-CIVIL-RIGHTS-ACT,1991,-20,0.4214857551805265,-0.08852253890985656,Civil Rights,100
continuous_d23,1971,187795,US-1951-DENNIS,1951,20,0.43291157143172887,-0.06298272260903165,Civil Liberties,97
continuous_d23,1971,187795,US-1956-BANK-HOLDING-COMPANY-ACT,1956,15,0.4232618989171478,-0.0849668581494543,Economy & Finance,100
continuous_d23,1971,187795,US-1957-YATES,1957,14,0.41843304245992724,-0.06735503984540876,Civil Liberties,100
continuous_d23,1971,187795,US-1958-NDEA,1958,13,0.4318208242746564,-0.0747556424929364,Health/Welfare/Educ,100
continuous_d23,1971,187795,US-1958-NASA-ACT,1958,13,0.4450038453158067,-0.07211622584781599,Environment & Energy,100
continuous_d23,1971,187795,US-1958-COOPER,1958,13,0.41942830147083127,-0.07592885338821113,Civil Rights,100
continuous_d23,1971,187795,US-1961-PEACE-CORPS,1961,10,0.42415543593246996,-0.07022259903993526,Natl Security & Foreign,100
continuous_d23,1971,187795,US-1968-OMNIBUS-CRIME-CONTROL,1968,3,0.42477735690003143,-0.08260274634449337,Criminal Justice & Guns,100
continuous_d23,1971,187795,US-1968-TRUTH-IN-LENDING,1968,3,0.4407859902735452,-0.07834827847791431,Economy & Finance,100
continuous_d23,1971,187795,US-1970-FCRA,1970,1,0.44925329562099015,-0.06744890562586078,Civil Liberties,100
continuous_d23,1971,187795,US-1972-CPSA,1972,-1,0.429899147452114,-0.07176622437815026,Economy & Finance,100
continuous_d23,1971,187795,US-1975-EPCA,1975,-4,0.43396305368509075,-0.07040911708505236,Environment & Energy,99
continuous_d23,1971,187795,US-1987-DOLE,1987,-16,0.43296729667859396,-0.07889061989298005,Economy & Finance,100
continuous_d23,1971,187795,US-1957-EO10730,1957,14,0.4347387670403222,-0.07273412385828702,Civil Rights,100
continuous_d23,1971,187795,US-1963-TEST-BAN-TREATY,1963,8,0.40120985197892833,-0.06128896440032915,Natl Security & Foreign,100
continuous_d23,1971,187795,US-1964-TONKIN-GULF,1964,7,0.4385266655612498,-0.07193222948522324,Natl Security & Foreign,100
continuous_d23,1971,187795,US-1967-ADEA,1967,4,0.4257639015793417,-0.07859722805929013,Civil Rights,100
continuous_d23,1971,187795,US-1970-BANK-SECRECY,1970,1,0.40221947586864554,-0.06963512833434997,Economy & Finance,99
continuous_d23,1971,187795,US-1971-ANCSA,1971,0,0.4330464678406595,-0.07251516422316874,Civil Rights,99
continuous_d23,1971,187795,US-1978-AIRFA,1978,-7,0.44143518596789044,-0.05703585153155272,Civil Rights,100
continuous_d23,1971,187795,US-1982-VRA-AMENDMENTS,1982,-11,0.42837701958867447,-0.07779993719901275,Democracy & Governance,100
continuous_d23,1971,187795,US-1990-IMMIGRATION-ACT,1990,-19,0.414016392700613,-0.0795682236310831,Immigration,100
continuous_d23,1972,188713,US-1952-INA,1952,20,0.6232271961768006,0.3843352226555235,Immigration,100
continuous_d23,1972,188713,US-1952-YOUNGSTOWN,1952,20,0.5474247850568917,0.34163660176876237,Democracy & Governance,99
continuous_d23,1972,188713,US-1954-BROWN,1954,18,0.5600757440950307,0.2545137144436465,Civil Rights,100
continuous_d23,1972,188713,US-1956-HIGHWAY,1956,16,0.6775593006852425,0.3462466860164089,Environment & Energy,100
continuous_d23,1972,188713,US-1957-CIVIL-RIGHTS-ACT,1957,15,0.6192750816983248,0.2789524155510529,Civil Rights,100
continuous_d23,1972,188713,US-1961-MAPP,1961,11,0.5115523594611417,0.3753042044234857,Criminal Justice & Guns,100
continuous_d23,1972,188713,US-1962-BAKER,1962,10,0.41113112453817385,0.28681933154080247,Democracy & Governance,100
continuous_d23,1972,188713,US-1962-ENGEL,1962,10,0.5021320248785469,0.33337623294339275,Civil Liberties,100
continuous_d23,1972,188713,US-1962-KEFAUVER-HARRIS,1962,10,0.5514272230019865,0.3555308910631052,Economy & Finance,100
continuous_d23,1972,188713,US-1963-EQUAL-PAY,1963,9,0.6246355672208982,0.3275618136536316,Civil Rights,99
continuous_d23,1972,188713,US-1963-GIDEON,1963,9,0.5465440629886777,0.31182524710449383,Criminal Justice & Guns,100
continuous_d23,1972,188713,US-1964-24TH-AMENDMENT,1964,8,0.5750785677705622,0.28942027363787615,Democracy & Governance,100
continuous_d23,1972,188713,US-1964-CIVIL-RIGHTS-ACT,1964,8,0.5013653857580732,0.3345888874317662,Civil Rights,100
continuous_d23,1972,188713,US-1964-ECONOMIC-OPPORTUNITY,1964,8,0.6701329773407796,0.34860247789401644,Health/Welfare/Educ,99
continuous_d23,1972,188713,US-1964-HEART-ATLANTA,1964,8,0.5121407962640536,0.3044664370080002,Civil Rights,100
continuous_d23,1972,188713,US-1964-NYT-SULLIVAN,1964,8,0.43418260799341873,0.340245450055015,Civil Liberties,100
continuous_d23,1972,188713,US-1964-REYNOLDS,1964,8,0.5099760736190876,0.3254752436528732,Democracy & Governance,100
continuous_d23,1972,188713,US-1965-ESEA,1965,7,0.5697448381298994,0.3593035623125624,Health/Welfare/Educ,100
continuous_d23,1972,188713,US-1965-GRISWOLD,1965,7,0.5396019269335327,0.30213202793451926,Civil Liberties,99
continuous_d23,1972,188713,US-1965-HART-CELLER,1965,7,0.6271026907175983,0.3788138633363973,Immigration,100
continuous_d23,1972,188713,US-1965-MEDICARE-MEDICAID,1965,7,0.6737683311726523,0.36357341337886917,Health/Welfare/Educ,99
continuous_d23,1972,188713,US-1965-VRA,1965,7,0.48730639291157407,0.34455380096402044,Democracy & Governance,100
continuous_d23,1972,188713,US-1966-FOIA,1966,6,0.6194292238556542,0.36796298164826136,Democracy & Governance,100
continuous_d23,1972,188713,US-1966-HARPER,1966,6,0.47090053910785384,0.2834063993539548,Democracy & Governance,100
continuous_d23,1972,188713,US-1966-MIRANDA,1966,6,0.5229613835766771,0.33168622150504007,Criminal Justice & Guns,100
continuous_d23,1972,188713,US-1967-KATZ,1967,5,0.697657235146716,0.31977756243019057,Civil Liberties,100
continuous_d23,1972,188713,US-1967-LOVING,1967,5,0.5717500194917065,0.2622140593198916,Civil Rights,100
continuous_d23,1972,188713,US-1968-FAIR-HOUSING,1968,4,0.6030333468854645,0.32757618626044616,Civil Rights,100
continuous_d23,1972,188713,US-1968-GUN-CONTROL,1968,4,0.6020650897663233,0.3480735979146078,Criminal Justice & Guns,99
continuous_d23,1972,188713,US-1968-TERRY,1968,4,0.6121484221028517,0.353696818518095,Criminal Justice & Guns,100
continuous_d23,1972,188713,US-1969-BRANDENBURG,1969,3,0.44924420107555746,0.34284572989273093,Civil Liberties,100
continuous_d23,1972,188713,US-1969-NEPA,1969,3,0.4087910707665527,0.2813557963544524,Environment & Energy,100
continuous_d23,1972,188713,US-1969-TINKER,1969,3,0.5591166736903252,0.403306446542898,Civil Liberties,100
continuous_d23,1972,188713,US-1970-CLEAN-AIR,1970,2,0.5428749848042205,0.31255188407468326,Environment & Energy,100
continuous_d23,1972,188713,US-1970-CSA,1970,2,0.6129927373518138,0.387323541973468,Criminal Justice & Guns,99
continuous_d23,1972,188713,US-1970-OSHA,1970,2,0.6260938017851106,0.30376420543665,Labor,100
continuous_d23,1972,188713,US-1971-26TH,1971,1,0.6851822485687217,0.29142022243347865,Democracy & Governance,100
continuous_d23,1972,188713,US-1971-FECA,1971,1,0.523463295073583,0.37099133954644026,Democracy & Governance,100
continuous_d23,1972,188713,US-1971-LEMON,1971,1,0.5719843709510587,0.37106783661832277,Civil Liberties,100
continuous_d23,1972,188713,US-1971-PENTAGON-PAPERS,1971,1,0.37886377946296973,0.3951885243584984,Civil Liberties,100
continuous_d23,1972,188713,US-1972-CLEAN-WATER,1972,0,0.6113250222957192,0.3607991773293969,Environment & Energy,100
continuous_d23,1972,188713,US-1972-FURMAN,1972,0,0.5561462995040932,0.2547894786173795,Criminal Justice & Guns,100
continuous_d23,1972,188713,US-1972-TITLE-IX,1972,0,0.5518322263819029,0.3172840201878139,Civil Rights,100
continuous_d23,1972,188713,US-1972-YODER,1972,0,0.5863594959139014,0.3249042852455885,Civil Liberties,100
continuous_d23,1972,188713,US-1973-ESA,1973,-1,0.579635075024434,0.3856886932435268,Environment & Energy,100
continuous_d23,1972,188713,US-1973-REHABILITATION,1973,-1,0.4988319911122059,0.34134058036261933,Civil Rights,100
continuous_d23,1972,188713,US-1973-RODRIGUEZ,1973,-1,0.615220561113702,0.2966172404307708,Health/Welfare/Educ,100
continuous_d23,1972,188713,US-1973-ROE,1973,-1,0.5332865226295089,0.36786047790634996,Civil Liberties,100
continuous_d23,1972,188713,US-1973-WAR-POWERS,1973,-1,0.41084258187755973,0.37859121597462425,Democracy & Governance,100
continuous_d23,1972,188713,US-1974-ECOA,1974,-2,0.5223504484495757,0.3415492203628501,Economy & Finance,100
continuous_d23,1972,188713,US-1974-ERISA,1974,-2,0.6906749528643684,0.2883401279088372,Labor,100
continuous_d23,1972,188713,US-1974-MILLIKEN,1974,-2,0.5105936728610928,0.2223756500227217,Civil Rights,100
continuous_d23,1972,188713,US-1974-PRIVACY-ACT,1974,-2,0.5165644185705306,0.4317380413113598,Civil Liberties,100
continuous_d23,1972,188713,US-1975-IDEA,1975,-3,0.6576202726386701,0.3327308232614897,Civil Rights,100
continuous_d23,1972,188713,US-1975-ISDEAA,1975,-3,0.6339742530432134,0.3240541710448989,Civil Rights,100
continuous_d23,1972,188713,US-1976-BUCKLEY,1976,-4,0.5018356579765435,0.4202545281226346,Democracy & Governance,99
continuous_d23,1972,188713,US-1976-GREGG,1976,-4,0.6350524588380952,0.3327289189873842,Criminal Justice & Guns,100
continuous_d23,1972,188713,US-1976-TSCA,1976,-4,0.5816486853353434,0.3177986728643905,Environment & Energy,100
continuous_d23,1972,188713,US-1977-CRA,1977,-5,0.5443920203245327,0.3630235879212288,Health/Welfare/Educ,100
continuous_d23,1972,188713,US-1977-FED-DUAL-MANDATE,1977,-5,0.5879624708036114,0.3272415025258916,Economy & Finance,100
continuous_d23,1972,188713,US-1978-AIRLINE-DEREG,1978,-6,0.45517761201880175,0.3638058102906095,Economy & Finance,100
continuous_d23,1972,188713,US-1978-BAKKE,1978,-6,0.46584579004649573,0.3308714151970841,Civil Rights,99
continuous_d23,1972,188713,US-1978-FISA,1978,-6,0.5618707975373529,0.3486016500511275,Civil Liberties,100
continuous_d23,1972,188713,US-1978-HUMPHREY-HAWKINS,1978,-6,0.5405339820037134,0.29739061174090103,Economy & Finance,100
continuous_d23,1972,188713,US-1978-ICWA,1978,-6,0.6499360800375398,0.33159204216219396,Civil Rights,100
continuous_d23,1972,188713,US-1978-PREGNANCY-DISCRIM,1978,-6,0.5280856214950369,0.27408770399778865,Civil Rights,100
continuous_d23,1972,188713,US-1980-CERCLA,1980,-8,0.586971973541047,0.3141241640713021,Environment & Energy,100
continuous_d23,1972,188713,US-1980-DIDMCA,1980,-8,0.5198475159076545,0.3726182214111677,Economy & Finance,99
continuous_d23,1972,188713,US-1980-REFUGEE-ACT,1980,-8,0.6730914217572184,0.32820718556344836,Immigration,100
continuous_d23,1972,188713,US-1983-CHADHA,1983,-11,0.48141051137353735,0.28319314604054296,Civil Liberties,100
continuous_d23,1972,188713,US-1984-CHEVRON,1984,-12,0.48496930989024,0.2606719184140854,Democracy & Governance,100
continuous_d23,1972,188713,US-1984-SENTENCING,1984,-12,0.382451509399899,0.3275162350249123,Criminal Justice & Guns,100
continuous_d23,1972,188713,US-1986-BOWERS,1986,-14,0.5407784789700041,0.2961511740016588,Civil Liberties,100
continuous_d23,1972,188713,US-1986-IRCA,1986,-14,0.5282600424207049,0.36028338942349086,Immigration,99
continuous_d23,1972,188713,US-1986-TAX-REFORM,1986,-14,0.5622391503409058,0.39306243923344525,Economy & Finance,100
continuous_d23,1972,188713,US-1988-CIVIL-LIBERTIES-ACT,1988,-16,0.48384455744058175,0.35903779227171884,Civil Rights,100
continuous_d23,1972,188713,US-1990-ADA,1990,-18,0.6329847486292648,0.3428511754232412,Civil Rights,100
continuous_d23,1972,188713,US-1990-CLEAN-AIR-AMEND,1990,-18,0.6073560794812177,0.31778295458215655,Environment & Energy,100
continuous_d23,1972,188713,US-1991-CIVIL-RIGHTS-ACT,1991,-19,0.3206193445589719,0.32253627075314617,Civil Rights,100
continuous_d23,1972,188713,US-1992-CASEY,1992,-20,0.5166539125812043,0.3513747648520243,Civil Liberties,100
continuous_d23,1972,188713,US-1956-BANK-HOLDING-COMPANY-ACT,1956,16,0.5838424471842069,0.3736104695220133,Economy & Finance,100
continuous_d23,1972,188713,US-1957-YATES,1957,15,0.38107280680784705,0.3558104382398397,Civil Liberties,100
continuous_d23,1972,188713,US-1958-NDEA,1958,14,0.7384156490293456,0.3675394574320783,Health/Welfare/Educ,100
continuous_d23,1972,188713,US-1958-NASA-ACT,1958,14,0.5661493914412099,0.33485497090726857,Environment & Energy,100
continuous_d23,1972,188713,US-1958-COOPER,1958,14,0.426645385546656,0.26844259750233573,Civil Rights,100
continuous_d23,1972,188713,US-1961-PEACE-CORPS,1961,11,0.6830909279264126,0.35568653974243764,Natl Security & Foreign,100
continuous_d23,1972,188713,US-1968-OMNIBUS-CRIME-CONTROL,1968,4,0.5891867496460549,0.38147577093808205,Criminal Justice & Guns,100
continuous_d23,1972,188713,US-1968-TRUTH-IN-LENDING,1968,4,0.5113397478280826,0.36762748810534185,Economy & Finance,100
continuous_d23,1972,188713,US-1970-FCRA,1970,2,0.49969730325808853,0.3406437973815127,Civil Liberties,100
continuous_d23,1972,188713,US-1972-CPSA,1972,0,0.6650186213367603,0.3060664824248042,Economy & Finance,100
continuous_d23,1972,188713,US-1975-EPCA,1975,-3,0.67436825787191,0.34870883384424184,Environment & Energy,99
continuous_d23,1972,188713,US-1987-DOLE,1987,-15,0.517003721733908,0.3055235228378736,Economy & Finance,100
continuous_d23,1972,188713,US-1957-EO10730,1957,15,0.6377217382777907,0.3142721345884758,Civil Rights,100
continuous_d23,1972,188713,US-1963-TEST-BAN-TREATY,1963,9,0.6631073210499452,0.3236888097867303,Natl Security & Foreign,100
continuous_d23,1972,188713,US-1964-TONKIN-GULF,1964,8,0.5454695062370852,0.35849946283644085,Natl Security & Foreign,100
continuous_d23,1972,188713,US-1967-ADEA,1967,5,0.5226936934714961,0.34044624674173385,Civil Rights,100
continuous_d23,1972,188713,US-1970-BANK-SECRECY,1970,2,0.5754027921362307,0.3707520994450243,Economy & Finance,99
continuous_d23,1972,188713,US-1971-ANCSA,1971,1,0.4832958357026157,0.36031594114527715,Civil Rights,99
continuous_d23,1972,188713,US-1978-AIRFA,1978,-6,0.5312625497345423,0.34564641524776074,Civil Rights,100
continuous_d23,1972,188713,US-1982-VRA-AMENDMENTS,1982,-10,0.4758080341802996,0.3331747256259675,Democracy & Governance,100
continuous_d23,1972,188713,US-1990-IMMIGRATION-ACT,1990,-18,0.5582319267952455,0.3294269944777091,Immigration,100
continuous_d23,1973,189667,US-1954-BROWN,1954,19,0.28192136127200773,0.05222796695239154,Civil Rights,100
continuous_d23,1973,189667,US-1956-HIGHWAY,1956,17,0.3483054514283618,0.09818760131666697,Environment & Energy,100
continuous_d23,1973,189667,US-1957-CIVIL-RIGHTS-ACT,1957,16,0.4053864345615235,0.014721641315726121,Civil Rights,100
continuous_d23,1973,189667,US-1961-MAPP,1961,12,0.2309805106992487,0.15706218135276445,Criminal Justice & Guns,100
continuous_d23,1973,189667,US-1962-BAKER,1962,11,0.1647116506672543,-0.0001205336398977231,Democracy & Governance,100
continuous_d23,1973,189667,US-1962-ENGEL,1962,11,0.316714142639294,0.11895338661343383,Civil Liberties,100
continuous_d23,1973,189667,US-1962-KEFAUVER-HARRIS,1962,11,0.3205859862551476,0.1312696247492413,Economy & Finance,100
continuous_d23,1973,189667,US-1963-EQUAL-PAY,1963,10,0.39617786451456455,0.06996420794639685,Civil Rights,99
continuous_d23,1973,189667,US-1963-GIDEON,1963,10,0.2657493951430687,0.11455970121450677,Criminal Justice & Guns,100
continuous_d23,1973,189667,US-1964-24TH-AMENDMENT,1964,9,0.47263506989584064,0.016169357438354185,Democracy & Governance,100
continuous_d23,1973,189667,US-1964-CIVIL-RIGHTS-ACT,1964,9,0.2290055088653265,0.20335718664181165,Civil Rights,100
continuous_d23,1973,189667,US-1964-ECONOMIC-OPPORTUNITY,1964,9,0.2603704296372215,0.044424610477190124,Health/Welfare/Educ,99
continuous_d23,1973,189667,US-1964-HEART-ATLANTA,1964,9,0.2791223196365549,0.14200780132147522,Civil Rights,100
continuous_d23,1973,189667,US-1964-NYT-SULLIVAN,1964,9,0.1780743304394366,0.06851051204796972,Civil Liberties,100
continuous_d23,1973,189667,US-1964-REYNOLDS,1964,9,0.27282747100814964,0.09729722321980755,Democracy & Governance,100
continuous_d23,1973,189667,US-1965-ESEA,1965,8,0.3824458557115368,0.2442032785902365,Health/Welfare/Educ,100
continuous_d23,1973,189667,US-1965-GRISWOLD,1965,8,0.3222158799161017,0.03109638903740089,Civil Liberties,99
continuous_d23,1973,189667,US-1965-HART-CELLER,1965,8,0.274910936764147,0.1064471774838846,Immigration,100
continuous_d23,1973,189667,US-1965-MEDICARE-MEDICAID,1965,8,0.31780766970407737,0.09366329205550303,Health/Welfare/Educ,99
continuous_d23,1973,189667,US-1965-VRA,1965,8,0.20533037938367607,0.14074016907300785,Democracy & Governance,100
continuous_d23,1973,189667,US-1966-FOIA,1966,7,0.33011153615652894,0.06055329728813006,Democracy & Governance,100
continuous_d23,1973,189667,US-1966-HARPER,1966,7,0.32331959567635393,-0.028771015743784996,Democracy & Governance,100
continuous_d23,1973,189667,US-1966-MIRANDA,1966,7,0.2372866114183997,0.16088746000727103,Criminal Justice & Guns,100
continuous_d23,1973,189667,US-1967-KATZ,1967,6,0.5272425371778989,0.09691334244822991,Civil Liberties,100
continuous_d23,1973,189667,US-1967-LOVING,1967,6,0.27610052632991966,-0.008941734966623774,Civil Rights,100
continuous_d23,1973,189667,US-1968-FAIR-HOUSING,1968,5,0.2563941856832359,0.18187331381208974,Civil Rights,100
continuous_d23,1973,189667,US-1968-GUN-CONTROL,1968,5,0.35447229159989224,0.08776573701194142,Criminal Justice & Guns,99
continuous_d23,1973,189667,US-1968-TERRY,1968,5,0.41411982638765016,0.18971898209674135,Criminal Justice & Guns,100
continuous_d23,1973,189667,US-1969-BRANDENBURG,1969,4,0.14126275749371428,0.011506921512885918,Civil Liberties,100
continuous_d23,1973,189667,US-1969-NEPA,1969,4,0.20016252087437278,0.02011994250435156,Environment & Energy,100
continuous_d23,1973,189667,US-1969-TINKER,1969,4,0.41647218622583404,0.22997827890910863,Civil Liberties,100
continuous_d23,1973,189667,US-1970-CLEAN-AIR,1970,3,0.32716185499990497,0.0056973270077841755,Environment & Energy,100
continuous_d23,1973,189667,US-1970-CSA,1970,3,0.3873498827906764,0.1637505307312208,Criminal Justice & Guns,99
continuous_d23,1973,189667,US-1970-OSHA,1970,3,0.3345557972822737,0.049798504082752694,Labor,100
continuous_d23,1973,189667,US-1971-26TH,1971,2,0.6018326811954724,-0.019206181069308798,Democracy & Governance,100
continuous_d23,1973,189667,US-1971-FECA,1971,2,0.25973251967499167,0.10792777944632162,Democracy & Governance,100
continuous_d23,1973,189667,US-1971-LEMON,1971,2,0.22349075327877077,0.13187650961858835,Civil Liberties,100
continuous_d23,1973,189667,US-1971-PENTAGON-PAPERS,1971,2,0.20436678105617825,0.16288285912950645,Civil Liberties,100
continuous_d23,1973,189667,US-1972-CLEAN-WATER,1972,1,0.36018175521430007,0.18172948763437513,Environment & Energy,100
continuous_d23,1973,189667,US-1972-FURMAN,1972,1,0.3273707977448415,0.0002379821363839949,Criminal Justice & Guns,100
continuous_d23,1973,189667,US-1972-TITLE-IX,1972,1,0.27204255574841896,0.16364836667960758,Civil Rights,100
continuous_d23,1973,189667,US-1972-YODER,1972,1,0.3704556481192497,0.1272639167555127,Civil Liberties,100
continuous_d23,1973,189667,US-1973-ESA,1973,0,0.3433658883125849,-0.0637940500459514,Environment & Energy,100
continuous_d23,1973,189667,US-1973-REHABILITATION,1973,0,0.2233790276696237,0.22987011255185397,Civil Rights,100
continuous_d23,1973,189667,US-1973-RODRIGUEZ,1973,0,0.251894416237183,0.07386727096494516,Health/Welfare/Educ,100
continuous_d23,1973,189667,US-1973-ROE,1973,0,0.3326017038510479,0.08018926317259144,Civil Liberties,100
continuous_d23,1973,189667,US-1973-WAR-POWERS,1973,0,0.2915708476271788,0.13809690832268223,Democracy & Governance,100
continuous_d23,1973,189667,US-1974-ECOA,1974,-1,0.17235757434745175,0.1535720555447334,Economy & Finance,100
continuous_d23,1973,189667,US-1974-ERISA,1974,-1,0.31487640288612373,0.05786858254269799,Labor,100
continuous_d23,1973,189667,US-1974-MILLIKEN,1974,-1,0.21519510016411836,0.17073621445741197,Civil Rights,100
continuous_d23,1973,189667,US-1974-PRIVACY-ACT,1974,-1,0.3304620584526898,0.21536458445403864,Civil Liberties,100
continuous_d23,1973,189667,US-1975-IDEA,1975,-2,0.32719822208472576,0.2731642093649793,Civil Rights,100
continuous_d23,1973,189667,US-1975-ISDEAA,1975,-2,0.2759827022598484,-0.10649563246787333,Civil Rights,100
continuous_d23,1973,189667,US-1976-BUCKLEY,1976,-3,0.22075748618123492,0.2029944818919914,Democracy & Governance,99
continuous_d23,1973,189667,US-1976-GREGG,1976,-3,0.312325627930594,0.10747968759046021,Criminal Justice & Guns,100
continuous_d23,1973,189667,US-1976-TSCA,1976,-3,0.5878499028187234,-0.009771951541181729,Environment & Energy,100
continuous_d23,1973,189667,US-1977-CRA,1977,-4,0.2622508130026143,0.12628599687606692,Health/Welfare/Educ,100
continuous_d23,1973,189667,US-1977-FED-DUAL-MANDATE,1977,-4,0.39123645286303055,0.06273395563643673,Economy & Finance,100
continuous_d23,1973,189667,US-1978-AIRLINE-DEREG,1978,-5,0.2489133577852234,-0.020406781772251,Economy & Finance,100
continuous_d23,1973,189667,US-1978-BAKKE,1978,-5,0.2057423171779019,0.11938331651172249,Civil Rights,99
continuous_d23,1973,189667,US-1978-FISA,1978,-5,0.4218623831516349,0.07956170787489107,Civil Liberties,100
continuous_d23,1973,189667,US-1978-HUMPHREY-HAWKINS,1978,-5,0.3563049638970515,-0.02517854442529702,Economy & Finance,100
continuous_d23,1973,189667,US-1978-ICWA,1978,-5,0.34830372714141494,0.050306582093336584,Civil Rights,100
continuous_d23,1973,189667,US-1978-PREGNANCY-DISCRIM,1978,-5,0.2420696336135254,0.1613520924311738,Civil Rights,100
continuous_d23,1973,189667,US-1980-CERCLA,1980,-7,0.27462634962267674,0.08048185527193517,Environment & Energy,100
continuous_d23,1973,189667,US-1980-DIDMCA,1980,-7,0.3080454775664944,0.09087853923670312,Economy & Finance,99
continuous_d23,1973,189667,US-1980-REFUGEE-ACT,1980,-7,0.1885373526708208,0.05446862840991856,Immigration,100
continuous_d23,1973,189667,US-1983-CHADHA,1983,-10,0.27996448049377687,0.014097046643623958,Civil Liberties,100
continuous_d23,1973,189667,US-1984-CHEVRON,1984,-11,0.24012666790139592,-0.0867130925022097,Democracy & Governance,100
continuous_d23,1973,189667,US-1984-SENTENCING,1984,-11,0.2586507361180661,0.13131072250962797,Criminal Justice & Guns,100
continuous_d23,1973,189667,US-1986-BOWERS,1986,-13,0.3277331221827973,-0.004927060224776729,Civil Liberties,100
continuous_d23,1973,189667,US-1986-IRCA,1986,-13,0.20272811003839827,0.1528749574663079,Immigration,99
continuous_d23,1973,189667,US-1986-TAX-REFORM,1986,-13,0.29528631742061157,0.20460400660740924,Economy & Finance,100
continuous_d23,1973,189667,US-1988-CIVIL-LIBERTIES-ACT,1988,-15,0.29543360429997656,0.05927380207580052,Civil Rights,100
continuous_d23,1973,189667,US-1990-ADA,1990,-17,0.3395211294611207,0.23827667696814483,Civil Rights,100
continuous_d23,1973,189667,US-1990-CLEAN-AIR-AMEND,1990,-17,0.377075156811528,-0.0008360446201546317,Environment & Energy,100
continuous_d23,1973,189667,US-1991-CIVIL-RIGHTS-ACT,1991,-18,0.22222638677643558,0.17360301398282424,Civil Rights,100
continuous_d23,1973,189667,US-1992-CASEY,1992,-19,0.5221736624983588,0.07121690003416076,Civil Liberties,100
continuous_d23,1973,189667,US-1993-BRADY,1993,-20,0.3663067879120487,0.10001522148088089,Criminal Justice & Guns,99
continuous_d23,1973,189667,US-1993-FMLA,1993,-20,0.3120105606688321,0.06126029000723741,Labor,100
continuous_d23,1973,189667,US-1993-NVRA,1993,-20,0.31378131687562766,0.00026942131718805034,Democracy & Governance,99
continuous_d23,1973,189667,US-1956-BANK-HOLDING-COMPANY-ACT,1956,17,0.2613830565047321,0.11194137885382294,Economy & Finance,100
continuous_d23,1973,189667,US-1957-YATES,1957,16,0.20436954810251204,0.08502715126979982,Civil Liberties,100
continuous_d23,1973,189667,US-1958-NDEA,1958,15,0.49437239401089805,0.061269208451150636,Health/Welfare/Educ,100
continuous_d23,1973,189667,US-1958-NASA-ACT,1958,15,0.2970205422319241,0.022258945211777993,Environment & Energy,100
continuous_d23,1973,189667,US-1958-COOPER,1958,15,0.20535901375493806,0.16022383436509913,Civil Rights,100
continuous_d23,1973,189667,US-1961-PEACE-CORPS,1961,12,0.32348079080884967,0.11523709684726965,Natl Security & Foreign,100
continuous_d23,1973,189667,US-1968-OMNIBUS-CRIME-CONTROL,1968,5,0.300688772180408,0.17629602113138154,Criminal Justice & Guns,100
continuous_d23,1973,189667,US-1968-TRUTH-IN-LENDING,1968,5,0.2284037941847907,0.12382046414411786,Economy & Finance,100
continuous_d23,1973,189667,US-1970-FCRA,1970,3,0.24451416088580508,0.059925734382789225,Civil Liberties,100
continuous_d23,1973,189667,US-1972-CPSA,1972,1,0.38857212053277057,0.04671481766795336,Economy & Finance,100
continuous_d23,1973,189667,US-1975-EPCA,1975,-2,0.36856039241661903,0.11032376818607267,Environment & Energy,99
continuous_d23,1973,189667,US-1987-DOLE,1987,-14,0.33285778775038444,0.02595981408886096,Economy & Finance,100
continuous_d23,1973,189667,US-1957-EO10730,1957,16,0.29294689013143743,0.1643199454201752,Civil Rights,100
continuous_d23,1973,189667,US-1963-TEST-BAN-TREATY,1963,10,0.3943658260489034,-0.0012643409951094268,Natl Security & Foreign,100
continuous_d23,1973,189667,US-1964-TONKIN-GULF,1964,9,0.38901251667259557,0.12893901975900715,Natl Security & Foreign,100
continuous_d23,1973,189667,US-1967-ADEA,1967,6,0.20211173318914485,0.1088263721300386,Civil Rights,100
continuous_d23,1973,189667,US-1970-BANK-SECRECY,1970,3,0.35905261302634,0.1794345550382925,Economy & Finance,99
continuous_d23,1973,189667,US-1971-ANCSA,1971,2,0.393857906068983,0.06944545186761333,Civil Rights,99
continuous_d23,1973,189667,US-1978-AIRFA,1978,-5,0.27765672463346464,0.07968678710187248,Civil Rights,100
continuous_d23,1973,189667,US-1982-VRA-AMENDMENTS,1982,-9,0.37050370501772917,0.20518115647308427,Democracy & Governance,100
continuous_d23,1973,189667,US-1990-IMMIGRATION-ACT,1990,-17,0.2897812134551529,0.11418036149109513,Immigration,100
continuous_d23,1973,189667,US-1993-RFRA,1993,-20,0.22014554676855053,0.009982954885929946,Civil Liberties,97
continuous_d23,1974,190601,US-1954-BROWN,1954,20,0.2670831346141868,-0.08050129991888388,Civil Rights,100
continuous_d23,1974,190601,US-1956-HIGHWAY,1956,18,0.31411629913451344,-0.04336031280368489,Environment & Energy,100
continuous_d23,1974,190601,US-1957-CIVIL-RIGHTS-ACT,1957,17,0.3427991584222419,-0.07896209465876157,Civil Rights,100
continuous_d23,1974,190601,US-1961-MAPP,1961,13,0.19598161259416386,0.007923168087907433,Criminal Justice & Guns,100
continuous_d23,1974,190601,US-1962-BAKER,1962,12,0.2887266119964488,-0.04167756598724519,Democracy & Governance,100
continuous_d23,1974,190601,US-1962-ENGEL,1962,12,0.32697165390989313,0.11530189075010436,Civil Liberties,100
continuous_d23,1974,190601,US-1962-KEFAUVER-HARRIS,1962,12,0.2820638988108302,0.031920366660272204,Economy & Finance,100
continuous_d23,1974,190601,US-1963-EQUAL-PAY,1963,11,0.4674870573813349,0.03954859997946337,Civil Rights,99
continuous_d23,1974,190601,US-1963-GIDEON,1963,11,0.24373521379059707,-0.021045048696731877,Criminal Justice & Guns,100
continuous_d23,1974,190601,US-1964-24TH-AMENDMENT,1964,10,0.3018749154702987,-0.10328328188848371,Democracy & Governance,100
continuous_d23,1974,190601,US-1964-CIVIL-RIGHTS-ACT,1964,10,0.28694523391451676,-0.056784785447942035,Civil Rights,100
continuous_d23,1974,190601,US-1964-ECONOMIC-OPPORTUNITY,1964,10,0.40741111312236455,-0.006408450625477914,Health/Welfare/Educ,99
continuous_d23,1974,190601,US-1964-HEART-ATLANTA,1964,10,0.20750339147105268,-0.068156255060201,Civil Rights,100
continuous_d23,1974,190601,US-1964-NYT-SULLIVAN,1964,10,0.25949588412030417,-0.03011082800869315,Civil Liberties,100
continuous_d23,1974,190601,US-1964-REYNOLDS,1964,10,0.2829629515866045,0.03551975131925942,Democracy & Governance,100
continuous_d23,1974,190601,US-1965-ESEA,1965,9,0.3334568277027816,-0.04984458167831425,Health/Welfare/Educ,100
continuous_d23,1974,190601,US-1965-GRISWOLD,1965,9,0.27831376362039906,-0.0038769006738331845,Civil Liberties,99
continuous_d23,1974,190601,US-1965-HART-CELLER,1965,9,0.34172192129460194,0.08724167745110156,Immigration,100
continuous_d23,1974,190601,US-1965-MEDICARE-MEDICAID,1965,9,0.28656707370259943,0.012560286377795604,Health/Welfare/Educ,99
continuous_d23,1974,190601,US-1965-VRA,1965,9,0.18649147348457537,-0.04576969688638668,Democracy & Governance,100
continuous_d23,1974,190601,US-1966-FOIA,1966,8,0.27179885062560133,0.027958525092324295,Democracy & Governance,100
continuous_d23,1974,190601,US-1966-HARPER,1966,8,0.2596291399169607,-0.009036746366915245,Democracy & Governance,100
continuous_d23,1974,190601,US-1966-MIRANDA,1966,8,0.2530116677491048,0.014441705803081049,Criminal Justice & Guns,100
continuous_d23,1974,190601,US-1967-KATZ,1967,7,0.23388153892558172,0.007541991080285145,Civil Liberties,100
continuous_d23,1974,190601,US-1967-LOVING,1967,7,0.3036948876743044,-0.06996197338387035,Civil Rights,100
continuous_d23,1974,190601,US-1968-FAIR-HOUSING,1968,6,0.33140624553514075,-0.08052854262029767,Civil Rights,100
continuous_d23,1974,190601,US-1968-GUN-CONTROL,1968,6,0.2806392902209042,0.039528753540087565,Criminal Justice & Guns,99
continuous_d23,1974,190601,US-1968-TERRY,1968,6,0.3872453436894485,-0.033672973645658084,Criminal Justice & Guns,100
continuous_d23,1974,190601,US-1969-BRANDENBURG,1969,5,0.22492257768401358,0.022317162241507652,Civil Liberties,100
continuous_d23,1974,190601,US-1969-NEPA,1969,5,0.2863480563623154,-0.1127736268931151,Environment & Energy,100
continuous_d23,1974,190601,US-1969-TINKER,1969,5,0.33078342910694863,0.17364163086119797,Civil Liberties,100
continuous_d23,1974,190601,US-1970-CLEAN-AIR,1970,4,0.14023395669308836,-0.03530028460307976,Environment & Energy,100
continuous_d23,1974,190601,US-1970-CSA,1970,4,0.3058142710050072,0.06466921727363259,Criminal Justice & Guns,99
continuous_d23,1974,190601,US-1970-OSHA,1970,4,0.4208201416947176,-0.07781915281795142,Labor,100
continuous_d23,1974,190601,US-1971-26TH,1971,3,0.45521992081964413,-0.031685191045864404,Democracy & Governance,100
continuous_d23,1974,190601,US-1971-FECA,1971,3,0.3527918778881229,0.011153193882477415,Democracy & Governance,100
continuous_d23,1974,190601,US-1971-LEMON,1971,3,0.2951003923076972,0.06899573674666605,Civil Liberties,100
continuous_d23,1974,190601,US-1971-PENTAGON-PAPERS,1971,3,0.07832229327371794,0.06459858904849157,Civil Liberties,100
continuous_d23,1974,190601,US-1972-CLEAN-WATER,1972,2,0.2504448153239437,0.026081986649065633,Environment & Energy,100
continuous_d23,1974,190601,US-1972-FURMAN,1972,2,0.33003136925362875,-0.10229169455563498,Criminal Justice & Guns,100
continuous_d23,1974,190601,US-1972-TITLE-IX,1972,2,0.29445658907294214,-0.0706902095540349,Civil Rights,100
continuous_d23,1974,190601,US-1972-YODER,1972,2,0.294652842755085,0.04876488844823903,Civil Liberties,100
continuous_d23,1974,190601,US-1973-ESA,1973,1,0.38801806832905134,0.07002530054829072,Environment & Energy,100
continuous_d23,1974,190601,US-1973-REHABILITATION,1973,1,0.30307346843782185,-0.11034474985789412,Civil Rights,100
continuous_d23,1974,190601,US-1973-RODRIGUEZ,1973,1,0.33044542072934713,-0.029763514742849047,Health/Welfare/Educ,100
continuous_d23,1974,190601,US-1973-ROE,1973,1,0.29141216428592387,-0.05256240208601571,Civil Liberties,100
continuous_d23,1974,190601,US-1973-WAR-POWERS,1973,1,0.2433041013658173,-0.06290018806046817,Democracy & Governance,100
continuous_d23,1974,190601,US-1974-ECOA,1974,0,0.29625328049426747,-0.06175103224029826,Economy & Finance,100
continuous_d23,1974,190601,US-1974-ERISA,1974,0,0.42899668921353235,-0.08339069029214868,Labor,100
continuous_d23,1974,190601,US-1974-MILLIKEN,1974,0,0.277753512799405,-0.15603812890931185,Civil Rights,100
continuous_d23,1974,190601,US-1974-PRIVACY-ACT,1974,0,0.25593923221384723,0.08252378394362343,Civil Liberties,100
continuous_d23,1974,190601,US-1975-IDEA,1975,-1,0.3487068368482413,0.02547208295174015,Civil Rights,100
continuous_d23,1974,190601,US-1975-ISDEAA,1975,-1,0.2875123710681759,-0.020654496326521984,Civil Rights,100
continuous_d23,1974,190601,US-1976-BUCKLEY,1976,-2,0.3497235785474551,0.06271514863759212,Democracy & Governance,99
continuous_d23,1974,190601,US-1976-GREGG,1976,-2,0.4025148267320182,-0.041009371683351566,Criminal Justice & Guns,100
continuous_d23,1974,190601,US-1976-TSCA,1976,-2,0.24089279959706653,-0.042728393470179246,Environment & Energy,100
continuous_d23,1974,190601,US-1977-CRA,1977,-3,0.2842954146010788,0.02309803420907925,Health/Welfare/Educ,100
continuous_d23,1974,190601,US-1977-FED-DUAL-MANDATE,1977,-3,0.40004375307247886,-0.008263229358935595,Economy & Finance,100
continuous_d23,1974,190601,US-1978-AIRLINE-DEREG,1978,-4,0.26743004799446835,-0.020810316124233737,Economy & Finance,100
continuous_d23,1974,190601,US-1978-BAKKE,1978,-4,0.25416586253601486,0.07254231950721901,Civil Rights,99
continuous_d23,1974,190601,US-1978-FISA,1978,-4,0.3383969471909425,0.013250566699511777,Civil Liberties,100
continuous_d23,1974,190601,US-1978-HUMPHREY-HAWKINS,1978,-4,0.3415638441531909,-0.08037205084913865,Economy & Finance,100
continuous_d23,1974,190601,US-1978-ICWA,1978,-4,0.36312298521226877,0.0007432049433431484,Civil Rights,100
continuous_d23,1974,190601,US-1978-PREGNANCY-DISCRIM,1978,-4,0.2980246956538015,-0.10941450080486355,Civil Rights,100
continuous_d23,1974,190601,US-1980-CERCLA,1980,-6,0.3216766594447854,-0.08476571742500537,Environment & Energy,100
continuous_d23,1974,190601,US-1980-DIDMCA,1980,-6,0.4016841830827323,0.04621283751287177,Economy & Finance,99
continuous_d23,1974,190601,US-1980-REFUGEE-ACT,1980,-6,0.40429405791012324,-0.08194125190341009,Immigration,100
continuous_d23,1974,190601,US-1983-CHADHA,1983,-9,0.3031893704210917,-0.07650005515569597,Civil Liberties,100
continuous_d23,1974,190601,US-1984-CHEVRON,1984,-10,0.3503619479948734,-0.1126982083519788,Democracy & Governance,100
continuous_d23,1974,190601,US-1984-SENTENCING,1984,-10,0.3055467432785563,-0.02946713927425411,Criminal Justice & Guns,100
continuous_d23,1974,190601,US-1986-BOWERS,1986,-12,0.2793481075263951,-0.04428727113191314,Civil Liberties,100
continuous_d23,1974,190601,US-1986-IRCA,1986,-12,0.3954447915181596,0.07972639037121274,Immigration,99
continuous_d23,1974,190601,US-1986-TAX-REFORM,1986,-12,0.4294129325836704,0.09771796618564203,Economy & Finance,100
continuous_d23,1974,190601,US-1988-CIVIL-LIBERTIES-ACT,1988,-14,0.21865972791018937,-0.025462403245628176,Civil Rights,100
continuous_d23,1974,190601,US-1990-ADA,1990,-16,0.38370442354194767,-0.03584301938142619,Civil Rights,100
continuous_d23,1974,190601,US-1990-CLEAN-AIR-AMEND,1990,-16,0.4216729160014975,-0.06173821450033259,Environment & Energy,100
continuous_d23,1974,190601,US-1991-CIVIL-RIGHTS-ACT,1991,-17,0.32512907219675385,-0.10314364188107186,Civil Rights,100
continuous_d23,1974,190601,US-1992-CASEY,1992,-18,0.343141595304321,-0.0698983485912569,Civil Liberties,100
continuous_d23,1974,190601,US-1993-BRADY,1993,-19,0.325073147535079,0.0665455280013605,Criminal Justice & Guns,99
continuous_d23,1974,190601,US-1993-FMLA,1993,-19,0.42991063650547245,-0.05224520573664372,Labor,100
continuous_d23,1974,190601,US-1993-NVRA,1993,-19,0.4155481406746883,-0.06324168383798479,Democracy & Governance,99
continuous_d23,1974,190601,US-1994-CRIME-BILL,1994,-20,0.3968984602094447,-0.05832390463724716,Criminal Justice & Guns,98
continuous_d23,1974,190601,US-1994-NAFTA,1994,-20,0.38164451982255904,0.018348091666815013,Economy & Finance,100
continuous_d23,1974,190601,US-1994-VAWA,1994,-20,0.24439018315655037,-0.13091994704772508,Civil Rights,100
continuous_d23,1974,190601,US-1956-BANK-HOLDING-COMPANY-ACT,1956,18,0.2787108440852127,0.04991141531117415,Economy & Finance,100
continuous_d23,1974,190601,US-1957-YATES,1957,17,0.21743936582729184,0.04920665271167445,Civil Liberties,100
continuous_d23,1974,190601,US-1958-NDEA,1958,16,0.5421440965725638,0.016891441734278666,Health/Welfare/Educ,100
continuous_d23,1974,190601,US-1958-NASA-ACT,1958,16,0.3133428184805645,-0.04222385509662903,Environment & Energy,100
continuous_d23,1974,190601,US-1958-COOPER,1958,16,0.229993869989462,-0.06347706548839828,Civil Rights,100
continuous_d23,1974,190601,US-1961-PEACE-CORPS,1961,13,0.3738120318284407,0.025885378751466615,Natl Security & Foreign,100
continuous_d23,1974,190601,US-1968-OMNIBUS-CRIME-CONTROL,1968,6,0.36873133487552623,0.10524494359470625,Criminal Justice & Guns,100
continuous_d23,1974,190601,US-1968-TRUTH-IN-LENDING,1968,6,0.3696411778275052,-0.013675682937583594,Economy & Finance,100
continuous_d23,1974,190601,US-1970-FCRA,1970,4,0.27172970082824743,-0.0032760209447453476,Civil Liberties,100
continuous_d23,1974,190601,US-1972-CPSA,1972,2,0.33314179217213086,-0.0874823080913101,Economy & Finance,100
continuous_d23,1974,190601,US-1975-EPCA,1975,-1,0.34570074510110416,-0.035950341502156945,Environment & Energy,99
continuous_d23,1974,190601,US-1987-DOLE,1987,-13,0.22942077569746278,0.011822233489565025,Economy & Finance,100
continuous_d23,1974,190601,US-1957-EO10730,1957,17,0.18453491845827788,-0.1497898345069846,Civil Rights,100
continuous_d23,1974,190601,US-1963-TEST-BAN-TREATY,1963,11,0.33152335070370015,-0.0848095440880412,Natl Security & Foreign,100
continuous_d23,1974,190601,US-1964-TONKIN-GULF,1964,10,0.17011067421828716,-0.03630217446392463,Natl Security & Foreign,100
continuous_d23,1974,190601,US-1967-ADEA,1967,7,0.2903186618753059,0.042733092856250765,Civil Rights,100
continuous_d23,1974,190601,US-1970-BANK-SECRECY,1970,4,0.3024906224553267,-0.01904952923822809,Economy & Finance,99
continuous_d23,1974,190601,US-1971-ANCSA,1971,3,0.36665433524543595,-0.010717467775527078,Civil Rights,99
continuous_d23,1974,190601,US-1978-AIRFA,1978,-4,0.23154962935123016,0.031854763659487306,Civil Rights,100
continuous_d23,1974,190601,US-1982-VRA-AMENDMENTS,1982,-8,0.3726581240034584,-0.08719200434604858,Democracy & Governance,100
continuous_d23,1974,190601,US-1990-IMMIGRATION-ACT,1990,-16,0.404040587307731,0.054537883087554286,Immigration,100
continuous_d23,1974,190601,US-1993-RFRA,1993,-19,0.2794126133490768,-0.0647338026038092,Civil Liberties,97
continuous_d23,1975,191532,US-1956-HIGHWAY,1956,19,0.28564136903422654,-0.07738267414263582,Environment & Energy,100
continuous_d23,1975,191532,US-1957-CIVIL-RIGHTS-ACT,1957,18,0.3534186623202442,-0.05861183669023783,Civil Rights,100
continuous_d23,1975,191532,US-1961-MAPP,1961,14,0.33114689616795895,-0.07479360329398319,Criminal Justice & Guns,100
continuous_d23,1975,191532,US-1962-BAKER,1962,13,0.3553284912065515,-0.06608976175432649,Democracy & Governance,100
continuous_d23,1975,191532,US-1962-ENGEL,1962,13,0.3157307425929023,-0.08221792000233812,Civil Liberties,100
continuous_d23,1975,191532,US-1962-KEFAUVER-HARRIS,1962,13,0.3035656399658098,-0.0754355523938084,Economy & Finance,100
continuous_d23,1975,191532,US-1963-EQUAL-PAY,1963,12,0.3327576100878625,-0.11605050727057163,Civil Rights,99
continuous_d23,1975,191532,US-1963-GIDEON,1963,12,0.34083052303128,-0.06616940257814521,Criminal Justice & Guns,100
continuous_d23,1975,191532,US-1964-24TH-AMENDMENT,1964,11,0.3027480001717448,-0.0661836298755988,Democracy & Governance,100
continuous_d23,1975,191532,US-1964-CIVIL-RIGHTS-ACT,1964,11,0.3829726326544278,-0.11456914304669207,Civil Rights,100
continuous_d23,1975,191532,US-1964-ECONOMIC-OPPORTUNITY,1964,11,0.333662282325056,-0.0730155747231651,Health/Welfare/Educ,99
continuous_d23,1975,191532,US-1964-HEART-ATLANTA,1964,11,0.33816273162731214,-0.06277988166416758,Civil Rights,100
continuous_d23,1975,191532,US-1964-NYT-SULLIVAN,1964,11,0.3522600107963704,-0.05566077382171964,Civil Liberties,100
continuous_d23,1975,191532,US-1964-REYNOLDS,1964,11,0.3601737684263868,-0.08180319727787984,Democracy & Governance,100
continuous_d23,1975,191532,US-1965-ESEA,1965,10,0.32835242782894514,-0.06229479784869882,Health/Welfare/Educ,100
continuous_d23,1975,191532,US-1965-GRISWOLD,1965,10,0.3021638308617571,-0.0765274813451235,Civil Liberties,99
continuous_d23,1975,191532,US-1965-HART-CELLER,1965,10,0.39114427303706234,-0.1353086719963254,Immigration,100
continuous_d23,1975,191532,US-1965-MEDICARE-MEDICAID,1965,10,0.34605793759384035,-0.056584243188862515,Health/Welfare/Educ,99
continuous_d23,1975,191532,US-1965-VRA,1965,10,0.31602513719201275,-0.06535817438181893,Democracy & Governance,100
continuous_d23,1975,191532,US-1966-FOIA,1966,9,0.3153595745659104,-0.07183191510247801,Democracy & Governance,100
continuous_d23,1975,191532,US-1966-HARPER,1966,9,0.35516664284513166,-0.0749694176046198,Democracy & Governance,100
continuous_d23,1975,191532,US-1966-MIRANDA,1966,9,0.3619764355263833,-0.07952378568106795,Criminal Justice & Guns,100
continuous_d23,1975,191532,US-1967-KATZ,1967,8,0.32772259659831154,-0.08349176932076534,Civil Liberties,100
continuous_d23,1975,191532,US-1967-LOVING,1967,8,0.32822016556625344,-0.09627657174010533,Civil Rights,100
continuous_d23,1975,191532,US-1968-FAIR-HOUSING,1968,7,0.33970741049658393,-0.1249818186880392,Civil Rights,100
continuous_d23,1975,191532,US-1968-GUN-CONTROL,1968,7,0.34950161245695505,-0.06815014071141232,Criminal Justice & Guns,99
continuous_d23,1975,191532,US-1968-TERRY,1968,7,0.3056033654477845,-0.06327659368700088,Criminal Justice & Guns,100
continuous_d23,1975,191532,US-1969-BRANDENBURG,1969,6,0.35586700229966467,-0.0615207998420754,Civil Liberties,100
continuous_d23,1975,191532,US-1969-NEPA,1969,6,0.33090151120226335,-0.05231309705197724,Environment & Energy,100
continuous_d23,1975,191532,US-1969-TINKER,1969,6,0.38301379173261607,-0.055910791157703074,Civil Liberties,100
continuous_d23,1975,191532,US-1970-CLEAN-AIR,1970,5,0.3509889335165082,-0.07014631723448121,Environment & Energy,100
continuous_d23,1975,191532,US-1970-CSA,1970,5,0.3613857207256639,-0.11600782138100747,Criminal Justice & Guns,99
continuous_d23,1975,191532,US-1970-OSHA,1970,5,0.320662002844202,-0.0775408495643997,Labor,100
continuous_d23,1975,191532,US-1971-26TH,1971,4,0.3194359321640632,-0.12074550173939476,Democracy & Governance,100
continuous_d23,1975,191532,US-1971-FECA,1971,4,0.33247641847365517,-0.05581619718108605,Democracy & Governance,100
continuous_d23,1975,191532,US-1971-LEMON,1971,4,0.3179339183432706,-0.06596750024775773,Civil Liberties,100
continuous_d23,1975,191532,US-1971-PENTAGON-PAPERS,1971,4,0.34816864120000707,-0.055500783760311104,Civil Liberties,100
continuous_d23,1975,191532,US-1972-CLEAN-WATER,1972,3,0.33505075567885734,-0.04594392814717978,Environment & Energy,100
continuous_d23,1975,191532,US-1972-FURMAN,1972,3,0.319419517368487,-0.09845842590159722,Criminal Justice & Guns,100
continuous_d23,1975,191532,US-1972-TITLE-IX,1972,3,0.33288990302134386,-0.06989324908918725,Civil Rights,100
continuous_d23,1975,191532,US-1972-YODER,1972,3,0.35424840623389064,-0.06887785328679373,Civil Liberties,100
continuous_d23,1975,191532,US-1973-ESA,1973,2,0.3257517352954997,-0.09324751017682255,Environment & Energy,100
continuous_d23,1975,191532,US-1973-REHABILITATION,1973,2,0.33633914935036957,-0.062111954249631,Civil Rights,100
continuous_d23,1975,191532,US-1973-RODRIGUEZ,1973,2,0.3368113474934083,-0.06741085910205614,Health/Welfare/Educ,100
continuous_d23,1975,191532,US-1973-ROE,1973,2,0.3183925874628204,-0.06498021547818894,Civil Liberties,100
continuous_d23,1975,191532,US-1973-WAR-POWERS,1973,2,0.34954552500627356,-0.06208802322005706,Democracy & Governance,100
continuous_d23,1975,191532,US-1974-ECOA,1974,1,0.4110083284601864,-0.13217346993860363,Economy & Finance,100
continuous_d23,1975,191532,US-1974-ERISA,1974,1,0.3388574846563671,-0.048001655345521685,Labor,100
continuous_d23,1975,191532,US-1974-MILLIKEN,1974,1,0.3863458810604219,-0.05451465011479439,Civil Rights,100
continuous_d23,1975,191532,US-1974-PRIVACY-ACT,1974,1,0.3432829126367484,-0.0636459782128424,Civil Liberties,100
continuous_d23,1975,191532,US-1975-IDEA,1975,0,0.3346944175014201,-0.062061240335172435,Civil Rights,100
continuous_d23,1975,191532,US-1975-ISDEAA,1975,0,0.31954023346780036,-0.06594627893480895,Civil Rights,100
continuous_d23,1975,191532,US-1976-BUCKLEY,1976,-1,0.3989839164164957,-0.13179264214720968,Democracy & Governance,99
continuous_d23,1975,191532,US-1976-GREGG,1976,-1,0.2966038219603109,-0.07608199564291271,Criminal Justice & Guns,100
continuous_d23,1975,191532,US-1976-TSCA,1976,-1,0.32023621846697753,-0.07498691926769217,Environment & Energy,100
continuous_d23,1975,191532,US-1977-CRA,1977,-2,0.3340258914458056,-0.06256979962894117,Health/Welfare/Educ,100
continuous_d23,1975,191532,US-1977-FED-DUAL-MANDATE,1977,-2,0.323471815439991,-0.09053175065327113,Economy & Finance,100
continuous_d23,1975,191532,US-1978-AIRLINE-DEREG,1978,-3,0.33200554132458615,-0.08271747475429893,Economy & Finance,100
continuous_d23,1975,191532,US-1978-BAKKE,1978,-3,0.34668940059105074,-0.10030525928694459,Civil Rights,99
continuous_d23,1975,191532,US-1978-FISA,1978,-3,0.3861659619224869,-0.098372606567496,Civil Liberties,100
continuous_d23,1975,191532,US-1978-HUMPHREY-HAWKINS,1978,-3,0.3561797647707131,-0.08175952503439492,Economy & Finance,100
continuous_d23,1975,191532,US-1978-ICWA,1978,-3,0.3299620483986704,-0.06852197778666175,Civil Rights,100
continuous_d23,1975,191532,US-1978-PREGNANCY-DISCRIM,1978,-3,0.31177682321952355,-0.07461137288977268,Civil Rights,100
continuous_d23,1975,191532,US-1980-CERCLA,1980,-5,0.3845119683032816,-0.0629370383909777,Environment & Energy,100
continuous_d23,1975,191532,US-1980-DIDMCA,1980,-5,0.3591973128574006,-0.07150421997571975,Economy & Finance,99
continuous_d23,1975,191532,US-1980-REFUGEE-ACT,1980,-5,0.3650304727279937,-0.111646706678704,Immigration,100
continuous_d23,1975,191532,US-1983-CHADHA,1983,-8,0.35220660982847746,-0.07197777820570278,Civil Liberties,100
continuous_d23,1975,191532,US-1984-CHEVRON,1984,-9,0.3829976774698736,-0.07479644394417292,Democracy & Governance,100
continuous_d23,1975,191532,US-1984-SENTENCING,1984,-9,0.3336028172863604,-0.06801877436097685,Criminal Justice & Guns,100
continuous_d23,1975,191532,US-1986-BOWERS,1986,-11,0.3550599925564955,-0.06351247019750508,Civil Liberties,100
continuous_d23,1975,191532,US-1986-IRCA,1986,-11,0.369057144129002,-0.08626347490635615,Immigration,99
continuous_d23,1975,191532,US-1986-TAX-REFORM,1986,-11,0.32499893348653636,-0.06407326113391985,Economy & Finance,100
continuous_d23,1975,191532,US-1988-CIVIL-LIBERTIES-ACT,1988,-13,0.3549593077202189,-0.05237165432552818,Civil Rights,100
continuous_d23,1975,191532,US-1990-ADA,1990,-15,0.33466656865432687,-0.05941388950430118,Civil Rights,100
continuous_d23,1975,191532,US-1990-CLEAN-AIR-AMEND,1990,-15,0.33875217838193583,-0.08240565651370549,Environment & Energy,100
continuous_d23,1975,191532,US-1991-CIVIL-RIGHTS-ACT,1991,-16,0.39935131479088704,-0.053191918197236635,Civil Rights,100
continuous_d23,1975,191532,US-1992-CASEY,1992,-17,0.31610810916481186,-0.0760482217734701,Civil Liberties,100
continuous_d23,1975,191532,US-1993-BRADY,1993,-18,0.3314926711659714,-0.058122359752233406,Criminal Justice & Guns,99
continuous_d23,1975,191532,US-1993-FMLA,1993,-18,0.36149443058237546,-0.08192362952235113,Labor,100
continuous_d23,1975,191532,US-1993-NVRA,1993,-18,0.30298938402218234,-0.05494162597952882,Democracy & Governance,99
continuous_d23,1975,191532,US-1994-CRIME-BILL,1994,-19,0.35796718577388714,-0.11159807550824191,Criminal Justice & Guns,98
continuous_d23,1975,191532,US-1994-NAFTA,1994,-19,0.34573618120733884,-0.09704765274559193,Economy & Finance,100
continuous_d23,1975,191532,US-1994-VAWA,1994,-19,0.322062549983969,-0.07646256328705238,Civil Rights,100
continuous_d23,1975,191532,US-1995-LOPEZ,1995,-20,0.33407744871904427,-0.07197705615841242,Democracy & Governance,100
continuous_d23,1975,191532,US-1956-BANK-HOLDING-COMPANY-ACT,1956,19,0.3332269920836638,-0.0431213426884846,Economy & Finance,100
continuous_d23,1975,191532,US-1957-YATES,1957,18,0.3479268966625319,-0.05417675279390226,Civil Liberties,100
continuous_d23,1975,191532,US-1958-NDEA,1958,17,0.3798811196892218,-0.1296131720329838,Health/Welfare/Educ,100
continuous_d23,1975,191532,US-1958-NASA-ACT,1958,17,0.3516821572657537,-0.06770953758311633,Environment & Energy,100
continuous_d23,1975,191532,US-1958-COOPER,1958,17,0.3502202249070085,-0.06967481624862779,Civil Rights,100
continuous_d23,1975,191532,US-1961-PEACE-CORPS,1961,14,0.3502426237297908,-0.07766781533365444,Natl Security & Foreign,100
continuous_d23,1975,191532,US-1968-OMNIBUS-CRIME-CONTROL,1968,7,0.34907953975771444,-0.0460896031823209,Criminal Justice & Guns,100
continuous_d23,1975,191532,US-1968-TRUTH-IN-LENDING,1968,7,0.3643430835408457,-0.05833552121770755,Economy & Finance,100
continuous_d23,1975,191532,US-1970-FCRA,1970,5,0.3399247794336848,-0.06047516519083335,Civil Liberties,100
continuous_d23,1975,191532,US-1972-CPSA,1972,3,0.31627556706281157,-0.07044555489957718,Economy & Finance,100
continuous_d23,1975,191532,US-1975-EPCA,1975,0,0.33396157908641055,-0.059799486836364865,Environment & Energy,99
continuous_d23,1975,191532,US-1987-DOLE,1987,-12,0.3335605169189362,-0.05419479284837386,Economy & Finance,100
continuous_d23,1975,191532,US-1957-EO10730,1957,18,0.34964463250460326,-0.11448930664060848,Civil Rights,100
continuous_d23,1975,191532,US-1963-TEST-BAN-TREATY,1963,12,0.36124407853993373,-0.13747960777073628,Natl Security & Foreign,100
continuous_d23,1975,191532,US-1964-TONKIN-GULF,1964,11,0.3535853856656367,-0.06432197640800986,Natl Security & Foreign,100
continuous_d23,1975,191532,US-1967-ADEA,1967,8,0.3527506990859287,-0.06826749708573635,Civil Rights,100
continuous_d23,1975,191532,US-1970-BANK-SECRECY,1970,5,0.3834233531801485,-0.04308965325438269,Economy & Finance,99
continuous_d23,1975,191532,US-1971-ANCSA,1971,4,0.35939305776690816,-0.08988622732558574,Civil Rights,99
continuous_d23,1975,191532,US-1978-AIRFA,1978,-3,0.3029399911812449,-0.08670234861069936,Civil Rights,100
continuous_d23,1975,191532,US-1982-VRA-AMENDMENTS,1982,-7,0.3746243442416351,-0.0585105706874055,Democracy & Governance,100
continuous_d23,1975,191532,US-1990-IMMIGRATION-ACT,1990,-15,0.3921356195367127,-0.05883654599992899,Immigration,100
continuous_d23,1975,191532,US-1993-RFRA,1993,-18,0.3729615772020018,-0.05546244363736195,Civil Liberties,97
continuous_d23,1976,192458,US-1956-HIGHWAY,1956,20,0.5808962318466442,-0.09832873588133431,Environment & Energy,100
continuous_d23,1976,192458,US-1957-CIVIL-RIGHTS-ACT,1957,19,0.7782469266174923,-0.08732517250441241,Civil Rights,100
continuous_d23,1976,192458,US-1961-MAPP,1961,15,0.4639905511330914,-0.11304821227119323,Criminal Justice & Guns,100
continuous_d23,1976,192458,US-1962-BAKER,1962,14,0.6068880477663731,-0.11888808395603316,Democracy & Governance,100
continuous_d23,1976,192458,US-1962-ENGEL,1962,14,0.5127709497611341,-0.12915188080418372,Civil Liberties,100
continuous_d23,1976,192458,US-1962-KEFAUVER-HARRIS,1962,14,0.5344033228686524,-0.07366601247839402,Economy & Finance,100
continuous_d23,1976,192458,US-1963-EQUAL-PAY,1963,13,0.5617660921623691,-0.114638934502826,Civil Rights,99
continuous_d23,1976,192458,US-1963-GIDEON,1963,13,0.6127962600591195,-0.09338919992085745,Criminal Justice & Guns,100
continuous_d23,1976,192458,US-1964-24TH-AMENDMENT,1964,12,0.5299918200285982,-0.13933575410520224,Democracy & Governance,100
continuous_d23,1976,192458,US-1964-CIVIL-RIGHTS-ACT,1964,12,0.6288263095401956,-0.10675186359452901,Civil Rights,100
continuous_d23,1976,192458,US-1964-ECONOMIC-OPPORTUNITY,1964,12,0.709927895030118,-0.09640264208398155,Health/Welfare/Educ,99
continuous_d23,1976,192458,US-1964-HEART-ATLANTA,1964,12,0.6432527014374356,-0.10729041404111675,Civil Rights,100
continuous_d23,1976,192458,US-1964-NYT-SULLIVAN,1964,12,0.42944861771970855,-0.13734415797641433,Civil Liberties,100
continuous_d23,1976,192458,US-1964-REYNOLDS,1964,12,0.6287883167950743,-0.07821487468196675,Democracy & Governance,100
continuous_d23,1976,192458,US-1965-ESEA,1965,11,0.6795180237075205,-0.10177296473721043,Health/Welfare/Educ,100
continuous_d23,1976,192458,US-1965-GRISWOLD,1965,11,0.5624398408435637,-0.13451070894383244,Civil Liberties,99
continuous_d23,1976,192458,US-1965-HART-CELLER,1965,11,0.63601980305497,-0.10392991616901232,Immigration,100
continuous_d23,1976,192458,US-1965-MEDICARE-MEDICAID,1965,11,0.6762463491321974,-0.08603108951059919,Health/Welfare/Educ,99
continuous_d23,1976,192458,US-1965-VRA,1965,11,0.5902135862796556,-0.050768683788243125,Democracy & Governance,100
continuous_d23,1976,192458,US-1966-FOIA,1966,10,0.611782980060898,-0.09996161508433231,Democracy & Governance,100
continuous_d23,1976,192458,US-1966-HARPER,1966,10,0.679857462280696,-0.12969262738395054,Democracy & Governance,100
continuous_d23,1976,192458,US-1966-MIRANDA,1966,10,0.5228746343658659,-0.10458699235857123,Criminal Justice & Guns,100
continuous_d23,1976,192458,US-1967-KATZ,1967,9,0.4990209312039553,-0.12123488388800965,Civil Liberties,100
continuous_d23,1976,192458,US-1967-LOVING,1967,9,0.6615603729675421,-0.15686193933822024,Civil Rights,100
continuous_d23,1976,192458,US-1968-FAIR-HOUSING,1968,8,0.5412570220629862,-0.09337605285145649,Civil Rights,100
continuous_d23,1976,192458,US-1968-GUN-CONTROL,1968,8,0.6388833111091432,-0.10207869603282066,Criminal Justice & Guns,99
continuous_d23,1976,192458,US-1968-TERRY,1968,8,0.580743550716167,-0.103304003148108,Criminal Justice & Guns,100
continuous_d23,1976,192458,US-1969-BRANDENBURG,1969,7,0.541105582400802,-0.12231443634670988,Civil Liberties,100
continuous_d23,1976,192458,US-1969-NEPA,1969,7,0.5216317353924026,-0.10339565995906583,Environment & Energy,100
continuous_d23,1976,192458,US-1969-TINKER,1969,7,0.6263608764020779,-0.05982452557053082,Civil Liberties,100
continuous_d23,1976,192458,US-1970-CLEAN-AIR,1970,6,0.7123945723037052,-0.08972065579646016,Environment & Energy,100
continuous_d23,1976,192458,US-1970-CSA,1970,6,0.565471332449411,-0.08461520086738014,Criminal Justice & Guns,99
continuous_d23,1976,192458,US-1970-OSHA,1970,6,0.6702505869867459,-0.11014270687718397,Labor,100
continuous_d23,1976,192458,US-1971-26TH,1971,5,0.7216602989734762,-0.11785384601729045,Democracy & Governance,100
continuous_d23,1976,192458,US-1971-FECA,1971,5,0.7240389685456188,-0.08389201648165667,Democracy & Governance,100
continuous_d23,1976,192458,US-1971-LEMON,1971,5,0.6112739246958342,-0.11668744609615599,Civil Liberties,100
continuous_d23,1976,192458,US-1971-PENTAGON-PAPERS,1971,5,0.3027355041461742,-0.07511258607372336,Civil Liberties,100
continuous_d23,1976,192458,US-1972-CLEAN-WATER,1972,4,0.5513178371080049,-0.07357648423626842,Environment & Energy,100
continuous_d23,1976,192458,US-1972-FURMAN,1972,4,0.714811180377914,-0.14037238656299594,Criminal Justice & Guns,100
continuous_d23,1976,192458,US-1972-TITLE-IX,1972,4,0.6234066275073389,-0.12610942183384202,Civil Rights,100
continuous_d23,1976,192458,US-1972-YODER,1972,4,0.6211401869253751,-0.14584719348023334,Civil Liberties,100
continuous_d23,1976,192458,US-1973-ESA,1973,3,0.5814905666706404,-0.07136566938897211,Environment & Energy,100
continuous_d23,1976,192458,US-1973-REHABILITATION,1973,3,0.5653422028609952,-0.06234364586723674,Civil Rights,100
continuous_d23,1976,192458,US-1973-RODRIGUEZ,1973,3,0.6968025149046198,-0.10372315454197169,Health/Welfare/Educ,100
continuous_d23,1976,192458,US-1973-ROE,1973,3,0.5979027188115089,-0.0971106704861303,Civil Liberties,100
continuous_d23,1976,192458,US-1973-WAR-POWERS,1973,3,0.6943255491667886,-0.12613787917296754,Democracy & Governance,100
continuous_d23,1976,192458,US-1974-ECOA,1974,2,0.5051950134238757,-0.10971900986723386,Economy & Finance,100
continuous_d23,1976,192458,US-1974-ERISA,1974,2,0.7246705989773452,-0.11361421594988372,Labor,100
continuous_d23,1976,192458,US-1974-MILLIKEN,1974,2,0.5999049648734122,-0.10745794810007761,Civil Rights,100
continuous_d23,1976,192458,US-1974-PRIVACY-ACT,1974,2,0.594574659205533,-0.045005006226289355,Civil Liberties,100
continuous_d23,1976,192458,US-1975-IDEA,1975,1,0.6716179983996825,-0.03518844336603565,Civil Rights,100
continuous_d23,1976,192458,US-1975-ISDEAA,1975,1,0.5989638308428461,-0.09877556194231438,Civil Rights,100
continuous_d23,1976,192458,US-1976-BUCKLEY,1976,0,0.6619213127656888,-0.07538773327816545,Democracy & Governance,99
continuous_d23,1976,192458,US-1976-GREGG,1976,0,0.6663465422587821,-0.07904792438999399,Criminal Justice & Guns,100
continuous_d23,1976,192458,US-1976-TSCA,1976,0,0.636678872638836,-0.07327286762171586,Environment & Energy,100
continuous_d23,1976,192458,US-1977-CRA,1977,-1,0.6777036848864348,-0.08925861310587649,Health/Welfare/Educ,100
continuous_d23,1976,192458,US-1977-FED-DUAL-MANDATE,1977,-1,0.7901972962672495,-0.10273677174589943,Economy & Finance,100
continuous_d23,1976,192458,US-1978-AIRLINE-DEREG,1978,-2,0.5344553447263716,-0.11790894898746357,Economy & Finance,100
continuous_d23,1976,192458,US-1978-BAKKE,1978,-2,0.584248795855085,-0.11579873919180186,Civil Rights,99
continuous_d23,1976,192458,US-1978-FISA,1978,-2,0.6069080431205386,-0.11451255471920875,Civil Liberties,100
continuous_d23,1976,192458,US-1978-HUMPHREY-HAWKINS,1978,-2,0.6889909748925005,-0.12990865461132534,Economy & Finance,100
continuous_d23,1976,192458,US-1978-ICWA,1978,-2,0.632667982738736,-0.07006647145527001,Civil Rights,100
continuous_d23,1976,192458,US-1978-PREGNANCY-DISCRIM,1978,-2,0.6662528545965616,-0.14626678562277384,Civil Rights,100
continuous_d23,1976,192458,US-1980-CERCLA,1980,-4,0.5830822574181558,-0.09792315375894152,Environment & Energy,100
continuous_d23,1976,192458,US-1980-DIDMCA,1980,-4,0.7469363817072512,-0.08539207304505309,Economy & Finance,99
continuous_d23,1976,192458,US-1980-REFUGEE-ACT,1980,-4,0.6552864121012708,-0.09729208994349639,Immigration,100
continuous_d23,1976,192458,US-1983-CHADHA,1983,-7,0.739445616062069,-0.10807809309197075,Civil Liberties,100
continuous_d23,1976,192458,US-1984-CHEVRON,1984,-8,0.7328846300237761,-0.11130908997606923,Democracy & Governance,100
continuous_d23,1976,192458,US-1984-SENTENCING,1984,-8,0.7228636144112999,-0.07125316520489357,Criminal Justice & Guns,100
continuous_d23,1976,192458,US-1986-BOWERS,1986,-10,0.5694858098198964,-0.14632905226943277,Civil Liberties,100
continuous_d23,1976,192458,US-1986-IRCA,1986,-10,0.6638773350239854,-0.08360239771506094,Immigration,99
continuous_d23,1976,192458,US-1986-TAX-REFORM,1986,-10,0.7168086879517999,-0.07270806616331117,Economy & Finance,100
continuous_d23,1976,192458,US-1988-CIVIL-LIBERTIES-ACT,1988,-12,0.6634028011381129,-0.10168152530843548,Civil Rights,100
continuous_d23,1976,192458,US-1990-ADA,1990,-14,0.6998920536978883,-0.07073331516930442,Civil Rights,100
continuous_d23,1976,192458,US-1990-CLEAN-AIR-AMEND,1990,-14,0.6568276460705527,-0.09172181847627177,Environment & Energy,100
continuous_d23,1976,192458,US-1991-CIVIL-RIGHTS-ACT,1991,-15,0.7675535424296899,-0.12320305535436293,Civil Rights,100
continuous_d23,1976,192458,US-1992-CASEY,1992,-16,0.6242080226240124,-0.14579875304955567,Civil Liberties,100
continuous_d23,1976,192458,US-1993-BRADY,1993,-17,0.6250647662445822,-0.09659799500145426,Criminal Justice & Guns,99
continuous_d23,1976,192458,US-1993-FMLA,1993,-17,0.6631515296170355,-0.077871444482927,Labor,100
continuous_d23,1976,192458,US-1993-NVRA,1993,-17,0.6832537439467086,-0.09669667644409481,Democracy & Governance,99
continuous_d23,1976,192458,US-1994-CRIME-BILL,1994,-18,0.7334935165698376,-0.08231228626539762,Criminal Justice & Guns,98
continuous_d23,1976,192458,US-1994-NAFTA,1994,-18,0.6335034974816769,-0.09946207104700878,Economy & Finance,100
continuous_d23,1976,192458,US-1994-VAWA,1994,-18,0.5949835235494737,-0.15440188426492266,Civil Rights,100
continuous_d23,1976,192458,US-1995-LOPEZ,1995,-19,0.7154861699764925,-0.11376661187699372,Democracy & Governance,100
continuous_d23,1976,192458,US-1996-DOMA,1996,-20,0.6101586581874369,-0.13844858788910494,Civil Rights,100
continuous_d23,1976,192458,US-1996-PRWORA,1996,-20,0.7340624479364847,-0.10231451951438027,Health/Welfare/Educ,100
continuous_d23,1976,192458,US-1996-TELECOM,1996,-20,0.6747420003989406,-0.11971602923081581,Democracy & Governance,100
continuous_d23,1976,192458,US-1956-BANK-HOLDING-COMPANY-ACT,1956,20,0.6411749945684694,-0.11537672329838917,Economy & Finance,100
continuous_d23,1976,192458,US-1957-YATES,1957,19,0.5961545282087287,-0.18778054023978413,Civil Liberties,100
continuous_d23,1976,192458,US-1958-NDEA,1958,18,0.7644281400273276,-0.06783483003033547,Health/Welfare/Educ,100
continuous_d23,1976,192458,US-1958-NASA-ACT,1958,18,0.7025630706728566,-0.1469319680555185,Environment & Energy,100
continuous_d23,1976,192458,US-1958-COOPER,1958,18,0.6690208841357809,-0.09240620008791041,Civil Rights,100
continuous_d23,1976,192458,US-1961-PEACE-CORPS,1961,15,0.6594716359360282,-0.1111360774248796,Natl Security & Foreign,100
continuous_d23,1976,192458,US-1968-OMNIBUS-CRIME-CONTROL,1968,8,0.6741328973456379,-0.05711692755635402,Criminal Justice & Guns,100
continuous_d23,1976,192458,US-1968-TRUTH-IN-LENDING,1968,8,0.631225834423892,-0.11114989806706076,Economy & Finance,100
continuous_d23,1976,192458,US-1970-FCRA,1970,6,0.6381369192040232,-0.1042711236616751,Civil Liberties,100
continuous_d23,1976,192458,US-1972-CPSA,1972,4,0.6867189166025579,-0.11722945464176761,Economy & Finance,100
continuous_d23,1976,192458,US-1975-EPCA,1975,1,0.6629454944523889,-0.09449149737247851,Environment & Energy,99
continuous_d23,1976,192458,US-1987-DOLE,1987,-11,0.6193042302993882,-0.07647357304958395,Economy & Finance,100
continuous_d23,1976,192458,US-1957-EO10730,1957,19,0.5240990836203835,-0.09214719846315468,Civil Rights,100
continuous_d23,1976,192458,US-1963-TEST-BAN-TREATY,1963,13,0.5795868881341681,-0.07726603512254523,Natl Security & Foreign,100
continuous_d23,1976,192458,US-1964-TONKIN-GULF,1964,12,0.5009807154704133,-0.11175186430277587,Natl Security & Foreign,100
continuous_d23,1976,192458,US-1967-ADEA,1967,9,0.6854803100045282,-0.10337801653173552,Civil Rights,100
continuous_d23,1976,192458,US-1970-BANK-SECRECY,1970,6,0.705304711632858,-0.0994954157828229,Economy & Finance,99
continuous_d23,1976,192458,US-1971-ANCSA,1971,5,0.72171287830299,-0.07596826195504781,Civil Rights,99
continuous_d23,1976,192458,US-1978-AIRFA,1978,-2,0.7046608039457277,-0.0729390850786423,Civil Rights,100
continuous_d23,1976,192458,US-1982-VRA-AMENDMENTS,1982,-6,0.7386796724368314,-0.10081652981464702,Democracy & Governance,100
continuous_d23,1976,192458,US-1990-IMMIGRATION-ACT,1990,-14,0.7800428550650367,-0.05583818027003347,Immigration,100
continuous_d23,1976,192458,US-1993-RFRA,1993,-17,0.7169826117910133,-0.11684531328504826,Civil Liberties,97
continuous_d23,1976,192458,US-1996-AEDPA,1996,-20,0.6939120074674412,-0.09986688669081442,Criminal Justice & Guns,98
continuous_d23,1976,192458,US-1996-IIRIRA,1996,-20,0.7672586612715915,-0.06903826630248677,Immigration,100
continuous_d23,1977,193419,US-1957-CIVIL-RIGHTS-ACT,1957,20,0.13544473496560328,-0.27526940871517575,Civil Rights,100
continuous_d23,1977,193419,US-1961-MAPP,1961,16,0.10895359669991127,-0.17745169847082296,Criminal Justice & Guns,100
continuous_d23,1977,193419,US-1962-BAKER,1962,15,0.11896987293316823,-0.24081363272762157,Democracy & Governance,100
continuous_d23,1977,193419,US-1962-ENGEL,1962,15,0.16886362858640966,-0.21974742496087996,Civil Liberties,100
continuous_d23,1977,193419,US-1962-KEFAUVER-HARRIS,1962,15,0.15296543136412885,-0.2151326539280727,Economy & Finance,100
continuous_d23,1977,193419,US-1963-EQUAL-PAY,1963,14,0.13550905898180887,-0.2464510333359066,Civil Rights,99
continuous_d23,1977,193419,US-1963-GIDEON,1963,14,0.11004293073363935,-0.2343432796037139,Criminal Justice & Guns,100
continuous_d23,1977,193419,US-1964-24TH-AMENDMENT,1964,13,0.1877735889458415,-0.2695515477047562,Democracy & Governance,100
continuous_d23,1977,193419,US-1964-CIVIL-RIGHTS-ACT,1964,13,0.11373979246524196,-0.23742308466126397,Civil Rights,100
continuous_d23,1977,193419,US-1964-ECONOMIC-OPPORTUNITY,1964,13,0.22620765951658298,-0.2384300353268729,Health/Welfare/Educ,99
continuous_d23,1977,193419,US-1964-HEART-ATLANTA,1964,13,0.16539125855085005,-0.23922850377273847,Civil Rights,100
continuous_d23,1977,193419,US-1964-NYT-SULLIVAN,1964,13,0.0780904403198539,-0.17018724475166697,Civil Liberties,100
continuous_d23,1977,193419,US-1964-REYNOLDS,1964,13,0.1393091168490937,-0.19136723510165574,Democracy & Governance,100
continuous_d23,1977,193419,US-1965-ESEA,1965,12,0.19976583100335216,-0.19001319545621922,Health/Welfare/Educ,100
continuous_d23,1977,193419,US-1965-GRISWOLD,1965,12,0.14559509112217242,-0.25608547679710386,Civil Liberties,99
continuous_d23,1977,193419,US-1965-HART-CELLER,1965,12,0.18292582035338983,-0.23998897060300128,Immigration,100
continuous_d23,1977,193419,US-1965-MEDICARE-MEDICAID,1965,12,0.1459302939052076,-0.2524297485836762,Health/Welfare/Educ,99
continuous_d23,1977,193419,US-1965-VRA,1965,12,0.13233663065977155,-0.11923870453517788,Democracy & Governance,100
continuous_d23,1977,193419,US-1966-FOIA,1966,11,0.16585936138889187,-0.2128822881189366,Democracy & Governance,100
continuous_d23,1977,193419,US-1966-HARPER,1966,11,0.19114582163844848,-0.22299233606475763,Democracy & Governance,100
continuous_d23,1977,193419,US-1966-MIRANDA,1966,11,0.1324954384840502,-0.22359779960469467,Criminal Justice & Guns,100
continuous_d23,1977,193419,US-1967-KATZ,1967,10,0.08457435711363777,-0.25022546505534043,Civil Liberties,100
continuous_d23,1977,193419,US-1967-LOVING,1967,10,0.16693632055388075,-0.2496673226716285,Civil Rights,100
continuous_d23,1977,193419,US-1968-FAIR-HOUSING,1968,9,0.16070845911616616,-0.2388299491377946,Civil Rights,100
continuous_d23,1977,193419,US-1968-GUN-CONTROL,1968,9,0.20162618170180543,-0.2739745810958149,Criminal Justice & Guns,99
continuous_d23,1977,193419,US-1968-TERRY,1968,9,0.17303962149973437,-0.21629489345213038,Criminal Justice & Guns,100
continuous_d23,1977,193419,US-1969-BRANDENBURG,1969,8,0.12328356892751435,-0.12679491571742985,Civil Liberties,100
continuous_d23,1977,193419,US-1969-NEPA,1969,8,0.10496899473279245,-0.21104994338002278,Environment & Energy,100
continuous_d23,1977,193419,US-1969-TINKER,1969,8,0.2175788784871051,-0.058055316020348614,Civil Liberties,100
continuous_d23,1977,193419,US-1970-CLEAN-AIR,1970,7,0.190268057352574,-0.30993504806731326,Environment & Energy,100
continuous_d23,1977,193419,US-1970-CSA,1970,7,0.19616260475334985,-0.21206626391667588,Criminal Justice & Guns,99
continuous_d23,1977,193419,US-1970-OSHA,1970,7,0.19596131966081135,-0.2613405887462183,Labor,100
continuous_d23,1977,193419,US-1971-26TH,1971,6,0.24117828177148629,-0.2463467816097685,Democracy & Governance,100
continuous_d23,1977,193419,US-1971-FECA,1971,6,0.17852515043647949,-0.19358182919906405,Democracy & Governance,100
continuous_d23,1977,193419,US-1971-LEMON,1971,6,0.16088746183024116,-0.21175942320554003,Civil Liberties,100
continuous_d23,1977,193419,US-1971-PENTAGON-PAPERS,1971,6,0.08686400496916516,-0.17702471570048328,Civil Liberties,100
continuous_d23,1977,193419,US-1972-CLEAN-WATER,1972,5,0.14013115524349118,-0.162523896555425,Environment & Energy,100
continuous_d23,1977,193419,US-1972-FURMAN,1972,5,0.21110195082410393,-0.2569782200366701,Criminal Justice & Guns,100
continuous_d23,1977,193419,US-1972-TITLE-IX,1972,5,0.18111058505431918,-0.2766760369912922,Civil Rights,100
continuous_d23,1977,193419,US-1972-YODER,1972,5,0.18872132861144483,-0.28321588763115463,Civil Liberties,100
continuous_d23,1977,193419,US-1973-ESA,1973,4,0.20073498641465817,-0.21140400920271962,Environment & Energy,100
continuous_d23,1977,193419,US-1973-REHABILITATION,1973,4,0.16196531033380113,-0.1794207682626422,Civil Rights,100
continuous_d23,1977,193419,US-1973-RODRIGUEZ,1973,4,0.20419317306919207,-0.22368752897451905,Health/Welfare/Educ,100
continuous_d23,1977,193419,US-1973-ROE,1973,4,0.17511541543114167,-0.25565343117063494,Civil Liberties,100
continuous_d23,1977,193419,US-1973-WAR-POWERS,1973,4,0.11061424155643039,-0.24191519528557343,Democracy & Governance,100
continuous_d23,1977,193419,US-1974-ECOA,1974,3,0.15670625624410695,-0.253594777584928,Economy & Finance,100
continuous_d23,1977,193419,US-1974-ERISA,1974,3,0.19670661241936466,-0.28041361079343946,Labor,100
continuous_d23,1977,193419,US-1974-MILLIKEN,1974,3,0.10219068137104761,-0.24116873208165163,Civil Rights,100
continuous_d23,1977,193419,US-1974-PRIVACY-ACT,1974,3,0.17517275906537205,0.009546806239713284,Civil Liberties,100
continuous_d23,1977,193419,US-1975-IDEA,1975,2,0.14478192062298378,-0.0714020562721672,Civil Rights,100
continuous_d23,1977,193419,US-1975-ISDEAA,1975,2,0.15658156622722103,-0.19808562559878723,Civil Rights,100
continuous_d23,1977,193419,US-1976-BUCKLEY,1976,1,0.2523940891763497,-0.11391777049853213,Democracy & Governance,99
continuous_d23,1977,193419,US-1976-GREGG,1976,1,0.25322437171280837,-0.25006163146891613,Criminal Justice & Guns,100
continuous_d23,1977,193419,US-1976-TSCA,1976,1,0.16450524116750934,-0.2735998236374422,Environment & Energy,100
continuous_d23,1977,193419,US-1977-CRA,1977,0,0.15142918782957684,-0.2195557078711712,Health/Welfare/Educ,100
continuous_d23,1977,193419,US-1977-FED-DUAL-MANDATE,1977,0,0.18941370706946553,-0.21233504152820049,Economy & Finance,100
continuous_d23,1977,193419,US-1978-AIRLINE-DEREG,1978,-1,0.16195077766805555,-0.2635748145826703,Economy & Finance,100
continuous_d23,1977,193419,US-1978-BAKKE,1978,-1,0.2373389392078915,-0.22277313548832764,Civil Rights,99
continuous_d23,1977,193419,US-1978-FISA,1978,-1,0.09481403411124616,-0.22025031777452306,Civil Liberties,100
continuous_d23,1977,193419,US-1978-HUMPHREY-HAWKINS,1978,-1,0.1619308821025543,-0.29193566525340225,Economy & Finance,100
continuous_d23,1977,193419,US-1978-ICWA,1978,-1,0.19268831652053994,-0.23652932185121467,Civil Rights,100
continuous_d23,1977,193419,US-1978-PREGNANCY-DISCRIM,1978,-1,0.2982728978410648,-0.31079085260132766,Civil Rights,100
continuous_d23,1977,193419,US-1980-CERCLA,1980,-3,0.15882365413527424,-0.24516350312368182,Environment & Energy,100
continuous_d23,1977,193419,US-1980-DIDMCA,1980,-3,0.23105499840749558,-0.22160973462335778,Economy & Finance,99
continuous_d23,1977,193419,US-1980-REFUGEE-ACT,1980,-3,0.1674656642241352,-0.2574019103805426,Immigration,100
continuous_d23,1977,193419,US-1983-CHADHA,1983,-6,0.144161398851182,-0.2695666685445007,Civil Liberties,100
continuous_d23,1977,193419,US-1984-CHEVRON,1984,-7,0.14642129292424969,-0.22106791443452192,Democracy & Governance,100
continuous_d23,1977,193419,US-1984-SENTENCING,1984,-7,0.14008772306062306,-0.216798749947495,Criminal Justice & Guns,100
continuous_d23,1977,193419,US-1986-BOWERS,1986,-9,0.13053630413920042,-0.24646720112637552,Civil Liberties,100
continuous_d23,1977,193419,US-1986-IRCA,1986,-9,0.16447288023246193,-0.20530968313751882,Immigration,99
continuous_d23,1977,193419,US-1986-TAX-REFORM,1986,-9,0.17819386970915693,-0.19680731891381384,Economy & Finance,100
continuous_d23,1977,193419,US-1988-CIVIL-LIBERTIES-ACT,1988,-11,0.09902242253242641,-0.22056647572682186,Civil Rights,100
continuous_d23,1977,193419,US-1990-ADA,1990,-13,0.15302192398187942,-0.10007642205987745,Civil Rights,100
continuous_d23,1977,193419,US-1990-CLEAN-AIR-AMEND,1990,-13,0.23031784010832443,-0.23721578671956567,Environment & Energy,100
continuous_d23,1977,193419,US-1991-CIVIL-RIGHTS-ACT,1991,-14,0.23873650910002187,-0.25900614169530217,Civil Rights,100
continuous_d23,1977,193419,US-1992-CASEY,1992,-15,0.18817458380275237,-0.3170461403322602,Civil Liberties,100
continuous_d23,1977,193419,US-1993-BRADY,1993,-16,0.10782858383466377,-0.2379690951350577,Criminal Justice & Guns,99
continuous_d23,1977,193419,US-1993-FMLA,1993,-16,0.17436277743544598,-0.25412952211961803,Labor,100
continuous_d23,1977,193419,US-1993-NVRA,1993,-16,0.16995748121324405,-0.2645490065109264,Democracy & Governance,99
continuous_d23,1977,193419,US-1994-CRIME-BILL,1994,-17,0.32058359638302636,-0.25508008226812473,Criminal Justice & Guns,98
continuous_d23,1977,193419,US-1994-NAFTA,1994,-17,0.1795095892709505,-0.16406637047015682,Economy & Finance,100
continuous_d23,1977,193419,US-1994-VAWA,1994,-17,0.19268375554513517,-0.26787124589334105,Civil Rights,100
continuous_d23,1977,193419,US-1995-LOPEZ,1995,-18,0.17585621535328858,-0.2588563961052445,Democracy & Governance,100
continuous_d23,1977,193419,US-1996-DOMA,1996,-19,0.19280946558054146,-0.2568279207780612,Civil Rights,100
continuous_d23,1977,193419,US-1996-PRWORA,1996,-19,0.22661288669952043,-0.23752090872835377,Health/Welfare/Educ,100
continuous_d23,1977,193419,US-1996-TELECOM,1996,-19,0.22046868690765264,-0.21037468014354033,Democracy & Governance,100
continuous_d23,1977,193419,US-1997-PRINTZ,1997,-20,0.11478613221625668,-0.23222821970677834,Democracy & Governance,100
continuous_d23,1977,193419,US-1957-YATES,1957,20,0.16185235587952365,-0.21307190302279885,Civil Liberties,100
continuous_d23,1977,193419,US-1958-NDEA,1958,19,0.2814397481135553,-0.24734053749614607,Health/Welfare/Educ,100
continuous_d23,1977,193419,US-1958-NASA-ACT,1958,19,0.16936314919466303,-0.2602859058640102,Environment & Energy,100
continuous_d23,1977,193419,US-1958-COOPER,1958,19,0.16674503343543787,-0.18730268205827538,Civil Rights,100
continuous_d23,1977,193419,US-1961-PEACE-CORPS,1961,16,0.23746420479847416,-0.2034509724196375,Natl Security & Foreign,100
continuous_d23,1977,193419,US-1968-OMNIBUS-CRIME-CONTROL,1968,9,0.21889303892338835,-0.2280644155845109,Criminal Justice & Guns,100
continuous_d23,1977,193419,US-1968-TRUTH-IN-LENDING,1968,9,0.1073228485573157,-0.23659677580364302,Economy & Finance,100
continuous_d23,1977,193419,US-1970-FCRA,1970,7,0.14646987049018656,-0.27030877974721745,Civil Liberties,100
continuous_d23,1977,193419,US-1972-CPSA,1972,5,0.18125520514055296,-0.24864872083149667,Economy & Finance,100
continuous_d23,1977,193419,US-1975-EPCA,1975,2,0.1597957336554394,-0.23030381496417052,Environment & Energy,99
continuous_d23,1977,193419,US-1987-DOLE,1987,-10,0.1387660510496408,-0.2614287166246168,Economy & Finance,100
continuous_d23,1977,193419,US-1997-RENO-ACLU,1997,-20,0.22822325877914224,-0.24597934867357338,Civil Liberties,100
continuous_d23,1977,193419,US-1957-EO10730,1957,20,0.1538028475442263,-0.20157045651041,Civil Rights,100
continuous_d23,1977,193419,US-1963-TEST-BAN-TREATY,1963,14,0.14337901613649037,-0.21834973935554688,Natl Security & Foreign,100
continuous_d23,1977,193419,US-1964-TONKIN-GULF,1964,13,0.11643178563229073,-0.21145139679232525,Natl Security & Foreign,100
continuous_d23,1977,193419,US-1967-ADEA,1967,10,0.19083900086929198,-0.2590654748604762,Civil Rights,100
continuous_d23,1977,193419,US-1970-BANK-SECRECY,1970,7,0.13705692887636492,-0.2405522275845633,Economy & Finance,99
continuous_d23,1977,193419,US-1971-ANCSA,1971,6,0.1525890798127935,-0.17104376119881304,Civil Rights,99
continuous_d23,1977,193419,US-1978-AIRFA,1978,-1,0.1670525133900541,-0.22747179106278675,Civil Rights,100
continuous_d23,1977,193419,US-1982-VRA-AMENDMENTS,1982,-5,0.21864669351417956,-0.1806994970306824,Democracy & Governance,100
continuous_d23,1977,193419,US-1990-IMMIGRATION-ACT,1990,-13,0.21977348277499073,-0.20233584742890273,Immigration,100
continuous_d23,1977,193419,US-1993-RFRA,1993,-16,0.11078935102503398,-0.24257921280177344,Civil Liberties,97
continuous_d23,1977,193419,US-1996-AEDPA,1996,-19,0.18009164925961912,-0.2829465081563307,Criminal Justice & Guns,98
continuous_d23,1977,193419,US-1996-IIRIRA,1996,-19,0.27468654273048154,-0.23637414903110482,Immigration,100
continuous_d23,1978,194357,US-1961-MAPP,1961,17,0.6551601392256172,0.06471188076368309,Criminal Justice & Guns,100
continuous_d23,1978,194357,US-1962-BAKER,1962,16,0.6220749456945535,-0.12162928246199693,Democracy & Governance,100
continuous_d23,1978,194357,US-1962-ENGEL,1962,16,0.6930126754137287,0.031410850664825206,Civil Liberties,100
continuous_d23,1978,194357,US-1962-KEFAUVER-HARRIS,1962,16,0.7530628749167104,-0.04754705709657824,Economy & Finance,100
continuous_d23,1978,194357,US-1963-EQUAL-PAY,1963,15,0.7350782879262142,-0.07464189322422947,Civil Rights,99
continuous_d23,1978,194357,US-1963-GIDEON,1963,15,0.6891081293871514,-0.14019563617760786,Criminal Justice & Guns,100
continuous_d23,1978,194357,US-1964-24TH-AMENDMENT,1964,14,0.652545649313606,-0.16887055850221888,Democracy & Governance,100
continuous_d23,1978,194357,US-1964-CIVIL-RIGHTS-ACT,1964,14,0.725453855583001,-0.048164886458096384,Civil Rights,100
continuous_d23,1978,194357,US-1964-ECONOMIC-OPPORTUNITY,1964,14,0.7216444758266242,-0.0331307926712842,Health/Welfare/Educ,99
continuous_d23,1978,194357,US-1964-HEART-ATLANTA,1964,14,0.6603904019968094,-0.08621967595150329,Civil Rights,100
continuous_d23,1978,194357,US-1964-NYT-SULLIVAN,1964,14,0.6450989991153497,-0.05598855399439988,Civil Liberties,100
continuous_d23,1978,194357,US-1964-REYNOLDS,1964,14,0.5995513807583623,-0.0626962143925059,Democracy & Governance,100
continuous_d23,1978,194357,US-1965-ESEA,1965,13,0.6720080074173618,-0.0416262005285263,Health/Welfare/Educ,100
continuous_d23,1978,194357,US-1965-GRISWOLD,1965,13,0.5466817752466244,-0.12086318529156626,Civil Liberties,99
continuous_d23,1978,194357,US-1965-HART-CELLER,1965,13,0.6630888321814871,-0.051306065362702616,Immigration,100
continuous_d23,1978,194357,US-1965-MEDICARE-MEDICAID,1965,13,0.6209781595770555,-0.1034557658467911,Health/Welfare/Educ,99
continuous_d23,1978,194357,US-1965-VRA,1965,13,0.5582606660218513,-0.14234479914187986,Democracy & Governance,100
continuous_d23,1978,194357,US-1966-FOIA,1966,12,0.6423463416265607,0.004861127066063307,Democracy & Governance,100
continuous_d23,1978,194357,US-1966-HARPER,1966,12,0.6170668010882864,-0.08462947559208787,Democracy & Governance,100
continuous_d23,1978,194357,US-1966-MIRANDA,1966,12,0.5807952540390776,-0.1039722483899749,Criminal Justice & Guns,100
continuous_d23,1978,194357,US-1967-KATZ,1967,11,0.4614275098208718,0.0013519636879962304,Civil Liberties,100
continuous_d23,1978,194357,US-1967-LOVING,1967,11,0.6951513833983816,-0.10734849358580043,Civil Rights,100
continuous_d23,1978,194357,US-1968-FAIR-HOUSING,1968,10,0.7023270131699274,-0.13268370720786682,Civil Rights,100
continuous_d23,1978,194357,US-1968-GUN-CONTROL,1968,10,0.6898075692189997,-0.1188315917344364,Criminal Justice & Guns,99
continuous_d23,1978,194357,US-1968-TERRY,1968,10,0.6595524077202927,-0.035008653578777846,Criminal Justice & Guns,100
continuous_d23,1978,194357,US-1969-BRANDENBURG,1969,9,0.640315869297865,0.00781270387834106,Civil Liberties,100
continuous_d23,1978,194357,US-1969-NEPA,1969,9,0.5748186868098799,-0.15803108250246506,Environment & Energy,100
continuous_d23,1978,194357,US-1969-TINKER,1969,9,0.6108924875284721,0.03674079084147011,Civil Liberties,100
continuous_d23,1978,194357,US-1970-CLEAN-AIR,1970,8,0.5273999879669398,-0.19328522437473475,Environment & Energy,100
continuous_d23,1978,194357,US-1970-CSA,1970,8,0.692854275833834,0.01777141350112735,Criminal Justice & Guns,99
continuous_d23,1978,194357,US-1970-OSHA,1970,8,0.8018821713810068,-0.1391443992998567,Labor,100
continuous_d23,1978,194357,US-1971-26TH,1971,7,0.7226253095397546,-0.07104023484501991,Democracy & Governance,100
continuous_d23,1978,194357,US-1971-FECA,1971,7,0.786114045769711,-0.052039607796013375,Democracy & Governance,100
continuous_d23,1978,194357,US-1971-LEMON,1971,7,0.6159483381703095,-0.03881177126697716,Civil Liberties,100
continuous_d23,1978,194357,US-1971-PENTAGON-PAPERS,1971,7,0.401555348561262,-0.019816828955015676,Civil Liberties,100
continuous_d23,1978,194357,US-1972-CLEAN-WATER,1972,6,0.5973296659060207,-0.04761759324892676,Environment & Energy,100
continuous_d23,1978,194357,US-1972-FURMAN,1972,6,0.6782333785874529,-0.06347454755917456,Criminal Justice & Guns,100
continuous_d23,1978,194357,US-1972-TITLE-IX,1972,6,0.7737002422625945,-0.12229866531376352,Civil Rights,100
continuous_d23,1978,194357,US-1972-YODER,1972,6,0.6409193926452889,-0.09590829113914841,Civil Liberties,100
continuous_d23,1978,194357,US-1973-ESA,1973,5,0.7053087969739853,-0.017527262386132267,Environment & Energy,100
continuous_d23,1978,194357,US-1973-REHABILITATION,1973,5,0.7180710507397354,-0.15557429996209504,Civil Rights,100
continuous_d23,1978,194357,US-1973-RODRIGUEZ,1973,5,0.74665282773999,-0.029853460453763598,Health/Welfare/Educ,100
continuous_d23,1978,194357,US-1973-ROE,1973,5,0.653599634202017,-0.09157076040834447,Civil Liberties,100
continuous_d23,1978,194357,US-1973-WAR-POWERS,1973,5,0.5113248865482904,-0.10135567985233078,Democracy & Governance,100
continuous_d23,1978,194357,US-1974-ECOA,1974,4,0.6855113512017728,-0.04548866722884335,Economy & Finance,100
continuous_d23,1978,194357,US-1974-ERISA,1974,4,0.7355455797748088,-0.17832745211123835,Labor,100
continuous_d23,1978,194357,US-1974-MILLIKEN,1974,4,0.6497916162811382,-0.141590734574826,Civil Rights,100
continuous_d23,1978,194357,US-1974-PRIVACY-ACT,1974,4,0.6030471892342963,0.10539889160422215,Civil Liberties,100
continuous_d23,1978,194357,US-1975-IDEA,1975,3,0.773331874430317,-0.06486055332873195,Civil Rights,100
continuous_d23,1978,194357,US-1975-ISDEAA,1975,3,0.5869116111651865,-0.1411950142287799,Civil Rights,100
continuous_d23,1978,194357,US-1976-BUCKLEY,1976,2,0.8057057314508225,0.03448981301192378,Democracy & Governance,99
continuous_d23,1978,194357,US-1976-GREGG,1976,2,0.719920085983944,-0.055999322304811285,Criminal Justice & Guns,100
continuous_d23,1978,194357,US-1976-TSCA,1976,2,0.5541434051417621,-0.11184160856437353,Environment & Energy,100
continuous_d23,1978,194357,US-1977-CRA,1977,1,0.5899460719577024,-0.1181566471843024,Health/Welfare/Educ,100
continuous_d23,1978,194357,US-1977-FED-DUAL-MANDATE,1977,1,0.7207113310701645,-0.13266351400437615,Economy & Finance,100
continuous_d23,1978,194357,US-1978-AIRLINE-DEREG,1978,0,0.622294689772203,-0.13508369334691894,Economy & Finance,100
continuous_d23,1978,194357,US-1978-BAKKE,1978,0,0.6424574938803848,-0.0835407456021975,Civil Rights,99
continuous_d23,1978,194357,US-1978-FISA,1978,0,0.551316594044958,-0.02364691469824918,Civil Liberties,100
continuous_d23,1978,194357,US-1978-HUMPHREY-HAWKINS,1978,0,0.578274208754008,-0.19640328403963803,Economy & Finance,100
continuous_d23,1978,194357,US-1978-ICWA,1978,0,0.7644444171178627,-0.1088570614636258,Civil Rights,100
continuous_d23,1978,194357,US-1978-PREGNANCY-DISCRIM,1978,0,0.8143936372375578,-0.0822646013238111,Civil Rights,100
continuous_d23,1978,194357,US-1980-CERCLA,1980,-2,0.6825284436715475,-0.10921936551793955,Environment & Energy,100
continuous_d23,1978,194357,US-1980-DIDMCA,1980,-2,0.6225281592744071,-0.022312751623782257,Economy & Finance,99
continuous_d23,1978,194357,US-1980-REFUGEE-ACT,1980,-2,0.6318774682159063,-0.10915074780215113,Immigration,100
continuous_d23,1978,194357,US-1983-CHADHA,1983,-5,0.5909848311527487,-0.1163259598093795,Civil Liberties,100
continuous_d23,1978,194357,US-1984-CHEVRON,1984,-6,0.7448555320484505,-0.08974690087218544,Democracy & Governance,100
continuous_d23,1978,194357,US-1984-SENTENCING,1984,-6,0.6888333024136927,-0.06431516938185607,Criminal Justice & Guns,100
continuous_d23,1978,194357,US-1986-BOWERS,1986,-8,0.6154270124338688,-0.06804201850424131,Civil Liberties,100
continuous_d23,1978,194357,US-1986-IRCA,1986,-8,0.6742288402695618,-0.010673165362174742,Immigration,99
continuous_d23,1978,194357,US-1986-TAX-REFORM,1986,-8,0.6778232183217554,0.04837539084376126,Economy & Finance,100
continuous_d23,1978,194357,US-1988-CIVIL-LIBERTIES-ACT,1988,-10,0.5798731192450637,-0.024864543829800335,Civil Rights,100
continuous_d23,1978,194357,US-1990-ADA,1990,-12,0.7829369562969609,-0.036990457946527555,Civil Rights,100
continuous_d23,1978,194357,US-1990-CLEAN-AIR-AMEND,1990,-12,0.7335445890005693,-0.09259753716739731,Environment & Energy,100
continuous_d23,1978,194357,US-1991-CIVIL-RIGHTS-ACT,1991,-13,0.7628526323228086,-0.11759377705873357,Civil Rights,100
continuous_d23,1978,194357,US-1992-CASEY,1992,-14,0.7268919824621993,-0.18455193227847025,Civil Liberties,100
continuous_d23,1978,194357,US-1993-BRADY,1993,-15,0.6278855498220113,-0.053320731232381624,Criminal Justice & Guns,99
continuous_d23,1978,194357,US-1993-FMLA,1993,-15,0.685931979222341,-0.11648471613403227,Labor,100
continuous_d23,1978,194357,US-1993-NVRA,1993,-15,0.6063945067019955,-0.14363720752932382,Democracy & Governance,99
continuous_d23,1978,194357,US-1994-CRIME-BILL,1994,-16,0.7237221904276624,-0.06205932442854384,Criminal Justice & Guns,98
continuous_d23,1978,194357,US-1994-NAFTA,1994,-16,0.5736303646204447,-0.04859551121682764,Economy & Finance,100
continuous_d23,1978,194357,US-1994-VAWA,1994,-16,0.6630651193465142,-0.1456697790224422,Civil Rights,100
continuous_d23,1978,194357,US-1995-LOPEZ,1995,-17,0.5754703578607746,-0.046923444570982575,Democracy & Governance,100
continuous_d23,1978,194357,US-1996-DOMA,1996,-18,0.7349989107513448,-0.15411876647752934,Civil Rights,100
continuous_d23,1978,194357,US-1996-PRWORA,1996,-18,0.7277627924143016,-0.04321544812232745,Health/Welfare/Educ,100
continuous_d23,1978,194357,US-1996-TELECOM,1996,-18,0.6967089863396236,-0.029390162293833077,Democracy & Governance,100
continuous_d23,1978,194357,US-1997-PRINTZ,1997,-19,0.6219875411063417,-0.07715828563114649,Democracy & Governance,100
continuous_d23,1978,194357,US-1958-NDEA,1958,20,0.7706534679140836,-0.024384006444905078,Health/Welfare/Educ,100
continuous_d23,1978,194357,US-1958-NASA-ACT,1958,20,0.5637627530128223,-0.053141984544332145,Environment & Energy,100
continuous_d23,1978,194357,US-1958-COOPER,1958,20,0.5604065910926807,-0.08537997092300881,Civil Rights,100
continuous_d23,1978,194357,US-1961-PEACE-CORPS,1961,17,0.6294200825139685,-0.038847763371136136,Natl Security & Foreign,100
continuous_d23,1978,194357,US-1968-OMNIBUS-CRIME-CONTROL,1968,10,0.6710666637554367,0.029565466113113587,Criminal Justice & Guns,100
continuous_d23,1978,194357,US-1968-TRUTH-IN-LENDING,1968,10,0.6329043667097437,-0.04123616844550516,Economy & Finance,100
continuous_d23,1978,194357,US-1970-FCRA,1970,8,0.6477413365154164,-0.19803477063684052,Civil Liberties,100
continuous_d23,1978,194357,US-1972-CPSA,1972,6,0.648882658308816,-0.11772436636543626,Economy & Finance,100
continuous_d23,1978,194357,US-1975-EPCA,1975,3,0.558686379725896,-0.06973848061498766,Environment & Energy,99
continuous_d23,1978,194357,US-1987-DOLE,1987,-9,0.45734319809823637,-0.041367353749982946,Economy & Finance,100
continuous_d23,1978,194357,US-1997-RENO-ACLU,1997,-19,0.7191745669966119,-0.10553994701997023,Civil Liberties,100
continuous_d23,1978,194357,US-1963-TEST-BAN-TREATY,1963,15,0.5593017734454024,-0.10285508868499768,Natl Security & Foreign,100
continuous_d23,1978,194357,US-1964-TONKIN-GULF,1964,14,0.37574275688604963,-0.042792627341270234,Natl Security & Foreign,100
continuous_d23,1978,194357,US-1967-ADEA,1967,11,0.7061014434660854,-0.01985781396094697,Civil Rights,100
continuous_d23,1978,194357,US-1970-BANK-SECRECY,1970,8,0.6460698748712298,-0.07756527551418907,Economy & Finance,99
continuous_d23,1978,194357,US-1971-ANCSA,1971,7,0.6696233811465375,-0.10109813217368757,Civil Rights,99
continuous_d23,1978,194357,US-1978-AIRFA,1978,0,0.6474671053250175,-0.053762044501553696,Civil Rights,100
continuous_d23,1978,194357,US-1982-VRA-AMENDMENTS,1982,-4,0.5616277226912173,-0.08138349661097165,Democracy & Governance,100
continuous_d23,1978,194357,US-1990-IMMIGRATION-ACT,1990,-12,0.6349680200934171,0.019657140148928588,Immigration,100
continuous_d23,1978,194357,US-1993-RFRA,1993,-15,0.6048506845664678,-0.10757759866741579,Civil Liberties,97
continuous_d23,1978,194357,US-1996-AEDPA,1996,-18,0.7258241174288131,-0.0811332951743831,Criminal Justice & Guns,98
continuous_d23,1978,194357,US-1996-IIRIRA,1996,-18,0.7098959141739499,-0.047722436503745386,Immigration,100
continuous_d23,1979,195328,US-1961-MAPP,1961,18,0.38133084377289783,-0.16557344066589327,Criminal Justice & Guns,100
continuous_d23,1979,195328,US-1962-BAKER,1962,17,0.3572219993407157,-0.1786919114168142,Democracy & Governance,100
continuous_d23,1979,195328,US-1962-ENGEL,1962,17,0.3861117653677503,-0.16388116058568397,Civil Liberties,100
continuous_d23,1979,195328,US-1962-KEFAUVER-HARRIS,1962,17,0.37586731114726907,-0.17354581632635102,Economy & Finance,100
continuous_d23,1979,195328,US-1963-EQUAL-PAY,1963,16,0.3482430154156378,-0.15447656489062814,Civil Rights,99
continuous_d23,1979,195328,US-1963-GIDEON,1963,16,0.39946711798969325,-0.18117145538956658,Criminal Justice & Guns,100
continuous_d23,1979,195328,US-1964-24TH-AMENDMENT,1964,15,0.376761385261249,-0.19326731653011836,Democracy & Governance,100
continuous_d23,1979,195328,US-1964-CIVIL-RIGHTS-ACT,1964,15,0.3073670658834461,-0.15621286800437673,Civil Rights,100
continuous_d23,1979,195328,US-1964-ECONOMIC-OPPORTUNITY,1964,15,0.3485252981862784,-0.16109414534879662,Health/Welfare/Educ,99
continuous_d23,1979,195328,US-1964-HEART-ATLANTA,1964,15,0.4213076929983046,-0.17587742041988938,Civil Rights,100
continuous_d23,1979,195328,US-1964-NYT-SULLIVAN,1964,15,0.38684666651777827,-0.1607039923967969,Civil Liberties,100
continuous_d23,1979,195328,US-1964-REYNOLDS,1964,15,0.3930788041448394,-0.1726650062928056,Democracy & Governance,100
continuous_d23,1979,195328,US-1965-ESEA,1965,14,0.4006647076425531,-0.17789476324027717,Health/Welfare/Educ,100
continuous_d23,1979,195328,US-1965-GRISWOLD,1965,14,0.39320707617147393,-0.178094290670083,Civil Liberties,99
continuous_d23,1979,195328,US-1965-HART-CELLER,1965,14,0.31982969119073235,-0.17071602643537023,Immigration,100
continuous_d23,1979,195328,US-1965-MEDICARE-MEDICAID,1965,14,0.4116812685119171,-0.17197978161109528,Health/Welfare/Educ,99
continuous_d23,1979,195328,US-1965-VRA,1965,14,0.3655442069387593,-0.17094595448538605,Democracy & Governance,100
continuous_d23,1979,195328,US-1966-FOIA,1966,13,0.4059808043257098,-0.17259565702824906,Democracy & Governance,100
continuous_d23,1979,195328,US-1966-HARPER,1966,13,0.3683592461992548,-0.18403315805698944,Democracy & Governance,100
continuous_d23,1979,195328,US-1966-MIRANDA,1966,13,0.39778100302412567,-0.1828400618974696,Criminal Justice & Guns,100
continuous_d23,1979,195328,US-1967-KATZ,1967,12,0.3426531855162775,-0.18752670984197198,Civil Liberties,100
continuous_d23,1979,195328,US-1967-LOVING,1967,12,0.39132378399391443,-0.16420684451909057,Civil Rights,100
continuous_d23,1979,195328,US-1968-FAIR-HOUSING,1968,11,0.32404821135362105,-0.16604160389604078,Civil Rights,100
continuous_d23,1979,195328,US-1968-GUN-CONTROL,1968,11,0.3701470127080517,-0.17206212067926346,Criminal Justice & Guns,99
continuous_d23,1979,195328,US-1968-TERRY,1968,11,0.3658750619721865,-0.16866675690229818,Criminal Justice & Guns,100
continuous_d23,1979,195328,US-1969-BRANDENBURG,1969,10,0.38386768827886864,-0.174050631811438,Civil Liberties,100
continuous_d23,1979,195328,US-1969-NEPA,1969,10,0.39512116170352407,-0.1619226169123912,Environment & Energy,100
continuous_d23,1979,195328,US-1969-TINKER,1969,10,0.4019097827364843,-0.18993871016337882,Civil Liberties,100
continuous_d23,1979,195328,US-1970-CLEAN-AIR,1970,9,0.3740624923564898,-0.16580951904921534,Environment & Energy,100
continuous_d23,1979,195328,US-1970-CSA,1970,9,0.3295519796452412,-0.13796708153052561,Criminal Justice & Guns,99
continuous_d23,1979,195328,US-1970-OSHA,1970,9,0.3667987264301184,-0.16875373896657056,Labor,100
continuous_d23,1979,195328,US-1971-26TH,1971,8,0.35285800938729367,-0.18007770460755984,Democracy & Governance,100
continuous_d23,1979,195328,US-1971-FECA,1971,8,0.36717531609953424,-0.15472736508645996,Democracy & Governance,100
continuous_d23,1979,195328,US-1971-LEMON,1971,8,0.34783801616101007,-0.18844307359310108,Civil Liberties,100
continuous_d23,1979,195328,US-1971-PENTAGON-PAPERS,1971,8,0.39361639579196833,-0.19354141182023962,Civil Liberties,100
continuous_d23,1979,195328,US-1972-CLEAN-WATER,1972,7,0.37638671955577907,-0.1784753013618619,Environment & Energy,100
continuous_d23,1979,195328,US-1972-FURMAN,1972,7,0.41102989463395234,-0.18586923526561033,Criminal Justice & Guns,100
continuous_d23,1979,195328,US-1972-TITLE-IX,1972,7,0.40870312703304484,-0.18000295487267073,Civil Rights,100
continuous_d23,1979,195328,US-1972-YODER,1972,7,0.3759325224492105,-0.1785863483646596,Civil Liberties,100
continuous_d23,1979,195328,US-1973-ESA,1973,6,0.3225671857425466,-0.15712428489082197,Environment & Energy,100
continuous_d23,1979,195328,US-1973-REHABILITATION,1973,6,0.37506033401556343,-0.18152653913980843,Civil Rights,100
continuous_d23,1979,195328,US-1973-RODRIGUEZ,1973,6,0.40467815397187806,-0.16983584881031802,Health/Welfare/Educ,100
continuous_d23,1979,195328,US-1973-ROE,1973,6,0.3863704375083062,-0.17790048975173473,Civil Liberties,100
continuous_d23,1979,195328,US-1973-WAR-POWERS,1973,6,0.39077095031023645,-0.17841233222231756,Democracy & Governance,100
continuous_d23,1979,195328,US-1974-ECOA,1974,5,0.3010863279553025,-0.15846577375862414,Economy & Finance,100
continuous_d23,1979,195328,US-1974-ERISA,1974,5,0.37178210901211756,-0.1662002500247561,Labor,100
continuous_d23,1979,195328,US-1974-MILLIKEN,1974,5,0.4198818737569415,-0.1676811524556504,Civil Rights,100
continuous_d23,1979,195328,US-1974-PRIVACY-ACT,1974,5,0.4084993403005206,-0.17096447826957678,Civil Liberties,100
continuous_d23,1979,195328,US-1975-IDEA,1975,4,0.3930499812578107,-0.1707754792201744,Civil Rights,100
continuous_d23,1979,195328,US-1975-ISDEAA,1975,4,0.3939248387837472,-0.18484652625995604,Civil Rights,100
continuous_d23,1979,195328,US-1976-BUCKLEY,1976,3,0.2504796311332511,-0.15466926202246353,Democracy & Governance,99
continuous_d23,1979,195328,US-1976-GREGG,1976,3,0.425036070859133,-0.17996610971401691,Criminal Justice & Guns,100
continuous_d23,1979,195328,US-1976-TSCA,1976,3,0.41722483143825334,-0.18863078648280293,Environment & Energy,100
continuous_d23,1979,195328,US-1977-CRA,1977,2,0.400401635277029,-0.19916695462026265,Health/Welfare/Educ,100
continuous_d23,1979,195328,US-1977-FED-DUAL-MANDATE,1977,2,0.3836860191641433,-0.16786482134842004,Economy & Finance,100
continuous_d23,1979,195328,US-1978-AIRLINE-DEREG,1978,1,0.4045460860326721,-0.14907539145925588,Economy & Finance,100
continuous_d23,1979,195328,US-1978-BAKKE,1978,1,0.3188183336206028,-0.18166086656634192,Civil Rights,99
continuous_d23,1979,195328,US-1978-FISA,1978,1,0.38385089293715957,-0.1714417769510255,Civil Liberties,100
continuous_d23,1979,195328,US-1978-HUMPHREY-HAWKINS,1978,1,0.3767837983093434,-0.15922973290254255,Economy & Finance,100
continuous_d23,1979,195328,US-1978-ICWA,1978,1,0.38595287852800053,-0.17561366502104786,Civil Rights,100
continuous_d23,1979,195328,US-1978-PREGNANCY-DISCRIM,1978,1,0.3952784841702438,-0.1800387523061197,Civil Rights,100
continuous_d23,1979,195328,US-1980-CERCLA,1980,-1,0.4048013763716483,-0.1487343643872327,Environment & Energy,100
continuous_d23,1979,195328,US-1980-DIDMCA,1980,-1,0.3700170677868329,-0.17279497411437708,Economy & Finance,99
continuous_d23,1979,195328,US-1980-REFUGEE-ACT,1980,-1,0.27916017655067454,-0.14369302870607245,Immigration,100
continuous_d23,1979,195328,US-1983-CHADHA,1983,-4,0.38954837631592487,-0.17624462880815306,Civil Liberties,100
continuous_d23,1979,195328,US-1984-CHEVRON,1984,-5,0.3791528689122047,-0.1609461391653355,Democracy & Governance,100
continuous_d23,1979,195328,US-1984-SENTENCING,1984,-5,0.38425296609879944,-0.16252574258352454,Criminal Justice & Guns,100
continuous_d23,1979,195328,US-1986-BOWERS,1986,-7,0.4010907319572358,-0.16344728349972193,Civil Liberties,100
continuous_d23,1979,195328,US-1986-IRCA,1986,-7,0.37416361104699514,-0.15168542609516902,Immigration,99
continuous_d23,1979,195328,US-1986-TAX-REFORM,1986,-7,0.3912770613863853,-0.17798136348915136,Economy & Finance,100
continuous_d23,1979,195328,US-1988-CIVIL-LIBERTIES-ACT,1988,-9,0.36564132857664,-0.17455645046967982,Civil Rights,100
continuous_d23,1979,195328,US-1990-ADA,1990,-11,0.3850631280784212,-0.15788063599340907,Civil Rights,100
continuous_d23,1979,195328,US-1990-CLEAN-AIR-AMEND,1990,-11,0.37979755364087936,-0.14624559667440581,Environment & Energy,100
continuous_d23,1979,195328,US-1991-CIVIL-RIGHTS-ACT,1991,-12,0.4048289599186496,-0.16539410329974447,Civil Rights,100
continuous_d23,1979,195328,US-1992-CASEY,1992,-13,0.34507089896369714,-0.18015590837316328,Civil Liberties,100
continuous_d23,1979,195328,US-1993-BRADY,1993,-14,0.3646748344041678,-0.18303193919701233,Criminal Justice & Guns,99
continuous_d23,1979,195328,US-1993-FMLA,1993,-14,0.3315275153270989,-0.1490797905601095,Labor,100
continuous_d23,1979,195328,US-1993-NVRA,1993,-14,0.3860597120329103,-0.16213393088072894,Democracy & Governance,99
continuous_d23,1979,195328,US-1994-CRIME-BILL,1994,-15,0.26737941357484873,-0.13596237641391645,Criminal Justice & Guns,98
continuous_d23,1979,195328,US-1994-NAFTA,1994,-15,0.3661337615454115,-0.17912307288314366,Economy & Finance,100
continuous_d23,1979,195328,US-1994-VAWA,1994,-15,0.39504238621292886,-0.18168590280163502,Civil Rights,100
continuous_d23,1979,195328,US-1995-LOPEZ,1995,-16,0.39607496196376146,-0.18207431119286185,Democracy & Governance,100
continuous_d23,1979,195328,US-1996-DOMA,1996,-17,0.3683645426168213,-0.1822932266557017,Civil Rights,100
continuous_d23,1979,195328,US-1996-PRWORA,1996,-17,0.3692692509399428,-0.17279204207950574,Health/Welfare/Educ,100
continuous_d23,1979,195328,US-1996-TELECOM,1996,-17,0.3939944910924263,-0.17514941916027624,Democracy & Governance,100
continuous_d23,1979,195328,US-1997-PRINTZ,1997,-18,0.4025221216422167,-0.16989407923772895,Democracy & Governance,100
continuous_d23,1979,195328,US-1999-GLBA,1999,-20,0.2858127732862385,-0.1424856695104031,Economy & Finance,100
continuous_d23,1979,195328,US-1961-PEACE-CORPS,1961,18,0.401449806671287,-0.1762279744580825,Natl Security & Foreign,100
continuous_d23,1979,195328,US-1968-OMNIBUS-CRIME-CONTROL,1968,11,0.3419543247044982,-0.18832422011659988,Criminal Justice & Guns,100
continuous_d23,1979,195328,US-1968-TRUTH-IN-LENDING,1968,11,0.37092731127636536,-0.16171873564570685,Economy & Finance,100
continuous_d23,1979,195328,US-1970-FCRA,1970,9,0.3883907662324625,-0.17845114839169196,Civil Liberties,100
continuous_d23,1979,195328,US-1972-CPSA,1972,7,0.3671428678277657,-0.17147463951909991,Economy & Finance,100
continuous_d23,1979,195328,US-1975-EPCA,1975,4,0.34263964682687226,-0.19297997395256944,Environment & Energy,99
continuous_d23,1979,195328,US-1987-DOLE,1987,-8,0.40286661391309875,-0.18326257763311424,Economy & Finance,100
continuous_d23,1979,195328,US-1997-RENO-ACLU,1997,-18,0.3573181738445084,-0.1781238615419353,Civil Liberties,100
continuous_d23,1979,195328,US-1963-TEST-BAN-TREATY,1963,16,0.30272179672027383,-0.14720925354502887,Natl Security & Foreign,100
continuous_d23,1979,195328,US-1964-TONKIN-GULF,1964,15,0.4220621010800989,-0.19373242518599038,Natl Security & Foreign,100
continuous_d23,1979,195328,US-1967-ADEA,1967,12,0.42017624065180426,-0.19258827821975363,Civil Rights,100
continuous_d23,1979,195328,US-1970-BANK-SECRECY,1970,9,0.3942499735302503,-0.1695013582154024,Economy & Finance,99
continuous_d23,1979,195328,US-1971-ANCSA,1971,8,0.37236485998174745,-0.16802607432832434,Civil Rights,99
continuous_d23,1979,195328,US-1978-AIRFA,1978,1,0.4007982570232778,-0.18563538736027094,Civil Rights,100
continuous_d23,1979,195328,US-1982-VRA-AMENDMENTS,1982,-3,0.40242426973041395,-0.1755952720902481,Democracy & Governance,100
continuous_d23,1979,195328,US-1990-IMMIGRATION-ACT,1990,-11,0.41590282421325164,-0.16823184995840873,Immigration,100
continuous_d23,1979,195328,US-1993-RFRA,1993,-14,0.4070590739930651,-0.17410450739968455,Civil Liberties,97
continuous_d23,1979,195328,US-1996-AEDPA,1996,-17,0.4179310272604142,-0.1682573777443324,Criminal Justice & Guns,98
continuous_d23,1979,195328,US-1996-IIRIRA,1996,-17,0.401579704216566,-0.19129893359383765,Immigration,100
continuous_d23,1980,196360,US-1961-MAPP,1961,19,0.6404072741220946,0.2786183372766656,Criminal Justice & Guns,100
continuous_d23,1980,196360,US-1962-BAKER,1962,18,0.6799787410489385,0.10775661927335012,Democracy & Governance,100
continuous_d23,1980,196360,US-1962-ENGEL,1962,18,0.6243174259357926,0.17901565107687042,Civil Liberties,100
continuous_d23,1980,196360,US-1962-KEFAUVER-HARRIS,1962,18,0.6651863399974269,0.15185428074255947,Economy & Finance,100
continuous_d23,1980,196360,US-1963-EQUAL-PAY,1963,17,0.7167667798199894,0.12438961055183298,Civil Rights,99
continuous_d23,1980,196360,US-1963-GIDEON,1963,17,0.7041525785125304,0.06620762479397577,Criminal Justice & Guns,100
continuous_d23,1980,196360,US-1964-24TH-AMENDMENT,1964,16,0.7433138512671481,0.13312553042200764,Democracy & Governance,100
continuous_d23,1980,196360,US-1964-CIVIL-RIGHTS-ACT,1964,16,0.7188297282949092,0.21618616748567682,Civil Rights,100
continuous_d23,1980,196360,US-1964-ECONOMIC-OPPORTUNITY,1964,16,0.7318699793547759,0.12108314695750326,Health/Welfare/Educ,99
continuous_d23,1980,196360,US-1964-HEART-ATLANTA,1964,16,0.6784064266584616,0.1809773889024121,Civil Rights,100
continuous_d23,1980,196360,US-1964-NYT-SULLIVAN,1964,16,0.6082917664811993,0.16955890927299347,Civil Liberties,100
continuous_d23,1980,196360,US-1964-REYNOLDS,1964,16,0.7171579076334987,0.1970792687025913,Democracy & Governance,100
continuous_d23,1980,196360,US-1965-ESEA,1965,15,0.5969499539900971,0.19938798114131465,Health/Welfare/Educ,100
continuous_d23,1980,196360,US-1965-GRISWOLD,1965,15,0.6436562975479687,0.11616038025741258,Civil Liberties,99
continuous_d23,1980,196360,US-1965-HART-CELLER,1965,15,0.6978939447269797,0.16108719964687776,Immigration,100
continuous_d23,1980,196360,US-1965-MEDICARE-MEDICAID,1965,15,0.6529950024975831,0.09395643600570865,Health/Welfare/Educ,99
continuous_d23,1980,196360,US-1965-VRA,1965,15,0.6241836071364859,0.22012784672936514,Democracy & Governance,100
continuous_d23,1980,196360,US-1966-FOIA,1966,14,0.7695529775081263,0.12260500881988996,Democracy & Governance,100
continuous_d23,1980,196360,US-1966-HARPER,1966,14,0.731586659953616,0.13526457716786008,Democracy & Governance,100
continuous_d23,1980,196360,US-1966-MIRANDA,1966,14,0.7463124031751691,0.11500805898886463,Criminal Justice & Guns,100
continuous_d23,1980,196360,US-1967-KATZ,1967,13,0.6215901485708265,0.16931599521156568,Civil Liberties,100
continuous_d23,1980,196360,US-1967-LOVING,1967,13,0.6686709940904624,0.1273126100513144,Civil Rights,100
continuous_d23,1980,196360,US-1968-FAIR-HOUSING,1968,12,0.7528188985357367,0.1800913138429596,Civil Rights,100
continuous_d23,1980,196360,US-1968-GUN-CONTROL,1968,12,0.7586422440068209,0.11614054886178941,Criminal Justice & Guns,99
continuous_d23,1980,196360,US-1968-TERRY,1968,12,0.6182887172397298,0.1811093039329381,Criminal Justice & Guns,100
continuous_d23,1980,196360,US-1969-BRANDENBURG,1969,11,0.5756636012411828,0.220257210392939,Civil Liberties,100
continuous_d23,1980,196360,US-1969-NEPA,1969,11,0.5822522399410777,0.10289702207258265,Environment & Energy,100
continuous_d23,1980,196360,US-1969-TINKER,1969,11,0.5711685349248774,0.19327462792439548,Civil Liberties,100
continuous_d23,1980,196360,US-1970-CLEAN-AIR,1970,10,0.725472702922826,0.09988586063572383,Environment & Energy,100
continuous_d23,1980,196360,US-1970-CSA,1970,10,0.798895580376681,0.1983404985842955,Criminal Justice & Guns,99
continuous_d23,1980,196360,US-1970-OSHA,1970,10,0.7648772841099992,0.10340329324283429,Labor,100
continuous_d23,1980,196360,US-1971-26TH,1971,9,0.694479083134973,0.13391428271870154,Democracy & Governance,100
continuous_d23,1980,196360,US-1971-FECA,1971,9,0.7474466971349387,0.18022562414632082,Democracy & Governance,100
continuous_d23,1980,196360,US-1971-LEMON,1971,9,0.6710269064355364,0.18015758380566452,Civil Liberties,100
continuous_d23,1980,196360,US-1971-PENTAGON-PAPERS,1971,9,0.4987873418664531,0.22367548755173425,Civil Liberties,100
continuous_d23,1980,196360,US-1972-CLEAN-WATER,1972,8,0.7151424422618387,0.20180499875015098,Environment & Energy,100
continuous_d23,1980,196360,US-1972-FURMAN,1972,8,0.7899176910633986,0.14200401579730132,Criminal Justice & Guns,100
continuous_d23,1980,196360,US-1972-TITLE-IX,1972,8,0.7156114800640299,0.18328738578953133,Civil Rights,100
continuous_d23,1980,196360,US-1972-YODER,1972,8,0.7584893168464032,0.16352952215564887,Civil Liberties,100
continuous_d23,1980,196360,US-1973-ESA,1973,7,0.72459675893943,0.18616395517808212,Environment & Energy,100
continuous_d23,1980,196360,US-1973-REHABILITATION,1973,7,0.7117918554219754,0.16771798711351737,Civil Rights,100
continuous_d23,1980,196360,US-1973-RODRIGUEZ,1973,7,0.7354648227629889,0.18727497261474027,Health/Welfare/Educ,100
continuous_d23,1980,196360,US-1973-ROE,1973,7,0.6556472939027038,0.12981382540792732,Civil Liberties,100
continuous_d23,1980,196360,US-1973-WAR-POWERS,1973,7,0.679824854237917,0.1459649488162986,Democracy & Governance,100
continuous_d23,1980,196360,US-1974-ECOA,1974,6,0.7497566870959368,0.1786240601312412,Economy & Finance,100
continuous_d23,1980,196360,US-1974-ERISA,1974,6,0.762288720826551,0.06326214763230487,Labor,100
continuous_d23,1980,196360,US-1974-MILLIKEN,1974,6,0.5808090641302771,0.1707169732665081,Civil Rights,100
continuous_d23,1980,196360,US-1974-PRIVACY-ACT,1974,6,0.6875256395456172,0.286388367883391,Civil Liberties,100
continuous_d23,1980,196360,US-1975-IDEA,1975,5,0.6773884624245433,0.2718377746322973,Civil Rights,100
continuous_d23,1980,196360,US-1975-ISDEAA,1975,5,0.7058799245235116,0.11741211129384432,Civil Rights,100
continuous_d23,1980,196360,US-1976-BUCKLEY,1976,4,0.7289000155026428,0.20261503692650812,Democracy & Governance,99
continuous_d23,1980,196360,US-1976-GREGG,1976,4,0.7910943845509426,0.16187155091042396,Criminal Justice & Guns,100
continuous_d23,1980,196360,US-1976-TSCA,1976,4,0.5953598677134398,0.13729875324970325,Environment & Energy,100
continuous_d23,1980,196360,US-1977-CRA,1977,3,0.7002531675526934,0.08401104442659829,Health/Welfare/Educ,100
continuous_d23,1980,196360,US-1977-FED-DUAL-MANDATE,1977,3,0.7331208820234038,0.08798365621105506,Economy & Finance,100
continuous_d23,1980,196360,US-1978-AIRLINE-DEREG,1978,2,0.5570690607239935,0.1870413467988787,Economy & Finance,100
continuous_d23,1980,196360,US-1978-BAKKE,1978,2,0.612106611714029,0.1653256565635914,Civil Rights,99
continuous_d23,1980,196360,US-1978-FISA,1978,2,0.5975567081274219,0.13826672530233672,Civil Liberties,100
continuous_d23,1980,196360,US-1978-HUMPHREY-HAWKINS,1978,2,0.7332714453727057,0.015876107278144855,Economy & Finance,100
continuous_d23,1980,196360,US-1978-ICWA,1978,2,0.7630982161501908,0.14412915400754925,Civil Rights,100
continuous_d23,1980,196360,US-1978-PREGNANCY-DISCRIM,1978,2,0.7545255904403859,0.22722923365646774,Civil Rights,100
continuous_d23,1980,196360,US-1980-CERCLA,1980,0,0.7265479221461115,0.11388963257398649,Environment & Energy,100
continuous_d23,1980,196360,US-1980-DIDMCA,1980,0,0.7771009750106035,0.19647941640256245,Economy & Finance,99
continuous_d23,1980,196360,US-1980-REFUGEE-ACT,1980,0,0.7587271583758387,0.13487632129149751,Immigration,100
continuous_d23,1980,196360,US-1983-CHADHA,1983,-3,0.6795596039930898,0.12492813423735757,Civil Liberties,100
continuous_d23,1980,196360,US-1984-CHEVRON,1984,-4,0.6794169753324991,0.16928235586695173,Democracy & Governance,100
continuous_d23,1980,196360,US-1984-SENTENCING,1984,-4,0.7021608738799834,0.19374344758479073,Criminal Justice & Guns,100
continuous_d23,1980,196360,US-1986-BOWERS,1986,-6,0.6719395631893933,0.12846156771553685,Civil Liberties,100
continuous_d23,1980,196360,US-1986-IRCA,1986,-6,0.7472216145252446,0.16347589530335593,Immigration,99
continuous_d23,1980,196360,US-1986-TAX-REFORM,1986,-6,0.7691024027437295,0.2436654655594836,Economy & Finance,100
continuous_d23,1980,196360,US-1988-CIVIL-LIBERTIES-ACT,1988,-8,0.5349644230466382,0.10594335646643094,Civil Rights,100
continuous_d23,1980,196360,US-1990-ADA,1990,-10,0.7321803729175014,0.1907013818252942,Civil Rights,100
continuous_d23,1980,196360,US-1990-CLEAN-AIR-AMEND,1990,-10,0.7759313701550978,0.14908015258157628,Environment & Energy,100
continuous_d23,1980,196360,US-1991-CIVIL-RIGHTS-ACT,1991,-11,0.8472068572742469,0.17980992199000828,Civil Rights,100
continuous_d23,1980,196360,US-1992-CASEY,1992,-12,0.6877970654389283,0.0579916658274672,Civil Liberties,100
continuous_d23,1980,196360,US-1993-BRADY,1993,-13,0.6740444501112481,0.11240595203017353,Criminal Justice & Guns,99
continuous_d23,1980,196360,US-1993-FMLA,1993,-13,0.7396361660338806,0.11481460928917527,Labor,100
continuous_d23,1980,196360,US-1993-NVRA,1993,-13,0.6969511265677394,0.15138302092043243,Democracy & Governance,99
continuous_d23,1980,196360,US-1994-CRIME-BILL,1994,-14,0.84671349986833,0.13664715016937568,Criminal Justice & Guns,98
continuous_d23,1980,196360,US-1994-NAFTA,1994,-14,0.6559515536229631,0.15448984548702221,Economy & Finance,100
continuous_d23,1980,196360,US-1994-VAWA,1994,-14,0.7199233892103173,0.09258472891404658,Civil Rights,100
continuous_d23,1980,196360,US-1995-LOPEZ,1995,-15,0.64829195091023,0.12165034706503261,Democracy & Governance,100
continuous_d23,1980,196360,US-1996-DOMA,1996,-16,0.7893258051406444,0.07519068899502526,Civil Rights,100
continuous_d23,1980,196360,US-1996-PRWORA,1996,-16,0.7981543380414794,0.17619451136925604,Health/Welfare/Educ,100
continuous_d23,1980,196360,US-1996-TELECOM,1996,-16,0.818374503049528,0.16489466480740195,Democracy & Governance,100
continuous_d23,1980,196360,US-1997-PRINTZ,1997,-17,0.6287964391921345,0.08547210275038636,Democracy & Governance,100
continuous_d23,1980,196360,US-1999-GLBA,1999,-19,0.7384050454936528,0.1822773304501638,Economy & Finance,100
continuous_d23,1980,196360,US-2000-BUSH-GORE,2000,-20,0.6957403811203914,0.17466294694245135,Democracy & Governance,100
continuous_d23,1980,196360,US-1961-PEACE-CORPS,1961,19,0.6979426476496056,0.14162042485802329,Natl Security & Foreign,100
continuous_d23,1980,196360,US-1968-OMNIBUS-CRIME-CONTROL,1968,12,0.7595693117577441,0.17840804387008988,Criminal Justice & Guns,100
continuous_d23,1980,196360,US-1968-TRUTH-IN-LENDING,1968,12,0.6768855065078019,0.20800093402389414,Economy & Finance,100
continuous_d23,1980,196360,US-1970-FCRA,1970,10,0.7510998968265059,0.07147266144354529,Civil Liberties,100
continuous_d23,1980,196360,US-1972-CPSA,1972,8,0.7230714247969985,0.14591376778859755,Economy & Finance,100
continuous_d23,1980,196360,US-1975-EPCA,1975,5,0.6933441672050431,0.14090325359109315,Environment & Energy,99
continuous_d23,1980,196360,US-1987-DOLE,1987,-7,0.5706776527094007,0.12047968370950192,Economy & Finance,100
continuous_d23,1980,196360,US-1997-RENO-ACLU,1997,-17,0.7629793490731229,0.13437576726585093,Civil Liberties,100
continuous_d23,1980,196360,US-1963-TEST-BAN-TREATY,1963,17,0.6239734027821185,0.10400938055016558,Natl Security & Foreign,100
continuous_d23,1980,196360,US-1964-TONKIN-GULF,1964,16,0.45874337385889286,0.14850952317531008,Natl Security & Foreign,100
continuous_d23,1980,196360,US-1967-ADEA,1967,13,0.6576917647869857,0.173380428950952,Civil Rights,100
continuous_d23,1980,196360,US-1970-BANK-SECRECY,1970,10,0.6533970840170812,0.13184056993789214,Economy & Finance,99
continuous_d23,1980,196360,US-1971-ANCSA,1971,9,0.7853540473838166,0.14273597571061497,Civil Rights,99
continuous_d23,1980,196360,US-1978-AIRFA,1978,2,0.6857699898844721,0.1303076790775629,Civil Rights,100
continuous_d23,1980,196360,US-1982-VRA-AMENDMENTS,1982,-2,0.7475387503283186,0.2138870949938478,Democracy & Governance,100
continuous_d23,1980,196360,US-1990-IMMIGRATION-ACT,1990,-10,0.7186072081300701,0.17380180856899302,Immigration,100
continuous_d23,1980,196360,US-1993-RFRA,1993,-13,0.7158505722660996,0.1465577004895078,Civil Liberties,97
continuous_d23,1980,196360,US-1996-AEDPA,1996,-16,0.7796276076032415,0.10409963372786155,Criminal Justice & Guns,98
continuous_d23,1980,196360,US-1996-IIRIRA,1996,-16,0.7761051133829966,0.1727926584861056,Immigration,100
continuous_d23,1981,197388,US-1961-MAPP,1961,20,0.4687374144745411,0.26212984974025566,Criminal Justice & Guns,100
continuous_d23,1981,197388,US-1962-BAKER,1962,19,0.37791583230954556,0.13944552951736153,Democracy & Governance,100
continuous_d23,1981,197388,US-1962-ENGEL,1962,19,0.466272952260204,0.1704484813722279,Civil Liberties,100
continuous_d23,1981,197388,US-1962-KEFAUVER-HARRIS,1962,19,0.4917856044199079,0.16715704704884424,Economy & Finance,100
continuous_d23,1981,197388,US-1963-EQUAL-PAY,1963,18,0.45168030306091167,0.08508155780736805,Civil Rights,99
continuous_d23,1981,197388,US-1963-GIDEON,1963,18,0.3716376911287068,0.12162553141259912,Criminal Justice & Guns,100
continuous_d23,1981,197388,US-1964-24TH-AMENDMENT,1964,17,0.47424894213712354,0.08025940489528759,Democracy & Governance,100
continuous_d23,1981,197388,US-1964-CIVIL-RIGHTS-ACT,1964,17,0.36342511607743083,0.23813452787887915,Civil Rights,100
continuous_d23,1981,197388,US-1964-ECONOMIC-OPPORTUNITY,1964,17,0.45287506265225863,0.14526752449691163,Health/Welfare/Educ,99
continuous_d23,1981,197388,US-1964-HEART-ATLANTA,1964,17,0.3849290820237362,0.14662206683674228,Civil Rights,100
continuous_d23,1981,197388,US-1964-NYT-SULLIVAN,1964,17,0.39205175031625555,0.12752931618569535,Civil Liberties,100
continuous_d23,1981,197388,US-1964-REYNOLDS,1964,17,0.3858390423153902,0.11957400905115159,Democracy & Governance,100
continuous_d23,1981,197388,US-1965-ESEA,1965,16,0.32864004726762713,0.19355825884900096,Health/Welfare/Educ,100
continuous_d23,1981,197388,US-1965-GRISWOLD,1965,16,0.35416018278444167,0.09399743417967261,Civil Liberties,99
continuous_d23,1981,197388,US-1965-HART-CELLER,1965,16,0.43705968373765935,0.11324825254133206,Immigration,100
continuous_d23,1981,197388,US-1965-MEDICARE-MEDICAID,1965,16,0.2975467093686781,0.12985036197121788,Health/Welfare/Educ,99
continuous_d23,1981,197388,US-1965-VRA,1965,16,0.33117096009689534,0.1357778732871494,Democracy & Governance,100
continuous_d23,1981,197388,US-1966-FOIA,1966,15,0.5055347226232518,0.13634042069518212,Democracy & Governance,100
continuous_d23,1981,197388,US-1966-HARPER,1966,15,0.5670467667285801,0.13623197197711337,Democracy & Governance,100
continuous_d23,1981,197388,US-1966-MIRANDA,1966,15,0.4072754191326828,0.13061913724385785,Criminal Justice & Guns,100
continuous_d23,1981,197388,US-1967-KATZ,1967,14,0.4409354293000828,0.10601173684080153,Civil Liberties,100
continuous_d23,1981,197388,US-1967-LOVING,1967,14,0.5293939947780865,0.10934584892134731,Civil Rights,100
continuous_d23,1981,197388,US-1968-FAIR-HOUSING,1968,13,0.4253183396995992,0.186938817506498,Civil Rights,100
continuous_d23,1981,197388,US-1968-GUN-CONTROL,1968,13,0.41177231230734446,0.13822940784263926,Criminal Justice & Guns,99
continuous_d23,1981,197388,US-1968-TERRY,1968,13,0.4571098400693352,0.15729382832920963,Criminal Justice & Guns,100
continuous_d23,1981,197388,US-1969-BRANDENBURG,1969,12,0.3553157196355545,0.2204901754403336,Civil Liberties,100
continuous_d23,1981,197388,US-1969-NEPA,1969,12,0.44889846409660306,0.16854819849097555,Environment & Energy,100
continuous_d23,1981,197388,US-1969-TINKER,1969,12,0.31436890390267425,0.23946711916522187,Civil Liberties,100
continuous_d23,1981,197388,US-1970-CLEAN-AIR,1970,11,0.4245695716668034,0.0879031643867945,Environment & Energy,100
continuous_d23,1981,197388,US-1970-CSA,1970,11,0.4998915984681026,0.1864378381329327,Criminal Justice & Guns,99
continuous_d23,1981,197388,US-1970-OSHA,1970,11,0.5638387600150615,0.10372210436121744,Labor,100
continuous_d23,1981,197388,US-1971-26TH,1971,10,0.4465470245117193,0.08164941583788288,Democracy & Governance,100
continuous_d23,1981,197388,US-1971-FECA,1971,10,0.523033456215142,0.1598143057308903,Democracy & Governance,100
continuous_d23,1981,197388,US-1971-LEMON,1971,10,0.3419385554209796,0.13818086961938403,Civil Liberties,100
continuous_d23,1981,197388,US-1971-PENTAGON-PAPERS,1971,10,0.19909822028543853,0.18348671075659762,Civil Liberties,100
continuous_d23,1981,197388,US-1972-CLEAN-WATER,1972,9,0.4846514082927995,0.21711706508868234,Environment & Energy,100
continuous_d23,1981,197388,US-1972-FURMAN,1972,9,0.6134713902591331,0.13263893199655047,Criminal Justice & Guns,100
continuous_d23,1981,197388,US-1972-TITLE-IX,1972,9,0.5380671268344019,0.18502535362758618,Civil Rights,100
continuous_d23,1981,197388,US-1972-YODER,1972,9,0.4091538472632534,0.15565523413175433,Civil Liberties,100
continuous_d23,1981,197388,US-1973-ESA,1973,8,0.55803629645128,0.19391801823338853,Environment & Energy,100
continuous_d23,1981,197388,US-1973-REHABILITATION,1973,8,0.400574345292502,0.20884251042405919,Civil Rights,100
continuous_d23,1981,197388,US-1973-RODRIGUEZ,1973,8,0.6064895268185168,0.1585883711778339,Health/Welfare/Educ,100
continuous_d23,1981,197388,US-1973-ROE,1973,8,0.4294024853043213,0.1551791644864186,Civil Liberties,100
continuous_d23,1981,197388,US-1973-WAR-POWERS,1973,8,0.2846419877170854,0.12372267960207656,Democracy & Governance,100
continuous_d23,1981,197388,US-1974-ECOA,1974,7,0.41371562895110153,0.15678028510175604,Economy & Finance,100
continuous_d23,1981,197388,US-1974-ERISA,1974,7,0.5420139137220226,0.07818245866040223,Labor,100
continuous_d23,1981,197388,US-1974-MILLIKEN,1974,7,0.306865311854177,0.14625607579112399,Civil Rights,100
continuous_d23,1981,197388,US-1974-PRIVACY-ACT,1974,7,0.542721862447276,0.21863216420878626,Civil Liberties,100
continuous_d23,1981,197388,US-1975-IDEA,1975,6,0.3741358691299341,0.22132685157673787,Civil Rights,100
continuous_d23,1981,197388,US-1975-ISDEAA,1975,6,0.4167319011731576,0.04622287066071153,Civil Rights,100
continuous_d23,1981,197388,US-1976-BUCKLEY,1976,5,0.5404159057213969,0.23780895457163817,Democracy & Governance,99
continuous_d23,1981,197388,US-1976-GREGG,1976,5,0.6361736798910773,0.12726087346557072,Criminal Justice & Guns,100
continuous_d23,1981,197388,US-1976-TSCA,1976,5,0.46051698127619745,0.13549240260131198,Environment & Energy,100
continuous_d23,1981,197388,US-1977-CRA,1977,4,0.3818075315551833,0.13021392397134135,Health/Welfare/Educ,100
continuous_d23,1981,197388,US-1977-FED-DUAL-MANDATE,1977,4,0.5257730819512043,0.1696784807573115,Economy & Finance,100
continuous_d23,1981,197388,US-1978-AIRLINE-DEREG,1978,3,0.4317516332345672,0.1655298568248501,Economy & Finance,100
continuous_d23,1981,197388,US-1978-BAKKE,1978,3,0.37281019378955416,0.13303275275404527,Civil Rights,99
continuous_d23,1981,197388,US-1978-FISA,1978,3,0.3867184825749648,0.10769948887723853,Civil Liberties,100
continuous_d23,1981,197388,US-1978-HUMPHREY-HAWKINS,1978,3,0.37217762622184786,0.048097707876444594,Economy & Finance,100
continuous_d23,1981,197388,US-1978-ICWA,1978,3,0.5003001789511982,0.12824979443390988,Civil Rights,100
continuous_d23,1981,197388,US-1978-PREGNANCY-DISCRIM,1978,3,0.5460882218811492,0.20939811862565827,Civil Rights,100
continuous_d23,1981,197388,US-1980-CERCLA,1980,1,0.515760172895071,0.13353621148901337,Environment & Energy,100
continuous_d23,1981,197388,US-1980-DIDMCA,1980,1,0.553763884359168,0.15311437826002497,Economy & Finance,99
continuous_d23,1981,197388,US-1980-REFUGEE-ACT,1980,1,0.5106335089405534,0.07629723879742573,Immigration,100
continuous_d23,1981,197388,US-1983-CHADHA,1983,-2,0.47911109638175037,0.09148278891466897,Civil Liberties,100
continuous_d23,1981,197388,US-1984-CHEVRON,1984,-3,0.44618341071952533,0.19596986990044096,Democracy & Governance,100
continuous_d23,1981,197388,US-1984-SENTENCING,1984,-3,0.45711788624669836,0.1636578168767701,Criminal Justice & Guns,100
continuous_d23,1981,197388,US-1986-BOWERS,1986,-5,0.4966686182632015,0.09545294251426326,Civil Liberties,100
continuous_d23,1981,197388,US-1986-IRCA,1986,-5,0.3613404135957044,0.1299406033136849,Immigration,99
continuous_d23,1981,197388,US-1986-TAX-REFORM,1986,-5,0.5791573205352268,0.254063173832487,Economy & Finance,100
continuous_d23,1981,197388,US-1988-CIVIL-LIBERTIES-ACT,1988,-7,0.26190186214088573,0.1278025828524004,Civil Rights,100
continuous_d23,1981,197388,US-1990-ADA,1990,-9,0.4992186689106658,0.21905928709871095,Civil Rights,100
continuous_d23,1981,197388,US-1990-CLEAN-AIR-AMEND,1990,-9,0.5679798085329143,0.1294083796278973,Environment & Energy,100
continuous_d23,1981,197388,US-1991-CIVIL-RIGHTS-ACT,1991,-10,0.5831833698890193,0.220670586044405,Civil Rights,100
continuous_d23,1981,197388,US-1992-CASEY,1992,-11,0.45188255771615077,0.1585982433730314,Civil Liberties,100
continuous_d23,1981,197388,US-1993-BRADY,1993,-12,0.47847579642903515,0.12111647632713968,Criminal Justice & Guns,99
continuous_d23,1981,197388,US-1993-FMLA,1993,-12,0.48582206866180316,0.06743055646739475,Labor,100
continuous_d23,1981,197388,US-1993-NVRA,1993,-12,0.3336973393234246,0.12381989597249582,Democracy & Governance,99
continuous_d23,1981,197388,US-1994-CRIME-BILL,1994,-13,0.5468677529684267,0.11315879325731727,Criminal Justice & Guns,98
continuous_d23,1981,197388,US-1994-NAFTA,1994,-13,0.40174488313152423,0.16273328857941563,Economy & Finance,100
continuous_d23,1981,197388,US-1994-VAWA,1994,-13,0.4240127400910886,0.08416462126606444,Civil Rights,100
continuous_d23,1981,197388,US-1995-LOPEZ,1995,-14,0.37790894540957676,0.07975219266712683,Democracy & Governance,100
continuous_d23,1981,197388,US-1996-DOMA,1996,-15,0.5438490251639962,0.07005316236853201,Civil Rights,100
continuous_d23,1981,197388,US-1996-PRWORA,1996,-15,0.4647732720708641,0.16219999061724485,Health/Welfare/Educ,100
continuous_d23,1981,197388,US-1996-TELECOM,1996,-15,0.5205965995726559,0.15400253317102652,Democracy & Governance,100
continuous_d23,1981,197388,US-1997-PRINTZ,1997,-16,0.3651033199775051,0.11220350382357741,Democracy & Governance,100
continuous_d23,1981,197388,US-1999-GLBA,1999,-18,0.465485547759558,0.16300689159345644,Economy & Finance,100
continuous_d23,1981,197388,US-2000-BUSH-GORE,2000,-19,0.46792349302930647,0.1715613450729772,Democracy & Governance,100
continuous_d23,1981,197388,US-2001-NCLB,2001,-20,0.545168903128272,0.13280826605191495,Health/Welfare/Educ,100
continuous_d23,1981,197388,US-2001-PATRIOT,2001,-20,0.49728982933909754,0.13555747298534626,Natl Security & Foreign,100
continuous_d23,1981,197388,US-1961-PEACE-CORPS,1961,20,0.39372241190789453,0.13409892389295458,Natl Security & Foreign,100
continuous_d23,1981,197388,US-1968-OMNIBUS-CRIME-CONTROL,1968,13,0.4260309688825504,0.162843344377052,Criminal Justice & Guns,100
continuous_d23,1981,197388,US-1968-TRUTH-IN-LENDING,1968,13,0.3230712802964883,0.1816483087588565,Economy & Finance,100
continuous_d23,1981,197388,US-1970-FCRA,1970,11,0.35615530322751715,0.08388604568841337,Civil Liberties,100
continuous_d23,1981,197388,US-1972-CPSA,1972,9,0.46423834928048313,0.13108734587536236,Economy & Finance,100
continuous_d23,1981,197388,US-1975-EPCA,1975,6,0.46675247806600983,0.11049579252987654,Environment & Energy,99
continuous_d23,1981,197388,US-1987-DOLE,1987,-6,0.21632935518908314,0.09852962097713204,Economy & Finance,100
continuous_d23,1981,197388,US-1997-RENO-ACLU,1997,-16,0.6080538623143723,0.1322745283670927,Civil Liberties,100
continuous_d23,1981,197388,US-1963-TEST-BAN-TREATY,1963,18,0.31858655573361505,0.10353973777510785,Natl Security & Foreign,100
continuous_d23,1981,197388,US-1964-TONKIN-GULF,1964,17,0.19750572240652636,0.09556970586443207,Natl Security & Foreign,100
continuous_d23,1981,197388,US-1967-ADEA,1967,14,0.35889905753033735,0.1485346262263226,Civil Rights,100
continuous_d23,1981,197388,US-1970-BANK-SECRECY,1970,11,0.37440917136860247,0.13362297186634733,Economy & Finance,99
continuous_d23,1981,197388,US-1971-ANCSA,1971,10,0.34110889407676276,0.11052315450387169,Civil Rights,99
continuous_d23,1981,197388,US-1978-AIRFA,1978,3,0.40226285957814834,0.1471268752258305,Civil Rights,100
continuous_d23,1981,197388,US-1982-VRA-AMENDMENTS,1982,-1,0.5127646659437725,0.19586203715991604,Democracy & Governance,100
continuous_d23,1981,197388,US-1990-IMMIGRATION-ACT,1990,-9,0.3463349161966515,0.12762014706118818,Immigration,100
continuous_d23,1981,197388,US-1993-RFRA,1993,-12,0.33272022710796256,0.09323222470628524,Civil Liberties,97
continuous_d23,1981,197388,US-1996-AEDPA,1996,-15,0.496767633431864,0.0975193602096141,Criminal Justice & Guns,98
continuous_d23,1981,197388,US-1996-IIRIRA,1996,-15,0.47347437685439403,0.10677029286068324,Immigration,100
continuous_d23,1981,197388,US-2001-AUMF,2001,-20,0.2789692723913244,0.08324407258688772,Natl Security & Foreign,98
continuous_d23,1982,198784,US-1962-BAKER,1962,20,0.8470650945317868,0.05322200036926609,Democracy & Governance,100
continuous_d23,1982,198784,US-1962-ENGEL,1962,20,0.8175950091493229,0.10351050683826213,Civil Liberties,100
continuous_d23,1982,198784,US-1962-KEFAUVER-HARRIS,1962,20,0.8600916484481073,0.05146717022106708,Economy & Finance,100
continuous_d23,1982,198784,US-1963-EQUAL-PAY,1963,19,0.8312086170906181,0.032821393380202075,Civil Rights,99
continuous_d23,1982,198784,US-1963-GIDEON,1963,19,0.8108242901348476,0.06198653121130394,Criminal Justice & Guns,100
continuous_d23,1982,198784,US-1964-24TH-AMENDMENT,1964,18,0.8146273009844148,-0.05403507796487176,Democracy & Governance,100
continuous_d23,1982,198784,US-1964-CIVIL-RIGHTS-ACT,1964,18,0.832769978243553,0.2501970165865097,Civil Rights,100
continuous_d23,1982,198784,US-1964-ECONOMIC-OPPORTUNITY,1964,18,0.84821200720108,0.024873430316768894,Health/Welfare/Educ,99
continuous_d23,1982,198784,US-1964-HEART-ATLANTA,1964,18,0.8340364694211004,0.0778265328343776,Civil Rights,100
continuous_d23,1982,198784,US-1964-NYT-SULLIVAN,1964,18,0.7741634389544493,0.07189053753198302,Civil Liberties,100
continuous_d23,1982,198784,US-1964-REYNOLDS,1964,18,0.8417922775049703,0.08800258382357129,Democracy & Governance,100
continuous_d23,1982,198784,US-1965-ESEA,1965,17,0.8430728222805876,0.14398121694784483,Health/Welfare/Educ,100
continuous_d23,1982,198784,US-1965-GRISWOLD,1965,17,0.7481476616615786,-0.018591198749725105,Civil Liberties,99
continuous_d23,1982,198784,US-1965-HART-CELLER,1965,17,0.8474104718415759,0.022479820265415184,Immigration,100
continuous_d23,1982,198784,US-1965-MEDICARE-MEDICAID,1965,17,0.8237478021457667,0.06731015113607756,Health/Welfare/Educ,99
continuous_d23,1982,198784,US-1965-VRA,1965,17,0.8147453029141576,0.24163943315241204,Democracy & Governance,100
continuous_d23,1982,198784,US-1966-FOIA,1966,16,0.8357760329344279,0.06714323282899454,Democracy & Governance,100
continuous_d23,1982,198784,US-1966-HARPER,1966,16,0.7990105152386597,-0.0196813343043809,Democracy & Governance,100
continuous_d23,1982,198784,US-1966-MIRANDA,1966,16,0.8067829794710671,0.06543722816661363,Criminal Justice & Guns,100
continuous_d23,1982,198784,US-1967-KATZ,1967,15,0.7290952047400119,0.00444474734260526,Civil Liberties,100
continuous_d23,1982,198784,US-1967-LOVING,1967,15,0.856407514830543,-0.10633501028117337,Civil Rights,100
continuous_d23,1982,198784,US-1968-FAIR-HOUSING,1968,14,0.8107522483260239,0.2223069208576982,Civil Rights,100
continuous_d23,1982,198784,US-1968-GUN-CONTROL,1968,14,0.8067679641140929,0.05244779926197786,Criminal Justice & Guns,99
continuous_d23,1982,198784,US-1968-TERRY,1968,14,0.81460019674883,0.11370014159814197,Criminal Justice & Guns,100
continuous_d23,1982,198784,US-1969-BRANDENBURG,1969,13,0.8131699520318615,0.09723944345889848,Civil Liberties,100
continuous_d23,1982,198784,US-1969-NEPA,1969,13,0.8758825239388672,-0.02107503058945094,Environment & Energy,100
continuous_d23,1982,198784,US-1969-TINKER,1969,13,0.8040601842264853,0.32110886136502137,Civil Liberties,100
continuous_d23,1982,198784,US-1970-CLEAN-AIR,1970,12,0.7839899351482345,-0.0921116056537866,Environment & Energy,100
continuous_d23,1982,198784,US-1970-CSA,1970,12,0.8079549688304247,0.16094952061825063,Criminal Justice & Guns,99
continuous_d23,1982,198784,US-1970-OSHA,1970,12,0.8662585418409907,-0.07010126133275627,Labor,100
continuous_d23,1982,198784,US-1971-26TH,1971,11,0.7763015929405418,0.015433017359704385,Democracy & Governance,100
continuous_d23,1982,198784,US-1971-FECA,1971,11,0.8783196894902406,0.10097667484188845,Democracy & Governance,100
continuous_d23,1982,198784,US-1971-LEMON,1971,11,0.8114878675184641,0.04626082458042425,Civil Liberties,100
continuous_d23,1982,198784,US-1971-PENTAGON-PAPERS,1971,11,0.6004101581150287,0.12123686747741433,Civil Liberties,100
continuous_d23,1982,198784,US-1972-CLEAN-WATER,1972,10,0.827136299487548,0.1368457980102463,Environment & Energy,100
continuous_d23,1982,198784,US-1972-FURMAN,1972,10,0.8243123885229633,-0.02984723602746985,Criminal Justice & Guns,100
continuous_d23,1982,198784,US-1972-TITLE-IX,1972,10,0.8655019823785554,0.180189757795053,Civil Rights,100
continuous_d23,1982,198784,US-1972-YODER,1972,10,0.8199494727000887,-0.0061170779224636795,Civil Liberties,100
continuous_d23,1982,198784,US-1973-ESA,1973,9,0.8729347426929336,0.0909067198648651,Environment & Energy,100
continuous_d23,1982,198784,US-1973-REHABILITATION,1973,9,0.8656446324949145,0.17876328385565063,Civil Rights,100
continuous_d23,1982,198784,US-1973-RODRIGUEZ,1973,9,0.8760883223904947,0.11816420262186987,Health/Welfare/Educ,100
continuous_d23,1982,198784,US-1973-ROE,1973,9,0.7454213663590032,-0.006260838365504953,Civil Liberties,100
continuous_d23,1982,198784,US-1973-WAR-POWERS,1973,9,0.7905887994684473,-0.0030033739508990155,Democracy & Governance,100
continuous_d23,1982,198784,US-1974-ECOA,1974,8,0.7310419667813968,0.13657846778954394,Economy & Finance,100
continuous_d23,1982,198784,US-1974-ERISA,1974,8,0.8831898019015206,-0.03828919887123523,Labor,100
continuous_d23,1982,198784,US-1974-MILLIKEN,1974,8,0.8415943060369773,0.04404435475706351,Civil Rights,100
continuous_d23,1982,198784,US-1974-PRIVACY-ACT,1974,8,0.808170763818614,0.2440685895931921,Civil Liberties,100
continuous_d23,1982,198784,US-1975-IDEA,1975,7,0.8667404599925651,0.2441422514306317,Civil Rights,100
continuous_d23,1982,198784,US-1975-ISDEAA,1975,7,0.8488291127886614,0.016552349248031558,Civil Rights,100
continuous_d23,1982,198784,US-1976-BUCKLEY,1976,6,0.8077918913504335,0.11381213491469004,Democracy & Governance,99
continuous_d23,1982,198784,US-1976-GREGG,1976,6,0.8779452635322603,0.014759441228475506,Criminal Justice & Guns,100
continuous_d23,1982,198784,US-1976-TSCA,1976,6,0.7877215868574361,-0.041372595421022736,Environment & Energy,100
continuous_d23,1982,198784,US-1977-CRA,1977,5,0.8068108978784232,0.06833796730464725,Health/Welfare/Educ,100
continuous_d23,1982,198784,US-1977-FED-DUAL-MANDATE,1977,5,0.8569568303631514,0.01845943911370108,Economy & Finance,100
continuous_d23,1982,198784,US-1978-AIRLINE-DEREG,1978,4,0.784238360301498,0.07694357413365996,Economy & Finance,100
continuous_d23,1982,198784,US-1978-BAKKE,1978,4,0.7851222607456823,0.11491997424404436,Civil Rights,99
continuous_d23,1982,198784,US-1978-FISA,1978,4,0.7682098381904224,0.01442751692741824,Civil Liberties,100
continuous_d23,1982,198784,US-1978-HUMPHREY-HAWKINS,1978,4,0.806481360595077,-0.07039886206437665,Economy & Finance,100
continuous_d23,1982,198784,US-1978-ICWA,1978,4,0.8792728250873141,0.05695220102585253,Civil Rights,100
continuous_d23,1982,198784,US-1978-PREGNANCY-DISCRIM,1978,4,0.8672270803363243,0.13880619761148721,Civil Rights,100
continuous_d23,1982,198784,US-1980-CERCLA,1980,2,0.8815473531543107,0.014900383288020876,Environment & Energy,100
continuous_d23,1982,198784,US-1980-DIDMCA,1980,2,0.8768527054172922,0.11480905880215789,Economy & Finance,99
continuous_d23,1982,198784,US-1980-REFUGEE-ACT,1980,2,0.8431926996140336,0.02968171020873942,Immigration,100
continuous_d23,1982,198784,US-1983-CHADHA,1983,-1,0.7907038262844999,-0.07107553695295656,Civil Liberties,100
continuous_d23,1982,198784,US-1984-CHEVRON,1984,-2,0.8801785562471955,-0.07693790286497014,Democracy & Governance,100
continuous_d23,1982,198784,US-1984-SENTENCING,1984,-2,0.8798016898098769,0.10829867884749421,Criminal Justice & Guns,100
continuous_d23,1982,198784,US-1986-BOWERS,1986,-4,0.7710640571520824,-0.01785725848213659,Civil Liberties,100
continuous_d23,1982,198784,US-1986-IRCA,1986,-4,0.8567991461202006,0.09122395609802632,Immigration,99
continuous_d23,1982,198784,US-1986-TAX-REFORM,1986,-4,0.8858784614410311,0.183684550234821,Economy & Finance,100
continuous_d23,1982,198784,US-1988-CIVIL-LIBERTIES-ACT,1988,-6,0.8239352972117437,0.032920425108496805,Civil Rights,100
continuous_d23,1982,198784,US-1990-ADA,1990,-8,0.8782909929502591,0.2606820031026775,Civil Rights,100
continuous_d23,1982,198784,US-1990-CLEAN-AIR-AMEND,1990,-8,0.8937413840957008,0.05631808189786978,Environment & Energy,100
continuous_d23,1982,198784,US-1991-CIVIL-RIGHTS-ACT,1991,-9,0.9326042363914696,0.13811136328250406,Civil Rights,100
continuous_d23,1982,198784,US-1992-CASEY,1992,-10,0.8562245005050344,-0.008158805181935546,Civil Liberties,100
continuous_d23,1982,198784,US-1993-BRADY,1993,-11,0.8366332634703006,0.03190163167862575,Criminal Justice & Guns,99
continuous_d23,1982,198784,US-1993-FMLA,1993,-11,0.8422321804106471,0.017895447293015797,Labor,100
continuous_d23,1982,198784,US-1993-NVRA,1993,-11,0.8453279786605046,0.04205293863717223,Democracy & Governance,99
continuous_d23,1982,198784,US-1994-CRIME-BILL,1994,-12,0.8543929632515104,0.015700332103099946,Criminal Justice & Guns,98
continuous_d23,1982,198784,US-1994-NAFTA,1994,-12,0.7963131297594798,0.049418570546186896,Economy & Finance,100
continuous_d23,1982,198784,US-1994-VAWA,1994,-12,0.8110959624714645,-0.09113127824064352,Civil Rights,100
continuous_d23,1982,198784,US-1995-LOPEZ,1995,-13,0.7871730840537141,-0.006109942813069843,Democracy & Governance,100
continuous_d23,1982,198784,US-1996-DOMA,1996,-14,0.8104983334575426,-0.11806791163090763,Civil Rights,100
continuous_d23,1982,198784,US-1996-PRWORA,1996,-14,0.8831001928338594,0.009104974501185935,Health/Welfare/Educ,100
continuous_d23,1982,198784,US-1996-TELECOM,1996,-14,0.8982693191418487,0.04711626993807967,Democracy & Governance,100
continuous_d23,1982,198784,US-1997-PRINTZ,1997,-15,0.8419365611053984,0.013193485125088767,Democracy & Governance,100
continuous_d23,1982,198784,US-1999-GLBA,1999,-17,0.7839211694042217,0.08448261180524368,Economy & Finance,100
continuous_d23,1982,198784,US-2000-BUSH-GORE,2000,-18,0.8151353319891832,0.09112666424275169,Democracy & Governance,100
continuous_d23,1982,198784,US-2001-NCLB,2001,-19,0.889725784248229,0.005470107803545728,Health/Welfare/Educ,100
continuous_d23,1982,198784,US-2001-PATRIOT,2001,-19,0.9056075988906268,0.017360681052106662,Natl Security & Foreign,100
continuous_d23,1982,198784,US-2002-HAVA,2002,-20,0.8757620220532264,-0.012135256140958554,Democracy & Governance,100
continuous_d23,1982,198784,US-2002-HOMELAND-SECURITY,2002,-20,0.8051502167697319,0.019779574451903485,Natl Security & Foreign,100
continuous_d23,1982,198784,US-2002-SOX,2002,-20,0.8484940679201312,0.0508267814970891,Economy & Finance,100
continuous_d23,1982,198784,US-1968-OMNIBUS-CRIME-CONTROL,1968,14,0.8683602324005919,0.12778685139129922,Criminal Justice & Guns,100
continuous_d23,1982,198784,US-1968-TRUTH-IN-LENDING,1968,14,0.8238511861735413,0.10742598574957045,Economy & Finance,100
continuous_d23,1982,198784,US-1970-FCRA,1970,12,0.8671584712836914,-0.03786072510909824,Civil Liberties,100
continuous_d23,1982,198784,US-1972-CPSA,1972,10,0.8513876866131718,-0.021679144785791218,Economy & Finance,100
continuous_d23,1982,198784,US-1975-EPCA,1975,7,0.8446832447310019,0.06294317669680019,Environment & Energy,99
continuous_d23,1982,198784,US-1987-DOLE,1987,-5,0.7318294662928002,0.05697423494937783,Economy & Finance,100
continuous_d23,1982,198784,US-1997-RENO-ACLU,1997,-15,0.8800053135133216,-0.030004952850260298,Civil Liberties,100
continuous_d23,1982,198784,US-1963-TEST-BAN-TREATY,1963,19,0.6855399698192605,-0.012224795702477207,Natl Security & Foreign,100
continuous_d23,1982,198784,US-1964-TONKIN-GULF,1964,18,0.7294375317056558,0.048001773050333346,Natl Security & Foreign,100
continuous_d23,1982,198784,US-1967-ADEA,1967,15,0.8498293908153092,0.20508260976846138,Civil Rights,100
continuous_d23,1982,198784,US-1970-BANK-SECRECY,1970,12,0.8334783273785968,0.047334785576483615,Economy & Finance,99
continuous_d23,1982,198784,US-1971-ANCSA,1971,11,0.8537501559209283,0.03418413943929374,Civil Rights,99
continuous_d23,1982,198784,US-1978-AIRFA,1978,4,0.8470716544063507,0.0015628047464743295,Civil Rights,100
continuous_d23,1982,198784,US-1982-VRA-AMENDMENTS,1982,0,0.9033207271113873,0.17661839830851064,Democracy & Governance,100
continuous_d23,1982,198784,US-1990-IMMIGRATION-ACT,1990,-8,0.8952893712753754,0.058087766922139614,Immigration,100
continuous_d23,1982,198784,US-1993-RFRA,1993,-11,0.8065221059656263,-0.0010383277259347094,Civil Liberties,97
continuous_d23,1982,198784,US-1996-AEDPA,1996,-14,0.8767327183621729,-0.033976653640598944,Criminal Justice & Guns,98
continuous_d23,1982,198784,US-1996-IIRIRA,1996,-14,0.8857624415762788,0.0397117260716954,Immigration,100
continuous_d23,1982,198784,US-2001-AUMF,2001,-19,0.7662182712154669,-0.004398614964327268,Natl Security & Foreign,98
continuous_d23,1982,198784,US-2002-IRAQ-AUMF,2002,-20,0.776840753225531,-0.02037162073741721,Natl Security & Foreign,99
continuous_d23,1983,199822,US-1963-EQUAL-PAY,1963,20,0.5130759619379508,-0.029869836978513527,Civil Rights,99
continuous_d23,1983,199822,US-1963-GIDEON,1963,20,0.4365076467831205,-0.07705088346860575,Criminal Justice & Guns,100
continuous_d23,1983,199822,US-1964-24TH-AMENDMENT,1964,19,0.4494943911854796,-0.0808804040819044,Democracy & Governance,100
continuous_d23,1983,199822,US-1964-CIVIL-RIGHTS-ACT,1964,19,0.5234512717533198,-0.033221027789683236,Civil Rights,100
continuous_d23,1983,199822,US-1964-ECONOMIC-OPPORTUNITY,1964,19,0.4783599964443029,-0.07114920814040387,Health/Welfare/Educ,99
continuous_d23,1983,199822,US-1964-HEART-ATLANTA,1964,19,0.4659563760252354,-0.07817299032533681,Civil Rights,100
continuous_d23,1983,199822,US-1964-NYT-SULLIVAN,1964,19,0.425526800334864,-0.0637319971862655,Civil Liberties,100
continuous_d23,1983,199822,US-1964-REYNOLDS,1964,19,0.4262846796196482,-0.07407217682408815,Democracy & Governance,100
continuous_d23,1983,199822,US-1965-ESEA,1965,18,0.4098289502141126,-0.08455846660076187,Health/Welfare/Educ,100
continuous_d23,1983,199822,US-1965-GRISWOLD,1965,18,0.41602693622570475,-0.08588710568985385,Civil Liberties,99
continuous_d23,1983,199822,US-1965-HART-CELLER,1965,18,0.5215577256305981,-0.061198476479448226,Immigration,100
continuous_d23,1983,199822,US-1965-MEDICARE-MEDICAID,1965,18,0.4851062062546973,-0.08180320457402007,Health/Welfare/Educ,99
continuous_d23,1983,199822,US-1965-VRA,1965,18,0.4363817405038653,-0.08210300349534685,Democracy & Governance,100
continuous_d23,1983,199822,US-1966-FOIA,1966,17,0.449753407554729,-0.0849020719197698,Democracy & Governance,100
continuous_d23,1983,199822,US-1966-HARPER,1966,17,0.4407006028050774,-0.08590901022592037,Democracy & Governance,100
continuous_d23,1983,199822,US-1966-MIRANDA,1966,17,0.4755829752871459,-0.08689335979596019,Criminal Justice & Guns,100
continuous_d23,1983,199822,US-1967-KATZ,1967,16,0.4670351626709052,-0.06669382103109195,Civil Liberties,100
continuous_d23,1983,199822,US-1967-LOVING,1967,16,0.4178002320658705,-0.08373831969646796,Civil Rights,100
continuous_d23,1983,199822,US-1968-FAIR-HOUSING,1968,15,0.5198321663948293,-0.028897690959244167,Civil Rights,100
continuous_d23,1983,199822,US-1968-GUN-CONTROL,1968,15,0.43660605064686864,-0.06978562359038357,Criminal Justice & Guns,99
continuous_d23,1983,199822,US-1968-TERRY,1968,15,0.4533337556544305,-0.07524103805927204,Criminal Justice & Guns,100
continuous_d23,1983,199822,US-1969-BRANDENBURG,1969,14,0.4213811994305718,-0.09504396766982978,Civil Liberties,100
continuous_d23,1983,199822,US-1969-NEPA,1969,14,0.4375785006796824,-0.08859833567728904,Environment & Energy,100
continuous_d23,1983,199822,US-1969-TINKER,1969,14,0.41006048860356886,-0.10982390849815347,Civil Liberties,100
continuous_d23,1983,199822,US-1970-CLEAN-AIR,1970,13,0.4847470488742984,-0.08197667578487429,Environment & Energy,100
continuous_d23,1983,199822,US-1970-CSA,1970,13,0.4752569332515222,-0.03791959111742234,Criminal Justice & Guns,99
continuous_d23,1983,199822,US-1970-OSHA,1970,13,0.4725232516667064,-0.07171498756707793,Labor,100
continuous_d23,1983,199822,US-1971-26TH,1971,12,0.4414993210792772,-0.016302992829253585,Democracy & Governance,100
continuous_d23,1983,199822,US-1971-FECA,1971,12,0.42459899396413947,-0.0847184360469623,Democracy & Governance,100
continuous_d23,1983,199822,US-1971-LEMON,1971,12,0.44634853968446,-0.07361724276707787,Civil Liberties,100
continuous_d23,1983,199822,US-1971-PENTAGON-PAPERS,1971,12,0.4205959173396859,-0.08711394860808586,Civil Liberties,100
continuous_d23,1983,199822,US-1972-CLEAN-WATER,1972,11,0.3956798166689623,-0.0958557670665127,Environment & Energy,100
continuous_d23,1983,199822,US-1972-FURMAN,1972,11,0.43711574303959105,-0.08067286831015201,Criminal Justice & Guns,100
continuous_d23,1983,199822,US-1972-TITLE-IX,1972,11,0.41557145728477446,-0.07078821812153296,Civil Rights,100
continuous_d23,1983,199822,US-1972-YODER,1972,11,0.45252742488556374,-0.08153775719127918,Civil Liberties,100
continuous_d23,1983,199822,US-1973-ESA,1973,10,0.4528247492805434,-0.06119927560896483,Environment & Energy,100
continuous_d23,1983,199822,US-1973-REHABILITATION,1973,10,0.40801901179024624,-0.09486588010803869,Civil Rights,100
continuous_d23,1983,199822,US-1973-RODRIGUEZ,1973,10,0.4322233763568849,-0.07869756917414658,Health/Welfare/Educ,100
continuous_d23,1983,199822,US-1973-ROE,1973,10,0.42608905882897574,-0.08216149599082957,Civil Liberties,100
continuous_d23,1983,199822,US-1973-WAR-POWERS,1973,10,0.4464866786596339,-0.09157578447185678,Democracy & Governance,100
continuous_d23,1983,199822,US-1974-ECOA,1974,9,0.5164333905993742,-0.010835664843256355,Economy & Finance,100
continuous_d23,1983,199822,US-1974-ERISA,1974,9,0.4535755231754187,-0.07047213579657041,Labor,100
continuous_d23,1983,199822,US-1974-MILLIKEN,1974,9,0.43519587112075925,-0.08585999226686875,Civil Rights,100
continuous_d23,1983,199822,US-1974-PRIVACY-ACT,1974,9,0.4585548998011536,-0.07622978925415057,Civil Liberties,100
continuous_d23,1983,199822,US-1975-IDEA,1975,8,0.4439298818787569,-0.06733560143868378,Civil Rights,100
continuous_d23,1983,199822,US-1975-ISDEAA,1975,8,0.4193032381552743,-0.09459854147418868,Civil Rights,100
continuous_d23,1983,199822,US-1976-BUCKLEY,1976,7,0.4980065886769332,-0.037835934863548186,Democracy & Governance,99
continuous_d23,1983,199822,US-1976-GREGG,1976,7,0.456534693319714,-0.07436017284581481,Criminal Justice & Guns,100
continuous_d23,1983,199822,US-1976-TSCA,1976,7,0.4693585008416117,-0.07714309120548189,Environment & Energy,100
continuous_d23,1983,199822,US-1977-CRA,1977,6,0.44436356622081985,-0.07323218023503629,Health/Welfare/Educ,100
continuous_d23,1983,199822,US-1977-FED-DUAL-MANDATE,1977,6,0.4262393242344964,-0.1035697462908082,Economy & Finance,100
continuous_d23,1983,199822,US-1978-AIRLINE-DEREG,1978,5,0.4477009425831845,-0.06776313187095342,Economy & Finance,100
continuous_d23,1983,199822,US-1978-BAKKE,1978,5,0.475781674857908,-0.060473474085234666,Civil Rights,99
continuous_d23,1983,199822,US-1978-FISA,1978,5,0.4692717581129433,-0.055039308225195024,Civil Liberties,100
continuous_d23,1983,199822,US-1978-HUMPHREY-HAWKINS,1978,5,0.49130254613672186,-0.06750725330119041,Economy & Finance,100
continuous_d23,1983,199822,US-1978-ICWA,1978,5,0.457082633020529,-0.07601422432964924,Civil Rights,100
continuous_d23,1983,199822,US-1978-PREGNANCY-DISCRIM,1978,5,0.4078661771159839,-0.07023684024513618,Civil Rights,100
continuous_d23,1983,199822,US-1980-CERCLA,1980,3,0.4146853676189089,-0.09166894403205518,Environment & Energy,100
continuous_d23,1983,199822,US-1980-DIDMCA,1980,3,0.4345041534877786,-0.08081175345036956,Economy & Finance,99
continuous_d23,1983,199822,US-1980-REFUGEE-ACT,1980,3,0.4999093127897219,-0.032670915751033064,Immigration,100
continuous_d23,1983,199822,US-1983-CHADHA,1983,0,0.44528799878947267,-0.08010592109325718,Civil Liberties,100
continuous_d23,1983,199822,US-1984-CHEVRON,1984,-1,0.45704803234612695,-0.06953830068546439,Democracy & Governance,100
continuous_d23,1983,199822,US-1984-SENTENCING,1984,-1,0.4296981488618238,-0.09869884124700765,Criminal Justice & Guns,100
continuous_d23,1983,199822,US-1986-BOWERS,1986,-3,0.4214700324220456,-0.06628825206408666,Civil Liberties,100
continuous_d23,1983,199822,US-1986-IRCA,1986,-3,0.44827639196164754,-0.0759881439132175,Immigration,99
continuous_d23,1983,199822,US-1986-TAX-REFORM,1986,-3,0.40525871349275006,-0.08198058241011835,Economy & Finance,100
continuous_d23,1983,199822,US-1988-CIVIL-LIBERTIES-ACT,1988,-5,0.46892113570789695,-0.06721442670259627,Civil Rights,100
continuous_d23,1983,199822,US-1990-ADA,1990,-7,0.4367147130627968,-0.07714674958731563,Civil Rights,100
continuous_d23,1983,199822,US-1990-CLEAN-AIR-AMEND,1990,-7,0.4636518099694225,-0.10822116199705256,Environment & Energy,100
continuous_d23,1983,199822,US-1991-CIVIL-RIGHTS-ACT,1991,-8,0.4431514026319933,-0.07357011584030032,Civil Rights,100
continuous_d23,1983,199822,US-1992-CASEY,1992,-9,0.45881684951554774,-0.06923313169201382,Civil Liberties,100
continuous_d23,1983,199822,US-1993-BRADY,1993,-10,0.4181653238821899,-0.09305180881433905,Criminal Justice & Guns,99
continuous_d23,1983,199822,US-1993-FMLA,1993,-10,0.4618187616817956,-0.07453472113456594,Labor,100
continuous_d23,1983,199822,US-1993-NVRA,1993,-10,0.42922611267737987,-0.09993830374794278,Democracy & Governance,99
continuous_d23,1983,199822,US-1994-CRIME-BILL,1994,-11,0.5282683534325148,-0.02504833642426032,Criminal Justice & Guns,98
continuous_d23,1983,199822,US-1994-NAFTA,1994,-11,0.48264161992344123,-0.04951424024076603,Economy & Finance,100
continuous_d23,1983,199822,US-1994-VAWA,1994,-11,0.4602718294252823,-0.06334829668701338,Civil Rights,100
continuous_d23,1983,199822,US-1995-LOPEZ,1995,-12,0.4393608151270185,-0.08906999189244984,Democracy & Governance,100
continuous_d23,1983,199822,US-1996-DOMA,1996,-13,0.4777258228065465,-0.0588157103768496,Civil Rights,100
continuous_d23,1983,199822,US-1996-PRWORA,1996,-13,0.43714763595052053,-0.0892301191328193,Health/Welfare/Educ,100
continuous_d23,1983,199822,US-1996-TELECOM,1996,-13,0.4440158208431292,-0.06793127299428557,Democracy & Governance,100
continuous_d23,1983,199822,US-1997-PRINTZ,1997,-14,0.43138217134881557,-0.11139876837742779,Democracy & Governance,100
continuous_d23,1983,199822,US-1999-GLBA,1999,-16,0.5320982216726216,-0.010793360923893887,Economy & Finance,100
continuous_d23,1983,199822,US-2000-BUSH-GORE,2000,-17,0.4507916195960249,-0.0778170390646624,Democracy & Governance,100
continuous_d23,1983,199822,US-2001-NCLB,2001,-18,0.44463810801724285,-0.09071424043295197,Health/Welfare/Educ,100
continuous_d23,1983,199822,US-2001-PATRIOT,2001,-18,0.4282755195869795,-0.06271302199702272,Natl Security & Foreign,100
continuous_d23,1983,199822,US-2002-HAVA,2002,-19,0.43902166566591383,-0.0708858151215615,Democracy & Governance,100
continuous_d23,1983,199822,US-2002-HOMELAND-SECURITY,2002,-19,0.4388217139041921,-0.09029980570740659,Natl Security & Foreign,100
continuous_d23,1983,199822,US-2002-SOX,2002,-19,0.4697888745490048,-0.10478960203760797,Economy & Finance,100
continuous_d23,1983,199822,US-2003-LAWRENCE,2003,-20,0.42862668083970334,-0.06278520091377716,Civil Liberties,100
continuous_d23,1983,199822,US-2003-MEDICARE-MMA,2003,-20,0.40468529668354497,-0.08929044227990729,Health/Welfare/Educ,100
continuous_d23,1983,199822,US-1968-OMNIBUS-CRIME-CONTROL,1968,15,0.469940977853944,-0.08490726880448357,Criminal Justice & Guns,100
continuous_d23,1983,199822,US-1968-TRUTH-IN-LENDING,1968,15,0.43987149555670263,-0.10375113245415134,Economy & Finance,100
continuous_d23,1983,199822,US-1970-FCRA,1970,13,0.41618841607449064,-0.06960574432467627,Civil Liberties,100
continuous_d23,1983,199822,US-1972-CPSA,1972,11,0.4216414422760854,-0.08972148934227069,Economy & Finance,100
continuous_d23,1983,199822,US-1975-EPCA,1975,8,0.45926687158076585,-0.08230551251562943,Environment & Energy,99
continuous_d23,1983,199822,US-1987-DOLE,1987,-4,0.4357694391876763,-0.0756541089771845,Economy & Finance,100
continuous_d23,1983,199822,US-1997-RENO-ACLU,1997,-14,0.43913243404405455,-0.09532849266252168,Civil Liberties,100
continuous_d23,1983,199822,US-1963-TEST-BAN-TREATY,1963,20,0.5306772816720805,-0.029295389413722478,Natl Security & Foreign,100
continuous_d23,1983,199822,US-1964-TONKIN-GULF,1964,19,0.4485591612380349,-0.09492643720736481,Natl Security & Foreign,100
continuous_d23,1983,199822,US-1967-ADEA,1967,16,0.4413243949056787,-0.08766043170273483,Civil Rights,100
continuous_d23,1983,199822,US-1970-BANK-SECRECY,1970,13,0.4558530402217717,-0.08504893369485866,Economy & Finance,99
continuous_d23,1983,199822,US-1971-ANCSA,1971,12,0.48658168160378623,-0.07691993223467278,Civil Rights,99
continuous_d23,1983,199822,US-1978-AIRFA,1978,5,0.4677139820815947,-0.09443885452887262,Civil Rights,100
continuous_d23,1983,199822,US-1982-VRA-AMENDMENTS,1982,1,0.5016873409298056,-0.08340311237896728,Democracy & Governance,100
continuous_d23,1983,199822,US-1990-IMMIGRATION-ACT,1990,-7,0.4740054883785241,-0.07299097656575007,Immigration,100
continuous_d23,1983,199822,US-1993-RFRA,1993,-10,0.47433826457036077,-0.10650875264310404,Civil Liberties,97
continuous_d23,1983,199822,US-1996-AEDPA,1996,-13,0.4583904860650739,-0.08231162399333,Criminal Justice & Guns,98
continuous_d23,1983,199822,US-1996-IIRIRA,1996,-13,0.46049129509911046,-0.08228748058849364,Immigration,100
continuous_d23,1983,199822,US-2001-AUMF,2001,-18,0.47346805192271363,-0.08340942961823748,Natl Security & Foreign,98
continuous_d23,1983,199822,US-2002-IRAQ-AUMF,2002,-19,0.4608765424162857,-0.06461881346975708,Natl Security & Foreign,99
continuous_d23,1984,200927,US-1964-24TH-AMENDMENT,1964,20,0.28444843367269623,-0.006525557849422687,Democracy & Governance,100
continuous_d23,1984,200927,US-1964-CIVIL-RIGHTS-ACT,1964,20,0.37165099185048833,0.08054492015428744,Civil Rights,100
continuous_d23,1984,200927,US-1964-ECONOMIC-OPPORTUNITY,1964,20,0.48451929841929803,-0.033483378734741144,Health/Welfare/Educ,99
continuous_d23,1984,200927,US-1964-HEART-ATLANTA,1964,20,0.4372912466670546,0.017165052772301924,Civil Rights,100
continuous_d23,1984,200927,US-1964-NYT-SULLIVAN,1964,20,0.3493879631585073,0.07918374535481383,Civil Liberties,100
continuous_d23,1984,200927,US-1964-REYNOLDS,1964,20,0.4823365322979414,0.012717457246749959,Democracy & Governance,100
continuous_d23,1984,200927,US-1965-ESEA,1965,19,0.45774725189523885,0.04791129810386132,Health/Welfare/Educ,100
continuous_d23,1984,200927,US-1965-GRISWOLD,1965,19,0.28941086405360295,-0.05927611618017812,Civil Liberties,99
continuous_d23,1984,200927,US-1965-HART-CELLER,1965,19,0.43489286576017605,0.005813590545307843,Immigration,100
continuous_d23,1984,200927,US-1965-MEDICARE-MEDICAID,1965,19,0.4827740142704282,0.05307301652109065,Health/Welfare/Educ,99
continuous_d23,1984,200927,US-1965-VRA,1965,19,0.4302849672413108,0.1407307613010733,Democracy & Governance,100
continuous_d23,1984,200927,US-1966-FOIA,1966,18,0.5276851885319783,-0.026118913891598615,Democracy & Governance,100
continuous_d23,1984,200927,US-1966-HARPER,1966,18,0.2854925506057135,0.02167193532248368,Democracy & Governance,100
continuous_d23,1984,200927,US-1966-MIRANDA,1966,18,0.5758027832837943,0.0032434633232690724,Criminal Justice & Guns,100
continuous_d23,1984,200927,US-1967-KATZ,1967,17,0.3690677614362599,0.025230088460996895,Civil Liberties,100
continuous_d23,1984,200927,US-1967-LOVING,1967,17,0.2798678175223086,-0.07542977441675285,Civil Rights,100
continuous_d23,1984,200927,US-1968-FAIR-HOUSING,1968,16,0.4234498861603972,0.061147557979316106,Civil Rights,100
continuous_d23,1984,200927,US-1968-GUN-CONTROL,1968,16,0.32593050101963084,0.023109655083482214,Criminal Justice & Guns,99
continuous_d23,1984,200927,US-1968-TERRY,1968,16,0.5257364171159241,0.0362681098750477,Criminal Justice & Guns,100
continuous_d23,1984,200927,US-1969-BRANDENBURG,1969,15,0.37317809356705106,0.09626580719780135,Civil Liberties,100
continuous_d23,1984,200927,US-1969-NEPA,1969,15,0.43943743198429125,-0.08402984153126125,Environment & Energy,100
continuous_d23,1984,200927,US-1969-TINKER,1969,15,0.3736609616175728,0.12166344655097987,Civil Liberties,100
continuous_d23,1984,200927,US-1970-CLEAN-AIR,1970,14,0.4827336296677424,-0.08951200403564848,Environment & Energy,100
continuous_d23,1984,200927,US-1970-CSA,1970,14,0.3804518842390909,0.07543789476438091,Criminal Justice & Guns,99
continuous_d23,1984,200927,US-1970-OSHA,1970,14,0.6262441386434954,-0.04674916060108528,Labor,100
continuous_d23,1984,200927,US-1971-26TH,1971,13,0.5047980868538603,0.02962388112921903,Democracy & Governance,100
continuous_d23,1984,200927,US-1971-FECA,1971,13,0.5175913123364984,0.011213234020002077,Democracy & Governance,100
continuous_d23,1984,200927,US-1971-LEMON,1971,13,0.3230154095882616,-0.05820235868550392,Civil Liberties,100
continuous_d23,1984,200927,US-1971-PENTAGON-PAPERS,1971,13,0.26519604868818253,0.048690200730056026,Civil Liberties,100
continuous_d23,1984,200927,US-1972-CLEAN-WATER,1972,12,0.44918647248775045,0.0453553827910283,Environment & Energy,100
continuous_d23,1984,200927,US-1972-FURMAN,1972,12,0.30102208769359035,-0.06812643310283086,Criminal Justice & Guns,100
continuous_d23,1984,200927,US-1972-TITLE-IX,1972,12,0.3929846527279613,0.05972569610197202,Civil Rights,100
continuous_d23,1984,200927,US-1972-YODER,1972,12,0.4793524812643989,0.011137390337927938,Civil Liberties,100
continuous_d23,1984,200927,US-1973-ESA,1973,11,0.49877329393921854,0.03487798844330446,Environment & Energy,100
continuous_d23,1984,200927,US-1973-REHABILITATION,1973,11,0.317270360799423,0.010615793988394646,Civil Rights,100
continuous_d23,1984,200927,US-1973-RODRIGUEZ,1973,11,0.4008226376908851,0.017652495362677136,Health/Welfare/Educ,100
continuous_d23,1984,200927,US-1973-ROE,1973,11,0.386149199520534,0.03569693476503386,Civil Liberties,100
continuous_d23,1984,200927,US-1973-WAR-POWERS,1973,11,0.4174691645280669,0.025303641581505314,Democracy & Governance,100
continuous_d23,1984,200927,US-1974-ECOA,1974,10,0.31768541805847234,0.04144696819626621,Economy & Finance,100
continuous_d23,1984,200927,US-1974-ERISA,1974,10,0.5868142676132847,-0.06827132976987502,Labor,100
continuous_d23,1984,200927,US-1974-MILLIKEN,1974,10,0.3464836184424449,0.09792949482060481,Civil Rights,100
continuous_d23,1984,200927,US-1974-PRIVACY-ACT,1974,10,0.47868780493066077,0.11925583396982958,Civil Liberties,100
continuous_d23,1984,200927,US-1975-IDEA,1975,9,0.5571034415085575,0.11688872365725635,Civil Rights,100
continuous_d23,1984,200927,US-1975-ISDEAA,1975,9,0.5028479521931062,-0.08690021062148373,Civil Rights,100
continuous_d23,1984,200927,US-1976-BUCKLEY,1976,8,0.3699677366799889,0.11636310884621376,Democracy & Governance,99
continuous_d23,1984,200927,US-1976-GREGG,1976,8,0.554897191845878,-0.06283017190995044,Criminal Justice & Guns,100
continuous_d23,1984,200927,US-1976-TSCA,1976,8,0.5617280284363576,0.016542846022427612,Environment & Energy,100
continuous_d23,1984,200927,US-1977-CRA,1977,7,0.6178532721470694,0.019275082930083686,Health/Welfare/Educ,100
continuous_d23,1984,200927,US-1977-FED-DUAL-MANDATE,1977,7,0.5561993024627454,0.010600368157048347,Economy & Finance,100
continuous_d23,1984,200927,US-1978-AIRLINE-DEREG,1978,6,0.3592788942383313,-0.005225924300697069,Economy & Finance,100
continuous_d23,1984,200927,US-1978-BAKKE,1978,6,0.3995297514153688,0.06573018894218202,Civil Rights,99
continuous_d23,1984,200927,US-1978-FISA,1978,6,0.5096285028601272,0.0025523507699957747,Civil Liberties,100
continuous_d23,1984,200927,US-1978-HUMPHREY-HAWKINS,1978,6,0.43532699081155324,-0.06755759289047815,Economy & Finance,100
continuous_d23,1984,200927,US-1978-ICWA,1978,6,0.6293040384400032,-0.035160083065014905,Civil Rights,100
continuous_d23,1984,200927,US-1978-PREGNANCY-DISCRIM,1978,6,0.3852148625610303,0.1042284859103123,Civil Rights,100
continuous_d23,1984,200927,US-1980-CERCLA,1980,4,0.4938572109197248,-0.01492529621902908,Environment & Energy,100
continuous_d23,1984,200927,US-1980-DIDMCA,1980,4,0.4165630857378669,0.060404002805776395,Economy & Finance,99
continuous_d23,1984,200927,US-1980-REFUGEE-ACT,1980,4,0.5150758479134905,0.0005747877124465859,Immigration,100
continuous_d23,1984,200927,US-1983-CHADHA,1983,1,0.47063864332196365,-0.08500793321982042,Civil Liberties,100
continuous_d23,1984,200927,US-1984-CHEVRON,1984,0,0.5157141575294968,-0.0360761129138818,Democracy & Governance,100
continuous_d23,1984,200927,US-1984-SENTENCING,1984,0,0.3545129325868036,-0.01011909399309107,Criminal Justice & Guns,100
continuous_d23,1984,200927,US-1986-BOWERS,1986,-2,0.3460884694538129,-0.0031495120582987583,Civil Liberties,100
continuous_d23,1984,200927,US-1986-IRCA,1986,-2,0.3519078889891003,0.027335905567988792,Immigration,99
continuous_d23,1984,200927,US-1986-TAX-REFORM,1986,-2,0.44482255452177033,0.1482688072943338,Economy & Finance,100
continuous_d23,1984,200927,US-1988-CIVIL-LIBERTIES-ACT,1988,-4,0.40838399285606697,0.020772758180049908,Civil Rights,100
continuous_d23,1984,200927,US-1990-ADA,1990,-6,0.5523746144354553,0.050611039764822986,Civil Rights,100
continuous_d23,1984,200927,US-1990-CLEAN-AIR-AMEND,1990,-6,0.5313786708454135,0.011280045208992912,Environment & Energy,100
continuous_d23,1984,200927,US-1991-CIVIL-RIGHTS-ACT,1991,-7,0.5641746439602501,0.04300700797245591,Civil Rights,100
continuous_d23,1984,200927,US-1992-CASEY,1992,-8,0.4438567161707828,0.0012523347196863933,Civil Liberties,100
continuous_d23,1984,200927,US-1993-BRADY,1993,-9,0.5533104475116365,0.019470129954112132,Criminal Justice & Guns,99
continuous_d23,1984,200927,US-1993-FMLA,1993,-9,0.5898747055648108,-0.03360817373555994,Labor,100
continuous_d23,1984,200927,US-1993-NVRA,1993,-9,0.5734199583609226,-0.04254831871199599,Democracy & Governance,99
continuous_d23,1984,200927,US-1994-CRIME-BILL,1994,-10,0.5389657510558191,-0.007756915976146405,Criminal Justice & Guns,98
continuous_d23,1984,200927,US-1994-NAFTA,1994,-10,0.4874918220212582,-0.03695645383298823,Economy & Finance,100
continuous_d23,1984,200927,US-1994-VAWA,1994,-10,0.33107057573359067,-0.015583772095623621,Civil Rights,100
continuous_d23,1984,200927,US-1995-LOPEZ,1995,-11,0.360139730376296,-0.0031697186893180087,Democracy & Governance,100
continuous_d23,1984,200927,US-1996-DOMA,1996,-12,0.4489667857195891,-0.056134290127056764,Civil Rights,100
continuous_d23,1984,200927,US-1996-PRWORA,1996,-12,0.4955809333622602,-0.015446931871898011,Health/Welfare/Educ,100
continuous_d23,1984,200927,US-1996-TELECOM,1996,-12,0.5078135652143857,-0.06190779972304873,Democracy & Governance,100
continuous_d23,1984,200927,US-1997-PRINTZ,1997,-13,0.5265031818801127,-0.012746697968796098,Democracy & Governance,100
continuous_d23,1984,200927,US-1999-GLBA,1999,-15,0.4609101431083019,0.015081419097107451,Economy & Finance,100
continuous_d23,1984,200927,US-2000-BUSH-GORE,2000,-16,0.27591155805346534,-0.021801641193677477,Democracy & Governance,100
continuous_d23,1984,200927,US-2001-NCLB,2001,-17,0.5537158223230898,-0.017016456078470042,Health/Welfare/Educ,100
continuous_d23,1984,200927,US-2001-PATRIOT,2001,-17,0.6748822505567506,0.016965624758027886,Natl Security & Foreign,100
continuous_d23,1984,200927,US-2002-HAVA,2002,-18,0.47554401787673123,-0.054293508077570024,Democracy & Governance,100
continuous_d23,1984,200927,US-2002-HOMELAND-SECURITY,2002,-18,0.32342249261427525,-0.02003735727927117,Natl Security & Foreign,100
continuous_d23,1984,200927,US-2002-SOX,2002,-18,0.5787833522129239,0.017020522125843558,Economy & Finance,100
continuous_d23,1984,200927,US-2003-LAWRENCE,2003,-19,0.23628900484869564,-0.02920299365635233,Civil Liberties,100
continuous_d23,1984,200927,US-2003-MEDICARE-MMA,2003,-19,0.5855926446355548,0.06260798078911516,Health/Welfare/Educ,100
continuous_d23,1984,200927,US-1968-OMNIBUS-CRIME-CONTROL,1968,16,0.4735710925988976,0.09635504110281881,Criminal Justice & Guns,100
continuous_d23,1984,200927,US-1968-TRUTH-IN-LENDING,1968,16,0.5691057781516959,0.0667138107747669,Economy & Finance,100
continuous_d23,1984,200927,US-1970-FCRA,1970,14,0.5527686417953901,-0.025606265656149648,Civil Liberties,100
continuous_d23,1984,200927,US-1972-CPSA,1972,12,0.4548497273584593,-0.085941827056381,Economy & Finance,100
continuous_d23,1984,200927,US-1975-EPCA,1975,9,0.4836461017035191,0.012733705416532747,Environment & Energy,99
continuous_d23,1984,200927,US-1987-DOLE,1987,-3,0.3715747452380067,0.0037423112437094063,Economy & Finance,100
continuous_d23,1984,200927,US-1997-RENO-ACLU,1997,-13,0.5752767557749188,-0.04797955130357754,Civil Liberties,100
continuous_d23,1984,200927,US-1964-TONKIN-GULF,1964,20,0.311126817272207,-0.005437950108173213,Natl Security & Foreign,100
continuous_d23,1984,200927,US-1967-ADEA,1967,17,0.4300219517120677,0.08887380997573285,Civil Rights,100
continuous_d23,1984,200927,US-1970-BANK-SECRECY,1970,14,0.513154587802396,-0.007086964410164499,Economy & Finance,99
continuous_d23,1984,200927,US-1971-ANCSA,1971,13,0.5030686598322455,-0.03337552559671333,Civil Rights,99
continuous_d23,1984,200927,US-1978-AIRFA,1978,6,0.5431812637301767,0.06516180333805172,Civil Rights,100
continuous_d23,1984,200927,US-1982-VRA-AMENDMENTS,1982,2,0.42840940475733086,0.01718526545114214,Democracy & Governance,100
continuous_d23,1984,200927,US-1990-IMMIGRATION-ACT,1990,-6,0.5265206153972483,-0.0277152816172796,Immigration,100
continuous_d23,1984,200927,US-1993-RFRA,1993,-9,0.37787095854016634,-0.02051314351827189,Civil Liberties,97
continuous_d23,1984,200927,US-1996-AEDPA,1996,-12,0.47209513181167745,-0.014047624908594878,Criminal Justice & Guns,98
continuous_d23,1984,200927,US-1996-IIRIRA,1996,-12,0.43750933975719236,-0.05698380684975472,Immigration,100
continuous_d23,1984,200927,US-2001-AUMF,2001,-17,0.39467762542103413,-0.026865268826408505,Natl Security & Foreign,98
continuous_d23,1984,200927,US-2002-IRAQ-AUMF,2002,-18,0.319113363463292,-0.03574850595748246,Natl Security & Foreign,99
continuous_d23,1985,202084,US-1965-ESEA,1965,20,0.23904156898563028,-0.03243304797557205,Health/Welfare/Educ,100
continuous_d23,1985,202084,US-1965-GRISWOLD,1965,20,0.26101736622161287,-0.14023655481421862,Civil Liberties,99
continuous_d23,1985,202084,US-1965-HART-CELLER,1965,20,0.293958706965898,-0.1216986845462018,Immigration,100
continuous_d23,1985,202084,US-1965-MEDICARE-MEDICAID,1965,20,0.18558134666567216,-0.019466152522848654,Health/Welfare/Educ,99
continuous_d23,1985,202084,US-1965-VRA,1965,20,0.24569358506500566,0.01946748140185193,Democracy & Governance,100
continuous_d23,1985,202084,US-1966-FOIA,1966,19,0.37968603161185166,-0.023506803866489432,Democracy & Governance,100
continuous_d23,1985,202084,US-1966-HARPER,1966,19,0.3083742597741917,-0.08223962809656453,Democracy & Governance,100
continuous_d23,1985,202084,US-1966-MIRANDA,1966,19,0.3481217593041638,-0.008332242214592086,Criminal Justice & Guns,100
continuous_d23,1985,202084,US-1967-KATZ,1967,18,0.3070398502178971,0.019883353262000095,Civil Liberties,100
continuous_d23,1985,202084,US-1967-LOVING,1967,18,0.38796997092384217,-0.0927797344979196,Civil Rights,100
continuous_d23,1985,202084,US-1968-FAIR-HOUSING,1968,17,0.28272399256040953,-0.005932480517096315,Civil Rights,100
continuous_d23,1985,202084,US-1968-GUN-CONTROL,1968,17,0.26169133625653423,-0.06854360303444718,Criminal Justice & Guns,99
continuous_d23,1985,202084,US-1968-TERRY,1968,17,0.35380089467435155,0.007686507828955499,Criminal Justice & Guns,100
continuous_d23,1985,202084,US-1969-BRANDENBURG,1969,16,0.2715770234249693,-0.0012658682280336224,Civil Liberties,100
continuous_d23,1985,202084,US-1969-NEPA,1969,16,0.33842443013628887,-0.1136172847936205,Environment & Energy,100
continuous_d23,1985,202084,US-1969-TINKER,1969,16,0.270380512597051,0.0733848532024476,Civil Liberties,100
continuous_d23,1985,202084,US-1970-CLEAN-AIR,1970,15,0.2586852342799099,-0.16587767207971807,Environment & Energy,100
continuous_d23,1985,202084,US-1970-CSA,1970,15,0.33728724887088546,0.0350344047884778,Criminal Justice & Guns,99
continuous_d23,1985,202084,US-1970-OSHA,1970,15,0.3246961089334952,-0.13529741346278723,Labor,100
continuous_d23,1985,202084,US-1971-26TH,1971,14,0.34781580108104637,-0.08299733168409502,Democracy & Governance,100
continuous_d23,1985,202084,US-1971-FECA,1971,14,0.3046383808861942,-0.08384729985336874,Democracy & Governance,100
continuous_d23,1985,202084,US-1971-LEMON,1971,14,0.26364115014848954,-0.024244874917354,Civil Liberties,100
continuous_d23,1985,202084,US-1971-PENTAGON-PAPERS,1971,14,0.18418083299625107,0.06512899246656403,Civil Liberties,100
continuous_d23,1985,202084,US-1972-CLEAN-WATER,1972,13,0.3475370446356868,-0.05577240328459298,Environment & Energy,100
continuous_d23,1985,202084,US-1972-FURMAN,1972,13,0.43928498407709266,-0.06729277706030388,Criminal Justice & Guns,100
continuous_d23,1985,202084,US-1972-TITLE-IX,1972,13,0.2908309249616386,-0.02471008627754616,Civil Rights,100
continuous_d23,1985,202084,US-1972-YODER,1972,13,0.3474693064879084,-0.0457316361778952,Civil Liberties,100
continuous_d23,1985,202084,US-1973-ESA,1973,12,0.364050389427438,-0.02741777854869919,Environment & Energy,100
continuous_d23,1985,202084,US-1973-REHABILITATION,1973,12,0.29416560596476166,-0.06906711050175045,Civil Rights,100
continuous_d23,1985,202084,US-1973-RODRIGUEZ,1973,12,0.3969740733623323,-0.05556785521066725,Health/Welfare/Educ,100
continuous_d23,1985,202084,US-1973-ROE,1973,12,0.3044506809911276,-0.02815217379860825,Civil Liberties,100
continuous_d23,1985,202084,US-1973-WAR-POWERS,1973,12,0.2500863507264022,-0.122254136944448,Democracy & Governance,100
continuous_d23,1985,202084,US-1974-ECOA,1974,11,0.3051703932443548,0.011290990355555417,Economy & Finance,100
continuous_d23,1985,202084,US-1974-ERISA,1974,11,0.30339008242456583,-0.14259912903679064,Labor,100
continuous_d23,1985,202084,US-1974-MILLIKEN,1974,11,0.29323244691809847,-0.04112568968194163,Civil Rights,100
continuous_d23,1985,202084,US-1974-PRIVACY-ACT,1974,11,0.34707353595088347,0.07814255660014727,Civil Liberties,100
continuous_d23,1985,202084,US-1975-IDEA,1975,10,0.3530315865402621,0.10282508352999775,Civil Rights,100
continuous_d23,1985,202084,US-1975-ISDEAA,1975,10,0.31478207442503214,-0.08763442784236374,Civil Rights,100
continuous_d23,1985,202084,US-1976-BUCKLEY,1976,9,0.2833325489868013,-0.01041941504578236,Democracy & Governance,99
continuous_d23,1985,202084,US-1976-GREGG,1976,9,0.41956252588616144,-0.0809904649816565,Criminal Justice & Guns,100
continuous_d23,1985,202084,US-1976-TSCA,1976,9,0.3309602481128974,-0.05251680115965536,Environment & Energy,100
continuous_d23,1985,202084,US-1977-CRA,1977,8,0.3316651550442877,-0.04569064200561155,Health/Welfare/Educ,100
continuous_d23,1985,202084,US-1977-FED-DUAL-MANDATE,1977,8,0.29548489221369956,-0.08399431417079534,Economy & Finance,100
continuous_d23,1985,202084,US-1978-AIRLINE-DEREG,1978,7,0.2568900680969849,-0.10454855709293699,Economy & Finance,100
continuous_d23,1985,202084,US-1978-BAKKE,1978,7,0.324184792866802,0.023670476775250412,Civil Rights,99
continuous_d23,1985,202084,US-1978-FISA,1978,7,0.3163445519814971,-0.061854022138816134,Civil Liberties,100
continuous_d23,1985,202084,US-1978-HUMPHREY-HAWKINS,1978,7,0.29228572305549105,-0.15535773194995967,Economy & Finance,100
continuous_d23,1985,202084,US-1978-ICWA,1978,7,0.37635516301072897,-0.096939057652543,Civil Rights,100
continuous_d23,1985,202084,US-1978-PREGNANCY-DISCRIM,1978,7,0.36885032417961583,0.036779840553938674,Civil Rights,100
continuous_d23,1985,202084,US-1980-CERCLA,1980,5,0.3530652082616577,-0.08179001941149724,Environment & Energy,100
continuous_d23,1985,202084,US-1980-DIDMCA,1980,5,0.2715562007421475,-0.059990294780595636,Economy & Finance,99
continuous_d23,1985,202084,US-1980-REFUGEE-ACT,1980,5,0.29521357127090303,-0.037228278354884216,Immigration,100
continuous_d23,1985,202084,US-1983-CHADHA,1983,2,0.2678236212883893,-0.14349446281231906,Civil Liberties,100
continuous_d23,1985,202084,US-1984-CHEVRON,1984,1,0.41127487726964884,0.06240441815187123,Democracy & Governance,100
continuous_d23,1985,202084,US-1984-SENTENCING,1984,1,0.2591210836987555,-0.11288380168094848,Criminal Justice & Guns,100
continuous_d23,1985,202084,US-1986-BOWERS,1986,-1,0.30450941420358313,-0.03463779024347425,Civil Liberties,100
continuous_d23,1985,202084,US-1986-IRCA,1986,-1,0.27810158263550105,0.000716713317622683,Immigration,99
continuous_d23,1985,202084,US-1986-TAX-REFORM,1986,-1,0.35175622396911743,0.02921020037298678,Economy & Finance,100
continuous_d23,1985,202084,US-1988-CIVIL-LIBERTIES-ACT,1988,-3,0.16349273425407257,-0.08178452372289628,Civil Rights,100
continuous_d23,1985,202084,US-1990-ADA,1990,-5,0.3118800304747841,0.055456693519526715,Civil Rights,100
continuous_d23,1985,202084,US-1990-CLEAN-AIR-AMEND,1990,-5,0.30744968559054087,-0.06862915096976142,Environment & Energy,100
continuous_d23,1985,202084,US-1991-CIVIL-RIGHTS-ACT,1991,-6,0.2355057903009062,-0.01630347053416996,Civil Rights,100
continuous_d23,1985,202084,US-1992-CASEY,1992,-7,0.33824971502001566,-0.07167545459588232,Civil Liberties,100
continuous_d23,1985,202084,US-1993-BRADY,1993,-8,0.344422549441174,-0.06317223108223483,Criminal Justice & Guns,99
continuous_d23,1985,202084,US-1993-FMLA,1993,-8,0.277345400832887,-0.11085042790836627,Labor,100
continuous_d23,1985,202084,US-1993-NVRA,1993,-8,0.29372330315034956,-0.13939681986034766,Democracy & Governance,99
continuous_d23,1985,202084,US-1994-CRIME-BILL,1994,-9,0.27707575873388657,-0.043807282215086896,Criminal Justice & Guns,98
continuous_d23,1985,202084,US-1994-NAFTA,1994,-9,0.2661959541391943,-0.005072419940738343,Economy & Finance,100
continuous_d23,1985,202084,US-1994-VAWA,1994,-9,0.25744791703058056,-0.07877131227059561,Civil Rights,100
continuous_d23,1985,202084,US-1995-LOPEZ,1995,-10,0.24708309672611395,-0.0955906523345141,Democracy & Governance,100
continuous_d23,1985,202084,US-1996-DOMA,1996,-11,0.3777016265331909,-0.15621461723740437,Civil Rights,100
continuous_d23,1985,202084,US-1996-PRWORA,1996,-11,0.3379893124202153,-0.07303033830663909,Health/Welfare/Educ,100
continuous_d23,1985,202084,US-1996-TELECOM,1996,-11,0.3364642484127521,-0.08167902643411358,Democracy & Governance,100
continuous_d23,1985,202084,US-1997-PRINTZ,1997,-12,0.2516212116890234,-0.1034764703222086,Democracy & Governance,100
continuous_d23,1985,202084,US-1999-GLBA,1999,-14,0.3335989671881704,-0.00516156372286457,Economy & Finance,100
continuous_d23,1985,202084,US-2000-BUSH-GORE,2000,-15,0.3048309290913754,-0.08226068299733477,Democracy & Governance,100
continuous_d23,1985,202084,US-2001-NCLB,2001,-16,0.3462428774804387,-0.10390033247441383,Health/Welfare/Educ,100
continuous_d23,1985,202084,US-2001-PATRIOT,2001,-16,0.2558246317585212,-0.026312957358085507,Natl Security & Foreign,100
continuous_d23,1985,202084,US-2002-HAVA,2002,-17,0.2899438963012251,-0.1268593663708785,Democracy & Governance,100
continuous_d23,1985,202084,US-2002-HOMELAND-SECURITY,2002,-17,0.16163192856185798,-0.07389845000533656,Natl Security & Foreign,100
continuous_d23,1985,202084,US-2002-SOX,2002,-17,0.22344824267991734,-0.06169530866444206,Economy & Finance,100
continuous_d23,1985,202084,US-2003-LAWRENCE,2003,-18,0.29798273314732016,-0.07219906444537277,Civil Liberties,100
continuous_d23,1985,202084,US-2003-MEDICARE-MMA,2003,-18,0.3726792334022835,0.048264277424600176,Health/Welfare/Educ,100
continuous_d23,1985,202084,US-1968-OMNIBUS-CRIME-CONTROL,1968,17,0.2832298956431841,0.02538444626417104,Criminal Justice & Guns,100
continuous_d23,1985,202084,US-1968-TRUTH-IN-LENDING,1968,17,0.34047578780262944,-0.04550441279671087,Economy & Finance,100
continuous_d23,1985,202084,US-1970-FCRA,1970,15,0.2627509275380856,-0.07051551261431528,Civil Liberties,100
continuous_d23,1985,202084,US-1972-CPSA,1972,13,0.29452583069625055,-0.08665444087302411,Economy & Finance,100
continuous_d23,1985,202084,US-1975-EPCA,1975,10,0.2312412806081577,-0.07587112497490761,Environment & Energy,99
continuous_d23,1985,202084,US-1987-DOLE,1987,-2,0.22018992550600885,-0.09526459796349344,Economy & Finance,100
continuous_d23,1985,202084,US-1997-RENO-ACLU,1997,-12,0.39896397309024073,-0.10228253915556844,Civil Liberties,100
continuous_d23,1985,202084,US-2005-KELO,2005,-20,0.32976498245473956,0.0570077769186458,Economy & Finance,100
continuous_d23,1985,202084,US-1967-ADEA,1967,18,0.2453156314377084,0.027565711879879905,Civil Rights,100
continuous_d23,1985,202084,US-1970-BANK-SECRECY,1970,15,0.32289180177694815,-0.04438311129657871,Economy & Finance,99
continuous_d23,1985,202084,US-1971-ANCSA,1971,14,0.25900617520514946,-0.07369662213467089,Civil Rights,99
continuous_d23,1985,202084,US-1978-AIRFA,1978,7,0.21815172451060172,-0.06540323475025783,Civil Rights,100
continuous_d23,1985,202084,US-1982-VRA-AMENDMENTS,1982,3,0.25016916724361093,-0.024141785307428644,Democracy & Governance,100
continuous_d23,1985,202084,US-1990-IMMIGRATION-ACT,1990,-5,0.24943797261156014,-0.02545730711318349,Immigration,100
continuous_d23,1985,202084,US-1993-RFRA,1993,-8,0.241101439230164,-0.08718550057289928,Civil Liberties,97
continuous_d23,1985,202084,US-1996-AEDPA,1996,-11,0.26896411916776997,-0.012947918661611097,Criminal Justice & Guns,98
continuous_d23,1985,202084,US-1996-IIRIRA,1996,-11,0.2629172341966964,-0.060054736265530775,Immigration,100
continuous_d23,1985,202084,US-2001-AUMF,2001,-16,0.18239796851470005,-0.09167969006628073,Natl Security & Foreign,98
continuous_d23,1985,202084,US-2002-IRAQ-AUMF,2002,-17,0.19884916058479665,-0.12412573230313109,Natl Security & Foreign,99
continuous_d23,1986,203356,US-1966-FOIA,1966,20,0.41098446098225827,-0.06319693686003772,Democracy & Governance,100
continuous_d23,1986,203356,US-1966-HARPER,1966,20,0.4642194078372684,-0.10856170550494589,Democracy & Governance,100
continuous_d23,1986,203356,US-1966-MIRANDA,1966,20,0.3327768460466145,-0.06077075886654254,Criminal Justice & Guns,100
continuous_d23,1986,203356,US-1967-KATZ,1967,19,0.23628476721163888,-0.19283170448602985,Civil Liberties,100
continuous_d23,1986,203356,US-1967-LOVING,1967,19,0.543116613481158,-0.11264950304204778,Civil Rights,100
continuous_d23,1986,203356,US-1968-FAIR-HOUSING,1968,18,0.44319848635342085,-0.06793060696163282,Civil Rights,100
continuous_d23,1986,203356,US-1968-GUN-CONTROL,1968,18,0.4667646088681405,-0.04509422662971345,Criminal Justice & Guns,99
continuous_d23,1986,203356,US-1968-TERRY,1968,18,0.3850277439291313,-0.060409304518828,Criminal Justice & Guns,100
continuous_d23,1986,203356,US-1969-BRANDENBURG,1969,17,0.3628266178886992,0.002195010609662146,Civil Liberties,100
continuous_d23,1986,203356,US-1969-NEPA,1969,17,0.40160260361839134,-0.09358218996947387,Environment & Energy,100
continuous_d23,1986,203356,US-1969-TINKER,1969,17,0.4304725947351541,0.07648557155711491,Civil Liberties,100
continuous_d23,1986,203356,US-1970-CLEAN-AIR,1970,16,0.31182113596925864,-0.16420284353184159,Environment & Energy,100
continuous_d23,1986,203356,US-1970-CSA,1970,16,0.4730068769155844,-0.1003998233200706,Criminal Justice & Guns,99
continuous_d23,1986,203356,US-1970-OSHA,1970,16,0.4530115270838875,-0.17384709426195372,Labor,100
continuous_d23,1986,203356,US-1971-26TH,1971,15,0.48430000091853026,-0.20781771511519118,Democracy & Governance,100
continuous_d23,1986,203356,US-1971-FECA,1971,15,0.4627165755383856,-0.11787152437070163,Democracy & Governance,100
continuous_d23,1986,203356,US-1971-LEMON,1971,15,0.2795924435475408,-0.10954456181465994,Civil Liberties,100
continuous_d23,1986,203356,US-1971-PENTAGON-PAPERS,1971,15,0.2449142314686911,-0.058258801114479654,Civil Liberties,100
continuous_d23,1986,203356,US-1972-CLEAN-WATER,1972,14,0.34259730024799573,-0.059297001855818966,Environment & Energy,100
continuous_d23,1986,203356,US-1972-FURMAN,1972,14,0.5060940946635525,-0.09708349951826595,Criminal Justice & Guns,100
continuous_d23,1986,203356,US-1972-TITLE-IX,1972,14,0.4733623060490586,-0.13909022680966293,Civil Rights,100
continuous_d23,1986,203356,US-1972-YODER,1972,14,0.4355529883435116,-0.1525724636079483,Civil Liberties,100
continuous_d23,1986,203356,US-1973-ESA,1973,13,0.5162211124131157,-0.03668616464185454,Environment & Energy,100
continuous_d23,1986,203356,US-1973-REHABILITATION,1973,13,0.4906041090808477,-0.019056724196024843,Civil Rights,100
continuous_d23,1986,203356,US-1973-RODRIGUEZ,1973,13,0.44823718184964567,-0.06848773442046133,Health/Welfare/Educ,100
continuous_d23,1986,203356,US-1973-ROE,1973,13,0.3684749216906774,-0.15324727857972242,Civil Liberties,100
continuous_d23,1986,203356,US-1973-WAR-POWERS,1973,13,0.34677198450338165,-0.09384000224932965,Democracy & Governance,100
continuous_d23,1986,203356,US-1974-ECOA,1974,12,0.48444630117225856,-0.05889557906031498,Economy & Finance,100
continuous_d23,1986,203356,US-1974-ERISA,1974,12,0.40198140085222145,-0.1582325198112993,Labor,100
continuous_d23,1986,203356,US-1974-MILLIKEN,1974,12,0.29875527967353277,-0.10088069552845175,Civil Rights,100
continuous_d23,1986,203356,US-1974-PRIVACY-ACT,1974,12,0.4052051224743134,-0.05297256761148786,Civil Liberties,100
continuous_d23,1986,203356,US-1975-IDEA,1975,11,0.4079610857355051,-0.062262184465275115,Civil Rights,100
continuous_d23,1986,203356,US-1975-ISDEAA,1975,11,0.4371575239434038,-0.1083171877912441,Civil Rights,100
continuous_d23,1986,203356,US-1976-BUCKLEY,1976,10,0.49562890960809763,-0.10900148418453727,Democracy & Governance,99
continuous_d23,1986,203356,US-1976-GREGG,1976,10,0.5304730157579473,-0.20016813896994223,Criminal Justice & Guns,100
continuous_d23,1986,203356,US-1976-TSCA,1976,10,0.3234570003994287,-0.19899265075370184,Environment & Energy,100
continuous_d23,1986,203356,US-1977-CRA,1977,9,0.3068316087852197,-0.10085704868336164,Health/Welfare/Educ,100
continuous_d23,1986,203356,US-1977-FED-DUAL-MANDATE,1977,9,0.4136652434925908,-0.11261160738094991,Economy & Finance,100
continuous_d23,1986,203356,US-1978-AIRLINE-DEREG,1978,8,0.3003120429458902,-0.10786700350485204,Economy & Finance,100
continuous_d23,1986,203356,US-1978-BAKKE,1978,8,0.4242167301482981,-0.0875882950652811,Civil Rights,99
continuous_d23,1986,203356,US-1978-FISA,1978,8,0.22631872012446222,-0.10513447383479108,Civil Liberties,100
continuous_d23,1986,203356,US-1978-HUMPHREY-HAWKINS,1978,8,0.3812978718756335,-0.17971368528614146,Economy & Finance,100
continuous_d23,1986,203356,US-1978-ICWA,1978,8,0.49134574298506095,-0.04997055297505074,Civil Rights,100
continuous_d23,1986,203356,US-1978-PREGNANCY-DISCRIM,1978,8,0.45168674836178707,-0.058646334750404795,Civil Rights,100
continuous_d23,1986,203356,US-1980-CERCLA,1980,6,0.39860917554118386,-0.10225116989531252,Environment & Energy,100
continuous_d23,1986,203356,US-1980-DIDMCA,1980,6,0.4529209095020921,-0.051105606928674295,Economy & Finance,99
continuous_d23,1986,203356,US-1980-REFUGEE-ACT,1980,6,0.43512704682001446,-0.16050319422920548,Immigration,100
continuous_d23,1986,203356,US-1983-CHADHA,1983,3,0.344571768501699,-0.23397165969463615,Civil Liberties,100
continuous_d23,1986,203356,US-1984-CHEVRON,1984,2,0.5316455848775127,0.027310718157016883,Democracy & Governance,100
continuous_d23,1986,203356,US-1984-SENTENCING,1984,2,0.41975993577665,-0.11396025244221346,Criminal Justice & Guns,100
continuous_d23,1986,203356,US-1986-BOWERS,1986,0,0.34250601183906054,-0.14423853342781923,Civil Liberties,100
continuous_d23,1986,203356,US-1986-IRCA,1986,0,0.4224788415647205,-0.07504091659682315,Immigration,99
continuous_d23,1986,203356,US-1986-TAX-REFORM,1986,0,0.5039346609490319,0.013818558384870646,Economy & Finance,100
continuous_d23,1986,203356,US-1988-CIVIL-LIBERTIES-ACT,1988,-2,0.34382567302139955,-0.08852785733338968,Civil Rights,100
continuous_d23,1986,203356,US-1990-ADA,1990,-4,0.41464844491979297,-0.08818962097266594,Civil Rights,100
continuous_d23,1986,203356,US-1990-CLEAN-AIR-AMEND,1990,-4,0.4063343090418552,-0.1313412031811433,Environment & Energy,100
continuous_d23,1986,203356,US-1991-CIVIL-RIGHTS-ACT,1991,-5,0.5476776513969945,-0.009455814858683678,Civil Rights,100
continuous_d23,1986,203356,US-1992-CASEY,1992,-6,0.5339413830863567,-0.13575065481199428,Civil Liberties,100
continuous_d23,1986,203356,US-1993-BRADY,1993,-7,0.4089185809300108,-0.099108526242422,Criminal Justice & Guns,99
continuous_d23,1986,203356,US-1993-FMLA,1993,-7,0.4115770637900761,-0.17420897443291405,Labor,100
continuous_d23,1986,203356,US-1993-NVRA,1993,-7,0.4348730520292581,-0.20270293078707477,Democracy & Governance,99
continuous_d23,1986,203356,US-1994-CRIME-BILL,1994,-8,0.4862969090891023,-0.13444257418824884,Criminal Justice & Guns,98
continuous_d23,1986,203356,US-1994-NAFTA,1994,-8,0.4614292112391788,-0.1214897778525834,Economy & Finance,100
continuous_d23,1986,203356,US-1994-VAWA,1994,-8,0.3421617011497224,-0.15269419567714027,Civil Rights,100
continuous_d23,1986,203356,US-1995-LOPEZ,1995,-9,0.2927023075929552,-0.12784850097529238,Democracy & Governance,100
continuous_d23,1986,203356,US-1996-DOMA,1996,-10,0.5201335886379145,-0.18073084193634986,Civil Rights,100
continuous_d23,1986,203356,US-1996-PRWORA,1996,-10,0.5037452141968306,-0.15759826791068662,Health/Welfare/Educ,100
continuous_d23,1986,203356,US-1996-TELECOM,1996,-10,0.49797385634569397,-0.12868195774187444,Democracy & Governance,100
continuous_d23,1986,203356,US-1997-PRINTZ,1997,-11,0.3754922516751429,-0.1359155548532337,Democracy & Governance,100
continuous_d23,1986,203356,US-1999-GLBA,1999,-13,0.4018793672744074,-0.08770082171499395,Economy & Finance,100
continuous_d23,1986,203356,US-2000-BUSH-GORE,2000,-14,0.28455178199715186,-0.04642449780084526,Democracy & Governance,100
continuous_d23,1986,203356,US-2001-NCLB,2001,-15,0.4680347607728575,-0.14830849551338848,Health/Welfare/Educ,100
continuous_d23,1986,203356,US-2001-PATRIOT,2001,-15,0.4712633899392414,-0.09463052766336974,Natl Security & Foreign,100
continuous_d23,1986,203356,US-2002-HAVA,2002,-16,0.45632729688448653,-0.12736023288759912,Democracy & Governance,100
continuous_d23,1986,203356,US-2002-HOMELAND-SECURITY,2002,-16,0.24604430448756054,-0.15497132924373858,Natl Security & Foreign,100
continuous_d23,1986,203356,US-2002-SOX,2002,-16,0.26897740321360897,-0.07603396898880997,Economy & Finance,100
continuous_d23,1986,203356,US-2003-LAWRENCE,2003,-17,0.3356383128478965,-0.08686241288726197,Civil Liberties,100
continuous_d23,1986,203356,US-2003-MEDICARE-MMA,2003,-17,0.38131457437849264,-0.14274385635678485,Health/Welfare/Educ,100
continuous_d23,1986,203356,US-1968-OMNIBUS-CRIME-CONTROL,1968,18,0.3743834543715768,-0.052254112560826016,Criminal Justice & Guns,100
continuous_d23,1986,203356,US-1968-TRUTH-IN-LENDING,1968,18,0.36953247962734304,-0.09737551626643677,Economy & Finance,100
continuous_d23,1986,203356,US-1970-FCRA,1970,16,0.38866712986709717,-0.06227707483110422,Civil Liberties,100
continuous_d23,1986,203356,US-1972-CPSA,1972,14,0.33405054868930995,-0.14525223706394771,Economy & Finance,100
continuous_d23,1986,203356,US-1975-EPCA,1975,11,0.28492121450357677,-0.1786838403342735,Environment & Energy,99
continuous_d23,1986,203356,US-1987-DOLE,1987,-1,0.2867969329865598,-0.11040126062820832,Economy & Finance,100
continuous_d23,1986,203356,US-1997-RENO-ACLU,1997,-11,0.5141986945169049,-0.18670411594431507,Civil Liberties,100
continuous_d23,1986,203356,US-2005-KELO,2005,-19,0.38137765459688233,-0.1394173953911838,Economy & Finance,100
continuous_d23,1986,203356,US-1967-ADEA,1967,19,0.37442729534572805,-0.05443062127069868,Civil Rights,100
continuous_d23,1986,203356,US-1970-BANK-SECRECY,1970,16,0.3686276908250711,-0.09316387862727553,Economy & Finance,99
continuous_d23,1986,203356,US-1971-ANCSA,1971,15,0.34549050870627307,-0.08725266444604379,Civil Rights,99
continuous_d23,1986,203356,US-1978-AIRFA,1978,8,0.33061434052960303,-0.08221028445246642,Civil Rights,100
continuous_d23,1986,203356,US-1982-VRA-AMENDMENTS,1982,4,0.4003406947451646,-0.056067317311507055,Democracy & Governance,100
continuous_d23,1986,203356,US-1990-IMMIGRATION-ACT,1990,-4,0.4016090996977738,-0.09418640119460674,Immigration,100
continuous_d23,1986,203356,US-1993-RFRA,1993,-7,0.3569814112470046,-0.14689927157897012,Civil Liberties,97
continuous_d23,1986,203356,US-1996-AEDPA,1996,-10,0.5039760655989628,-0.10612974676456084,Criminal Justice & Guns,98
continuous_d23,1986,203356,US-1996-IIRIRA,1996,-10,0.4184682234886503,-0.11556826271282494,Immigration,100
continuous_d23,1986,203356,US-2001-AUMF,2001,-15,0.29657301222485166,-0.14110971257817662,Natl Security & Foreign,98
continuous_d23,1986,203356,US-2002-IRAQ-AUMF,2002,-16,0.28929355299715376,-0.13558490206761348,Natl Security & Foreign,99
continuous_d23,1987,204738,US-1967-KATZ,1967,20,0.51361317189103,-0.17200380242334393,Civil Liberties,100
continuous_d23,1987,204738,US-1967-LOVING,1967,20,0.5884660702650926,-0.19080779699887496,Civil Rights,100
continuous_d23,1987,204738,US-1968-FAIR-HOUSING,1968,19,0.5038580794217519,-0.1678237422973661,Civil Rights,100
continuous_d23,1987,204738,US-1968-GUN-CONTROL,1968,19,0.5035027550050212,-0.16516218751089576,Criminal Justice & Guns,99
continuous_d23,1987,204738,US-1968-TERRY,1968,19,0.5269466096147052,-0.1623348012509563,Criminal Justice & Guns,100
continuous_d23,1987,204738,US-1969-BRANDENBURG,1969,18,0.5362262259764435,-0.19184268481695713,Civil Liberties,100
continuous_d23,1987,204738,US-1969-NEPA,1969,18,0.4814584985889509,-0.17602615343440514,Environment & Energy,100
continuous_d23,1987,204738,US-1969-TINKER,1969,18,0.5147092256863892,-0.17405910209048625,Civil Liberties,100
continuous_d23,1987,204738,US-1970-CLEAN-AIR,1970,17,0.5551313762742818,-0.16123300961110087,Environment & Energy,100
continuous_d23,1987,204738,US-1970-CSA,1970,17,0.4826359558829125,-0.15572335990183298,Criminal Justice & Guns,99
continuous_d23,1987,204738,US-1970-OSHA,1970,17,0.5106233167482924,-0.15930266887847452,Labor,100
continuous_d23,1987,204738,US-1971-26TH,1971,16,0.5421287754285653,-0.14666542873608887,Democracy & Governance,100
continuous_d23,1987,204738,US-1971-FECA,1971,16,0.5059885569136235,-0.16915086483948305,Democracy & Governance,100
continuous_d23,1987,204738,US-1971-LEMON,1971,16,0.5189166544485952,-0.17411904402400857,Civil Liberties,100
continuous_d23,1987,204738,US-1971-PENTAGON-PAPERS,1971,16,0.5380840373253577,-0.18215850670119876,Civil Liberties,100
continuous_d23,1987,204738,US-1972-CLEAN-WATER,1972,15,0.513226814606218,-0.17399550447514187,Environment & Energy,100
continuous_d23,1987,204738,US-1972-FURMAN,1972,15,0.49291614662609734,-0.1745029847515347,Criminal Justice & Guns,100
continuous_d23,1987,204738,US-1972-TITLE-IX,1972,15,0.540157037654455,-0.18440367199385757,Civil Rights,100
continuous_d23,1987,204738,US-1972-YODER,1972,15,0.5284209721743944,-0.17789320547997658,Civil Liberties,100
continuous_d23,1987,204738,US-1973-ESA,1973,14,0.5141248112024047,-0.17707454134743666,Environment & Energy,100
continuous_d23,1987,204738,US-1973-REHABILITATION,1973,14,0.5498892814910691,-0.18308027793305331,Civil Rights,100
continuous_d23,1987,204738,US-1973-RODRIGUEZ,1973,14,0.536431633838029,-0.19156015438598792,Health/Welfare/Educ,100
continuous_d23,1987,204738,US-1973-ROE,1973,14,0.5229916098820829,-0.18284050412566283,Civil Liberties,100
continuous_d23,1987,204738,US-1973-WAR-POWERS,1973,14,0.5235847909713408,-0.17371335493432408,Democracy & Governance,100
continuous_d23,1987,204738,US-1974-ECOA,1974,13,0.4934103160417627,-0.13732890953086876,Economy & Finance,100
continuous_d23,1987,204738,US-1974-ERISA,1974,13,0.512706861300101,-0.17767175925375736,Labor,100
continuous_d23,1987,204738,US-1974-MILLIKEN,1974,13,0.4981303610856427,-0.17227635334020658,Civil Rights,100
continuous_d23,1987,204738,US-1974-PRIVACY-ACT,1974,13,0.5545507932948648,-0.16504945000072582,Civil Liberties,100
continuous_d23,1987,204738,US-1975-IDEA,1975,12,0.5253097530813513,-0.16723121785463457,Civil Rights,100
continuous_d23,1987,204738,US-1975-ISDEAA,1975,12,0.5468567231850173,-0.16988128385088547,Civil Rights,100
continuous_d23,1987,204738,US-1976-BUCKLEY,1976,11,0.47910325724001274,-0.16942755478950533,Democracy & Governance,99
continuous_d23,1987,204738,US-1976-GREGG,1976,11,0.5100362633367532,-0.18608787779884278,Criminal Justice & Guns,100
continuous_d23,1987,204738,US-1976-TSCA,1976,11,0.536130549681015,-0.1650409948632241,Environment & Energy,100
continuous_d23,1987,204738,US-1977-CRA,1977,10,0.5865172847297297,-0.15795919245318038,Health/Welfare/Educ,100
continuous_d23,1987,204738,US-1977-FED-DUAL-MANDATE,1977,10,0.49506443441116654,-0.18082085488304828,Economy & Finance,100
continuous_d23,1987,204738,US-1978-AIRLINE-DEREG,1978,9,0.5295009995229271,-0.16837385528610432,Economy & Finance,100
continuous_d23,1987,204738,US-1978-BAKKE,1978,9,0.5243718957136329,-0.17274235270734725,Civil Rights,99
continuous_d23,1987,204738,US-1978-FISA,1978,9,0.558397084542393,-0.16892526332828478,Civil Liberties,100
continuous_d23,1987,204738,US-1978-HUMPHREY-HAWKINS,1978,9,0.5034105810487643,-0.1611536313128466,Economy & Finance,100
continuous_d23,1987,204738,US-1978-ICWA,1978,9,0.48586896064798585,-0.16943957385066985,Civil Rights,100
continuous_d23,1987,204738,US-1978-PREGNANCY-DISCRIM,1978,9,0.5542329430972813,-0.18824234094515332,Civil Rights,100
continuous_d23,1987,204738,US-1980-CERCLA,1980,7,0.5096364468467266,-0.18054280622988766,Environment & Energy,100
continuous_d23,1987,204738,US-1980-DIDMCA,1980,7,0.5272666912945972,-0.17546320011033786,Economy & Finance,99
continuous_d23,1987,204738,US-1980-REFUGEE-ACT,1980,7,0.5198152254781262,-0.16475181930630098,Immigration,100
continuous_d23,1987,204738,US-1983-CHADHA,1983,4,0.5274966348131139,-0.17668066268504365,Civil Liberties,100
continuous_d23,1987,204738,US-1984-CHEVRON,1984,3,0.5286315105387687,-0.17767490165004118,Democracy & Governance,100
continuous_d23,1987,204738,US-1984-SENTENCING,1984,3,0.5470566996319052,-0.18168989834098126,Criminal Justice & Guns,100
continuous_d23,1987,204738,US-1986-BOWERS,1986,1,0.5259828670839346,-0.1801314137264072,Civil Liberties,100
continuous_d23,1987,204738,US-1986-IRCA,1986,1,0.5107386688968265,-0.17177346611647085,Immigration,99
continuous_d23,1987,204738,US-1986-TAX-REFORM,1986,1,0.5176523021670634,-0.17575300130538524,Economy & Finance,100
continuous_d23,1987,204738,US-1988-CIVIL-LIBERTIES-ACT,1988,-1,0.5460970878406558,-0.16959418723914077,Civil Rights,100
continuous_d23,1987,204738,US-1990-ADA,1990,-3,0.46557161830928967,-0.16045632257761241,Civil Rights,100
continuous_d23,1987,204738,US-1990-CLEAN-AIR-AMEND,1990,-3,0.47590498105168627,-0.16634210848885672,Environment & Energy,100
continuous_d23,1987,204738,US-1991-CIVIL-RIGHTS-ACT,1991,-4,0.5073450216831122,-0.1779497194270414,Civil Rights,100
continuous_d23,1987,204738,US-1992-CASEY,1992,-5,0.5209009841666002,-0.16075152273334964,Civil Liberties,100
continuous_d23,1987,204738,US-1993-BRADY,1993,-6,0.5329077392876751,-0.17588015012148947,Criminal Justice & Guns,99
continuous_d23,1987,204738,US-1993-FMLA,1993,-6,0.48112050392675726,-0.17367673116658228,Labor,100
continuous_d23,1987,204738,US-1993-NVRA,1993,-6,0.48284112604893065,-0.17771096335937459,Democracy & Governance,99
continuous_d23,1987,204738,US-1994-CRIME-BILL,1994,-7,0.49667032478420053,-0.16510353202320746,Criminal Justice & Guns,98
continuous_d23,1987,204738,US-1994-NAFTA,1994,-7,0.5523255293656377,-0.16609189906239916,Economy & Finance,100
continuous_d23,1987,204738,US-1994-VAWA,1994,-7,0.48612111852924267,-0.16261785310750068,Civil Rights,100
continuous_d23,1987,204738,US-1995-LOPEZ,1995,-8,0.5523828908081022,-0.17445107776327018,Democracy & Governance,100
continuous_d23,1987,204738,US-1996-DOMA,1996,-9,0.5032181777301762,-0.17280865116361482,Civil Rights,100
continuous_d23,1987,204738,US-1996-PRWORA,1996,-9,0.5256926177326495,-0.1726646086806343,Health/Welfare/Educ,100
continuous_d23,1987,204738,US-1996-TELECOM,1996,-9,0.5309063054457928,-0.1839258980885439,Democracy & Governance,100
continuous_d23,1987,204738,US-1997-PRINTZ,1997,-10,0.5659590194970172,-0.17126015273577402,Democracy & Governance,100
continuous_d23,1987,204738,US-1999-GLBA,1999,-12,0.4902866159187424,-0.16196734071894897,Economy & Finance,100
continuous_d23,1987,204738,US-2000-BUSH-GORE,2000,-13,0.5292052231284079,-0.17174227392205116,Democracy & Governance,100
continuous_d23,1987,204738,US-2001-NCLB,2001,-14,0.4947924838730722,-0.16447836253001544,Health/Welfare/Educ,100
continuous_d23,1987,204738,US-2001-PATRIOT,2001,-14,0.49728805952990024,-0.16759846290843794,Natl Security & Foreign,100
continuous_d23,1987,204738,US-2002-HAVA,2002,-15,0.5212182839370338,-0.1744692406801107,Democracy & Governance,100
continuous_d23,1987,204738,US-2002-HOMELAND-SECURITY,2002,-15,0.5158406009570923,-0.1718243799235334,Natl Security & Foreign,100
continuous_d23,1987,204738,US-2002-SOX,2002,-15,0.5288855853258414,-0.15479027630848707,Economy & Finance,100
continuous_d23,1987,204738,US-2003-LAWRENCE,2003,-16,0.5488030246782434,-0.18271135492881413,Civil Liberties,100
continuous_d23,1987,204738,US-2003-MEDICARE-MMA,2003,-16,0.49069712157567075,-0.16917540147752647,Health/Welfare/Educ,100
continuous_d23,1987,204738,US-2007-MASS-EPA,2007,-20,0.520921229205419,-0.17465712909453235,Environment & Energy,100
continuous_d23,1987,204738,US-1968-OMNIBUS-CRIME-CONTROL,1968,19,0.5130692167632366,-0.17879732528926076,Criminal Justice & Guns,100
continuous_d23,1987,204738,US-1968-TRUTH-IN-LENDING,1968,19,0.49855222642623426,-0.16653643214713768,Economy & Finance,100
continuous_d23,1987,204738,US-1970-FCRA,1970,17,0.5191092506639331,-0.16518080770313306,Civil Liberties,100
continuous_d23,1987,204738,US-1972-CPSA,1972,15,0.5375985835179051,-0.1789986320640049,Economy & Finance,100
continuous_d23,1987,204738,US-1975-EPCA,1975,12,0.5328953066090606,-0.17629082153882866,Environment & Energy,99
continuous_d23,1987,204738,US-1987-DOLE,1987,0,0.549796748982228,-0.1647674025507838,Economy & Finance,100
continuous_d23,1987,204738,US-1997-RENO-ACLU,1997,-10,0.5503532163426997,-0.1769664916940001,Civil Liberties,100
continuous_d23,1987,204738,US-2005-KELO,2005,-18,0.5026217474086128,-0.16685039982759584,Economy & Finance,100
continuous_d23,1987,204738,US-1967-ADEA,1967,20,0.5332027696511586,-0.17511516671119043,Civil Rights,100
continuous_d23,1987,204738,US-1970-BANK-SECRECY,1970,17,0.49327055172817424,-0.15802724039472285,Economy & Finance,99
continuous_d23,1987,204738,US-1971-ANCSA,1971,16,0.49717608660385115,-0.17128980748747896,Civil Rights,99
continuous_d23,1987,204738,US-1978-AIRFA,1978,9,0.5512457958366718,-0.16996335286097833,Civil Rights,100
continuous_d23,1987,204738,US-1982-VRA-AMENDMENTS,1982,5,0.577878559978127,-0.1702171081994367,Democracy & Governance,100
continuous_d23,1987,204738,US-1990-IMMIGRATION-ACT,1990,-3,0.4948307619385009,-0.1742807830829669,Immigration,100
continuous_d23,1987,204738,US-1993-RFRA,1993,-6,0.5624601374267609,-0.14890043044098952,Civil Liberties,97
continuous_d23,1987,204738,US-1996-AEDPA,1996,-9,0.46515016709865414,-0.15962204025479018,Criminal Justice & Guns,98
continuous_d23,1987,204738,US-1996-IIRIRA,1996,-9,0.5131313172303343,-0.15579952900258268,Immigration,100
continuous_d23,1987,204738,US-2001-AUMF,2001,-14,0.4731024007775853,-0.1698180094450959,Natl Security & Foreign,98
continuous_d23,1987,204738,US-2002-IRAQ-AUMF,2002,-15,0.459045486976856,-0.14619266859972435,Natl Security & Foreign,99
continuous_d23,1988,206259,US-1968-FAIR-HOUSING,1968,20,0.4392752272122742,-0.07282390729233938,Civil Rights,100
continuous_d23,1988,206259,US-1968-GUN-CONTROL,1968,20,0.4547378237457524,-0.08806012884885847,Criminal Justice & Guns,99
continuous_d23,1988,206259,US-1968-TERRY,1968,20,0.45580365146423957,-0.009963534448173727,Criminal Justice & Guns,100
continuous_d23,1988,206259,US-1969-BRANDENBURG,1969,19,0.338419823818284,0.04215053102861322,Civil Liberties,100
continuous_d23,1988,206259,US-1969-NEPA,1969,19,0.30105995982165007,-0.13013665425702511,Environment & Energy,100
continuous_d23,1988,206259,US-1969-TINKER,1969,19,0.3210580318312243,0.1857905307044404,Civil Liberties,100
continuous_d23,1988,206259,US-1970-CLEAN-AIR,1970,18,0.39128132542881855,-0.09320360157761577,Environment & Energy,100
continuous_d23,1988,206259,US-1970-CSA,1970,18,0.5238645645398946,-0.01346879752174478,Criminal Justice & Guns,99
continuous_d23,1988,206259,US-1970-OSHA,1970,18,0.4915328502336999,-0.07444738308328863,Labor,100
continuous_d23,1988,206259,US-1971-26TH,1971,17,0.48150146161860374,-0.07053663580849986,Democracy & Governance,100
continuous_d23,1988,206259,US-1971-FECA,1971,17,0.4200115941258476,-0.03639177378554614,Democracy & Governance,100
continuous_d23,1988,206259,US-1971-LEMON,1971,17,0.23866721906003185,-0.057870653682859124,Civil Liberties,100
continuous_d23,1988,206259,US-1971-PENTAGON-PAPERS,1971,17,0.17498663798631336,-0.045213018542386525,Civil Liberties,100
continuous_d23,1988,206259,US-1972-CLEAN-WATER,1972,16,0.33703355512572963,0.15157416408696472,Environment & Energy,100
continuous_d23,1988,206259,US-1972-FURMAN,1972,16,0.4694630347862926,-0.07498963589367989,Criminal Justice & Guns,100
continuous_d23,1988,206259,US-1972-TITLE-IX,1972,16,0.40690319715078077,0.027720307131117162,Civil Rights,100
continuous_d23,1988,206259,US-1972-YODER,1972,16,0.41455007415417305,0.01566863938872301,Civil Liberties,100
continuous_d23,1988,206259,US-1973-ESA,1973,15,0.4117032542703474,-0.07027208401113871,Environment & Energy,100
continuous_d23,1988,206259,US-1973-REHABILITATION,1973,15,0.3850055115525549,0.15333170724444778,Civil Rights,100
continuous_d23,1988,206259,US-1973-RODRIGUEZ,1973,15,0.38419405629392633,-0.006007354439404605,Health/Welfare/Educ,100
continuous_d23,1988,206259,US-1973-ROE,1973,15,0.35490212343009747,-0.030744411787590145,Civil Liberties,100
continuous_d23,1988,206259,US-1973-WAR-POWERS,1973,15,0.235456471755835,-0.09435034253007812,Democracy & Governance,100
continuous_d23,1988,206259,US-1974-ECOA,1974,14,0.3912371370254752,-0.061403814207882226,Economy & Finance,100
continuous_d23,1988,206259,US-1974-ERISA,1974,14,0.4089871161758347,-0.09140914196452936,Labor,100
continuous_d23,1988,206259,US-1974-MILLIKEN,1974,14,0.2564873310217077,-0.03496533533293275,Civil Rights,100
continuous_d23,1988,206259,US-1974-PRIVACY-ACT,1974,14,0.34781821254029294,0.15039632426751118,Civil Liberties,100
continuous_d23,1988,206259,US-1975-IDEA,1975,13,0.4221879833132725,0.14307545860088897,Civil Rights,100
continuous_d23,1988,206259,US-1975-ISDEAA,1975,13,0.37584075680597734,-0.15040389818094455,Civil Rights,100
continuous_d23,1988,206259,US-1976-BUCKLEY,1976,12,0.5146681964697136,0.04237692456533774,Democracy & Governance,99
continuous_d23,1988,206259,US-1976-GREGG,1976,12,0.44403262149978867,-0.09797402413564736,Criminal Justice & Guns,100
continuous_d23,1988,206259,US-1976-TSCA,1976,12,0.37638718385420694,-0.04436482663314559,Environment & Energy,100
continuous_d23,1988,206259,US-1977-CRA,1977,11,0.36661329317639896,-0.10204572833917845,Health/Welfare/Educ,100
continuous_d23,1988,206259,US-1977-FED-DUAL-MANDATE,1977,11,0.5016551223414624,-0.08870192886142789,Economy & Finance,100
continuous_d23,1988,206259,US-1978-AIRLINE-DEREG,1978,10,0.3475288911688551,-0.0318522426365371,Economy & Finance,100
continuous_d23,1988,206259,US-1978-BAKKE,1978,10,0.32326179053948567,-0.010502842253925976,Civil Rights,99
continuous_d23,1988,206259,US-1978-FISA,1978,10,0.27637811911600385,-0.09177502472340045,Civil Liberties,100
continuous_d23,1988,206259,US-1978-HUMPHREY-HAWKINS,1978,10,0.3614930199018522,-0.13364655488908925,Economy & Finance,100
continuous_d23,1988,206259,US-1978-ICWA,1978,10,0.38976439509958366,-0.05586414365111768,Civil Rights,100
continuous_d23,1988,206259,US-1978-PREGNANCY-DISCRIM,1978,10,0.3393785715865856,0.13298617786567266,Civil Rights,100
continuous_d23,1988,206259,US-1980-CERCLA,1980,8,0.3503713748715244,-0.0977574128294176,Environment & Energy,100
continuous_d23,1988,206259,US-1980-DIDMCA,1980,8,0.4286049246776517,-0.09008383529571573,Economy & Finance,99
continuous_d23,1988,206259,US-1980-REFUGEE-ACT,1980,8,0.43026929236659844,-0.05886352858900502,Immigration,100
continuous_d23,1988,206259,US-1983-CHADHA,1983,5,0.36764808149458394,-0.12289843932532982,Civil Liberties,100
continuous_d23,1988,206259,US-1984-CHEVRON,1984,4,0.28433851250169817,-0.1006851115099474,Democracy & Governance,100
continuous_d23,1988,206259,US-1984-SENTENCING,1984,4,0.38396857078320545,-0.022618364183124337,Criminal Justice & Guns,100
continuous_d23,1988,206259,US-1986-BOWERS,1986,2,0.28829593946663695,-0.07420034536032447,Civil Liberties,100
continuous_d23,1988,206259,US-1986-IRCA,1986,2,0.463364582057028,-0.012031099820028963,Immigration,99
continuous_d23,1988,206259,US-1986-TAX-REFORM,1986,2,0.416385331642167,0.08673538895483089,Economy & Finance,100
continuous_d23,1988,206259,US-1988-CIVIL-LIBERTIES-ACT,1988,0,0.1522576572679631,-0.12082654614657107,Civil Rights,100
continuous_d23,1988,206259,US-1990-ADA,1990,-2,0.5300634047496664,0.17117354893576853,Civil Rights,100
continuous_d23,1988,206259,US-1990-CLEAN-AIR-AMEND,1990,-2,0.49497949007004216,-0.08359500609128659,Environment & Energy,100
continuous_d23,1988,206259,US-1991-CIVIL-RIGHTS-ACT,1991,-3,0.4099765474742192,-0.051469978355966235,Civil Rights,100
continuous_d23,1988,206259,US-1992-CASEY,1992,-4,0.4182213642859768,-0.09838073510356868,Civil Liberties,100
continuous_d23,1988,206259,US-1993-BRADY,1993,-5,0.33399974802792354,-0.10142283400990239,Criminal Justice & Guns,99
continuous_d23,1988,206259,US-1993-FMLA,1993,-5,0.47325609801975593,-0.12266612862380002,Labor,100
continuous_d23,1988,206259,US-1993-NVRA,1993,-5,0.33363211603411735,-0.14152636652902492,Democracy & Governance,99
continuous_d23,1988,206259,US-1994-CRIME-BILL,1994,-6,0.5505073368061354,-0.1198200382067298,Criminal Justice & Guns,98
continuous_d23,1988,206259,US-1994-NAFTA,1994,-6,0.4900526900056375,-0.07376793285353071,Economy & Finance,100
continuous_d23,1988,206259,US-1994-VAWA,1994,-6,0.34404493108977435,-0.1174421754338017,Civil Rights,100
continuous_d23,1988,206259,US-1995-LOPEZ,1995,-7,0.3330786510555462,-0.1031446940120749,Democracy & Governance,100
continuous_d23,1988,206259,US-1996-DOMA,1996,-8,0.38400478390067283,-0.08101763861301653,Civil Rights,100
continuous_d23,1988,206259,US-1996-PRWORA,1996,-8,0.49588946786106886,-0.0706830906513756,Health/Welfare/Educ,100
continuous_d23,1988,206259,US-1996-TELECOM,1996,-8,0.518823317430655,-0.07512513136770572,Democracy & Governance,100
continuous_d23,1988,206259,US-1997-PRINTZ,1997,-9,0.2890668585766647,-0.11746806791635506,Democracy & Governance,100
continuous_d23,1988,206259,US-1999-GLBA,1999,-11,0.4014797111397081,-0.04816569770730429,Economy & Finance,100
continuous_d23,1988,206259,US-2000-BUSH-GORE,2000,-12,0.3089310136549779,-0.1244135930353941,Democracy & Governance,100
continuous_d23,1988,206259,US-2001-NCLB,2001,-13,0.3660252899362206,-0.05341708249703041,Health/Welfare/Educ,100
continuous_d23,1988,206259,US-2001-PATRIOT,2001,-13,0.5175844555535831,-0.0921873065671302,Natl Security & Foreign,100
continuous_d23,1988,206259,US-2002-HAVA,2002,-14,0.317710427773307,-0.1042465350111744,Democracy & Governance,100
continuous_d23,1988,206259,US-2002-HOMELAND-SECURITY,2002,-14,0.3058008949831087,-0.11349067699902524,Natl Security & Foreign,100
continuous_d23,1988,206259,US-2002-SOX,2002,-14,0.28928098603994934,-0.09963676950300225,Economy & Finance,100
continuous_d23,1988,206259,US-2003-LAWRENCE,2003,-15,0.2726997420454408,-0.07456173469088957,Civil Liberties,100
continuous_d23,1988,206259,US-2003-MEDICARE-MMA,2003,-15,0.42068699978984475,-0.0018859950689277699,Health/Welfare/Educ,100
continuous_d23,1988,206259,US-2007-MASS-EPA,2007,-19,0.31609610898458085,-0.037532947857264264,Environment & Energy,100
continuous_d23,1988,206259,US-2008-HELLER,2008,-20,0.5096321176198327,-0.10724698662575743,Criminal Justice & Guns,100
continuous_d23,1988,206259,US-1968-OMNIBUS-CRIME-CONTROL,1968,20,0.35846638611353365,-0.10080387935769833,Criminal Justice & Guns,100
continuous_d23,1988,206259,US-1968-TRUTH-IN-LENDING,1968,20,0.34547994857732106,-0.07928281946561017,Economy & Finance,100
continuous_d23,1988,206259,US-1970-FCRA,1970,18,0.376095884649122,-0.140691347526818,Civil Liberties,100
continuous_d23,1988,206259,US-1972-CPSA,1972,16,0.4298461843512037,-0.13369456634973237,Economy & Finance,100
continuous_d23,1988,206259,US-1975-EPCA,1975,13,0.4602267450323779,-0.0683476082917996,Environment & Energy,99
continuous_d23,1988,206259,US-1987-DOLE,1987,1,0.27336968820491636,-0.10414314122968019,Economy & Finance,100
continuous_d23,1988,206259,US-1997-RENO-ACLU,1997,-9,0.38326432014160766,-0.10243016822098897,Civil Liberties,100
continuous_d23,1988,206259,US-2005-KELO,2005,-17,0.36668306744135015,-0.03149143396986423,Economy & Finance,100
continuous_d23,1988,206259,US-1970-BANK-SECRECY,1970,18,0.31202981416558345,-0.13806897799087847,Economy & Finance,99
continuous_d23,1988,206259,US-1971-ANCSA,1971,17,0.27990423492234995,-0.1546520150260094,Civil Rights,99
continuous_d23,1988,206259,US-1978-AIRFA,1978,10,0.2596354902167485,-0.11548940816055771,Civil Rights,100
continuous_d23,1988,206259,US-1982-VRA-AMENDMENTS,1982,6,0.3916490874178759,-0.014882972385670275,Democracy & Governance,100
continuous_d23,1988,206259,US-1990-IMMIGRATION-ACT,1990,-2,0.30776995002167573,-0.093974849540926,Immigration,100
continuous_d23,1988,206259,US-1993-RFRA,1993,-5,0.26718615262675344,-0.11351333961763861,Civil Liberties,97
continuous_d23,1988,206259,US-1996-AEDPA,1996,-8,0.33824178094704305,-0.12548477368239458,Criminal Justice & Guns,98
continuous_d23,1988,206259,US-1996-IIRIRA,1996,-8,0.3334078919403838,-0.12133638627029562,Immigration,100
continuous_d23,1988,206259,US-2001-AUMF,2001,-13,0.2593840611984324,-0.10961746695539419,Natl Security & Foreign,98
continuous_d23,1988,206259,US-2002-IRAQ-AUMF,2002,-14,0.19969823597814088,-0.06767350067124067,Natl Security & Foreign,99
continuous_d23,1989,207883,US-1969-BRANDENBURG,1969,20,0.6982135678547374,0.10980410671000204,Civil Liberties,100
continuous_d23,1989,207883,US-1969-NEPA,1969,20,0.6271309765617561,0.01694582549216704,Environment & Energy,100
continuous_d23,1989,207883,US-1969-TINKER,1969,20,0.6323753738832673,0.1944701626609358,Civil Liberties,100
continuous_d23,1989,207883,US-1970-CLEAN-AIR,1970,19,0.6776238009388486,-0.023875165072492637,Environment & Energy,100
continuous_d23,1989,207883,US-1970-CSA,1970,19,0.7088630004767711,0.1690229331938542,Criminal Justice & Guns,99
continuous_d23,1989,207883,US-1970-OSHA,1970,19,0.7473164719149671,-0.07314491746292096,Labor,100
continuous_d23,1989,207883,US-1971-26TH,1971,18,0.7413857115541215,-0.033524062254635084,Democracy & Governance,100
continuous_d23,1989,207883,US-1971-FECA,1971,18,0.6237705628596826,-0.020211858662887962,Democracy & Governance,100
continuous_d23,1989,207883,US-1971-LEMON,1971,18,0.6707175170255407,0.019282598218734164,Civil Liberties,100
continuous_d23,1989,207883,US-1971-PENTAGON-PAPERS,1971,18,0.7340904083806887,0.08609345150539839,Civil Liberties,100
continuous_d23,1989,207883,US-1972-CLEAN-WATER,1972,17,0.7516657860389039,0.10220775651030196,Environment & Energy,100
continuous_d23,1989,207883,US-1972-FURMAN,1972,17,0.7999205088099111,0.048304998377969005,Criminal Justice & Guns,100
continuous_d23,1989,207883,US-1972-TITLE-IX,1972,17,0.695603397557008,0.06276776956436163,Civil Rights,100
continuous_d23,1989,207883,US-1972-YODER,1972,17,0.719842472432839,-0.016907939387009158,Civil Liberties,100
continuous_d23,1989,207883,US-1973-ESA,1973,16,0.7413974046381258,0.038502097111881545,Environment & Energy,100
continuous_d23,1989,207883,US-1973-REHABILITATION,1973,16,0.7606106640741033,0.06396680354791434,Civil Rights,100
continuous_d23,1989,207883,US-1973-RODRIGUEZ,1973,16,0.795363039795407,0.07216563447400132,Health/Welfare/Educ,100
continuous_d23,1989,207883,US-1973-ROE,1973,16,0.825083258809203,0.06647545963327826,Civil Liberties,100
continuous_d23,1989,207883,US-1973-WAR-POWERS,1973,16,0.6043281952768047,-0.011842469603552855,Democracy & Governance,100
continuous_d23,1989,207883,US-1974-ECOA,1974,15,0.6207773637602285,-0.005098941053515526,Economy & Finance,100
continuous_d23,1989,207883,US-1974-ERISA,1974,15,0.7616940343367115,-0.02392471795611433,Labor,100
continuous_d23,1989,207883,US-1974-MILLIKEN,1974,15,0.6955688724786939,0.10506875048189152,Civil Rights,100
continuous_d23,1989,207883,US-1974-PRIVACY-ACT,1974,15,0.6975191243299649,0.13276194891939724,Civil Liberties,100
continuous_d23,1989,207883,US-1975-IDEA,1975,14,0.7084340038430825,0.12654128166138068,Civil Rights,100
continuous_d23,1989,207883,US-1975-ISDEAA,1975,14,0.7327138340274836,-0.012779508454518798,Civil Rights,100
continuous_d23,1989,207883,US-1976-BUCKLEY,1976,13,0.6656534419983593,0.10943965977400257,Democracy & Governance,99
continuous_d23,1989,207883,US-1976-GREGG,1976,13,0.8046640520648128,0.022041889078563765,Criminal Justice & Guns,100
continuous_d23,1989,207883,US-1976-TSCA,1976,13,0.7716557864901488,0.04030672809052732,Environment & Energy,100
continuous_d23,1989,207883,US-1977-CRA,1977,12,0.725580475474517,0.0008334602971815558,Health/Welfare/Educ,100
continuous_d23,1989,207883,US-1977-FED-DUAL-MANDATE,1977,12,0.8194659967147128,0.003321767963622801,Economy & Finance,100
continuous_d23,1989,207883,US-1978-AIRLINE-DEREG,1978,11,0.5564415132888101,0.006629690726401156,Economy & Finance,100
continuous_d23,1989,207883,US-1978-BAKKE,1978,11,0.6221780778867035,0.06352639697666779,Civil Rights,99
continuous_d23,1989,207883,US-1978-FISA,1978,11,0.7166203489407921,-0.026351364019821955,Civil Liberties,100
continuous_d23,1989,207883,US-1978-HUMPHREY-HAWKINS,1978,11,0.7182826570670258,-0.07825860254192922,Economy & Finance,100
continuous_d23,1989,207883,US-1978-ICWA,1978,11,0.7025441786880492,0.002326081708961043,Civil Rights,100
continuous_d23,1989,207883,US-1978-PREGNANCY-DISCRIM,1978,11,0.7285323881968243,0.12177457541513728,Civil Rights,100
continuous_d23,1989,207883,US-1980-CERCLA,1980,9,0.6965960206933133,-0.011956140699194597,Environment & Energy,100
continuous_d23,1989,207883,US-1980-DIDMCA,1980,9,0.6532375609943918,0.03661709749722654,Economy & Finance,99
continuous_d23,1989,207883,US-1980-REFUGEE-ACT,1980,9,0.723428017700193,0.0395980049703081,Immigration,100
continuous_d23,1989,207883,US-1983-CHADHA,1983,6,0.6555635249858551,-0.0001833272318555521,Civil Liberties,100
continuous_d23,1989,207883,US-1984-CHEVRON,1984,5,0.7520492911170094,0.10538450327841005,Democracy & Governance,100
continuous_d23,1989,207883,US-1984-SENTENCING,1984,5,0.6891980717743025,0.04523908787287292,Criminal Justice & Guns,100
continuous_d23,1989,207883,US-1986-BOWERS,1986,3,0.6285120412784178,-0.04702652957269101,Civil Liberties,100
continuous_d23,1989,207883,US-1986-IRCA,1986,3,0.6832101102151613,0.0796357774760109,Immigration,99
continuous_d23,1989,207883,US-1986-TAX-REFORM,1986,3,0.7398486376137688,0.08735075326205873,Economy & Finance,100
continuous_d23,1989,207883,US-1988-CIVIL-LIBERTIES-ACT,1988,1,0.5345226987282179,-0.039713519549446914,Civil Rights,100
continuous_d23,1989,207883,US-1990-ADA,1990,-1,0.7679864037930816,0.1695523310049484,Civil Rights,100
continuous_d23,1989,207883,US-1990-CLEAN-AIR-AMEND,1990,-1,0.6492818791243349,0.010490052887309165,Environment & Energy,100
continuous_d23,1989,207883,US-1991-CIVIL-RIGHTS-ACT,1991,-2,0.6830743699993603,0.10588275722236216,Civil Rights,100
continuous_d23,1989,207883,US-1992-CASEY,1992,-3,0.8478452730947182,0.10319983871581974,Civil Liberties,100
continuous_d23,1989,207883,US-1993-BRADY,1993,-4,0.6796100579869899,-0.02598685858099328,Criminal Justice & Guns,99
continuous_d23,1989,207883,US-1993-FMLA,1993,-4,0.6567541491636613,-0.04042078255847187,Labor,100
continuous_d23,1989,207883,US-1993-NVRA,1993,-4,0.6447060959270364,-0.01643528740669473,Democracy & Governance,99
continuous_d23,1989,207883,US-1994-CRIME-BILL,1994,-5,0.654157495438949,-0.010812737023397289,Criminal Justice & Guns,98
continuous_d23,1989,207883,US-1994-NAFTA,1994,-5,0.7336241186097293,0.027271222662612237,Economy & Finance,100
continuous_d23,1989,207883,US-1994-VAWA,1994,-5,0.7606141446355589,-0.026609920401966605,Civil Rights,100
continuous_d23,1989,207883,US-1995-LOPEZ,1995,-6,0.6484643109448297,-0.01534030540170584,Democracy & Governance,100
continuous_d23,1989,207883,US-1996-DOMA,1996,-7,0.7224276318092049,-0.10606287905514261,Civil Rights,100
continuous_d23,1989,207883,US-1996-PRWORA,1996,-7,0.7291830362171793,0.013212489981529628,Health/Welfare/Educ,100
continuous_d23,1989,207883,US-1996-TELECOM,1996,-7,0.7338839274361993,0.028115171105255462,Democracy & Governance,100
continuous_d23,1989,207883,US-1997-PRINTZ,1997,-8,0.5792212476946859,-0.047241352861274455,Democracy & Governance,100
continuous_d23,1989,207883,US-1999-GLBA,1999,-10,0.7073459877079996,0.032248608414562514,Economy & Finance,100
continuous_d23,1989,207883,US-2000-BUSH-GORE,2000,-11,0.7480239721910605,0.048253669718162605,Democracy & Governance,100
continuous_d23,1989,207883,US-2001-NCLB,2001,-12,0.7906673398414402,0.014718269507975381,Health/Welfare/Educ,100
continuous_d23,1989,207883,US-2001-PATRIOT,2001,-12,0.6199373707828798,0.03561830296135735,Natl Security & Foreign,100
continuous_d23,1989,207883,US-2002-HAVA,2002,-13,0.7442659130524939,-0.041239196950876016,Democracy & Governance,100
continuous_d23,1989,207883,US-2002-HOMELAND-SECURITY,2002,-13,0.5113786533834089,-0.0015461865703358451,Natl Security & Foreign,100
continuous_d23,1989,207883,US-2002-SOX,2002,-13,0.5213117299474428,-0.006678955122927476,Economy & Finance,100
continuous_d23,1989,207883,US-2003-LAWRENCE,2003,-14,0.6135640909811728,-0.008004420953986773,Civil Liberties,100
continuous_d23,1989,207883,US-2003-MEDICARE-MMA,2003,-14,0.7032628596991545,0.04964727139911192,Health/Welfare/Educ,100
continuous_d23,1989,207883,US-2007-MASS-EPA,2007,-18,0.7499559913071953,0.07438332262478256,Environment & Energy,100
continuous_d23,1989,207883,US-2008-HELLER,2008,-19,0.7658836916736513,-0.07025028065174387,Criminal Justice & Guns,100
continuous_d23,1989,207883,US-2009-ARRA,2009,-20,0.47807768521492766,-0.021179264161680457,Economy & Finance,100
continuous_d23,1989,207883,US-1970-FCRA,1970,19,0.6537131914132308,-0.014324143772668838,Civil Liberties,100
continuous_d23,1989,207883,US-1972-CPSA,1972,17,0.7580098014035818,-0.018127586286014085,Economy & Finance,100
continuous_d23,1989,207883,US-1975-EPCA,1975,14,0.6690980174274425,-0.012823843742105654,Environment & Energy,99
continuous_d23,1989,207883,US-1987-DOLE,1987,2,0.5511461055438043,-0.0009550155070598504,Economy & Finance,100
continuous_d23,1989,207883,US-1997-RENO-ACLU,1997,-8,0.7730422386261832,-0.007354399205000346,Civil Liberties,100
continuous_d23,1989,207883,US-2005-KELO,2005,-16,0.7012572543069814,0.06300875683167512,Economy & Finance,100
continuous_d23,1989,207883,US-1970-BANK-SECRECY,1970,19,0.588449786897773,-0.043876758092628296,Economy & Finance,99
continuous_d23,1989,207883,US-1971-ANCSA,1971,18,0.49983047501324934,0.03066695018120053,Civil Rights,99
continuous_d23,1989,207883,US-1978-AIRFA,1978,11,0.6763816560226671,0.00893096060520983,Civil Rights,100
continuous_d23,1989,207883,US-1982-VRA-AMENDMENTS,1982,7,0.6754761301768509,0.1045063827585755,Democracy & Governance,100
continuous_d23,1989,207883,US-1990-IMMIGRATION-ACT,1990,-1,0.5418539752831929,0.0787873776587955,Immigration,100
continuous_d23,1989,207883,US-1993-RFRA,1993,-4,0.5821515350139556,0.03756870323394813,Civil Liberties,97
continuous_d23,1989,207883,US-1996-AEDPA,1996,-7,0.49911099371444406,0.000983743558183959,Criminal Justice & Guns,98
continuous_d23,1989,207883,US-1996-IIRIRA,1996,-7,0.5623703844567993,0.03008622220122128,Immigration,100
continuous_d23,1989,207883,US-2001-AUMF,2001,-12,0.5643739972206729,0.007433655357591444,Natl Security & Foreign,98
continuous_d23,1989,207883,US-2002-IRAQ-AUMF,2002,-13,0.4675997536338781,-0.04479231332011556,Natl Security & Foreign,99
continuous_d23,1989,207883,US-2009-LILLY-LEDBETTER,2009,-20,0.4792004586795654,0.07910156878004289,Civil Rights,100
continuous_d23,1989,207883,US-2009-HATE-CRIMES,2009,-20,0.43219367785591545,0.08363831347987791,Civil Rights,100
continuous_d23,1990,209591,US-1970-CLEAN-AIR,1970,20,0.7591928732426042,-0.10548444451892702,Environment & Energy,100
continuous_d23,1990,209591,US-1970-CSA,1970,20,0.8854499610512935,-0.0004129820006978757,Criminal Justice & Guns,99
continuous_d23,1990,209591,US-1970-OSHA,1970,20,0.8899572680837577,-0.08560347245663373,Labor,100
continuous_d23,1990,209591,US-1971-26TH,1971,19,0.8409773234916222,-0.11920862410824588,Democracy & Governance,100
continuous_d23,1990,209591,US-1971-FECA,1971,19,0.7730927646817571,-0.07721067323697339,Democracy & Governance,100
continuous_d23,1990,209591,US-1971-LEMON,1971,19,0.7793405343542515,-0.08477583237761008,Civil Liberties,100
continuous_d23,1990,209591,US-1971-PENTAGON-PAPERS,1971,19,0.7241158357316222,-0.005154471753269327,Civil Liberties,100
continuous_d23,1990,209591,US-1972-CLEAN-WATER,1972,18,0.854494999985578,0.06470006627908212,Environment & Energy,100
continuous_d23,1990,209591,US-1972-FURMAN,1972,18,0.8807651715541743,-0.07609336765309711,Criminal Justice & Guns,100
continuous_d23,1990,209591,US-1972-TITLE-IX,1972,18,0.7691021193867955,-0.07399219839952821,Civil Rights,100
continuous_d23,1990,209591,US-1972-YODER,1972,18,0.7757910836789332,-0.04613452854081077,Civil Liberties,100
continuous_d23,1990,209591,US-1973-ESA,1973,17,0.8480227967497873,-0.0695786645663088,Environment & Energy,100
continuous_d23,1990,209591,US-1973-REHABILITATION,1973,17,0.783858032045585,-0.0020501672156371573,Civil Rights,100
continuous_d23,1990,209591,US-1973-RODRIGUEZ,1973,17,0.8213007963083244,-0.010888411470534239,Health/Welfare/Educ,100
continuous_d23,1990,209591,US-1973-ROE,1973,17,0.8225154174045757,-0.03808866012295698,Civil Liberties,100
continuous_d23,1990,209591,US-1973-WAR-POWERS,1973,17,0.6728899219870513,-0.06802299457047802,Democracy & Governance,100
continuous_d23,1990,209591,US-1974-ECOA,1974,16,0.8057484286757501,-0.14341265669501388,Economy & Finance,100
continuous_d23,1990,209591,US-1974-ERISA,1974,16,0.8366774916115405,-0.05980258126782643,Labor,100
continuous_d23,1990,209591,US-1974-MILLIKEN,1974,16,0.6433911484751448,-0.06805785538786219,Civil Rights,100
continuous_d23,1990,209591,US-1974-PRIVACY-ACT,1974,16,0.7868254046132246,0.013954870728103672,Civil Liberties,100
continuous_d23,1990,209591,US-1975-IDEA,1975,15,0.8534288142457587,0.10862002024846136,Civil Rights,100
continuous_d23,1990,209591,US-1975-ISDEAA,1975,15,0.8026237424661903,-0.12371373770511765,Civil Rights,100
continuous_d23,1990,209591,US-1976-BUCKLEY,1976,14,0.7789904801036447,0.022683911354586018,Democracy & Governance,99
continuous_d23,1990,209591,US-1976-GREGG,1976,14,0.8705552849003573,-0.07922339629540338,Criminal Justice & Guns,100
continuous_d23,1990,209591,US-1976-TSCA,1976,14,0.8266446367319061,-0.07772964980898561,Environment & Energy,100
continuous_d23,1990,209591,US-1977-CRA,1977,13,0.7973785282417797,-0.0825708918597376,Health/Welfare/Educ,100
continuous_d23,1990,209591,US-1977-FED-DUAL-MANDATE,1977,13,0.8387449032646067,-0.06074845445260523,Economy & Finance,100
continuous_d23,1990,209591,US-1978-AIRLINE-DEREG,1978,12,0.6832743423901185,-0.0712701674938555,Economy & Finance,100
continuous_d23,1990,209591,US-1978-BAKKE,1978,12,0.7275058887489199,-0.06807330261783465,Civil Rights,99
continuous_d23,1990,209591,US-1978-FISA,1978,12,0.8521796291357039,-0.036903856487938,Civil Liberties,100
continuous_d23,1990,209591,US-1978-HUMPHREY-HAWKINS,1978,12,0.79205917223522,-0.11654038799374904,Economy & Finance,100
continuous_d23,1990,209591,US-1978-ICWA,1978,12,0.8828316360056011,-0.08150823479951244,Civil Rights,100
continuous_d23,1990,209591,US-1978-PREGNANCY-DISCRIM,1978,12,0.8588513389452754,-0.055359083241680776,Civil Rights,100
continuous_d23,1990,209591,US-1980-CERCLA,1980,10,0.8281707739667081,-0.08784871036773703,Environment & Energy,100
continuous_d23,1990,209591,US-1980-DIDMCA,1980,10,0.7947921740146454,-0.02542906123198719,Economy & Finance,99
continuous_d23,1990,209591,US-1980-REFUGEE-ACT,1980,10,0.8078501912574133,-0.09820637635012958,Immigration,100
continuous_d23,1990,209591,US-1983-CHADHA,1983,7,0.6826586201477995,-0.11157290850675898,Civil Liberties,100
continuous_d23,1990,209591,US-1984-CHEVRON,1984,6,0.840901615943689,-0.13946233683974374,Democracy & Governance,100
continuous_d23,1990,209591,US-1984-SENTENCING,1984,6,0.7793906419116436,-0.043139564867197056,Criminal Justice & Guns,100
continuous_d23,1990,209591,US-1986-BOWERS,1986,4,0.7431838758698502,-0.06486031986777632,Civil Liberties,100
continuous_d23,1990,209591,US-1986-IRCA,1986,4,0.7513906615261892,-0.05804975650339627,Immigration,99
continuous_d23,1990,209591,US-1986-TAX-REFORM,1986,4,0.7836108893506304,-0.0015791153592257517,Economy & Finance,100
continuous_d23,1990,209591,US-1988-CIVIL-LIBERTIES-ACT,1988,2,0.6453354514994202,-0.09253645806100208,Civil Rights,100
continuous_d23,1990,209591,US-1990-ADA,1990,0,0.8801584114963803,0.08138732059423606,Civil Rights,100
continuous_d23,1990,209591,US-1990-CLEAN-AIR-AMEND,1990,0,0.8357692529024051,-0.052767333128342496,Environment & Energy,100
continuous_d23,1990,209591,US-1991-CIVIL-RIGHTS-ACT,1991,-1,0.7111842272380045,-0.11293184597553482,Civil Rights,100
continuous_d23,1990,209591,US-1992-CASEY,1992,-2,0.8846745008468224,-0.016995766254934954,Civil Liberties,100
continuous_d23,1990,209591,US-1993-BRADY,1993,-3,0.8502303179898982,-0.07831846724084987,Criminal Justice & Guns,99
continuous_d23,1990,209591,US-1993-FMLA,1993,-3,0.8138208830494691,-0.09732373075278815,Labor,100
continuous_d23,1990,209591,US-1993-NVRA,1993,-3,0.7784933967473219,-0.06573187560922636,Democracy & Governance,99
continuous_d23,1990,209591,US-1994-CRIME-BILL,1994,-4,0.8603310529503101,-0.1109458825534089,Criminal Justice & Guns,98
continuous_d23,1990,209591,US-1994-NAFTA,1994,-4,0.7208404353598334,-0.020596372631785917,Economy & Finance,100
continuous_d23,1990,209591,US-1994-VAWA,1994,-4,0.8423174285905196,-0.11065358078706058,Civil Rights,100
continuous_d23,1990,209591,US-1995-LOPEZ,1995,-5,0.7453091885673544,-0.09590407394748274,Democracy & Governance,100
continuous_d23,1990,209591,US-1996-DOMA,1996,-6,0.8407306942777336,-0.09529267560625873,Civil Rights,100
continuous_d23,1990,209591,US-1996-PRWORA,1996,-6,0.7227173511455469,-0.06698096863974697,Health/Welfare/Educ,100
continuous_d23,1990,209591,US-1996-TELECOM,1996,-6,0.8408422873271474,-0.03919863983355857,Democracy & Governance,100
continuous_d23,1990,209591,US-1997-PRINTZ,1997,-7,0.7375290244485138,-0.07044550489206898,Democracy & Governance,100
continuous_d23,1990,209591,US-1999-GLBA,1999,-9,0.7968802932206595,-0.08493917353988216,Economy & Finance,100
continuous_d23,1990,209591,US-2000-BUSH-GORE,2000,-10,0.786379610803717,-0.037217471273091315,Democracy & Governance,100
continuous_d23,1990,209591,US-2001-NCLB,2001,-11,0.7733360631620652,-0.06945615380247407,Health/Welfare/Educ,100
continuous_d23,1990,209591,US-2001-PATRIOT,2001,-11,0.7567867956244,-0.08955862790611983,Natl Security & Foreign,100
continuous_d23,1990,209591,US-2002-HAVA,2002,-12,0.780639736362167,-0.06900435453895007,Democracy & Governance,100
continuous_d23,1990,209591,US-2002-HOMELAND-SECURITY,2002,-12,0.5212022238805702,-0.12523162638139218,Natl Security & Foreign,100
continuous_d23,1990,209591,US-2002-SOX,2002,-12,0.5739898206955875,-0.10835444549768068,Economy & Finance,100
continuous_d23,1990,209591,US-2003-LAWRENCE,2003,-13,0.7568197973984474,-0.09272050419397346,Civil Liberties,100
continuous_d23,1990,209591,US-2003-MEDICARE-MMA,2003,-13,0.8029021977327737,-0.026411757709055333,Health/Welfare/Educ,100
continuous_d23,1990,209591,US-2007-MASS-EPA,2007,-17,0.7395975088492969,-0.04235464285438573,Environment & Energy,100
continuous_d23,1990,209591,US-2008-HELLER,2008,-18,0.9011682612671359,-0.14693621063048837,Criminal Justice & Guns,100
continuous_d23,1990,209591,US-2009-ARRA,2009,-19,0.5330250159628661,-0.03535780860153955,Economy & Finance,100
continuous_d23,1990,209591,US-2010-ACA,2010,-20,0.7879199938001977,-0.08389032874719599,Health/Welfare/Educ,100
continuous_d23,1990,209591,US-2010-CITIZENS-UNITED,2010,-20,0.8339856515133564,-0.08864809425520033,Democracy & Governance,100
continuous_d23,1990,209591,US-2010-DODD-FRANK,2010,-20,0.7198974204366196,-0.13210735105869198,Economy & Finance,100
continuous_d23,1990,209591,US-2010-MCDONALD,2010,-20,0.8661213952630802,-0.06866750270492554,Criminal Justice & Guns,100
continuous_d23,1990,209591,US-1970-FCRA,1970,20,0.8065833962755958,-0.14301514539371785,Civil Liberties,100
continuous_d23,1990,209591,US-1972-CPSA,1972,18,0.8481419442875078,-0.17662618676674924,Economy & Finance,100
continuous_d23,1990,209591,US-1975-EPCA,1975,15,0.67137477588633,-0.09180843413879282,Environment & Energy,99
continuous_d23,1990,209591,US-1987-DOLE,1987,3,0.6421000780961689,-0.09832451718386015,Economy & Finance,100
continuous_d23,1990,209591,US-1997-RENO-ACLU,1997,-7,0.8260915453979917,-0.08780626250010645,Civil Liberties,100
continuous_d23,1990,209591,US-2005-KELO,2005,-15,0.7784652997693844,-0.04977414292851732,Economy & Finance,100
continuous_d23,1990,209591,US-1970-BANK-SECRECY,1970,20,0.7054658160974709,-0.08641363041715741,Economy & Finance,99
continuous_d23,1990,209591,US-1971-ANCSA,1971,19,0.5405688880192745,-0.1409935423856256,Civil Rights,99
continuous_d23,1990,209591,US-1978-AIRFA,1978,12,0.7717329645347284,-0.025269178759870944,Civil Rights,100
continuous_d23,1990,209591,US-1982-VRA-AMENDMENTS,1982,8,0.6155451471433528,0.05939071514829117,Democracy & Governance,100
continuous_d23,1990,209591,US-1990-IMMIGRATION-ACT,1990,0,0.7005623851772301,-0.08162835480134065,Immigration,100
continuous_d23,1990,209591,US-1993-RFRA,1993,-3,0.6274709641543809,-0.08808537235676998,Civil Liberties,97
continuous_d23,1990,209591,US-1996-AEDPA,1996,-6,0.6265610464841135,-0.12617286828105168,Criminal Justice & Guns,98
continuous_d23,1990,209591,US-1996-IIRIRA,1996,-6,0.6678449563406899,-0.09274478904462473,Immigration,100
continuous_d23,1990,209591,US-2001-AUMF,2001,-11,0.5546276224931187,-0.11688930548271996,Natl Security & Foreign,98
continuous_d23,1990,209591,US-2002-IRAQ-AUMF,2002,-12,0.5068968472204232,-0.14740372486068493,Natl Security & Foreign,99
continuous_d23,1990,209591,US-2009-LILLY-LEDBETTER,2009,-19,0.5876013233840532,-0.019023696859231554,Civil Rights,100
continuous_d23,1990,209591,US-2009-HATE-CRIMES,2009,-19,0.6709968479682087,-0.024431271117584936,Civil Rights,100
continuous_d23,1990,209591,US-2010-DADT-REPEAL,2010,-20,0.5588348738795657,-0.1654744047899544,Civil Rights,99
continuous_d23,1991,211381,US-1971-26TH,1971,20,0.2600253171386825,-0.11214087154267849,Democracy & Governance,100
continuous_d23,1991,211381,US-1971-FECA,1971,20,0.24205837535369273,-0.12045682978937843,Democracy & Governance,100
continuous_d23,1991,211381,US-1971-LEMON,1971,20,0.2556980137502654,-0.1294118945026729,Civil Liberties,100
continuous_d23,1991,211381,US-1971-PENTAGON-PAPERS,1971,20,0.26152345551092804,-0.14155417593757114,Civil Liberties,100
continuous_d23,1991,211381,US-1972-CLEAN-WATER,1972,19,0.23773661418757885,-0.13120686207846904,Environment & Energy,100
continuous_d23,1991,211381,US-1972-FURMAN,1972,19,0.24992488557059261,-0.14699352005752778,Criminal Justice & Guns,100
continuous_d23,1991,211381,US-1972-TITLE-IX,1972,19,0.2807824462664172,-0.13031441773646843,Civil Rights,100
continuous_d23,1991,211381,US-1972-YODER,1972,19,0.2697924058819853,-0.1335777583253139,Civil Liberties,100
continuous_d23,1991,211381,US-1973-ESA,1973,18,0.2867728693073601,-0.1292558197961473,Environment & Energy,100
continuous_d23,1991,211381,US-1973-REHABILITATION,1973,18,0.27215439379465034,-0.13714471668865952,Civil Rights,100
continuous_d23,1991,211381,US-1973-RODRIGUEZ,1973,18,0.26996029765570145,-0.1288160989829007,Health/Welfare/Educ,100
continuous_d23,1991,211381,US-1973-ROE,1973,18,0.2814364724859963,-0.13030476650006187,Civil Liberties,100
continuous_d23,1991,211381,US-1973-WAR-POWERS,1973,18,0.2748072679419317,-0.1285567884771832,Democracy & Governance,100
continuous_d23,1991,211381,US-1974-ECOA,1974,17,0.2795415533056574,-0.10577893178485655,Economy & Finance,100
continuous_d23,1991,211381,US-1974-ERISA,1974,17,0.2785153967855351,-0.13304807599070043,Labor,100
continuous_d23,1991,211381,US-1974-MILLIKEN,1974,17,0.24111230351079807,-0.11892610578826146,Civil Rights,100
continuous_d23,1991,211381,US-1974-PRIVACY-ACT,1974,17,0.27413386028063097,-0.13220069372310425,Civil Liberties,100
continuous_d23,1991,211381,US-1975-IDEA,1975,16,0.23480067351015194,-0.122093806241667,Civil Rights,100
continuous_d23,1991,211381,US-1975-ISDEAA,1975,16,0.2613172750584776,-0.1264386297328473,Civil Rights,100
continuous_d23,1991,211381,US-1976-BUCKLEY,1976,15,0.2783264089563186,-0.11197445463153974,Democracy & Governance,99
continuous_d23,1991,211381,US-1976-GREGG,1976,15,0.24665613820554388,-0.15218408198697153,Criminal Justice & Guns,100
continuous_d23,1991,211381,US-1976-TSCA,1976,15,0.28095111429298814,-0.14309869382399254,Environment & Energy,100
continuous_d23,1991,211381,US-1977-CRA,1977,14,0.28256688132071933,-0.1353944595034854,Health/Welfare/Educ,100
continuous_d23,1991,211381,US-1977-FED-DUAL-MANDATE,1977,14,0.258464443400565,-0.12510377495451816,Economy & Finance,100
continuous_d23,1991,211381,US-1978-AIRLINE-DEREG,1978,13,0.28079395770435267,-0.12386905276524074,Economy & Finance,100
continuous_d23,1991,211381,US-1978-BAKKE,1978,13,0.24599929969256515,-0.1133165844617011,Civil Rights,99
continuous_d23,1991,211381,US-1978-FISA,1978,13,0.27910986897817003,-0.11716107116301899,Civil Liberties,100
continuous_d23,1991,211381,US-1978-HUMPHREY-HAWKINS,1978,13,0.2673464163768297,-0.11446934093977697,Economy & Finance,100
continuous_d23,1991,211381,US-1978-ICWA,1978,13,0.2572848766259403,-0.1263026694399167,Civil Rights,100
continuous_d23,1991,211381,US-1978-PREGNANCY-DISCRIM,1978,13,0.23935663566073312,-0.14087988485307482,Civil Rights,100
continuous_d23,1991,211381,US-1980-CERCLA,1980,11,0.2592013296602678,-0.13187062441232394,Environment & Energy,100
continuous_d23,1991,211381,US-1980-DIDMCA,1980,11,0.23010976218525955,-0.12474340451849215,Economy & Finance,99
continuous_d23,1991,211381,US-1980-REFUGEE-ACT,1980,11,0.24189988775949114,-0.09332053857313063,Immigration,100
continuous_d23,1991,211381,US-1983-CHADHA,1983,8,0.2388529606766704,-0.14418721570573673,Civil Liberties,100
continuous_d23,1991,211381,US-1984-CHEVRON,1984,7,0.25648132380558025,-0.13627185179777235,Democracy & Governance,100
continuous_d23,1991,211381,US-1984-SENTENCING,1984,7,0.26078663693665094,-0.1355161795243508,Criminal Justice & Guns,100
continuous_d23,1991,211381,US-1986-BOWERS,1986,5,0.2091359300891128,-0.14411446896476732,Civil Liberties,100
continuous_d23,1991,211381,US-1986-IRCA,1986,5,0.23669333987789087,-0.1122295473081879,Immigration,99
continuous_d23,1991,211381,US-1986-TAX-REFORM,1986,5,0.2330446620478958,-0.1332960579413438,Economy & Finance,100
continuous_d23,1991,211381,US-1988-CIVIL-LIBERTIES-ACT,1988,3,0.2470550894604624,-0.12538091525287595,Civil Rights,100
continuous_d23,1991,211381,US-1990-ADA,1990,1,0.24339348335427968,-0.1236533169498908,Civil Rights,100
continuous_d23,1991,211381,US-1990-CLEAN-AIR-AMEND,1990,1,0.2628452277878449,-0.12245599308889858,Environment & Energy,100
continuous_d23,1991,211381,US-1991-CIVIL-RIGHTS-ACT,1991,0,0.2598574232858497,-0.13646554221417548,Civil Rights,100
continuous_d23,1991,211381,US-1992-CASEY,1992,-1,0.25430220152607347,-0.11413180401378822,Civil Liberties,100
continuous_d23,1991,211381,US-1993-BRADY,1993,-2,0.21813253382631245,-0.13533202991124915,Criminal Justice & Guns,99
continuous_d23,1991,211381,US-1993-FMLA,1993,-2,0.26312848770008607,-0.11546098012957645,Labor,100
continuous_d23,1991,211381,US-1993-NVRA,1993,-2,0.260195341970138,-0.11684133362072757,Democracy & Governance,99
continuous_d23,1991,211381,US-1994-CRIME-BILL,1994,-3,0.2681661067730606,-0.10052646436306971,Criminal Justice & Guns,98
continuous_d23,1991,211381,US-1994-NAFTA,1994,-3,0.25801630812347814,-0.11887707040307982,Economy & Finance,100
continuous_d23,1991,211381,US-1994-VAWA,1994,-3,0.29714061483047177,-0.11071139619070347,Civil Rights,100
continuous_d23,1991,211381,US-1995-LOPEZ,1995,-4,0.2773910754802036,-0.14190483824189892,Democracy & Governance,100
continuous_d23,1991,211381,US-1996-DOMA,1996,-5,0.2534638124782488,-0.12618677132730033,Civil Rights,100
continuous_d23,1991,211381,US-1996-PRWORA,1996,-5,0.22424886042708303,-0.13552761986841594,Health/Welfare/Educ,100
continuous_d23,1991,211381,US-1996-TELECOM,1996,-5,0.27742720534749343,-0.12576988335678085,Democracy & Governance,100
continuous_d23,1991,211381,US-1997-PRINTZ,1997,-6,0.2686313901858428,-0.13932274327164273,Democracy & Governance,100
continuous_d23,1991,211381,US-1999-GLBA,1999,-8,0.3022685468989629,-0.1105242551996688,Economy & Finance,100
continuous_d23,1991,211381,US-2000-BUSH-GORE,2000,-9,0.24192604471480145,-0.13074756225050482,Democracy & Governance,100
continuous_d23,1991,211381,US-2001-NCLB,2001,-10,0.25870179095122153,-0.12445529942634251,Health/Welfare/Educ,100
continuous_d23,1991,211381,US-2001-PATRIOT,2001,-10,0.24346674253317224,-0.12367428328886881,Natl Security & Foreign,100
continuous_d23,1991,211381,US-2002-HAVA,2002,-11,0.27996368183691006,-0.1260223306119835,Democracy & Governance,100
continuous_d23,1991,211381,US-2002-HOMELAND-SECURITY,2002,-11,0.23106156838667347,-0.13364858027354054,Natl Security & Foreign,100
continuous_d23,1991,211381,US-2002-SOX,2002,-11,0.2720422437530077,-0.10691744649002041,Economy & Finance,100
continuous_d23,1991,211381,US-2003-LAWRENCE,2003,-12,0.25438024420656374,-0.13784082209013113,Civil Liberties,100
continuous_d23,1991,211381,US-2003-MEDICARE-MMA,2003,-12,0.2206229290721937,-0.13255857952739072,Health/Welfare/Educ,100
continuous_d23,1991,211381,US-2007-MASS-EPA,2007,-16,0.24513605797002808,-0.11535427821562483,Environment & Energy,100
continuous_d23,1991,211381,US-2008-HELLER,2008,-17,0.2653078184011144,-0.11274528960997145,Criminal Justice & Guns,100
continuous_d23,1991,211381,US-2009-ARRA,2009,-18,0.24030999072511677,-0.12278370959697858,Economy & Finance,100
continuous_d23,1991,211381,US-2010-ACA,2010,-19,0.25899567541257307,-0.12159744659962722,Health/Welfare/Educ,100
continuous_d23,1991,211381,US-2010-CITIZENS-UNITED,2010,-19,0.2585792020735547,-0.13705926876008628,Democracy & Governance,100
continuous_d23,1991,211381,US-2010-DODD-FRANK,2010,-19,0.2668578450040464,-0.1295116042579175,Economy & Finance,100
continuous_d23,1991,211381,US-2010-MCDONALD,2010,-19,0.2531190005992286,-0.1369939982261936,Criminal Justice & Guns,100
continuous_d23,1991,211381,US-1972-CPSA,1972,19,0.23679583613958718,-0.1317671890334895,Economy & Finance,100
continuous_d23,1991,211381,US-1975-EPCA,1975,16,0.23337642922879012,-0.12633226645389134,Environment & Energy,99
continuous_d23,1991,211381,US-1987-DOLE,1987,4,0.25314567222256373,-0.1362453446038279,Economy & Finance,100
continuous_d23,1991,211381,US-1997-RENO-ACLU,1997,-6,0.27425643008542927,-0.13781972301204554,Civil Liberties,100
continuous_d23,1991,211381,US-2005-KELO,2005,-14,0.21840643235287224,-0.13894732580229607,Economy & Finance,100
continuous_d23,1991,211381,US-1971-ANCSA,1971,20,0.2276356440904763,-0.10828515736960372,Civil Rights,99
continuous_d23,1991,211381,US-1978-AIRFA,1978,13,0.2579371092847833,-0.13987546360055658,Civil Rights,100
continuous_d23,1991,211381,US-1982-VRA-AMENDMENTS,1982,9,0.2887192860203331,-0.11167672290074966,Democracy & Governance,100
continuous_d23,1991,211381,US-1990-IMMIGRATION-ACT,1990,1,0.2503222824203286,-0.1266651336930985,Immigration,100
continuous_d23,1991,211381,US-1993-RFRA,1993,-2,0.23804250467248542,-0.12301614360651143,Civil Liberties,97
continuous_d23,1991,211381,US-1996-AEDPA,1996,-5,0.24647758561098151,-0.12214762894319035,Criminal Justice & Guns,98
continuous_d23,1991,211381,US-1996-IIRIRA,1996,-5,0.22654398093307165,-0.1271363070224913,Immigration,100
continuous_d23,1991,211381,US-2001-AUMF,2001,-10,0.25367114206542907,-0.11840762405173945,Natl Security & Foreign,98
continuous_d23,1991,211381,US-2002-IRAQ-AUMF,2002,-11,0.2761782649135496,-0.11208048940533925,Natl Security & Foreign,99
continuous_d23,1991,211381,US-2009-LILLY-LEDBETTER,2009,-18,0.22668338419244854,-0.13626569327799104,Civil Rights,100
continuous_d23,1991,211381,US-2009-HATE-CRIMES,2009,-18,0.30634433712953496,-0.09166079467657416,Civil Rights,100
continuous_d23,1991,211381,US-2010-DADT-REPEAL,2010,-19,0.317771889335561,-0.09323396588732816,Civil Rights,99
continuous_d23,1992,213288,US-1972-CLEAN-WATER,1972,20,0.5562939010569146,0.013342062826761886,Environment & Energy,100
continuous_d23,1992,213288,US-1972-FURMAN,1972,20,0.6872474342828089,-0.025697415351574274,Criminal Justice & Guns,100
continuous_d23,1992,213288,US-1972-TITLE-IX,1972,20,0.4725304770596088,-0.024752495821483023,Civil Rights,100
continuous_d23,1992,213288,US-1972-YODER,1972,20,0.5879523004801492,-0.05664924368822906,Civil Liberties,100
continuous_d23,1992,213288,US-1973-ESA,1973,19,0.6176341283509756,-0.03704395700211796,Environment & Energy,100
continuous_d23,1992,213288,US-1973-REHABILITATION,1973,19,0.5415524180807579,-0.04598605699627027,Civil Rights,100
continuous_d23,1992,213288,US-1973-RODRIGUEZ,1973,19,0.5784960132818117,0.021200676716419373,Health/Welfare/Educ,100
continuous_d23,1992,213288,US-1973-ROE,1973,19,0.5594807984011562,0.07850909079496998,Civil Liberties,100
continuous_d23,1992,213288,US-1973-WAR-POWERS,1973,19,0.37953705700823437,-0.12210178330471144,Democracy & Governance,100
continuous_d23,1992,213288,US-1974-ECOA,1974,18,0.5068285763530074,-0.038479281773872664,Economy & Finance,100
continuous_d23,1992,213288,US-1974-ERISA,1974,18,0.5632359563929232,-0.1050208597983951,Labor,100
continuous_d23,1992,213288,US-1974-MILLIKEN,1974,18,0.323743545537936,-0.07303874411397718,Civil Rights,100
continuous_d23,1992,213288,US-1974-PRIVACY-ACT,1974,18,0.5774298440294094,0.05384297020576323,Civil Liberties,100
continuous_d23,1992,213288,US-1975-IDEA,1975,17,0.48920474435732614,0.032889136708916446,Civil Rights,100
continuous_d23,1992,213288,US-1975-ISDEAA,1975,17,0.5245774097186691,-0.11059572436082077,Civil Rights,100
continuous_d23,1992,213288,US-1976-BUCKLEY,1976,16,0.2973361249255964,-0.03690660975951525,Democracy & Governance,99
continuous_d23,1992,213288,US-1976-GREGG,1976,16,0.6319911214726747,-0.06539367547757773,Criminal Justice & Guns,100
continuous_d23,1992,213288,US-1976-TSCA,1976,16,0.6061420908038884,-0.007832133793071351,Environment & Energy,100
continuous_d23,1992,213288,US-1977-CRA,1977,15,0.6456213023165602,-0.06015034262021749,Health/Welfare/Educ,100
continuous_d23,1992,213288,US-1977-FED-DUAL-MANDATE,1977,15,0.6801543089347081,-0.09075327237668417,Economy & Finance,100
continuous_d23,1992,213288,US-1978-AIRLINE-DEREG,1978,14,0.3546073705493136,-0.09911253841858596,Economy & Finance,100
continuous_d23,1992,213288,US-1978-BAKKE,1978,14,0.4633604269013159,0.013561487033236943,Civil Rights,99
continuous_d23,1992,213288,US-1978-FISA,1978,14,0.5954738888035847,-0.09762021564327554,Civil Liberties,100
continuous_d23,1992,213288,US-1978-HUMPHREY-HAWKINS,1978,14,0.5037577477940516,-0.14207555272533343,Economy & Finance,100
continuous_d23,1992,213288,US-1978-ICWA,1978,14,0.5719452572489258,-0.09988304178931623,Civil Rights,100
continuous_d23,1992,213288,US-1978-PREGNANCY-DISCRIM,1978,14,0.5994112523288678,0.051890933744447906,Civil Rights,100
continuous_d23,1992,213288,US-1980-CERCLA,1980,12,0.5264778205353696,-0.09057612030017514,Environment & Energy,100
continuous_d23,1992,213288,US-1980-DIDMCA,1980,12,0.4142528522210625,-0.06809701246600329,Economy & Finance,99
continuous_d23,1992,213288,US-1980-REFUGEE-ACT,1980,12,0.5921605216237801,-0.07998898151190834,Immigration,100
continuous_d23,1992,213288,US-1983-CHADHA,1983,9,0.6290242790829155,-0.08795307727143753,Civil Liberties,100
continuous_d23,1992,213288,US-1984-CHEVRON,1984,8,0.4584612852772342,-0.09125348943040427,Democracy & Governance,100
continuous_d23,1992,213288,US-1984-SENTENCING,1984,8,0.47031862000559566,-0.0538856830772343,Criminal Justice & Guns,100
continuous_d23,1992,213288,US-1986-BOWERS,1986,6,0.4754855071160491,-0.036244114123503604,Civil Liberties,100
continuous_d23,1992,213288,US-1986-IRCA,1986,6,0.4000480099604091,-0.013278057546683082,Immigration,99
continuous_d23,1992,213288,US-1986-TAX-REFORM,1986,6,0.5579941054203639,0.07808691616850291,Economy & Finance,100
continuous_d23,1992,213288,US-1988-CIVIL-LIBERTIES-ACT,1988,4,0.3277972225554674,-0.10774134652195551,Civil Rights,100
continuous_d23,1992,213288,US-1990-ADA,1990,2,0.47689076175223755,-0.003870730726242463,Civil Rights,100
continuous_d23,1992,213288,US-1990-CLEAN-AIR-AMEND,1990,2,0.5165363592393093,-0.06574706449124994,Environment & Energy,100
continuous_d23,1992,213288,US-1991-CIVIL-RIGHTS-ACT,1991,1,0.3554541320345244,-0.04427904428151828,Civil Rights,100
continuous_d23,1992,213288,US-1992-CASEY,1992,0,0.6602021734457126,-0.013292881834884198,Civil Liberties,100
continuous_d23,1992,213288,US-1993-BRADY,1993,-1,0.6172557899693139,-0.07875755051643361,Criminal Justice & Guns,99
continuous_d23,1992,213288,US-1993-FMLA,1993,-1,0.4971847479314549,-0.12341017130574086,Labor,100
continuous_d23,1992,213288,US-1993-NVRA,1993,-1,0.5285189277774235,-0.08787837753197301,Democracy & Governance,99
continuous_d23,1992,213288,US-1994-CRIME-BILL,1994,-2,0.40637718595054256,-0.10487020987289401,Criminal Justice & Guns,98
continuous_d23,1992,213288,US-1994-NAFTA,1994,-2,0.5508790951184664,-0.008680607310080354,Economy & Finance,100
continuous_d23,1992,213288,US-1994-VAWA,1994,-2,0.47678926742318967,-0.13552742104193455,Civil Rights,100
continuous_d23,1992,213288,US-1995-LOPEZ,1995,-3,0.5911882513045615,-0.04081434754472979,Democracy & Governance,100
continuous_d23,1992,213288,US-1996-DOMA,1996,-4,0.6625341768923297,-0.12230298398368693,Civil Rights,100
continuous_d23,1992,213288,US-1996-PRWORA,1996,-4,0.5176021401691814,-0.0609992835447142,Health/Welfare/Educ,100
continuous_d23,1992,213288,US-1996-TELECOM,1996,-4,0.4981815880453622,-0.06014964754310859,Democracy & Governance,100
continuous_d23,1992,213288,US-1997-PRINTZ,1997,-5,0.4727713196548748,-0.046972214505554305,Democracy & Governance,100
continuous_d23,1992,213288,US-1999-GLBA,1999,-7,0.538069598601652,-0.03656087496459272,Economy & Finance,100
continuous_d23,1992,213288,US-2000-BUSH-GORE,2000,-8,0.5091475568550924,-0.006958181671873781,Democracy & Governance,100
continuous_d23,1992,213288,US-2001-NCLB,2001,-9,0.4822900207054115,-0.10153516496464504,Health/Welfare/Educ,100
continuous_d23,1992,213288,US-2001-PATRIOT,2001,-9,0.46574191353605343,-0.04411036695493917,Natl Security & Foreign,100
continuous_d23,1992,213288,US-2002-HAVA,2002,-10,0.400356296964021,-0.1339871402349062,Democracy & Governance,100
continuous_d23,1992,213288,US-2002-HOMELAND-SECURITY,2002,-10,0.45504245854685943,-0.038366391609250115,Natl Security & Foreign,100
continuous_d23,1992,213288,US-2002-SOX,2002,-10,0.20541076406868863,-0.05304169949796468,Economy & Finance,100
continuous_d23,1992,213288,US-2003-LAWRENCE,2003,-11,0.47055269462991495,-0.06384915223646229,Civil Liberties,100
continuous_d23,1992,213288,US-2003-MEDICARE-MMA,2003,-11,0.6400568799387948,-0.11953556818019853,Health/Welfare/Educ,100
continuous_d23,1992,213288,US-2007-MASS-EPA,2007,-15,0.44895862492889743,-0.005408888979497424,Environment & Energy,100
continuous_d23,1992,213288,US-2008-HELLER,2008,-16,0.7555210130348067,-0.0976950040708619,Criminal Justice & Guns,100
continuous_d23,1992,213288,US-2009-ARRA,2009,-17,0.29942683778844253,-0.04391377793503324,Economy & Finance,100
continuous_d23,1992,213288,US-2010-ACA,2010,-18,0.5124507517465404,-0.12103150881952837,Health/Welfare/Educ,100
continuous_d23,1992,213288,US-2010-CITIZENS-UNITED,2010,-18,0.45428315416710596,-0.07159553572840578,Democracy & Governance,100
continuous_d23,1992,213288,US-2010-DODD-FRANK,2010,-18,0.6429532979212371,-0.12629944562209142,Economy & Finance,100
continuous_d23,1992,213288,US-2010-MCDONALD,2010,-18,0.48359460895089534,-0.024389645421617128,Criminal Justice & Guns,100
continuous_d23,1992,213288,US-2012-NFIB,2012,-20,0.5957860249727814,-0.11735695687258076,Health/Welfare/Educ,100
continuous_d23,1992,213288,US-1972-CPSA,1972,20,0.6267097461206489,-0.09747298335059437,Economy & Finance,100
continuous_d23,1992,213288,US-1975-EPCA,1975,17,0.5403225027719059,-0.11830750065067488,Environment & Energy,99
continuous_d23,1992,213288,US-1987-DOLE,1987,5,0.4991293375488475,-0.042317051742131497,Economy & Finance,100
continuous_d23,1992,213288,US-1997-RENO-ACLU,1997,-5,0.6071438495835058,-0.06555637176255778,Civil Liberties,100
continuous_d23,1992,213288,US-2005-KELO,2005,-13,0.573067589834295,0.058369455857297255,Economy & Finance,100
continuous_d23,1992,213288,US-1978-AIRFA,1978,14,0.5717258480352705,-0.04598881594008341,Civil Rights,100
continuous_d23,1992,213288,US-1982-VRA-AMENDMENTS,1982,10,0.46323087697934084,0.04031845584396356,Democracy & Governance,100
continuous_d23,1992,213288,US-1990-IMMIGRATION-ACT,1990,2,0.4244913723351258,-0.03824348367277414,Immigration,100
continuous_d23,1992,213288,US-1993-RFRA,1993,-1,0.4641027579680875,-0.03493337363767353,Civil Liberties,97
continuous_d23,1992,213288,US-1996-AEDPA,1996,-4,0.253718676297304,-0.09690542742364952,Criminal Justice & Guns,98
continuous_d23,1992,213288,US-1996-IIRIRA,1996,-4,0.4494269820419028,-0.04876225428033994,Immigration,100
continuous_d23,1992,213288,US-2001-AUMF,2001,-9,0.40719751984000246,-0.044319820177432315,Natl Security & Foreign,98
continuous_d23,1992,213288,US-2002-IRAQ-AUMF,2002,-10,0.3602990741287791,-0.06817504542377807,Natl Security & Foreign,99
continuous_d23,1992,213288,US-2009-LILLY-LEDBETTER,2009,-17,0.3298724129015573,0.046783012305959756,Civil Rights,100
continuous_d23,1992,213288,US-2009-HATE-CRIMES,2009,-17,0.45436770786786185,-0.00986219076533545,Civil Rights,100
continuous_d23,1992,213288,US-2010-DADT-REPEAL,2010,-18,0.3099041644362529,-0.07252463062796953,Civil Rights,99
continuous_d23,1993,215195,US-1973-ESA,1973,20,0.13589118060120253,0.202521234888499,Environment & Energy,100
continuous_d23,1993,215195,US-1973-REHABILITATION,1973,20,0.1504571304171229,0.08158521949911625,Civil Rights,100
continuous_d23,1993,215195,US-1973-RODRIGUEZ,1973,20,0.11525459581914627,0.10036028903593575,Health/Welfare/Educ,100
continuous_d23,1993,215195,US-1973-ROE,1973,20,0.1452047610160397,0.21511151637152195,Civil Liberties,100
continuous_d23,1993,215195,US-1973-WAR-POWERS,1973,20,0.10260391947705683,0.10696209439466048,Democracy & Governance,100
continuous_d23,1993,215195,US-1974-ECOA,1974,19,0.22156116546313456,0.08084049957695547,Economy & Finance,100
continuous_d23,1993,215195,US-1974-ERISA,1974,19,0.16188363902131767,0.11460601809171425,Labor,100
continuous_d23,1993,215195,US-1974-MILLIKEN,1974,19,0.12683242420378182,0.10202385891100485,Civil Rights,100
continuous_d23,1993,215195,US-1974-PRIVACY-ACT,1974,19,0.16219166645657646,0.12520465372653822,Civil Liberties,100
continuous_d23,1993,215195,US-1975-IDEA,1975,18,0.15531601160622066,0.1546489041958578,Civil Rights,100
continuous_d23,1993,215195,US-1975-ISDEAA,1975,18,0.15721833672402724,0.004319676275451927,Civil Rights,100
continuous_d23,1993,215195,US-1976-BUCKLEY,1976,17,0.12034560139515638,0.1071336406237183,Democracy & Governance,99
continuous_d23,1993,215195,US-1976-GREGG,1976,17,0.18999298489009653,0.14772576489590905,Criminal Justice & Guns,100
continuous_d23,1993,215195,US-1976-TSCA,1976,17,0.1477222108303184,0.12844943545545118,Environment & Energy,100
continuous_d23,1993,215195,US-1977-CRA,1977,16,0.16125407731544006,0.13925741139076395,Health/Welfare/Educ,100
continuous_d23,1993,215195,US-1977-FED-DUAL-MANDATE,1977,16,0.17860829199201528,0.09767989737622357,Economy & Finance,100
continuous_d23,1993,215195,US-1978-AIRLINE-DEREG,1978,15,0.11941460784274036,0.10044465741728073,Economy & Finance,100
continuous_d23,1993,215195,US-1978-BAKKE,1978,15,0.15480184224498442,0.08245769398811058,Civil Rights,99
continuous_d23,1993,215195,US-1978-FISA,1978,15,0.13064599566650167,0.1072750615509659,Civil Liberties,100
continuous_d23,1993,215195,US-1978-HUMPHREY-HAWKINS,1978,15,0.1584956825280336,0.09624595288205945,Economy & Finance,100
continuous_d23,1993,215195,US-1978-ICWA,1978,15,0.19020122819633897,0.17401813135740177,Civil Rights,100
continuous_d23,1993,215195,US-1978-PREGNANCY-DISCRIM,1978,15,0.17448554130300628,0.1492432218252042,Civil Rights,100
continuous_d23,1993,215195,US-1980-CERCLA,1980,13,0.16383302460054916,0.07633438671994401,Environment & Energy,100
continuous_d23,1993,215195,US-1980-DIDMCA,1980,13,0.10714903392343796,0.1771679359831458,Economy & Finance,99
continuous_d23,1993,215195,US-1980-REFUGEE-ACT,1980,13,0.12783317359135743,0.06340399050282555,Immigration,100
continuous_d23,1993,215195,US-1983-CHADHA,1983,10,0.10440177719344543,0.07469447176699845,Civil Liberties,100
continuous_d23,1993,215195,US-1984-CHEVRON,1984,9,0.15544365788417003,0.09803821923934017,Democracy & Governance,100
continuous_d23,1993,215195,US-1984-SENTENCING,1984,9,0.158057541937898,0.15980033728145884,Criminal Justice & Guns,100
continuous_d23,1993,215195,US-1986-BOWERS,1986,7,0.20437586272319141,0.07912920575842573,Civil Liberties,100
continuous_d23,1993,215195,US-1986-IRCA,1986,7,0.11297694779105241,0.17834494228675196,Immigration,99
continuous_d23,1993,215195,US-1986-TAX-REFORM,1986,7,0.16096660202901955,0.22706680749123598,Economy & Finance,100
continuous_d23,1993,215195,US-1988-CIVIL-LIBERTIES-ACT,1988,5,0.08484198332451592,-0.0050104658103218725,Civil Rights,100
continuous_d23,1993,215195,US-1990-ADA,1990,3,0.17066680088099748,0.11672297706749463,Civil Rights,100
continuous_d23,1993,215195,US-1990-CLEAN-AIR-AMEND,1990,3,0.15780208483611205,0.17132447409972026,Environment & Energy,100
continuous_d23,1993,215195,US-1991-CIVIL-RIGHTS-ACT,1991,2,0.07383185789395016,0.1728947765476564,Civil Rights,100
continuous_d23,1993,215195,US-1992-CASEY,1992,1,0.10808100911882935,0.1702091816545919,Civil Liberties,100
continuous_d23,1993,215195,US-1993-BRADY,1993,0,0.2398923850537567,0.10393511564974299,Criminal Justice & Guns,99
continuous_d23,1993,215195,US-1993-FMLA,1993,0,0.16403012777337017,0.07620794530496534,Labor,100
continuous_d23,1993,215195,US-1993-NVRA,1993,0,0.13720752211500756,0.12113489358721827,Democracy & Governance,99
continuous_d23,1993,215195,US-1994-CRIME-BILL,1994,-1,0.16775752691331264,0.16552604904868198,Criminal Justice & Guns,98
continuous_d23,1993,215195,US-1994-NAFTA,1994,-1,0.13001834820666355,0.08349384928300031,Economy & Finance,100
continuous_d23,1993,215195,US-1994-VAWA,1994,-1,0.10380756669910446,-0.018721358447553536,Civil Rights,100
continuous_d23,1993,215195,US-1995-LOPEZ,1995,-2,0.08510143343038344,0.07623865018922978,Democracy & Governance,100
continuous_d23,1993,215195,US-1996-DOMA,1996,-3,0.21426480354210045,0.03050442015528197,Civil Rights,100
continuous_d23,1993,215195,US-1996-PRWORA,1996,-3,0.20502506018103644,0.1766092767346852,Health/Welfare/Educ,100
continuous_d23,1993,215195,US-1996-TELECOM,1996,-3,0.18027949216336503,0.12104627076704626,Democracy & Governance,100
continuous_d23,1993,215195,US-1997-PRINTZ,1997,-4,0.1214115070582809,0.09436985141970024,Democracy & Governance,100
continuous_d23,1993,215195,US-1999-GLBA,1999,-6,0.16902356832919138,0.11432447982597434,Economy & Finance,100
continuous_d23,1993,215195,US-2000-BUSH-GORE,2000,-7,0.10997412044896761,0.08467122157724294,Democracy & Governance,100
continuous_d23,1993,215195,US-2001-NCLB,2001,-8,0.15794700323699218,0.05915241967770753,Health/Welfare/Educ,100
continuous_d23,1993,215195,US-2001-PATRIOT,2001,-8,0.12143833859945102,0.14704590407650234,Natl Security & Foreign,100
continuous_d23,1993,215195,US-2002-HAVA,2002,-9,0.12460162475898931,0.10109294915249839,Democracy & Governance,100
continuous_d23,1993,215195,US-2002-HOMELAND-SECURITY,2002,-9,0.07022898306106971,0.09426359274765966,Natl Security & Foreign,100
continuous_d23,1993,215195,US-2002-SOX,2002,-9,0.07560099362350711,0.15828743641260912,Economy & Finance,100
continuous_d23,1993,215195,US-2003-LAWRENCE,2003,-10,0.17238795898340162,0.039005757939207936,Civil Liberties,100
continuous_d23,1993,215195,US-2003-MEDICARE-MMA,2003,-10,0.16583879289723297,0.14988494414902004,Health/Welfare/Educ,100
continuous_d23,1993,215195,US-2007-MASS-EPA,2007,-14,0.0612200978162282,0.15680196284551445,Environment & Energy,100
continuous_d23,1993,215195,US-2008-HELLER,2008,-15,0.1723366281153421,-0.022973694302187337,Criminal Justice & Guns,100
continuous_d23,1993,215195,US-2009-ARRA,2009,-16,0.08096533812582271,0.11968480170548437,Economy & Finance,100
continuous_d23,1993,215195,US-2010-ACA,2010,-17,0.119905457355968,0.17169102822201288,Health/Welfare/Educ,100
continuous_d23,1993,215195,US-2010-CITIZENS-UNITED,2010,-17,0.12422185524205637,-0.02540274768571306,Democracy & Governance,100
continuous_d23,1993,215195,US-2010-DODD-FRANK,2010,-17,0.14776547886163796,0.12454441449392098,Economy & Finance,100
continuous_d23,1993,215195,US-2010-MCDONALD,2010,-17,0.17560353011474406,0.10245713704295437,Criminal Justice & Guns,100
continuous_d23,1993,215195,US-2012-NFIB,2012,-19,0.16493296120998935,0.01035764218937737,Health/Welfare/Educ,100
continuous_d23,1993,215195,US-2013-SHELBY,2013,-20,0.14433271885747415,0.1095282159909343,Democracy & Governance,100
continuous_d23,1993,215195,US-2013-WINDSOR,2013,-20,0.08964198416261182,0.019233891713457976,Civil Rights,100
continuous_d23,1993,215195,US-1975-EPCA,1975,18,0.1384351767353115,0.12037973792898325,Environment & Energy,99
continuous_d23,1993,215195,US-1987-DOLE,1987,6,0.06943775278726706,0.11734705098154827,Economy & Finance,100
continuous_d23,1993,215195,US-1997-RENO-ACLU,1997,-4,0.16088319879293425,0.043653308299109225,Civil Liberties,100
continuous_d23,1993,215195,US-2005-KELO,2005,-12,0.15397074016683993,0.13632653356795402,Economy & Finance,100
continuous_d23,1993,215195,US-1978-AIRFA,1978,15,0.09801915998282697,0.10404347575711131,Civil Rights,100
continuous_d23,1993,215195,US-1982-VRA-AMENDMENTS,1982,11,0.07779247710692964,0.17347006804795623,Democracy & Governance,100
continuous_d23,1993,215195,US-1990-IMMIGRATION-ACT,1990,3,0.10499791153842108,0.14327980110135002,Immigration,100
continuous_d23,1993,215195,US-1993-RFRA,1993,0,0.07502363215378902,0.07984293388711623,Civil Liberties,97
continuous_d23,1993,215195,US-1996-AEDPA,1996,-3,0.08959602462265095,0.08291173695827736,Criminal Justice & Guns,98
continuous_d23,1993,215195,US-1996-IIRIRA,1996,-3,0.12641366439655585,0.13324125392010086,Immigration,100
continuous_d23,1993,215195,US-2001-AUMF,2001,-8,0.07128529269820041,0.034917919029861126,Natl Security & Foreign,98
continuous_d23,1993,215195,US-2002-IRAQ-AUMF,2002,-9,0.08881940858461898,-0.009564332656921647,Natl Security & Foreign,99
continuous_d23,1993,215195,US-2009-LILLY-LEDBETTER,2009,-16,0.07192640624022473,0.12690629634652886,Civil Rights,100
continuous_d23,1993,215195,US-2009-HATE-CRIMES,2009,-16,0.0894362609353146,0.07165731720213599,Civil Rights,100
continuous_d23,1993,215195,US-2010-DADT-REPEAL,2010,-17,0.04713576757700093,-0.08259568155711089,Civil Rights,99
continuous_d23,1994,217103,US-1974-ECOA,1974,20,0.47395985585092043,0.037882962316199614,Economy & Finance,100
continuous_d23,1994,217103,US-1974-ERISA,1974,20,0.5506520412384456,0.07016458929390199,Labor,100
continuous_d23,1994,217103,US-1974-MILLIKEN,1974,20,0.5198232689349441,0.051522091254127496,Civil Rights,100
continuous_d23,1994,217103,US-1974-PRIVACY-ACT,1974,20,0.5036974815571946,0.18220375204704872,Civil Liberties,100
continuous_d23,1994,217103,US-1975-IDEA,1975,19,0.5711864507337762,0.15721521171554106,Civil Rights,100
continuous_d23,1994,217103,US-1975-ISDEAA,1975,19,0.5517792086016764,0.050303523883814816,Civil Rights,100
continuous_d23,1994,217103,US-1976-BUCKLEY,1976,18,0.5223869832837725,0.15002840346635898,Democracy & Governance,99
continuous_d23,1994,217103,US-1976-GREGG,1976,18,0.5802386691362261,0.09800383333739138,Criminal Justice & Guns,100
continuous_d23,1994,217103,US-1976-TSCA,1976,18,0.5743734678400579,0.10884719076647835,Environment & Energy,100
continuous_d23,1994,217103,US-1977-CRA,1977,17,0.565646812718444,0.09342709474991223,Health/Welfare/Educ,100
continuous_d23,1994,217103,US-1977-FED-DUAL-MANDATE,1977,17,0.588717775693832,0.10736549512369897,Economy & Finance,100
continuous_d23,1994,217103,US-1978-AIRLINE-DEREG,1978,16,0.4427192176732387,0.053510844547679876,Economy & Finance,100
continuous_d23,1994,217103,US-1978-BAKKE,1978,16,0.45420473879399426,0.1479565958300702,Civil Rights,99
continuous_d23,1994,217103,US-1978-FISA,1978,16,0.6072984132785225,0.04113772706868571,Civil Liberties,100
continuous_d23,1994,217103,US-1978-HUMPHREY-HAWKINS,1978,16,0.5455602154238425,0.0458628391206552,Economy & Finance,100
continuous_d23,1994,217103,US-1978-ICWA,1978,16,0.6129662166954981,0.07973101772421129,Civil Rights,100
continuous_d23,1994,217103,US-1978-PREGNANCY-DISCRIM,1978,16,0.5913504239680387,0.03376829060054079,Civil Rights,100
continuous_d23,1994,217103,US-1980-CERCLA,1980,14,0.5119787817663325,0.059264930513261024,Environment & Energy,100
continuous_d23,1994,217103,US-1980-DIDMCA,1980,14,0.5142886745906797,0.11321148339543331,Economy & Finance,99
continuous_d23,1994,217103,US-1980-REFUGEE-ACT,1980,14,0.5728406628972301,0.08612167195928556,Immigration,100
continuous_d23,1994,217103,US-1983-CHADHA,1983,11,0.5357843626889252,0.03156243716445908,Civil Liberties,100
continuous_d23,1994,217103,US-1984-CHEVRON,1984,10,0.5105939833202403,0.13281112222612068,Democracy & Governance,100
continuous_d23,1994,217103,US-1984-SENTENCING,1984,10,0.5374053957484102,0.07040308607488412,Criminal Justice & Guns,100
continuous_d23,1994,217103,US-1986-BOWERS,1986,8,0.5416878508485897,0.0813300397633586,Civil Liberties,100
continuous_d23,1994,217103,US-1986-IRCA,1986,8,0.4705563479612081,0.13539508479465645,Immigration,99
continuous_d23,1994,217103,US-1986-TAX-REFORM,1986,8,0.5064310179939124,0.16654119422475222,Economy & Finance,100
continuous_d23,1994,217103,US-1988-CIVIL-LIBERTIES-ACT,1988,6,0.49669277461388006,0.032819510568337984,Civil Rights,100
continuous_d23,1994,217103,US-1990-ADA,1990,4,0.5806207102700062,0.13187929339027776,Civil Rights,100
continuous_d23,1994,217103,US-1990-CLEAN-AIR-AMEND,1990,4,0.5728597507929633,0.06638798854212638,Environment & Energy,100
continuous_d23,1994,217103,US-1991-CIVIL-RIGHTS-ACT,1991,3,0.44628229999938523,0.03603689625284681,Civil Rights,100
continuous_d23,1994,217103,US-1992-CASEY,1992,2,0.5888417057123356,0.15722029685717748,Civil Liberties,100
continuous_d23,1994,217103,US-1993-BRADY,1993,1,0.5738647449256452,0.06778425670023244,Criminal Justice & Guns,99
continuous_d23,1994,217103,US-1993-FMLA,1993,1,0.5876429780288354,0.015434263975100684,Labor,100
continuous_d23,1994,217103,US-1993-NVRA,1993,1,0.5977962615927778,0.046464432131559284,Democracy & Governance,99
continuous_d23,1994,217103,US-1994-CRIME-BILL,1994,0,0.5585439906277203,0.11280603536201218,Criminal Justice & Guns,98
continuous_d23,1994,217103,US-1994-NAFTA,1994,0,0.5953343725567471,0.11849577313160153,Economy & Finance,100
continuous_d23,1994,217103,US-1994-VAWA,1994,0,0.6498705526697394,0.05874881888931366,Civil Rights,100
continuous_d23,1994,217103,US-1995-LOPEZ,1995,-1,0.5179468352922112,0.05716483095563131,Democracy & Governance,100
continuous_d23,1994,217103,US-1996-DOMA,1996,-2,0.6411262628502654,0.034920438470796546,Civil Rights,100
continuous_d23,1994,217103,US-1996-PRWORA,1996,-2,0.5213101290482073,0.1498547739993764,Health/Welfare/Educ,100
continuous_d23,1994,217103,US-1996-TELECOM,1996,-2,0.5244673687855209,0.10398998599896134,Democracy & Governance,100
continuous_d23,1994,217103,US-1997-PRINTZ,1997,-3,0.511464394775587,0.023321746799145372,Democracy & Governance,100
continuous_d23,1994,217103,US-1999-GLBA,1999,-5,0.5371698185780054,0.08199264878615206,Economy & Finance,100
continuous_d23,1994,217103,US-2000-BUSH-GORE,2000,-6,0.6047556710335201,0.09637174808797283,Democracy & Governance,100
continuous_d23,1994,217103,US-2001-NCLB,2001,-7,0.5500205408917932,0.0757485984930787,Health/Welfare/Educ,100
continuous_d23,1994,217103,US-2001-PATRIOT,2001,-7,0.41987976979642844,0.08787701133930748,Natl Security & Foreign,100
continuous_d23,1994,217103,US-2002-HAVA,2002,-8,0.5429478951042812,0.05304705906179968,Democracy & Governance,100
continuous_d23,1994,217103,US-2002-HOMELAND-SECURITY,2002,-8,0.4368725886938336,0.06630180870672767,Natl Security & Foreign,100
continuous_d23,1994,217103,US-2002-SOX,2002,-8,0.34011228331512955,0.06921130254049322,Economy & Finance,100
continuous_d23,1994,217103,US-2003-LAWRENCE,2003,-9,0.48957644318711,0.09414042378396671,Civil Liberties,100
continuous_d23,1994,217103,US-2003-MEDICARE-MMA,2003,-9,0.5170538333869549,0.09268358595814957,Health/Welfare/Educ,100
continuous_d23,1994,217103,US-2007-MASS-EPA,2007,-13,0.5794716284734045,0.0798248839590579,Environment & Energy,100
continuous_d23,1994,217103,US-2008-HELLER,2008,-14,0.6167355920073384,0.009976003742072768,Criminal Justice & Guns,100
continuous_d23,1994,217103,US-2009-ARRA,2009,-15,0.4254312190286504,0.1262190066347565,Economy & Finance,100
continuous_d23,1994,217103,US-2010-ACA,2010,-16,0.50379052978672,0.056589103046889605,Health/Welfare/Educ,100
continuous_d23,1994,217103,US-2010-CITIZENS-UNITED,2010,-16,0.5476456138735805,0.0646834559817741,Democracy & Governance,100
continuous_d23,1994,217103,US-2010-DODD-FRANK,2010,-16,0.6188777918142386,0.08548320841430769,Economy & Finance,100
continuous_d23,1994,217103,US-2010-MCDONALD,2010,-16,0.539348042216002,0.06414981107021697,Criminal Justice & Guns,100
continuous_d23,1994,217103,US-2012-NFIB,2012,-18,0.6691030035113541,0.0677456656536879,Health/Welfare/Educ,100
continuous_d23,1994,217103,US-2013-SHELBY,2013,-19,0.4686925364883351,0.07239534019401155,Democracy & Governance,100
continuous_d23,1994,217103,US-2013-WINDSOR,2013,-19,0.5671591574593221,0.01578663887274515,Civil Rights,100
continuous_d23,1994,217103,US-2014-HOBBY-LOBBY,2014,-20,0.501684089487353,0.1122760685721149,Civil Liberties,100
continuous_d23,1994,217103,US-1975-EPCA,1975,19,0.5366002234774744,0.0897674408306856,Environment & Energy,99
continuous_d23,1994,217103,US-1987-DOLE,1987,7,0.515768385643307,0.08117368058907452,Economy & Finance,100
continuous_d23,1994,217103,US-1997-RENO-ACLU,1997,-3,0.5922957761792152,0.08974728353170121,Civil Liberties,100
continuous_d23,1994,217103,US-2005-KELO,2005,-11,0.587208653340391,0.11816657061915897,Economy & Finance,100
continuous_d23,1994,217103,US-1978-AIRFA,1978,16,0.4861827320223526,0.04390491398075311,Civil Rights,100
continuous_d23,1994,217103,US-1982-VRA-AMENDMENTS,1982,12,0.47043993609032453,0.1022595812349494,Democracy & Governance,100
continuous_d23,1994,217103,US-1990-IMMIGRATION-ACT,1990,4,0.3792240148250937,0.04859969880548136,Immigration,100
continuous_d23,1994,217103,US-1993-RFRA,1993,1,0.5021444134366339,0.10694421515266095,Civil Liberties,97
continuous_d23,1994,217103,US-1996-AEDPA,1996,-2,0.46472849020863977,0.059110298959503225,Criminal Justice & Guns,98
continuous_d23,1994,217103,US-1996-IIRIRA,1996,-2,0.43230767073518317,0.06696751430106,Immigration,100
continuous_d23,1994,217103,US-2001-AUMF,2001,-7,0.4094860798272064,0.020905472898054635,Natl Security & Foreign,98
continuous_d23,1994,217103,US-2002-IRAQ-AUMF,2002,-8,0.39695357710119555,-0.03834508182450936,Natl Security & Foreign,99
continuous_d23,1994,217103,US-2009-LILLY-LEDBETTER,2009,-15,0.46021363379148267,0.026260420721196626,Civil Rights,100
continuous_d23,1994,217103,US-2009-HATE-CRIMES,2009,-15,0.3927823144865966,0.07790417072187386,Civil Rights,100
continuous_d23,1994,217103,US-2010-DADT-REPEAL,2010,-16,0.3949001256920179,-0.038052664080747284,Civil Rights,99
continuous_d23,1995,219010,US-1975-IDEA,1975,20,0.4194014731254655,-0.14238395221209152,Civil Rights,100
continuous_d23,1995,219010,US-1975-ISDEAA,1975,20,0.4208355950827725,-0.1403531354563084,Civil Rights,100
continuous_d23,1995,219010,US-1976-BUCKLEY,1976,19,0.4275592792799427,-0.1639006855100573,Democracy & Governance,99
continuous_d23,1995,219010,US-1976-GREGG,1976,19,0.41471180030747834,-0.14226109955559726,Criminal Justice & Guns,100
continuous_d23,1995,219010,US-1976-TSCA,1976,19,0.4101562413781776,-0.14365552513769383,Environment & Energy,100
continuous_d23,1995,219010,US-1977-CRA,1977,18,0.41230219526729167,-0.14064079247225247,Health/Welfare/Educ,100
continuous_d23,1995,219010,US-1977-FED-DUAL-MANDATE,1977,18,0.4311104599347747,-0.1432755541518204,Economy & Finance,100
continuous_d23,1995,219010,US-1978-AIRLINE-DEREG,1978,17,0.4175600479619068,-0.14674844857446215,Economy & Finance,100
continuous_d23,1995,219010,US-1978-BAKKE,1978,17,0.39565340319675757,-0.14321506713369953,Civil Rights,99
continuous_d23,1995,219010,US-1978-FISA,1978,17,0.4104961490090587,-0.14647055687257307,Civil Liberties,100
continuous_d23,1995,219010,US-1978-HUMPHREY-HAWKINS,1978,17,0.4426780868095793,-0.14680125478112804,Economy & Finance,100
continuous_d23,1995,219010,US-1978-ICWA,1978,17,0.42506451401471573,-0.1450040988219763,Civil Rights,100
continuous_d23,1995,219010,US-1978-PREGNANCY-DISCRIM,1978,17,0.42011825481000586,-0.15500019942078508,Civil Rights,100
continuous_d23,1995,219010,US-1980-CERCLA,1980,15,0.4189179934784695,-0.1350739141568318,Environment & Energy,100
continuous_d23,1995,219010,US-1980-DIDMCA,1980,15,0.41632401432461263,-0.146774057675996,Economy & Finance,99
continuous_d23,1995,219010,US-1980-REFUGEE-ACT,1980,15,0.4221919765520708,-0.1699602957475282,Immigration,100
continuous_d23,1995,219010,US-1983-CHADHA,1983,12,0.41785325000619816,-0.14381618066526136,Civil Liberties,100
continuous_d23,1995,219010,US-1984-CHEVRON,1984,11,0.4157002850740634,-0.1404730223879478,Democracy & Governance,100
continuous_d23,1995,219010,US-1984-SENTENCING,1984,11,0.40840309376372,-0.14380442758518083,Criminal Justice & Guns,100
continuous_d23,1995,219010,US-1986-BOWERS,1986,9,0.41911972280991255,-0.14179337598524702,Civil Liberties,100
continuous_d23,1995,219010,US-1986-IRCA,1986,9,0.4397334761823886,-0.1771426113292485,Immigration,99
continuous_d23,1995,219010,US-1986-TAX-REFORM,1986,9,0.42727544023477193,-0.15697410689122585,Economy & Finance,100
continuous_d23,1995,219010,US-1988-CIVIL-LIBERTIES-ACT,1988,7,0.4470110702411177,-0.15813431868679154,Civil Rights,100
continuous_d23,1995,219010,US-1990-ADA,1990,5,0.4322993644283587,-0.13366260979658912,Civil Rights,100
continuous_d23,1995,219010,US-1990-CLEAN-AIR-AMEND,1990,5,0.43390884365046445,-0.14263896505823448,Environment & Energy,100
continuous_d23,1995,219010,US-1991-CIVIL-RIGHTS-ACT,1991,4,0.43625188228877826,-0.14555862359143873,Civil Rights,100
continuous_d23,1995,219010,US-1992-CASEY,1992,3,0.4314819274730749,-0.16425309940350774,Civil Liberties,100
continuous_d23,1995,219010,US-1993-BRADY,1993,2,0.4094840469552781,-0.15172253762296478,Criminal Justice & Guns,99
continuous_d23,1995,219010,US-1993-FMLA,1993,2,0.4123490572219983,-0.15176851644272304,Labor,100
continuous_d23,1995,219010,US-1993-NVRA,1993,2,0.43555863056820293,-0.1403076380638646,Democracy & Governance,99
continuous_d23,1995,219010,US-1994-CRIME-BILL,1994,1,0.4195976431752338,-0.15875947743540003,Criminal Justice & Guns,98
continuous_d23,1995,219010,US-1994-NAFTA,1994,1,0.43076325634705986,-0.157626183977651,Economy & Finance,100
continuous_d23,1995,219010,US-1994-VAWA,1994,1,0.43421783684690834,-0.1567786028759548,Civil Rights,100
continuous_d23,1995,219010,US-1995-LOPEZ,1995,0,0.4177013512356471,-0.140597784823692,Democracy & Governance,100
continuous_d23,1995,219010,US-1996-DOMA,1996,-1,0.4223967313102145,-0.1489983357368062,Civil Rights,100
continuous_d23,1995,219010,US-1996-PRWORA,1996,-1,0.42306448270357,-0.14485580267936585,Health/Welfare/Educ,100
continuous_d23,1995,219010,US-1996-TELECOM,1996,-1,0.4343431787067042,-0.138334058678721,Democracy & Governance,100
continuous_d23,1995,219010,US-1997-PRINTZ,1997,-2,0.39395268575497566,-0.15154018202364875,Democracy & Governance,100
continuous_d23,1995,219010,US-1999-GLBA,1999,-4,0.4089738231082881,-0.14303439156834483,Economy & Finance,100
continuous_d23,1995,219010,US-2000-BUSH-GORE,2000,-5,0.4502073394578376,-0.17638637503257662,Democracy & Governance,100
continuous_d23,1995,219010,US-2001-NCLB,2001,-6,0.4243866291555232,-0.14005324034235367,Health/Welfare/Educ,100
continuous_d23,1995,219010,US-2001-PATRIOT,2001,-6,0.4262908053820762,-0.13975585124055126,Natl Security & Foreign,100
continuous_d23,1995,219010,US-2002-HAVA,2002,-7,0.42750617608017377,-0.14193325075226845,Democracy & Governance,100
continuous_d23,1995,219010,US-2002-HOMELAND-SECURITY,2002,-7,0.42457163777407325,-0.15567633842288223,Natl Security & Foreign,100
continuous_d23,1995,219010,US-2002-SOX,2002,-7,0.42100696116642533,-0.15538236893035318,Economy & Finance,100
continuous_d23,1995,219010,US-2003-LAWRENCE,2003,-8,0.4259830582996292,-0.14122110559858897,Civil Liberties,100
continuous_d23,1995,219010,US-2003-MEDICARE-MMA,2003,-8,0.4339703075485466,-0.16057581273213348,Health/Welfare/Educ,100
continuous_d23,1995,219010,US-2007-MASS-EPA,2007,-12,0.4418707243100121,-0.1779076402086489,Environment & Energy,100
continuous_d23,1995,219010,US-2008-HELLER,2008,-13,0.4275196575666535,-0.15760260910455964,Criminal Justice & Guns,100
continuous_d23,1995,219010,US-2009-ARRA,2009,-14,0.4373139895390171,-0.16622602494816482,Economy & Finance,100
continuous_d23,1995,219010,US-2010-ACA,2010,-15,0.43057894385112305,-0.13839394302942287,Health/Welfare/Educ,100
continuous_d23,1995,219010,US-2010-CITIZENS-UNITED,2010,-15,0.42523249521985135,-0.15362488416144537,Democracy & Governance,100
continuous_d23,1995,219010,US-2010-DODD-FRANK,2010,-15,0.42037599962378,-0.15409191087388455,Economy & Finance,100
continuous_d23,1995,219010,US-2010-MCDONALD,2010,-15,0.43246526025971155,-0.15142222435794542,Criminal Justice & Guns,100
continuous_d23,1995,219010,US-2012-NFIB,2012,-17,0.4357159752077826,-0.14395232755479087,Health/Welfare/Educ,100
continuous_d23,1995,219010,US-2013-SHELBY,2013,-18,0.40864031387312183,-0.14171065578390474,Democracy & Governance,100
continuous_d23,1995,219010,US-2013-WINDSOR,2013,-18,0.3903482723984108,-0.13740265494779988,Civil Rights,100
continuous_d23,1995,219010,US-2014-HOBBY-LOBBY,2014,-19,0.4390050533096768,-0.15178305395441108,Civil Liberties,100
continuous_d23,1995,219010,US-2015-OBERGEFELL,2015,-20,0.40243544490410976,-0.14988700330282753,Civil Rights,100
continuous_d23,1995,219010,US-1975-EPCA,1975,20,0.4186531849099885,-0.1453320049807962,Environment & Energy,99
continuous_d23,1995,219010,US-1987-DOLE,1987,8,0.40682368038712413,-0.1502454379121267,Economy & Finance,100
continuous_d23,1995,219010,US-1997-RENO-ACLU,1997,-2,0.41371112829643075,-0.1449393352394568,Civil Liberties,100
continuous_d23,1995,219010,US-2005-KELO,2005,-10,0.42987055433712773,-0.15913580264934896,Economy & Finance,100
continuous_d23,1995,219010,US-1978-AIRFA,1978,17,0.4233831844153456,-0.14804492477141873,Civil Rights,100
continuous_d23,1995,219010,US-1982-VRA-AMENDMENTS,1982,13,0.43610423196979353,-0.15969445930409168,Democracy & Governance,100
continuous_d23,1995,219010,US-1990-IMMIGRATION-ACT,1990,5,0.4348240264298724,-0.15688152269874178,Immigration,100
continuous_d23,1995,219010,US-1993-RFRA,1993,2,0.4479755416343742,-0.16532239851561042,Civil Liberties,97
continuous_d23,1995,219010,US-1996-AEDPA,1996,-1,0.42883200962591533,-0.1384184118399139,Criminal Justice & Guns,98
continuous_d23,1995,219010,US-1996-IIRIRA,1996,-1,0.44426142841087957,-0.16364443594873865,Immigration,100
continuous_d23,1995,219010,US-2001-AUMF,2001,-6,0.41318335682861357,-0.16106113944767253,Natl Security & Foreign,98
continuous_d23,1995,219010,US-2002-IRAQ-AUMF,2002,-7,0.41834428393194495,-0.17333641874681782,Natl Security & Foreign,99
continuous_d23,1995,219010,US-2009-LILLY-LEDBETTER,2009,-14,0.42105948294942036,-0.15075542925141275,Civil Rights,100
continuous_d23,1995,219010,US-2009-HATE-CRIMES,2009,-14,0.4280103649755599,-0.14582956072724942,Civil Rights,100
continuous_d23,1995,219010,US-2010-DADT-REPEAL,2010,-15,0.41813757850157157,-0.1492170882998686,Civil Rights,99
continuous_d23,1996,220918,US-1976-BUCKLEY,1976,20,0.29544870549930335,-0.20468919425854756,Democracy & Governance,99
continuous_d23,1996,220918,US-1976-GREGG,1976,20,0.4152726833586289,-0.21681460924276755,Criminal Justice & Guns,100
continuous_d23,1996,220918,US-1976-TSCA,1976,20,0.22637006652656538,-0.17426098711303534,Environment & Energy,100
continuous_d23,1996,220918,US-1977-CRA,1977,19,0.40065051418924774,-0.20142079538768734,Health/Welfare/Educ,100
continuous_d23,1996,220918,US-1977-FED-DUAL-MANDATE,1977,19,0.35600582951043586,-0.2214283283525494,Economy & Finance,100
continuous_d23,1996,220918,US-1978-AIRLINE-DEREG,1978,18,0.294790909674657,-0.24213127943377416,Economy & Finance,100
continuous_d23,1996,220918,US-1978-BAKKE,1978,18,0.3036205627845137,-0.15555874207298012,Civil Rights,99
continuous_d23,1996,220918,US-1978-FISA,1978,18,0.40670424245406506,-0.19873671044565433,Civil Liberties,100
continuous_d23,1996,220918,US-1978-HUMPHREY-HAWKINS,1978,18,0.3022875178287723,-0.2798908916455957,Economy & Finance,100
continuous_d23,1996,220918,US-1978-ICWA,1978,18,0.3577835833427847,-0.300614260148273,Civil Rights,100
continuous_d23,1996,220918,US-1978-PREGNANCY-DISCRIM,1978,18,0.3464269600993031,-0.24799532323342366,Civil Rights,100
continuous_d23,1996,220918,US-1980-CERCLA,1980,16,0.37078382763279955,-0.2937626482233946,Environment & Energy,100
continuous_d23,1996,220918,US-1980-DIDMCA,1980,16,0.2531853739020029,-0.18028563379112642,Economy & Finance,99
continuous_d23,1996,220918,US-1980-REFUGEE-ACT,1980,16,0.36836409059715436,-0.25453647724376194,Immigration,100
continuous_d23,1996,220918,US-1983-CHADHA,1983,13,0.3120875707196787,-0.2550105323929584,Civil Liberties,100
continuous_d23,1996,220918,US-1984-CHEVRON,1984,12,0.4467863805194833,-0.15861957818170747,Democracy & Governance,100
continuous_d23,1996,220918,US-1984-SENTENCING,1984,12,0.36348911848144183,-0.24907226594964224,Criminal Justice & Guns,100
continuous_d23,1996,220918,US-1986-BOWERS,1986,10,0.37094960359877904,-0.20942202409247085,Civil Liberties,100
continuous_d23,1996,220918,US-1986-IRCA,1986,10,0.3318752509057258,-0.13833021806009088,Immigration,99
continuous_d23,1996,220918,US-1986-TAX-REFORM,1986,10,0.341729010177947,-0.23007948007495102,Economy & Finance,100
continuous_d23,1996,220918,US-1988-CIVIL-LIBERTIES-ACT,1988,8,0.2639297237767855,-0.25008822124166474,Civil Rights,100
continuous_d23,1996,220918,US-1990-ADA,1990,6,0.32744733430282913,-0.21096301376841736,Civil Rights,100
continuous_d23,1996,220918,US-1990-CLEAN-AIR-AMEND,1990,6,0.2762672844590023,-0.24373140235879323,Environment & Energy,100
continuous_d23,1996,220918,US-1991-CIVIL-RIGHTS-ACT,1991,5,0.23141198629190637,-0.26016234653520465,Civil Rights,100
continuous_d23,1996,220918,US-1992-CASEY,1992,4,0.39973276971131405,-0.08545705862595408,Civil Liberties,100
continuous_d23,1996,220918,US-1993-BRADY,1993,3,0.447848752498206,-0.2670718133184421,Criminal Justice & Guns,99
continuous_d23,1996,220918,US-1993-FMLA,1993,3,0.3817570942060754,-0.2817028669454482,Labor,100
continuous_d23,1996,220918,US-1993-NVRA,1993,3,0.3416107135876703,-0.3037707924965791,Democracy & Governance,99
continuous_d23,1996,220918,US-1994-CRIME-BILL,1994,2,0.37661133540044006,-0.25098572884535747,Criminal Justice & Guns,98
continuous_d23,1996,220918,US-1994-NAFTA,1994,2,0.16824043734243652,-0.13701784342629722,Economy & Finance,100
continuous_d23,1996,220918,US-1994-VAWA,1994,2,0.3403862182498338,-0.3017776802287853,Civil Rights,100
continuous_d23,1996,220918,US-1995-LOPEZ,1995,1,0.31235045019546887,-0.2523466741845351,Democracy & Governance,100
continuous_d23,1996,220918,US-1996-DOMA,1996,0,0.4739950783578288,-0.29627408157753493,Civil Rights,100
continuous_d23,1996,220918,US-1996-PRWORA,1996,0,0.3355479486021632,-0.21146472652556703,Health/Welfare/Educ,100
continuous_d23,1996,220918,US-1996-TELECOM,1996,0,0.27529868246612177,-0.2605420699980064,Democracy & Governance,100
continuous_d23,1996,220918,US-1997-PRINTZ,1997,-1,0.34434955951067897,-0.26415663926136457,Democracy & Governance,100
continuous_d23,1996,220918,US-1999-GLBA,1999,-3,0.3283088467842477,-0.17472850772061527,Economy & Finance,100
continuous_d23,1996,220918,US-2000-BUSH-GORE,2000,-4,0.3546627282216883,-0.24545788064751914,Democracy & Governance,100
continuous_d23,1996,220918,US-2001-NCLB,2001,-5,0.32532210508067666,-0.23497700136583247,Health/Welfare/Educ,100
continuous_d23,1996,220918,US-2001-PATRIOT,2001,-5,0.21372027387306805,-0.21400758732595154,Natl Security & Foreign,100
continuous_d23,1996,220918,US-2002-HAVA,2002,-6,0.3122984389531828,-0.2895166298648805,Democracy & Governance,100
continuous_d23,1996,220918,US-2002-HOMELAND-SECURITY,2002,-6,0.245203894545008,-0.27254188583727396,Natl Security & Foreign,100
continuous_d23,1996,220918,US-2002-SOX,2002,-6,0.23810979699938556,-0.21111431194020117,Economy & Finance,100
continuous_d23,1996,220918,US-2003-LAWRENCE,2003,-7,0.37427271330086465,-0.2069150696229894,Civil Liberties,100
continuous_d23,1996,220918,US-2003-MEDICARE-MMA,2003,-7,0.4815937528282763,-0.23167587196061956,Health/Welfare/Educ,100
continuous_d23,1996,220918,US-2007-MASS-EPA,2007,-11,0.2654811663939435,-0.1357347462958597,Environment & Energy,100
continuous_d23,1996,220918,US-2008-HELLER,2008,-12,0.36053542735819893,-0.232048729419562,Criminal Justice & Guns,100
continuous_d23,1996,220918,US-2009-ARRA,2009,-13,0.25714002644666356,-0.23929919142287714,Economy & Finance,100
continuous_d23,1996,220918,US-2010-ACA,2010,-14,0.3076434346931063,-0.28621087752206403,Health/Welfare/Educ,100
continuous_d23,1996,220918,US-2010-CITIZENS-UNITED,2010,-14,0.32368062927630353,-0.27653193944219856,Democracy & Governance,100
continuous_d23,1996,220918,US-2010-DODD-FRANK,2010,-14,0.31705889260140685,-0.2509465110013716,Economy & Finance,100
continuous_d23,1996,220918,US-2010-MCDONALD,2010,-14,0.34960744964881435,-0.19891443466167544,Criminal Justice & Guns,100
continuous_d23,1996,220918,US-2012-NFIB,2012,-16,0.42525887975998095,-0.23956147536334205,Health/Welfare/Educ,100
continuous_d23,1996,220918,US-2013-SHELBY,2013,-17,0.2982746774522002,-0.24966364175950345,Democracy & Governance,100
continuous_d23,1996,220918,US-2013-WINDSOR,2013,-17,0.35643968115484786,-0.23783562845165412,Civil Rights,100
continuous_d23,1996,220918,US-2014-HOBBY-LOBBY,2014,-18,0.4150096336988255,-0.2476122400413542,Civil Liberties,100
continuous_d23,1996,220918,US-2015-OBERGEFELL,2015,-19,0.3927616656079671,-0.23521320913151444,Civil Rights,100
continuous_d23,1996,220918,US-1987-DOLE,1987,9,0.24320264097593697,-0.27065125190149497,Economy & Finance,100
continuous_d23,1996,220918,US-1997-RENO-ACLU,1997,-1,0.42247858681991424,-0.2504347365735352,Civil Liberties,100
continuous_d23,1996,220918,US-2005-KELO,2005,-9,0.36939542349858046,-0.1496045239922669,Economy & Finance,100
continuous_d23,1996,220918,US-1978-AIRFA,1978,18,0.2593168461870519,-0.24256521424254543,Civil Rights,100
continuous_d23,1996,220918,US-1982-VRA-AMENDMENTS,1982,14,0.1725658780975975,-0.1826583163694217,Democracy & Governance,100
continuous_d23,1996,220918,US-1990-IMMIGRATION-ACT,1990,6,0.14788929149807797,-0.22161001962307963,Immigration,100
continuous_d23,1996,220918,US-1993-RFRA,1993,3,0.31961547586792993,-0.1827866143520627,Civil Liberties,97
continuous_d23,1996,220918,US-1996-AEDPA,1996,0,0.2154353316905085,-0.24271253175267887,Criminal Justice & Guns,98
continuous_d23,1996,220918,US-1996-IIRIRA,1996,0,0.20074459032308412,-0.21234604773252883,Immigration,100
continuous_d23,1996,220918,US-2001-AUMF,2001,-5,0.19496180870745558,-0.21154656575454672,Natl Security & Foreign,98
continuous_d23,1996,220918,US-2002-IRAQ-AUMF,2002,-6,0.14386266425756059,-0.2984598009749215,Natl Security & Foreign,99
continuous_d23,1996,220918,US-2009-LILLY-LEDBETTER,2009,-13,0.2267410779313592,-0.23150771925882954,Civil Rights,100
continuous_d23,1996,220918,US-2009-HATE-CRIMES,2009,-13,0.22796209740473994,-0.10480961580576605,Civil Rights,100
continuous_d23,1996,220918,US-2010-DADT-REPEAL,2010,-14,0.238584897630475,-0.2693193200873131,Civil Rights,99
continuous_d23,1997,222825,US-1977-CRA,1977,20,0.7378338057632691,-0.13973030389770724,Health/Welfare/Educ,100
continuous_d23,1997,222825,US-1977-FED-DUAL-MANDATE,1977,20,0.6508958377561187,-0.2023506614345819,Economy & Finance,100
continuous_d23,1997,222825,US-1978-AIRLINE-DEREG,1978,19,0.6262000537984249,-0.2072311212577574,Economy & Finance,100
continuous_d23,1997,222825,US-1978-BAKKE,1978,19,0.6209223653600701,-0.1656502507283641,Civil Rights,99
continuous_d23,1997,222825,US-1978-FISA,1978,19,0.6800196448734155,-0.16089104445573124,Civil Liberties,100
continuous_d23,1997,222825,US-1978-HUMPHREY-HAWKINS,1978,19,0.6177569412137812,-0.27000887037192883,Economy & Finance,100
continuous_d23,1997,222825,US-1978-ICWA,1978,19,0.7339004722320174,-0.2525383911970722,Civil Rights,100
continuous_d23,1997,222825,US-1978-PREGNANCY-DISCRIM,1978,19,0.7208626691261988,-0.0746546875737312,Civil Rights,100
continuous_d23,1997,222825,US-1980-CERCLA,1980,17,0.7196319143532244,-0.17962728281228846,Environment & Energy,100
continuous_d23,1997,222825,US-1980-DIDMCA,1980,17,0.6269167391165232,-0.15431046487965278,Economy & Finance,99
continuous_d23,1997,222825,US-1980-REFUGEE-ACT,1980,17,0.6505955463494479,-0.2147816137219682,Immigration,100
continuous_d23,1997,222825,US-1983-CHADHA,1983,14,0.64336843942286,-0.28113754054980783,Civil Liberties,100
continuous_d23,1997,222825,US-1984-CHEVRON,1984,13,0.7871731319801336,-0.25718589032359856,Democracy & Governance,100
continuous_d23,1997,222825,US-1984-SENTENCING,1984,13,0.6719858008400429,-0.16147400349392751,Criminal Justice & Guns,100
continuous_d23,1997,222825,US-1986-BOWERS,1986,11,0.7038860685386039,-0.14394167134921423,Civil Liberties,100
continuous_d23,1997,222825,US-1986-IRCA,1986,11,0.6839226800109053,-0.14905350969848902,Immigration,99
continuous_d23,1997,222825,US-1986-TAX-REFORM,1986,11,0.7174343266761444,-0.0805821844480106,Economy & Finance,100
continuous_d23,1997,222825,US-1988-CIVIL-LIBERTIES-ACT,1988,9,0.6417814279126485,-0.2248033110389262,Civil Rights,100
continuous_d23,1997,222825,US-1990-ADA,1990,7,0.7106904355610335,-0.11063906948761171,Civil Rights,100
continuous_d23,1997,222825,US-1990-CLEAN-AIR-AMEND,1990,7,0.6669279773980147,-0.15425379059466524,Environment & Energy,100
continuous_d23,1997,222825,US-1991-CIVIL-RIGHTS-ACT,1991,6,0.6439153983478881,-0.15435207895535355,Civil Rights,100
continuous_d23,1997,222825,US-1992-CASEY,1992,5,0.6351401353795282,-0.06389284721880886,Civil Liberties,100
continuous_d23,1997,222825,US-1993-BRADY,1993,4,0.7115321363277934,-0.20796816786644684,Criminal Justice & Guns,99
continuous_d23,1997,222825,US-1993-FMLA,1993,4,0.6775890355095667,-0.1613678620993676,Labor,100
continuous_d23,1997,222825,US-1993-NVRA,1993,4,0.7029658390557854,-0.2324249980942333,Democracy & Governance,99
continuous_d23,1997,222825,US-1994-CRIME-BILL,1994,3,0.6064180724830247,-0.11611559018751316,Criminal Justice & Guns,98
continuous_d23,1997,222825,US-1994-NAFTA,1994,3,0.5644072045224438,-0.12838377916452784,Economy & Finance,100
continuous_d23,1997,222825,US-1994-VAWA,1994,3,0.6537901331972427,-0.22488783793689218,Civil Rights,100
continuous_d23,1997,222825,US-1995-LOPEZ,1995,2,0.43315698731272634,-0.20431913232124796,Democracy & Governance,100
continuous_d23,1997,222825,US-1996-DOMA,1996,1,0.7324145534319509,-0.18426457970927326,Civil Rights,100
continuous_d23,1997,222825,US-1996-PRWORA,1996,1,0.6787814422960976,-0.16489742740401478,Health/Welfare/Educ,100
continuous_d23,1997,222825,US-1996-TELECOM,1996,1,0.6889275241653182,-0.22548663452266446,Democracy & Governance,100
continuous_d23,1997,222825,US-1997-PRINTZ,1997,0,0.6177449016325728,-0.24995509060397805,Democracy & Governance,100
continuous_d23,1997,222825,US-1999-GLBA,1999,-2,0.7118643163518736,-0.09189277640354993,Economy & Finance,100
continuous_d23,1997,222825,US-2000-BUSH-GORE,2000,-3,0.5685141756968886,-0.1901292574344107,Democracy & Governance,100
continuous_d23,1997,222825,US-2001-NCLB,2001,-4,0.6690578684726899,-0.13531260286875407,Health/Welfare/Educ,100
continuous_d23,1997,222825,US-2001-PATRIOT,2001,-4,0.600144427899714,-0.14020253352669207,Natl Security & Foreign,100
continuous_d23,1997,222825,US-2002-HAVA,2002,-5,0.6542769103411863,-0.24171917383637254,Democracy & Governance,100
continuous_d23,1997,222825,US-2002-HOMELAND-SECURITY,2002,-5,0.5177730912507293,-0.15799997493311035,Natl Security & Foreign,100
continuous_d23,1997,222825,US-2002-SOX,2002,-5,0.5670976268269807,-0.20836206324191484,Economy & Finance,100
continuous_d23,1997,222825,US-2003-LAWRENCE,2003,-6,0.6461040960034393,-0.13683951815443543,Civil Liberties,100
continuous_d23,1997,222825,US-2003-MEDICARE-MMA,2003,-6,0.7509784126585823,-0.11231754227881806,Health/Welfare/Educ,100
continuous_d23,1997,222825,US-2007-MASS-EPA,2007,-10,0.4183655526260663,-0.17482266125972412,Environment & Energy,100
continuous_d23,1997,222825,US-2008-HELLER,2008,-11,0.5379432803300556,-0.20654276193589996,Criminal Justice & Guns,100
continuous_d23,1997,222825,US-2009-ARRA,2009,-12,0.6310681060942901,-0.030101774864625307,Economy & Finance,100
continuous_d23,1997,222825,US-2010-ACA,2010,-13,0.6914161402184326,-0.20977662414724857,Health/Welfare/Educ,100
continuous_d23,1997,222825,US-2010-CITIZENS-UNITED,2010,-13,0.7036468381420538,-0.25443226975155336,Democracy & Governance,100
continuous_d23,1997,222825,US-2010-DODD-FRANK,2010,-13,0.5848360970845904,-0.22171928622467013,Economy & Finance,100
continuous_d23,1997,222825,US-2010-MCDONALD,2010,-13,0.5987596026945361,-0.20856942155234084,Criminal Justice & Guns,100
continuous_d23,1997,222825,US-2012-NFIB,2012,-15,0.715888024190739,-0.14531345530221196,Health/Welfare/Educ,100
continuous_d23,1997,222825,US-2013-SHELBY,2013,-16,0.5909823889799565,-0.23169746057589638,Democracy & Governance,100
continuous_d23,1997,222825,US-2013-WINDSOR,2013,-16,0.6316471400889584,-0.24304918535366637,Civil Rights,100
continuous_d23,1997,222825,US-2014-HOBBY-LOBBY,2014,-17,0.674409055575423,-0.21615261401398306,Civil Liberties,100
continuous_d23,1997,222825,US-2015-OBERGEFELL,2015,-18,0.7104394361102473,-0.08453818653117334,Civil Rights,100
continuous_d23,1997,222825,US-2017-TCJA,2017,-20,0.5167305830273344,-0.14661546275621717,Economy & Finance,99
continuous_d23,1997,222825,US-1987-DOLE,1987,10,0.5803127295804839,-0.18689808723867388,Economy & Finance,100
continuous_d23,1997,222825,US-1997-RENO-ACLU,1997,0,0.6761732157644696,-0.16733671152405752,Civil Liberties,100
continuous_d23,1997,222825,US-2005-KELO,2005,-8,0.6209806370352893,-0.09484471970165963,Economy & Finance,100
continuous_d23,1997,222825,US-1978-AIRFA,1978,19,0.5659477116467488,-0.17021382145408384,Civil Rights,100
continuous_d23,1997,222825,US-1982-VRA-AMENDMENTS,1982,15,0.49154013284400755,-0.18582753426383058,Democracy & Governance,100
continuous_d23,1997,222825,US-1990-IMMIGRATION-ACT,1990,7,0.5551589922793586,-0.12037167499722132,Immigration,100
continuous_d23,1997,222825,US-1993-RFRA,1993,4,0.5213009232490612,-0.183042069295112,Civil Liberties,97
continuous_d23,1997,222825,US-1996-AEDPA,1996,1,0.5654971562854156,-0.15393726109388703,Criminal Justice & Guns,98
continuous_d23,1997,222825,US-1996-IIRIRA,1996,1,0.6016138870352493,-0.12205386279444422,Immigration,100
continuous_d23,1997,222825,US-2001-AUMF,2001,-4,0.3830406224351901,-0.14619048911094953,Natl Security & Foreign,98
continuous_d23,1997,222825,US-2002-IRAQ-AUMF,2002,-5,0.478080873897098,-0.2365272742365746,Natl Security & Foreign,99
continuous_d23,1997,222825,US-2009-LILLY-LEDBETTER,2009,-12,0.5493786744588908,-0.1792700333742634,Civil Rights,100
continuous_d23,1997,222825,US-2009-HATE-CRIMES,2009,-12,0.5647763483798361,-0.06875525939463305,Civil Rights,100
continuous_d23,1997,222825,US-2010-DADT-REPEAL,2010,-13,0.4335244512355697,-0.18450803749723868,Civil Rights,99
continuous_d23,1998,224732,US-1978-AIRLINE-DEREG,1978,20,0.5306809772361066,-0.17986248250432124,Economy & Finance,100
continuous_d23,1998,224732,US-1978-BAKKE,1978,20,0.5580850972812174,-0.15082037835456855,Civil Rights,99
continuous_d23,1998,224732,US-1978-FISA,1978,20,0.6683642454378106,-0.12655244129145307,Civil Liberties,100
continuous_d23,1998,224732,US-1978-HUMPHREY-HAWKINS,1978,20,0.6197104380146592,-0.17595849009200934,Economy & Finance,100
continuous_d23,1998,224732,US-1978-ICWA,1978,20,0.6749192489393873,-0.12864485312291726,Civil Rights,100
continuous_d23,1998,224732,US-1978-PREGNANCY-DISCRIM,1978,20,0.5227718777078071,-0.17289431849370526,Civil Rights,100
continuous_d23,1998,224732,US-1980-CERCLA,1980,18,0.6139785837050544,-0.12802829269768945,Environment & Energy,100
continuous_d23,1998,224732,US-1980-DIDMCA,1980,18,0.6099480090020539,-0.12843701669551427,Economy & Finance,99
continuous_d23,1998,224732,US-1980-REFUGEE-ACT,1980,18,0.6277108710087836,-0.10671032138560724,Immigration,100
continuous_d23,1998,224732,US-1983-CHADHA,1983,15,0.6112248845705621,-0.22142603829045843,Civil Liberties,100
continuous_d23,1998,224732,US-1984-CHEVRON,1984,14,0.6338769788092063,-0.18809705967437643,Democracy & Governance,100
continuous_d23,1998,224732,US-1984-SENTENCING,1984,14,0.6134554211931794,-0.16295443358825054,Criminal Justice & Guns,100
continuous_d23,1998,224732,US-1986-BOWERS,1986,12,0.5919129543604205,-0.1583115082160794,Civil Liberties,100
continuous_d23,1998,224732,US-1986-IRCA,1986,12,0.5825297707722195,-0.11458117618786245,Immigration,99
continuous_d23,1998,224732,US-1986-TAX-REFORM,1986,12,0.600278743183034,-0.1348438829790253,Economy & Finance,100
continuous_d23,1998,224732,US-1988-CIVIL-LIBERTIES-ACT,1988,10,0.4768501509982761,-0.09912781419691914,Civil Rights,100
continuous_d23,1998,224732,US-1990-ADA,1990,8,0.6153356175699718,0.030611849200140165,Civil Rights,100
continuous_d23,1998,224732,US-1990-CLEAN-AIR-AMEND,1990,8,0.5713028140570257,-0.14830665070922158,Environment & Energy,100
continuous_d23,1998,224732,US-1991-CIVIL-RIGHTS-ACT,1991,7,0.5710667259018826,-0.12121323807017026,Civil Rights,100
continuous_d23,1998,224732,US-1992-CASEY,1992,6,0.6151236118352539,-0.07921367057928233,Civil Liberties,100
continuous_d23,1998,224732,US-1993-BRADY,1993,5,0.6516553033685902,-0.22047080106053069,Criminal Justice & Guns,99
continuous_d23,1998,224732,US-1993-FMLA,1993,5,0.6337426566647634,-0.12777379993942037,Labor,100
continuous_d23,1998,224732,US-1993-NVRA,1993,5,0.6020831942256579,-0.15132647212898756,Democracy & Governance,99
continuous_d23,1998,224732,US-1994-CRIME-BILL,1994,4,0.6134097137432588,-0.023594707234646545,Criminal Justice & Guns,98
continuous_d23,1998,224732,US-1994-NAFTA,1994,4,0.6582967923229698,-0.09823606528197529,Economy & Finance,100
continuous_d23,1998,224732,US-1994-VAWA,1994,4,0.6726624476645112,-0.11452822016854115,Civil Rights,100
continuous_d23,1998,224732,US-1995-LOPEZ,1995,3,0.5926477057920271,-0.19815997951801975,Democracy & Governance,100
continuous_d23,1998,224732,US-1996-DOMA,1996,2,0.6564998461431619,-0.16995537147266673,Civil Rights,100
continuous_d23,1998,224732,US-1996-PRWORA,1996,2,0.6060675005908461,-0.10293469250331036,Health/Welfare/Educ,100
continuous_d23,1998,224732,US-1996-TELECOM,1996,2,0.6185381329230776,-0.1517012025582227,Democracy & Governance,100
continuous_d23,1998,224732,US-1997-PRINTZ,1997,1,0.6017914634044227,-0.21300457054084304,Democracy & Governance,100
continuous_d23,1998,224732,US-1999-GLBA,1999,-1,0.6973188572898518,-0.14443790737183002,Economy & Finance,100
continuous_d23,1998,224732,US-2000-BUSH-GORE,2000,-2,0.5341548778164217,-0.1648703184790541,Democracy & Governance,100
continuous_d23,1998,224732,US-2001-NCLB,2001,-3,0.6081547162794784,-0.15851897036388596,Health/Welfare/Educ,100
continuous_d23,1998,224732,US-2001-PATRIOT,2001,-3,0.5919872428407852,-0.11376351647854918,Natl Security & Foreign,100
continuous_d23,1998,224732,US-2002-HAVA,2002,-4,0.6144048351269886,-0.14237789848212234,Democracy & Governance,100
continuous_d23,1998,224732,US-2002-HOMELAND-SECURITY,2002,-4,0.5858527909320358,-0.12909251746425707,Natl Security & Foreign,100
continuous_d23,1998,224732,US-2002-SOX,2002,-4,0.5555189706076316,-0.12379577209264622,Economy & Finance,100
continuous_d23,1998,224732,US-2003-LAWRENCE,2003,-5,0.5672552705091153,-0.15744202869288038,Civil Liberties,100
continuous_d23,1998,224732,US-2003-MEDICARE-MMA,2003,-5,0.6471935290789559,-0.10407032720450701,Health/Welfare/Educ,100
continuous_d23,1998,224732,US-2007-MASS-EPA,2007,-9,0.571425954818611,-0.10867315360079535,Environment & Energy,100
continuous_d23,1998,224732,US-2008-HELLER,2008,-10,0.636702684970443,-0.1647301393343491,Criminal Justice & Guns,100
continuous_d23,1998,224732,US-2009-ARRA,2009,-11,0.5507363922382027,-0.08280087083805342,Economy & Finance,100
continuous_d23,1998,224732,US-2010-ACA,2010,-12,0.5828086934211028,-0.10429507892201033,Health/Welfare/Educ,100
continuous_d23,1998,224732,US-2010-CITIZENS-UNITED,2010,-12,0.6071799378581644,-0.1979297783890067,Democracy & Governance,100
continuous_d23,1998,224732,US-2010-DODD-FRANK,2010,-12,0.6295656977464102,-0.08859108218622415,Economy & Finance,100
continuous_d23,1998,224732,US-2010-MCDONALD,2010,-12,0.6276516280645108,-0.14752686724488326,Criminal Justice & Guns,100
continuous_d23,1998,224732,US-2012-NFIB,2012,-14,0.6376000648741994,-0.13203968751987288,Health/Welfare/Educ,100
continuous_d23,1998,224732,US-2013-SHELBY,2013,-15,0.5964202796567541,-0.23346590986450644,Democracy & Governance,100
continuous_d23,1998,224732,US-2013-WINDSOR,2013,-15,0.6033520893559775,-0.20878018186205696,Civil Rights,100
continuous_d23,1998,224732,US-2014-HOBBY-LOBBY,2014,-16,0.6166404803689287,-0.1622765591088885,Civil Liberties,100
continuous_d23,1998,224732,US-2015-OBERGEFELL,2015,-17,0.6223611827590572,-0.12376638167418945,Civil Rights,100
continuous_d23,1998,224732,US-2017-TCJA,2017,-19,0.5702271705477829,-0.10425447796001823,Economy & Finance,99
continuous_d23,1998,224732,US-2018-JANUS,2018,-20,0.5583805666186129,-0.21634383378531322,Labor,99
continuous_d23,1998,224732,US-1987-DOLE,1987,11,0.6023378267734075,-0.1691843534703482,Economy & Finance,100
continuous_d23,1998,224732,US-1997-RENO-ACLU,1997,1,0.6137249375106305,-0.1632975528582925,Civil Liberties,100
continuous_d23,1998,224732,US-2005-KELO,2005,-7,0.6499101630990765,-0.08818947922611557,Economy & Finance,100
continuous_d23,1998,224732,US-1978-AIRFA,1978,20,0.6165989947268433,-0.18667985547658986,Civil Rights,100
continuous_d23,1998,224732,US-1982-VRA-AMENDMENTS,1982,16,0.6446077139235433,-0.05780162842663991,Democracy & Governance,100
continuous_d23,1998,224732,US-1990-IMMIGRATION-ACT,1990,8,0.6357556126263009,-0.0743261204825116,Immigration,100
continuous_d23,1998,224732,US-1993-RFRA,1993,5,0.6250255335202023,-0.14915840588535517,Civil Liberties,97
continuous_d23,1998,224732,US-1996-AEDPA,1996,2,0.5828847818855805,-0.09551035527661299,Criminal Justice & Guns,98
continuous_d23,1998,224732,US-1996-IIRIRA,1996,2,0.6281073064637579,-0.08018968114627265,Immigration,100
continuous_d23,1998,224732,US-2001-AUMF,2001,-3,0.6189262016724912,-0.15740735700101038,Natl Security & Foreign,98
continuous_d23,1998,224732,US-2002-IRAQ-AUMF,2002,-4,0.593542702272226,-0.20456330005557555,Natl Security & Foreign,99
continuous_d23,1998,224732,US-2009-LILLY-LEDBETTER,2009,-11,0.598456597087021,-0.11099536091399025,Civil Rights,100
continuous_d23,1998,224732,US-2009-HATE-CRIMES,2009,-11,0.6499890215253626,0.027416309160435068,Civil Rights,100
continuous_d23,1998,224732,US-2010-DADT-REPEAL,2010,-12,0.5371421185363593,-0.1338469840895585,Civil Rights,99
continuous_d23,1998,224732,US-2018-FIRST-STEP,2018,-20,0.630502603386029,-0.10809728306844485,Criminal Justice & Guns,99
continuous_d23,1999,226640,US-1980-CERCLA,1980,19,0.10390914452723955,0.02493573284730391,Environment & Energy,100
continuous_d23,1999,226640,US-1980-DIDMCA,1980,19,0.09685902009407832,0.003603579199586746,Economy & Finance,99
continuous_d23,1999,226640,US-1980-REFUGEE-ACT,1980,19,0.14039629466544531,-0.013687412945552965,Immigration,100
continuous_d23,1999,226640,US-1983-CHADHA,1983,16,0.07629388575736185,-0.00664554256316038,Civil Liberties,100
continuous_d23,1999,226640,US-1984-CHEVRON,1984,15,0.06833760842249269,-0.007787512498817178,Democracy & Governance,100
continuous_d23,1999,226640,US-1984-SENTENCING,1984,15,0.10060447430778698,0.010712036559583957,Criminal Justice & Guns,100
continuous_d23,1999,226640,US-1986-BOWERS,1986,13,0.13806422027045773,0.0049969274434877795,Civil Liberties,100
continuous_d23,1999,226640,US-1986-IRCA,1986,13,0.1390174401640801,0.013414609961713926,Immigration,99
continuous_d23,1999,226640,US-1986-TAX-REFORM,1986,13,0.09000204535856698,0.020031453736994668,Economy & Finance,100
continuous_d23,1999,226640,US-1988-CIVIL-LIBERTIES-ACT,1988,11,0.10498349027390536,0.014989572997329458,Civil Rights,100
continuous_d23,1999,226640,US-1990-ADA,1990,9,0.13272764405157303,0.013509775206740904,Civil Rights,100
continuous_d23,1999,226640,US-1990-CLEAN-AIR-AMEND,1990,9,0.1432165714478716,0.01816215468473613,Environment & Energy,100
continuous_d23,1999,226640,US-1991-CIVIL-RIGHTS-ACT,1991,8,0.13716699239970084,0.009783481963803525,Civil Rights,100
continuous_d23,1999,226640,US-1992-CASEY,1992,7,0.06532232577216299,0.02236376720764507,Civil Liberties,100
continuous_d23,1999,226640,US-1993-BRADY,1993,6,0.06780973390096752,0.01644117346637263,Criminal Justice & Guns,99
continuous_d23,1999,226640,US-1993-FMLA,1993,6,0.09014013186396388,0.010210834469466214,Labor,100
continuous_d23,1999,226640,US-1993-NVRA,1993,6,0.12775809018962722,0.02222684363395212,Democracy & Governance,99
continuous_d23,1999,226640,US-1994-CRIME-BILL,1994,5,0.0965188233809297,0.007484054987987562,Criminal Justice & Guns,98
continuous_d23,1999,226640,US-1994-NAFTA,1994,5,0.1556184801935844,-0.013960423533951377,Economy & Finance,100
continuous_d23,1999,226640,US-1994-VAWA,1994,5,0.07819457374670749,-0.00606103116748519,Civil Rights,100
continuous_d23,1999,226640,US-1995-LOPEZ,1995,4,0.07931097899303857,0.005879591283365388,Democracy & Governance,100
continuous_d23,1999,226640,US-1996-DOMA,1996,3,0.07169720831509972,0.001964689888686186,Civil Rights,100
continuous_d23,1999,226640,US-1996-PRWORA,1996,3,0.10862578401906378,0.021886095995898698,Health/Welfare/Educ,100
continuous_d23,1999,226640,US-1996-TELECOM,1996,3,0.10149049238445979,0.011024985700873867,Democracy & Governance,100
continuous_d23,1999,226640,US-1997-PRINTZ,1997,2,0.07943735367986263,0.009511303633787736,Democracy & Governance,100
continuous_d23,1999,226640,US-1999-GLBA,1999,0,0.09106618072622355,-0.017174906795152774,Economy & Finance,100
continuous_d23,1999,226640,US-2000-BUSH-GORE,2000,-1,0.11549916380031792,0.024120780270169496,Democracy & Governance,100
continuous_d23,1999,226640,US-2001-NCLB,2001,-2,0.09098688725381544,0.01686631574320124,Health/Welfare/Educ,100
continuous_d23,1999,226640,US-2001-PATRIOT,2001,-2,0.1264391220481972,0.007790667006147127,Natl Security & Foreign,100
continuous_d23,1999,226640,US-2002-HAVA,2002,-3,0.08196597514625627,0.01379895209161921,Democracy & Governance,100
continuous_d23,1999,226640,US-2002-HOMELAND-SECURITY,2002,-3,0.1660119188302478,-0.0035345281229233697,Natl Security & Foreign,100
continuous_d23,1999,226640,US-2002-SOX,2002,-3,0.10451361427743358,0.008584189185548905,Economy & Finance,100
continuous_d23,1999,226640,US-2003-LAWRENCE,2003,-4,0.08662898052331239,-0.007197822079009717,Civil Liberties,100
continuous_d23,1999,226640,US-2003-MEDICARE-MMA,2003,-4,0.14658341704342934,0.00879809403518051,Health/Welfare/Educ,100
continuous_d23,1999,226640,US-2007-MASS-EPA,2007,-8,0.08765631366989829,-0.0013509093774437648,Environment & Energy,100
continuous_d23,1999,226640,US-2008-HELLER,2008,-9,0.09081126971135886,0.00440486646761041,Criminal Justice & Guns,100
continuous_d23,1999,226640,US-2009-ARRA,2009,-10,0.12856318227971852,0.000843795469507256,Economy & Finance,100
continuous_d23,1999,226640,US-2010-ACA,2010,-11,0.14110472502944696,0.028064580690863414,Health/Welfare/Educ,100
continuous_d23,1999,226640,US-2010-CITIZENS-UNITED,2010,-11,0.09627887845507077,0.005268178481253918,Democracy & Governance,100
continuous_d23,1999,226640,US-2010-DODD-FRANK,2010,-11,0.06314273873877048,-0.0046727446072377865,Economy & Finance,100
continuous_d23,1999,226640,US-2010-MCDONALD,2010,-11,0.08786960209791558,0.0045657518216929115,Criminal Justice & Guns,100
continuous_d23,1999,226640,US-2012-NFIB,2012,-13,0.038557607825341615,0.008419516461511617,Health/Welfare/Educ,100
continuous_d23,1999,226640,US-2013-SHELBY,2013,-14,0.07098178489361248,0.006143028161695874,Democracy & Governance,100
continuous_d23,1999,226640,US-2013-WINDSOR,2013,-14,0.08534696054403879,0.009834168531694092,Civil Rights,100
continuous_d23,1999,226640,US-2014-HOBBY-LOBBY,2014,-15,0.12993883755722271,0.016680976320763995,Civil Liberties,100
continuous_d23,1999,226640,US-2015-OBERGEFELL,2015,-16,0.10154370103576356,-0.0002091420507196104,Civil Rights,100
continuous_d23,1999,226640,US-2017-TCJA,2017,-18,0.15518324411590342,0.03419839400240177,Economy & Finance,99
continuous_d23,1999,226640,US-2018-JANUS,2018,-19,0.11195172837089587,0.020059295939005798,Labor,99
continuous_d23,1999,226640,US-2019-RUCHO,2019,-20,0.06774008892924173,-0.0046566386682720395,Democracy & Governance,100
continuous_d23,1999,226640,US-1987-DOLE,1987,12,0.07802300670235,0.0052300654541933235,Economy & Finance,100
continuous_d23,1999,226640,US-1997-RENO-ACLU,1997,2,0.09898088204655467,0.03496748588711914,Civil Liberties,100
continuous_d23,1999,226640,US-2005-KELO,2005,-6,0.10365597575212464,0.004789119781554914,Economy & Finance,100
continuous_d23,1999,226640,US-1982-VRA-AMENDMENTS,1982,17,0.09738335792104863,0.00853381907187631,Democracy & Governance,100
continuous_d23,1999,226640,US-1990-IMMIGRATION-ACT,1990,9,0.14081549375280394,0.01737149618765106,Immigration,100
continuous_d23,1999,226640,US-1993-RFRA,1993,6,0.11406075552391771,0.021214145762778268,Civil Liberties,97
continuous_d23,1999,226640,US-1996-AEDPA,1996,3,0.11828478867410283,0.025902109576291157,Criminal Justice & Guns,98
continuous_d23,1999,226640,US-1996-IIRIRA,1996,3,0.09769625429446498,0.0001860767899007007,Immigration,100
continuous_d23,1999,226640,US-2001-AUMF,2001,-2,0.11627731075327816,-0.004673496744175931,Natl Security & Foreign,98
continuous_d23,1999,226640,US-2002-IRAQ-AUMF,2002,-3,0.14876760163636446,-0.0038484407921274234,Natl Security & Foreign,99
continuous_d23,1999,226640,US-2009-LILLY-LEDBETTER,2009,-10,0.09109939603339129,0.016166510811085062,Civil Rights,100
continuous_d23,1999,226640,US-2009-HATE-CRIMES,2009,-10,0.15625279075277923,0.009215072199368205,Civil Rights,100
continuous_d23,1999,226640,US-2010-DADT-REPEAL,2010,-11,0.0779443905214011,-0.014367516210281274,Civil Rights,99
continuous_d23,1999,226640,US-2018-FIRST-STEP,2018,-19,0.11408323994925254,0.011066922872648098,Criminal Justice & Guns,99
continuous_d23,2000,228547,US-1980-CERCLA,1980,20,0.38731954354500653,-0.07244242615263573,Environment & Energy,100
continuous_d23,2000,228547,US-1980-DIDMCA,1980,20,0.332994615213993,-0.05462286580246131,Economy & Finance,99
continuous_d23,2000,228547,US-1980-REFUGEE-ACT,1980,20,0.24764015992436295,-0.10033388171650838,Immigration,100
continuous_d23,2000,228547,US-1983-CHADHA,1983,17,0.2707891661942007,-0.08615514976301678,Civil Liberties,100
continuous_d23,2000,228547,US-1984-CHEVRON,1984,16,0.3439475039565649,-0.0766841557115768,Democracy & Governance,100
continuous_d23,2000,228547,US-1984-SENTENCING,1984,16,0.3463485200401032,-0.07202142977187616,Criminal Justice & Guns,100
continuous_d23,2000,228547,US-1986-BOWERS,1986,14,0.31449108725288694,-0.0790301507461549,Civil Liberties,100
continuous_d23,2000,228547,US-1986-IRCA,1986,14,0.31450307061317545,-0.06980668469038484,Immigration,99
continuous_d23,2000,228547,US-1986-TAX-REFORM,1986,14,0.34109558524802486,-0.069620581171556,Economy & Finance,100
continuous_d23,2000,228547,US-1988-CIVIL-LIBERTIES-ACT,1988,12,0.31348293636690316,-0.04396189172191769,Civil Rights,100
continuous_d23,2000,228547,US-1990-ADA,1990,10,0.2929608925892063,-0.0718579337242551,Civil Rights,100
continuous_d23,2000,228547,US-1990-CLEAN-AIR-AMEND,1990,10,0.3323837258058275,-0.05444243505433424,Environment & Energy,100
continuous_d23,2000,228547,US-1991-CIVIL-RIGHTS-ACT,1991,9,0.3520523875228403,-0.0549726707330515,Civil Rights,100
continuous_d23,2000,228547,US-1992-CASEY,1992,8,0.2943009506638342,-0.06470078665529887,Civil Liberties,100
continuous_d23,2000,228547,US-1993-BRADY,1993,7,0.33238866836928355,-0.06576449923613303,Criminal Justice & Guns,99
continuous_d23,2000,228547,US-1993-FMLA,1993,7,0.2865914350909365,-0.07736994169291571,Labor,100
continuous_d23,2000,228547,US-1993-NVRA,1993,7,0.31746866414413866,-0.06484916071686303,Democracy & Governance,99
continuous_d23,2000,228547,US-1994-CRIME-BILL,1994,6,0.2663192068739916,-0.09211705003940245,Criminal Justice & Guns,98
continuous_d23,2000,228547,US-1994-NAFTA,1994,6,0.252349911649842,-0.09788630998337038,Economy & Finance,100
continuous_d23,2000,228547,US-1994-VAWA,1994,6,0.2854114709377454,-0.0647136324769314,Civil Rights,100
continuous_d23,2000,228547,US-1995-LOPEZ,1995,5,0.3634894477589048,-0.06986073476692617,Democracy & Governance,100
continuous_d23,2000,228547,US-1996-DOMA,1996,4,0.29611608945358997,-0.07351672001266202,Civil Rights,100
continuous_d23,2000,228547,US-1996-PRWORA,1996,4,0.3057999582393266,-0.0846395805616252,Health/Welfare/Educ,100
continuous_d23,2000,228547,US-1996-TELECOM,1996,4,0.35013976237198846,-0.05952310592374639,Democracy & Governance,100
continuous_d23,2000,228547,US-1997-PRINTZ,1997,3,0.4031209997060291,-0.054996464758156546,Democracy & Governance,100
continuous_d23,2000,228547,US-1999-GLBA,1999,1,0.22598520209487039,-0.08722020545875027,Economy & Finance,100
continuous_d23,2000,228547,US-2000-BUSH-GORE,2000,0,0.277149841883116,-0.09777289757518379,Democracy & Governance,100
continuous_d23,2000,228547,US-2001-NCLB,2001,-1,0.342474958021177,-0.055171311999888235,Health/Welfare/Educ,100
continuous_d23,2000,228547,US-2001-PATRIOT,2001,-1,0.33442459583983075,-0.04933323409259637,Natl Security & Foreign,100
continuous_d23,2000,228547,US-2002-HAVA,2002,-2,0.3459613557639063,-0.059563650672464795,Democracy & Governance,100
continuous_d23,2000,228547,US-2002-HOMELAND-SECURITY,2002,-2,0.28767111120466554,-0.11350055594162917,Natl Security & Foreign,100
continuous_d23,2000,228547,US-2002-SOX,2002,-2,0.34112805809578184,-0.04029244822746215,Economy & Finance,100
continuous_d23,2000,228547,US-2003-LAWRENCE,2003,-3,0.3715314332276832,-0.06890352595391032,Civil Liberties,100
continuous_d23,2000,228547,US-2003-MEDICARE-MMA,2003,-3,0.29571436213392027,-0.10124872729517724,Health/Welfare/Educ,100
continuous_d23,2000,228547,US-2007-MASS-EPA,2007,-7,0.2708273015512932,-0.061511683718009726,Environment & Energy,100
continuous_d23,2000,228547,US-2008-HELLER,2008,-8,0.22279027870441367,-0.07908382436797094,Criminal Justice & Guns,100
continuous_d23,2000,228547,US-2009-ARRA,2009,-9,0.2543480030421725,-0.0890191498248125,Economy & Finance,100
continuous_d23,2000,228547,US-2010-ACA,2010,-10,0.3517930530822186,-0.06909959746649229,Health/Welfare/Educ,100
continuous_d23,2000,228547,US-2010-CITIZENS-UNITED,2010,-10,0.33857594663519847,-0.06434839240481095,Democracy & Governance,100
continuous_d23,2000,228547,US-2010-DODD-FRANK,2010,-10,0.25041509633678305,-0.07447413382475289,Economy & Finance,100
continuous_d23,2000,228547,US-2010-MCDONALD,2010,-10,0.3504281879594406,-0.047522685444019136,Criminal Justice & Guns,100
continuous_d23,2000,228547,US-2012-NFIB,2012,-12,0.2683692336170352,-0.05603827365458551,Health/Welfare/Educ,100
continuous_d23,2000,228547,US-2013-SHELBY,2013,-13,0.38567080877896065,-0.05724912870915504,Democracy & Governance,100
continuous_d23,2000,228547,US-2013-WINDSOR,2013,-13,0.3339348467277688,-0.05351391044111423,Civil Rights,100
continuous_d23,2000,228547,US-2014-HOBBY-LOBBY,2014,-14,0.40060117969518916,-0.07604967625593369,Civil Liberties,100
continuous_d23,2000,228547,US-2015-OBERGEFELL,2015,-15,0.32198098763346855,-0.08476185756649342,Civil Rights,100
continuous_d23,2000,228547,US-2017-TCJA,2017,-17,0.3056163425868791,-0.07422495104857972,Economy & Finance,99
continuous_d23,2000,228547,US-2018-JANUS,2018,-18,0.3617117140135693,-0.08994293768202828,Labor,99
continuous_d23,2000,228547,US-2019-RUCHO,2019,-19,0.3259238790763556,-0.07973207475301065,Democracy & Governance,100
continuous_d23,2000,228547,US-2020-BOSTOCK,2020,-20,0.3248135701268439,-0.06979513803795728,Civil Rights,100
continuous_d23,2000,228547,US-2020-CARES,2020,-20,0.27154900640929214,-0.07065109059453918,Democracy & Governance,100
continuous_d23,2000,228547,US-2020-MCGIRT,2020,-20,0.34308252930581484,-0.07226006408980562,Civil Rights,100
continuous_d23,2000,228547,US-1987-DOLE,1987,13,0.3144989707813339,-0.07822880868275123,Economy & Finance,100
continuous_d23,2000,228547,US-1997-RENO-ACLU,1997,3,0.37819206568395036,-0.055364790717779035,Civil Liberties,100
continuous_d23,2000,228547,US-2005-KELO,2005,-5,0.3201759076409354,-0.05896816361534308,Economy & Finance,100
continuous_d23,2000,228547,US-1982-VRA-AMENDMENTS,1982,18,0.3610109431656643,-0.06589170756382588,Democracy & Governance,100
continuous_d23,2000,228547,US-1990-IMMIGRATION-ACT,1990,10,0.35801012300735024,-0.06257458967601463,Immigration,100
continuous_d23,2000,228547,US-1993-RFRA,1993,7,0.2869811316938877,-0.07676774472821257,Civil Liberties,97
continuous_d23,2000,228547,US-1996-AEDPA,1996,4,0.3256474251587235,-0.06328906908713448,Criminal Justice & Guns,98
continuous_d23,2000,228547,US-1996-IIRIRA,1996,4,0.2684461628831192,-0.08815164874464149,Immigration,100
continuous_d23,2000,228547,US-2001-AUMF,2001,-1,0.27104553922712404,-0.09600519460953924,Natl Security & Foreign,98
continuous_d23,2000,228547,US-2002-IRAQ-AUMF,2002,-2,0.278840276645482,-0.11643100007581732,Natl Security & Foreign,99
continuous_d23,2000,228547,US-2009-LILLY-LEDBETTER,2009,-9,0.2796954682940844,-0.09729009383287586,Civil Rights,100
continuous_d23,2000,228547,US-2009-HATE-CRIMES,2009,-9,0.2700485739876867,-0.08892721409749896,Civil Rights,100
continuous_d23,2000,228547,US-2010-DADT-REPEAL,2010,-10,0.20984844661546953,-0.08279789938723696,Civil Rights,99
continuous_d23,2000,228547,US-2018-FIRST-STEP,2018,-18,0.2723122902479136,-0.10105018061048093,Criminal Justice & Guns,99
continuous_d23,2001,230454,US-1983-CHADHA,1983,18,0.5255922998408561,-0.3371225983318788,Civil Liberties,100
continuous_d23,2001,230454,US-1984-CHEVRON,1984,17,0.651505911978132,-0.24179764293990821,Democracy & Governance,100
continuous_d23,2001,230454,US-1984-SENTENCING,1984,17,0.6199466724748413,-0.3432535934410464,Criminal Justice & Guns,100
continuous_d23,2001,230454,US-1986-BOWERS,1986,15,0.5444784688687644,-0.35549162626882747,Civil Liberties,100
continuous_d23,2001,230454,US-1986-IRCA,1986,15,0.5705036185065842,-0.3745324050530283,Immigration,99
continuous_d23,2001,230454,US-1986-TAX-REFORM,1986,15,0.5830838792703187,-0.2302829883377296,Economy & Finance,100
continuous_d23,2001,230454,US-1988-CIVIL-LIBERTIES-ACT,1988,13,0.44172672393155854,-0.34881756746449205,Civil Rights,100
continuous_d23,2001,230454,US-1990-ADA,1990,11,0.6043489015669647,-0.28909330242147513,Civil Rights,100
continuous_d23,2001,230454,US-1990-CLEAN-AIR-AMEND,1990,11,0.5978484391590295,-0.25573790733811574,Environment & Energy,100
continuous_d23,2001,230454,US-1991-CIVIL-RIGHTS-ACT,1991,10,0.49532485928559167,-0.350229893387635,Civil Rights,100
continuous_d23,2001,230454,US-1992-CASEY,1992,9,0.5994780461510739,-0.32703403013080445,Civil Liberties,100
continuous_d23,2001,230454,US-1993-BRADY,1993,8,0.6050076312993596,-0.36795011792773796,Criminal Justice & Guns,99
continuous_d23,2001,230454,US-1993-FMLA,1993,8,0.6467259659573233,-0.36241656860251903,Labor,100
continuous_d23,2001,230454,US-1993-NVRA,1993,8,0.6063042771926598,-0.37577062551944523,Democracy & Governance,99
continuous_d23,2001,230454,US-1994-CRIME-BILL,1994,7,0.6685674771840744,-0.35133605803817286,Criminal Justice & Guns,98
continuous_d23,2001,230454,US-1994-NAFTA,1994,7,0.43130385553159806,-0.21773805062772086,Economy & Finance,100
continuous_d23,2001,230454,US-1994-VAWA,1994,7,0.5676872511282651,-0.35900334792005234,Civil Rights,100
continuous_d23,2001,230454,US-1995-LOPEZ,1995,6,0.4926103275065147,-0.34744418736910715,Democracy & Governance,100
continuous_d23,2001,230454,US-1996-DOMA,1996,5,0.5916324573480966,-0.308673561030721,Civil Rights,100
continuous_d23,2001,230454,US-1996-PRWORA,1996,5,0.5563618675909989,-0.2379080379405933,Health/Welfare/Educ,100
continuous_d23,2001,230454,US-1996-TELECOM,1996,5,0.5632146108034,-0.33291922869101465,Democracy & Governance,100
continuous_d23,2001,230454,US-1997-PRINTZ,1997,4,0.5400738344298872,-0.3538304497809142,Democracy & Governance,100
continuous_d23,2001,230454,US-1999-GLBA,1999,2,0.530733938374438,-0.22915707477451178,Economy & Finance,100
continuous_d23,2001,230454,US-2000-BUSH-GORE,2000,1,0.422760358666212,-0.4283139943896569,Democracy & Governance,100
continuous_d23,2001,230454,US-2001-NCLB,2001,0,0.6089511218392157,-0.3156892998138245,Health/Welfare/Educ,100
continuous_d23,2001,230454,US-2001-PATRIOT,2001,0,0.5062397854058678,-0.3239475567411219,Natl Security & Foreign,100
continuous_d23,2001,230454,US-2002-HAVA,2002,-1,0.578556421392415,-0.37749333098975496,Democracy & Governance,100
continuous_d23,2001,230454,US-2002-HOMELAND-SECURITY,2002,-1,0.4307739558493051,-0.37655645027382467,Natl Security & Foreign,100
continuous_d23,2001,230454,US-2002-SOX,2002,-1,0.43456824846659603,-0.37672335603121665,Economy & Finance,100
continuous_d23,2001,230454,US-2003-LAWRENCE,2003,-2,0.539290419030455,-0.38190674196730207,Civil Liberties,100
continuous_d23,2001,230454,US-2003-MEDICARE-MMA,2003,-2,0.6330777500779148,-0.2633373394012866,Health/Welfare/Educ,100
continuous_d23,2001,230454,US-2007-MASS-EPA,2007,-6,0.5249660088077284,-0.27817803601963215,Environment & Energy,100
continuous_d23,2001,230454,US-2008-HELLER,2008,-7,0.5366234976924001,-0.41048952466739996,Criminal Justice & Guns,100
continuous_d23,2001,230454,US-2009-ARRA,2009,-8,0.45669202835142575,-0.317469579983705,Economy & Finance,100
continuous_d23,2001,230454,US-2010-ACA,2010,-9,0.598911616467312,-0.31908259116217647,Health/Welfare/Educ,100
continuous_d23,2001,230454,US-2010-CITIZENS-UNITED,2010,-9,0.5822253545163322,-0.31385783760555036,Democracy & Governance,100
continuous_d23,2001,230454,US-2010-DODD-FRANK,2010,-9,0.566023219417203,-0.37055751509167456,Economy & Finance,100
continuous_d23,2001,230454,US-2010-MCDONALD,2010,-9,0.5698699844123508,-0.28402735850435,Criminal Justice & Guns,100
continuous_d23,2001,230454,US-2012-NFIB,2012,-11,0.5692603196000827,-0.2917972914813795,Health/Welfare/Educ,100
continuous_d23,2001,230454,US-2013-SHELBY,2013,-12,0.4923957336454363,-0.2744947054904663,Democracy & Governance,100
continuous_d23,2001,230454,US-2013-WINDSOR,2013,-12,0.5324404371547972,-0.33277240662719515,Civil Rights,100
continuous_d23,2001,230454,US-2014-HOBBY-LOBBY,2014,-13,0.5336211753141817,-0.2926809583329752,Civil Liberties,100
continuous_d23,2001,230454,US-2015-OBERGEFELL,2015,-14,0.5961291127106302,-0.3077099835523774,Civil Rights,100
continuous_d23,2001,230454,US-2017-TCJA,2017,-16,0.5311566091007529,-0.36502679697531104,Economy & Finance,99
continuous_d23,2001,230454,US-2018-JANUS,2018,-17,0.44423899716482057,-0.361878459851118,Labor,99
continuous_d23,2001,230454,US-2019-RUCHO,2019,-18,0.46846445119209656,-0.3963382666214319,Democracy & Governance,100
continuous_d23,2001,230454,US-2020-BOSTOCK,2020,-19,0.5494259573118527,-0.3853006497192984,Civil Rights,100
continuous_d23,2001,230454,US-2020-CARES,2020,-19,0.506173553657774,-0.2923788513831926,Democracy & Governance,100
continuous_d23,2001,230454,US-2020-MCGIRT,2020,-19,0.44154364172074595,-0.1023026762734488,Civil Rights,100
continuous_d23,2001,230454,US-1987-DOLE,1987,14,0.5266457449959113,-0.3132706275832367,Economy & Finance,100
continuous_d23,2001,230454,US-1997-RENO-ACLU,1997,4,0.6499600089125042,-0.3477307907920376,Civil Liberties,100
continuous_d23,2001,230454,US-2005-KELO,2005,-4,0.5286023712566478,-0.21643741310958448,Economy & Finance,100
continuous_d23,2001,230454,US-1982-VRA-AMENDMENTS,1982,19,0.5771526677749651,-0.293077138582789,Democracy & Governance,100
continuous_d23,2001,230454,US-1990-IMMIGRATION-ACT,1990,11,0.5230715788657004,-0.22512010447139175,Immigration,100
continuous_d23,2001,230454,US-1993-RFRA,1993,8,0.5229595380559823,-0.33154139830458074,Civil Liberties,97
continuous_d23,2001,230454,US-1996-AEDPA,1996,5,0.5800674413701545,-0.2951741380585848,Criminal Justice & Guns,98
continuous_d23,2001,230454,US-1996-IIRIRA,1996,5,0.5463058134779154,-0.29884724211155744,Immigration,100
continuous_d23,2001,230454,US-2001-AUMF,2001,0,0.45697506300744545,-0.32232724636252136,Natl Security & Foreign,98
continuous_d23,2001,230454,US-2002-IRAQ-AUMF,2002,-1,0.4469114208479733,-0.36915271600844657,Natl Security & Foreign,99
continuous_d23,2001,230454,US-2009-LILLY-LEDBETTER,2009,-8,0.4133728410549821,-0.31702255554557046,Civil Rights,100
continuous_d23,2001,230454,US-2009-HATE-CRIMES,2009,-8,0.5926834336530166,-0.24928323885868792,Civil Rights,100
continuous_d23,2001,230454,US-2010-DADT-REPEAL,2010,-9,0.4374761158931159,-0.36590309094772594,Civil Rights,99
continuous_d23,2001,230454,US-2018-FIRST-STEP,2018,-17,0.558661762359005,-0.3248077397227851,Criminal Justice & Guns,99
continuous_d23,2001,230454,US-2021-AMERICAN-RESCUE-PLAN,2021,-20,0.6256966498100617,-0.32842298147744164,Democracy & Governance,96
continuous_d23,2001,230454,US-2021-IIJA,2021,-20,0.5758561886681142,-0.2591968309901815,Environment & Energy,100
continuous_d23,2001,230454,US-2021-JUNETEENTH,2021,-20,0.6132162319277469,-0.2787663262685104,Civil Rights,100
continuous_d23,2002,232362,US-1983-CHADHA,1983,19,0.5056093392053781,-0.19363716181479987,Civil Liberties,100
continuous_d23,2002,232362,US-1984-CHEVRON,1984,18,0.5522205063794147,-0.2595864015414008,Democracy & Governance,100
continuous_d23,2002,232362,US-1984-SENTENCING,1984,18,0.7117042645057745,-0.158424793812359,Criminal Justice & Guns,100
continuous_d23,2002,232362,US-1986-BOWERS,1986,16,0.4146357031262094,-0.08018474008316982,Civil Liberties,100
continuous_d23,2002,232362,US-1986-IRCA,1986,16,0.6079359397812966,-0.035095735996502814,Immigration,99
continuous_d23,2002,232362,US-1986-TAX-REFORM,1986,16,0.7496083207009258,-0.031415674110998666,Economy & Finance,100
continuous_d23,2002,232362,US-1988-CIVIL-LIBERTIES-ACT,1988,14,0.5510171529617925,-0.11939364157287115,Civil Rights,100
continuous_d23,2002,232362,US-1990-ADA,1990,12,0.5904003955916621,0.0006933861619217977,Civil Rights,100
continuous_d23,2002,232362,US-1990-CLEAN-AIR-AMEND,1990,12,0.6928085280368725,-0.15566528694527695,Environment & Energy,100
continuous_d23,2002,232362,US-1991-CIVIL-RIGHTS-ACT,1991,11,0.5511353791887987,-0.09612609870399978,Civil Rights,100
continuous_d23,2002,232362,US-1992-CASEY,1992,10,0.5372141002744204,-0.04776584446804415,Civil Liberties,100
continuous_d23,2002,232362,US-1993-BRADY,1993,9,0.620521822976621,-0.2089915150241237,Criminal Justice & Guns,99
continuous_d23,2002,232362,US-1993-FMLA,1993,9,0.7184201525302036,-0.15679064167775889,Labor,100
continuous_d23,2002,232362,US-1993-NVRA,1993,9,0.6264171090575721,-0.16057326428191412,Democracy & Governance,99
continuous_d23,2002,232362,US-1994-CRIME-BILL,1994,8,0.8282034203955323,-0.1374093470972874,Criminal Justice & Guns,98
continuous_d23,2002,232362,US-1994-NAFTA,1994,8,0.634418284933522,-0.009869003825565943,Economy & Finance,100
continuous_d23,2002,232362,US-1994-VAWA,1994,8,0.6211747235400061,-0.2101177118268982,Civil Rights,100
continuous_d23,2002,232362,US-1995-LOPEZ,1995,7,0.5023618819866096,-0.15555267009885157,Democracy & Governance,100
continuous_d23,2002,232362,US-1996-DOMA,1996,6,0.6439409016861787,-0.2075062160474235,Civil Rights,100
continuous_d23,2002,232362,US-1996-PRWORA,1996,6,0.6611871224817045,-0.09341438335855477,Health/Welfare/Educ,100
continuous_d23,2002,232362,US-1996-TELECOM,1996,6,0.6563945072987998,-0.1433640124876275,Democracy & Governance,100
continuous_d23,2002,232362,US-1997-PRINTZ,1997,5,0.5775254176148726,-0.18906031361124945,Democracy & Governance,100
continuous_d23,2002,232362,US-1999-GLBA,1999,3,0.6020491372539831,-0.0481472858139362,Economy & Finance,100
continuous_d23,2002,232362,US-2000-BUSH-GORE,2000,2,0.30633988471376755,-0.12091621923695334,Democracy & Governance,100
continuous_d23,2002,232362,US-2001-NCLB,2001,1,0.7943497544796441,-0.17629054728217272,Health/Welfare/Educ,100
continuous_d23,2002,232362,US-2001-PATRIOT,2001,1,0.687880330789807,-0.09992655865587903,Natl Security & Foreign,100
continuous_d23,2002,232362,US-2002-HAVA,2002,0,0.670967606880471,-0.14381458042275772,Democracy & Governance,100
continuous_d23,2002,232362,US-2002-HOMELAND-SECURITY,2002,0,0.6530094846460134,-0.139395230674946,Natl Security & Foreign,100
continuous_d23,2002,232362,US-2002-SOX,2002,0,0.5629951911683984,-0.05629786123441266,Economy & Finance,100
continuous_d23,2002,232362,US-2003-LAWRENCE,2003,-1,0.4376356461837071,-0.10282182309322954,Civil Liberties,100
continuous_d23,2002,232362,US-2003-MEDICARE-MMA,2003,-1,0.66099779121368,-0.07615042928158607,Health/Welfare/Educ,100
continuous_d23,2002,232362,US-2007-MASS-EPA,2007,-5,0.5379580685630017,-0.08205336148903257,Environment & Energy,100
continuous_d23,2002,232362,US-2008-HELLER,2008,-6,0.5854847899716424,-0.2463942563460448,Criminal Justice & Guns,100
continuous_d23,2002,232362,US-2009-ARRA,2009,-7,0.6856118160613152,-0.050373200855728086,Economy & Finance,100
continuous_d23,2002,232362,US-2010-ACA,2010,-8,0.6473687149878091,-0.09249345029960385,Health/Welfare/Educ,100
continuous_d23,2002,232362,US-2010-CITIZENS-UNITED,2010,-8,0.5094348353206191,-0.17979339482114834,Democracy & Governance,100
continuous_d23,2002,232362,US-2010-DODD-FRANK,2010,-8,0.8589112103558122,-0.14087624988941844,Economy & Finance,100
continuous_d23,2002,232362,US-2010-MCDONALD,2010,-8,0.5955780323736964,-0.12726116880134655,Criminal Justice & Guns,100
continuous_d23,2002,232362,US-2012-NFIB,2012,-10,0.6638482376276579,-0.13928173835215946,Health/Welfare/Educ,100
continuous_d23,2002,232362,US-2013-SHELBY,2013,-11,0.5951534318049735,-0.12972014929045747,Democracy & Governance,100
continuous_d23,2002,232362,US-2013-WINDSOR,2013,-11,0.43899901565063215,-0.17334332710099645,Civil Rights,100
continuous_d23,2002,232362,US-2014-HOBBY-LOBBY,2014,-12,0.3878854611912013,-0.11869263688690544,Civil Liberties,100
continuous_d23,2002,232362,US-2015-OBERGEFELL,2015,-13,0.5334651911792908,-0.12507444820028202,Civil Rights,100
continuous_d23,2002,232362,US-2017-TCJA,2017,-15,0.7381004076487845,-0.08154591591748997,Economy & Finance,99
continuous_d23,2002,232362,US-2018-JANUS,2018,-16,0.3711402484818228,-0.23293339829682008,Labor,99
continuous_d23,2002,232362,US-2019-RUCHO,2019,-17,0.30125362675683887,-0.2659286690612557,Democracy & Governance,100
continuous_d23,2002,232362,US-2020-BOSTOCK,2020,-18,0.4780765007608656,-0.10919743416526549,Civil Rights,100
continuous_d23,2002,232362,US-2020-CARES,2020,-18,0.6840937266816108,-0.004628606290004294,Democracy & Governance,100
continuous_d23,2002,232362,US-2020-MCGIRT,2020,-18,0.4991787483208389,0.09837573424460241,Civil Rights,100
continuous_d23,2002,232362,US-2022-BRUEN,2022,-20,0.5862723982373579,-0.14011644248094077,Criminal Justice & Guns,100
continuous_d23,2002,232362,US-2022-CHIPS,2022,-20,0.6273774678568753,-0.062344176737980775,Economy & Finance,100
continuous_d23,2002,232362,US-2022-DOBBS,2022,-20,0.5718646986785116,-0.1367665242943389,Civil Liberties,99
continuous_d23,2002,232362,US-2022-IRA,2022,-20,0.6873947006980288,-0.05763974876823062,Environment & Energy,100
continuous_d23,2002,232362,US-1987-DOLE,1987,15,0.5657649920381972,-0.10657134786340622,Economy & Finance,100
continuous_d23,2002,232362,US-1997-RENO-ACLU,1997,5,0.5664743585026312,-0.197050277890893,Civil Liberties,100
continuous_d23,2002,232362,US-2005-KELO,2005,-3,0.6611100437785679,-0.07354221881718503,Economy & Finance,100
continuous_d23,2002,232362,US-1982-VRA-AMENDMENTS,1982,20,0.6905706361183814,0.03567619908821087,Democracy & Governance,100
continuous_d23,2002,232362,US-1990-IMMIGRATION-ACT,1990,12,0.6604188358649222,-0.06952956642438632,Immigration,100
continuous_d23,2002,232362,US-1993-RFRA,1993,9,0.564818176429402,-0.09092936226199223,Civil Liberties,97
continuous_d23,2002,232362,US-1996-AEDPA,1996,6,0.6262340947400924,-0.12583146911391582,Criminal Justice & Guns,98
continuous_d23,2002,232362,US-1996-IIRIRA,1996,6,0.66984406808885,-0.0738360106406089,Immigration,100
continuous_d23,2002,232362,US-2001-AUMF,2001,1,0.4352904845009001,-0.11455596689363635,Natl Security & Foreign,98
continuous_d23,2002,232362,US-2002-IRAQ-AUMF,2002,0,0.46898405021283524,-0.18044639723824732,Natl Security & Foreign,99
continuous_d23,2002,232362,US-2009-LILLY-LEDBETTER,2009,-7,0.3216795575629849,-0.12629612609145388,Civil Rights,100
continuous_d23,2002,232362,US-2009-HATE-CRIMES,2009,-7,0.7542983531751821,-0.03968836368965401,Civil Rights,100
continuous_d23,2002,232362,US-2010-DADT-REPEAL,2010,-8,0.4723158270391934,-0.1916644461882733,Civil Rights,99
continuous_d23,2002,232362,US-2018-FIRST-STEP,2018,-16,0.6786727313040312,-0.15189968102852192,Criminal Justice & Guns,99
continuous_d23,2002,232362,US-2021-AMERICAN-RESCUE-PLAN,2021,-19,0.7320740698573339,-0.12464382940972764,Democracy & Governance,96
continuous_d23,2002,232362,US-2021-IIJA,2021,-19,0.8042210455595954,-0.06647166515817553,Environment & Energy,100
continuous_d23,2002,232362,US-2021-JUNETEENTH,2021,-19,0.6641951001945181,-0.08203804337075905,Civil Rights,100
continuous_d23,2002,232362,US-2022-BIPARTISAN-SAFER-COMMUNITIES,2022,-20,0.5071021096626432,-0.13236418442703596,Criminal Justice & Guns,99
continuous_d23,2002,232362,US-2022-RESPECT-MARRIAGE,2022,-20,0.5861603870436596,-0.1227072944365762,Civil Rights,100
continuous_d23,2002,232362,US-2022-ELECTORAL-COUNT-REFORM,2022,-20,0.5405034202807677,-0.1372214974102645,Democracy & Governance,100
continuous_d23,2003,234269,US-1983-CHADHA,1983,20,0.377326063665675,-0.12170386173358969,Civil Liberties,100
continuous_d23,2003,234269,US-1984-CHEVRON,1984,19,0.3630487290269205,-0.11814866085518444,Democracy & Governance,100
continuous_d23,2003,234269,US-1984-SENTENCING,1984,19,0.3654764535263122,-0.1241637208586442,Criminal Justice & Guns,100
continuous_d23,2003,234269,US-1986-BOWERS,1986,17,0.3695708498259265,-0.13459010886719538,Civil Liberties,100
continuous_d23,2003,234269,US-1986-IRCA,1986,17,0.37079213630550184,-0.11224289649949244,Immigration,99
continuous_d23,2003,234269,US-1986-TAX-REFORM,1986,17,0.37708688409725993,-0.12897635059115767,Economy & Finance,100
continuous_d23,2003,234269,US-1988-CIVIL-LIBERTIES-ACT,1988,15,0.39073137180901285,-0.110413942854832,Civil Rights,100
continuous_d23,2003,234269,US-1990-ADA,1990,13,0.3799212431593383,-0.12432856593168969,Civil Rights,100
continuous_d23,2003,234269,US-1990-CLEAN-AIR-AMEND,1990,13,0.3834672022692438,-0.12269078117143875,Environment & Energy,100
continuous_d23,2003,234269,US-1991-CIVIL-RIGHTS-ACT,1991,12,0.3912059937764469,-0.12297624423397338,Civil Rights,100
continuous_d23,2003,234269,US-1992-CASEY,1992,11,0.3780055862637861,-0.1228129521075421,Civil Liberties,100
continuous_d23,2003,234269,US-1993-BRADY,1993,10,0.4191201340826595,-0.12106055627685215,Criminal Justice & Guns,99
continuous_d23,2003,234269,US-1993-FMLA,1993,10,0.38819149743551873,-0.11082359890898187,Labor,100
continuous_d23,2003,234269,US-1993-NVRA,1993,10,0.38345220504977323,-0.12989106237466225,Democracy & Governance,99
continuous_d23,2003,234269,US-1994-CRIME-BILL,1994,9,0.40294082971772205,-0.08290457835315028,Criminal Justice & Guns,98
continuous_d23,2003,234269,US-1994-NAFTA,1994,9,0.3643049227961415,-0.11344831846844303,Economy & Finance,100
continuous_d23,2003,234269,US-1994-VAWA,1994,9,0.3824486398442051,-0.13062298576522532,Civil Rights,100
continuous_d23,2003,234269,US-1995-LOPEZ,1995,8,0.37053850986469095,-0.11978019835559546,Democracy & Governance,100
continuous_d23,2003,234269,US-1996-DOMA,1996,7,0.404466567175158,-0.11807765658304124,Civil Rights,100
continuous_d23,2003,234269,US-1996-PRWORA,1996,7,0.3566347491508981,-0.12539737739602455,Health/Welfare/Educ,100
continuous_d23,2003,234269,US-1996-TELECOM,1996,7,0.37645425285088785,-0.12653021415153698,Democracy & Governance,100
continuous_d23,2003,234269,US-1997-PRINTZ,1997,6,0.36395630127067546,-0.12328602485765763,Democracy & Governance,100
continuous_d23,2003,234269,US-1999-GLBA,1999,4,0.3684232668877386,-0.10643604131012945,Economy & Finance,100
continuous_d23,2003,234269,US-2000-BUSH-GORE,2000,3,0.38560440849903393,-0.11646482011193923,Democracy & Governance,100
continuous_d23,2003,234269,US-2001-NCLB,2001,2,0.3890216663014245,-0.12634310568079074,Health/Welfare/Educ,100
continuous_d23,2003,234269,US-2001-PATRIOT,2001,2,0.35222325976529617,-0.1421339030541939,Natl Security & Foreign,100
continuous_d23,2003,234269,US-2002-HAVA,2002,1,0.39645251111639385,-0.12859175149572713,Democracy & Governance,100
continuous_d23,2003,234269,US-2002-HOMELAND-SECURITY,2002,1,0.3792562071316752,-0.12199177941639437,Natl Security & Foreign,100
continuous_d23,2003,234269,US-2002-SOX,2002,1,0.3896910547174932,-0.1117553116703604,Economy & Finance,100
continuous_d23,2003,234269,US-2003-LAWRENCE,2003,0,0.396015437203953,-0.13537494877616338,Civil Liberties,100
continuous_d23,2003,234269,US-2003-MEDICARE-MMA,2003,0,0.35663975999227404,-0.12352315952901811,Health/Welfare/Educ,100
continuous_d23,2003,234269,US-2007-MASS-EPA,2007,-4,0.34781818809565634,-0.107842591483302,Environment & Energy,100
continuous_d23,2003,234269,US-2008-HELLER,2008,-5,0.4052683967726558,-0.10809385476224122,Criminal Justice & Guns,100
continuous_d23,2003,234269,US-2009-ARRA,2009,-6,0.3807803675268541,-0.11799278171742376,Economy & Finance,100
continuous_d23,2003,234269,US-2010-ACA,2010,-7,0.371474065780773,-0.13037476264406608,Health/Welfare/Educ,100
continuous_d23,2003,234269,US-2010-CITIZENS-UNITED,2010,-7,0.3582711268940572,-0.13067230259865303,Democracy & Governance,100
continuous_d23,2003,234269,US-2010-DODD-FRANK,2010,-7,0.38797113958588403,-0.12165901871279386,Economy & Finance,100
continuous_d23,2003,234269,US-2010-MCDONALD,2010,-7,0.3862130709653163,-0.14337360185504075,Criminal Justice & Guns,100
continuous_d23,2003,234269,US-2012-NFIB,2012,-9,0.3754721202037215,-0.12503441735366955,Health/Welfare/Educ,100
continuous_d23,2003,234269,US-2013-SHELBY,2013,-10,0.3837190682401178,-0.131324614123711,Democracy & Governance,100
continuous_d23,2003,234269,US-2013-WINDSOR,2013,-10,0.3667107916539386,-0.13216265859102586,Civil Rights,100
continuous_d23,2003,234269,US-2014-HOBBY-LOBBY,2014,-11,0.3768552580732764,-0.1273286377034445,Civil Liberties,100
continuous_d23,2003,234269,US-2015-OBERGEFELL,2015,-12,0.36056651612597024,-0.13021462262957095,Civil Rights,100
continuous_d23,2003,234269,US-2017-TCJA,2017,-14,0.3819700932558373,-0.12246663537700313,Economy & Finance,99
continuous_d23,2003,234269,US-2018-JANUS,2018,-15,0.33048539092528395,-0.13453088954630693,Labor,99
continuous_d23,2003,234269,US-2019-RUCHO,2019,-16,0.39075653956837186,-0.12976386228030265,Democracy & Governance,100
continuous_d23,2003,234269,US-2020-BOSTOCK,2020,-17,0.3764344546996368,-0.12175401492238062,Civil Rights,100
continuous_d23,2003,234269,US-2020-CARES,2020,-17,0.377777997974972,-0.12391909211296738,Democracy & Governance,100
continuous_d23,2003,234269,US-2020-MCGIRT,2020,-17,0.3657311390743998,-0.1269321436860004,Civil Rights,100
continuous_d23,2003,234269,US-2022-BRUEN,2022,-19,0.3635769260173646,-0.11651491694953553,Criminal Justice & Guns,100
continuous_d23,2003,234269,US-2022-CHIPS,2022,-19,0.381493875673611,-0.12781191577890888,Economy & Finance,100
continuous_d23,2003,234269,US-2022-DOBBS,2022,-19,0.37862316704674304,-0.12936036584364674,Civil Liberties,99
continuous_d23,2003,234269,US-2022-IRA,2022,-19,0.3688180443898569,-0.13332525859994301,Environment & Energy,100
continuous_d23,2003,234269,US-1987-DOLE,1987,16,0.3810165748451495,-0.1274278578949591,Economy & Finance,100
continuous_d23,2003,234269,US-1997-RENO-ACLU,1997,6,0.3686068326246801,-0.12929806252973447,Civil Liberties,100
continuous_d23,2003,234269,US-2005-KELO,2005,-2,0.4108624194118496,-0.10953055689639686,Economy & Finance,100
continuous_d23,2003,234269,US-1990-IMMIGRATION-ACT,1990,13,0.36977188195797744,-0.12553781621683577,Immigration,100
continuous_d23,2003,234269,US-1993-RFRA,1993,10,0.40448620983842615,-0.10584240528576662,Civil Liberties,97
continuous_d23,2003,234269,US-1996-AEDPA,1996,7,0.37902781998343854,-0.13145416621665734,Criminal Justice & Guns,98
continuous_d23,2003,234269,US-1996-IIRIRA,1996,7,0.3850190121796333,-0.1238204463342634,Immigration,100
continuous_d23,2003,234269,US-2001-AUMF,2001,2,0.39646168206197796,-0.12241456084028386,Natl Security & Foreign,98
continuous_d23,2003,234269,US-2002-IRAQ-AUMF,2002,1,0.4423086115553832,-0.09809754177962149,Natl Security & Foreign,99
continuous_d23,2003,234269,US-2009-LILLY-LEDBETTER,2009,-6,0.3897464010633513,-0.10916079302844262,Civil Rights,100
continuous_d23,2003,234269,US-2009-HATE-CRIMES,2009,-6,0.39397212143079197,-0.08992034695738291,Civil Rights,100
continuous_d23,2003,234269,US-2010-DADT-REPEAL,2010,-7,0.4004365593653276,-0.10363868409086842,Civil Rights,99
continuous_d23,2003,234269,US-2018-FIRST-STEP,2018,-15,0.44088292561273157,-0.11719662207446165,Criminal Justice & Guns,99
continuous_d23,2003,234269,US-2021-AMERICAN-RESCUE-PLAN,2021,-18,0.3954887455129612,-0.09830928770732254,Democracy & Governance,96
continuous_d23,2003,234269,US-2021-IIJA,2021,-18,0.3936152844124568,-0.10225947048981698,Environment & Energy,100
continuous_d23,2003,234269,US-2021-JUNETEENTH,2021,-18,0.36592243702136235,-0.12178065640842099,Civil Rights,100
continuous_d23,2003,234269,US-2022-BIPARTISAN-SAFER-COMMUNITIES,2022,-19,0.4033651562130984,-0.09728306925812352,Criminal Justice & Guns,99
continuous_d23,2003,234269,US-2022-RESPECT-MARRIAGE,2022,-19,0.3768097629051785,-0.11903929577550887,Civil Rights,100
continuous_d23,2003,234269,US-2022-ELECTORAL-COUNT-REFORM,2022,-19,0.3918460586810167,-0.120049436390293,Democracy & Governance,100
continuous_d23,2004,236176,US-1984-CHEVRON,1984,20,0.3976049972131076,-0.142258132878198,Democracy & Governance,100
continuous_d23,2004,236176,US-1984-SENTENCING,1984,20,0.36356010911319664,-0.1254307191733201,Criminal Justice & Guns,100
continuous_d23,2004,236176,US-1986-BOWERS,1986,18,0.3170352509196457,-0.051271537384472134,Civil Liberties,100
continuous_d23,2004,236176,US-1986-IRCA,1986,18,0.38587762297141975,-0.030060753713787795,Immigration,99
continuous_d23,2004,236176,US-1986-TAX-REFORM,1986,18,0.4330081205749362,-0.1308265746817127,Economy & Finance,100
continuous_d23,2004,236176,US-1988-CIVIL-LIBERTIES-ACT,1988,16,0.5452405384360025,-0.1261009674084932,Civil Rights,100
continuous_d23,2004,236176,US-1990-ADA,1990,14,0.5783481739534012,-0.06543120579493998,Civil Rights,100
continuous_d23,2004,236176,US-1990-CLEAN-AIR-AMEND,1990,14,0.5257191551200983,-0.05899572374688548,Environment & Energy,100
continuous_d23,2004,236176,US-1991-CIVIL-RIGHTS-ACT,1991,13,0.43781978839879154,-0.12958990323953198,Civil Rights,100
continuous_d23,2004,236176,US-1992-CASEY,1992,12,0.41919073441251986,-0.07462909519757345,Civil Liberties,100
continuous_d23,2004,236176,US-1993-BRADY,1993,11,0.4504837179319783,-0.08526303452641205,Criminal Justice & Guns,99
continuous_d23,2004,236176,US-1993-FMLA,1993,11,0.5044973197605693,-0.1372180160627494,Labor,100
continuous_d23,2004,236176,US-1993-NVRA,1993,11,0.45958384290968574,-0.0747205094219741,Democracy & Governance,99
continuous_d23,2004,236176,US-1994-CRIME-BILL,1994,10,0.5162261159342565,-0.09007674098980387,Criminal Justice & Guns,98
continuous_d23,2004,236176,US-1994-NAFTA,1994,10,0.5175634798235977,0.008279885821226867,Economy & Finance,100
continuous_d23,2004,236176,US-1994-VAWA,1994,10,0.549041864671552,-0.13742023687632574,Civil Rights,100
continuous_d23,2004,236176,US-1995-LOPEZ,1995,9,0.3256273401558263,-0.15194355551498123,Democracy & Governance,100
continuous_d23,2004,236176,US-1996-DOMA,1996,8,0.48511281845365567,-0.17520585559369192,Civil Rights,100
continuous_d23,2004,236176,US-1996-PRWORA,1996,8,0.45485805375641486,-0.042819501378140314,Health/Welfare/Educ,100
continuous_d23,2004,236176,US-1996-TELECOM,1996,8,0.4134578900703194,-0.12166512653376119,Democracy & Governance,100
continuous_d23,2004,236176,US-1997-PRINTZ,1997,7,0.3978070317226134,-0.1363119245787353,Democracy & Governance,100
continuous_d23,2004,236176,US-1999-GLBA,1999,5,0.5099023687906996,-0.06839594371427794,Economy & Finance,100
continuous_d23,2004,236176,US-2000-BUSH-GORE,2000,4,0.36558294180247003,-0.1343577650321701,Democracy & Governance,100
continuous_d23,2004,236176,US-2001-NCLB,2001,3,0.5789084831588938,-0.09857036836233778,Health/Welfare/Educ,100
continuous_d23,2004,236176,US-2001-PATRIOT,2001,3,0.3464037051959663,-0.07102010735866142,Natl Security & Foreign,100
continuous_d23,2004,236176,US-2002-HAVA,2002,2,0.49706927355684544,-0.12223429981059793,Democracy & Governance,100
continuous_d23,2004,236176,US-2002-HOMELAND-SECURITY,2002,2,0.3657667974418548,-0.20230695132181467,Natl Security & Foreign,100
continuous_d23,2004,236176,US-2002-SOX,2002,2,0.40331758446906696,-0.06957030117382064,Economy & Finance,100
continuous_d23,2004,236176,US-2003-LAWRENCE,2003,1,0.22764506586057995,-0.07615143047664388,Civil Liberties,100
continuous_d23,2004,236176,US-2003-MEDICARE-MMA,2003,1,0.5125185275198365,-0.07735077095741782,Health/Welfare/Educ,100
continuous_d23,2004,236176,US-2007-MASS-EPA,2007,-3,0.4469839534671477,-0.04857897091533789,Environment & Energy,100
continuous_d23,2004,236176,US-2008-HELLER,2008,-4,0.4738497188731294,-0.224679021880043,Criminal Justice & Guns,100
continuous_d23,2004,236176,US-2009-ARRA,2009,-5,0.3634196114063022,-0.12909055307481535,Economy & Finance,100
continuous_d23,2004,236176,US-2010-ACA,2010,-6,0.4630463057117495,-0.0789374005112137,Health/Welfare/Educ,100
continuous_d23,2004,236176,US-2010-CITIZENS-UNITED,2010,-6,0.3759311635188164,-0.15609523743266432,Democracy & Governance,100
continuous_d23,2004,236176,US-2010-DODD-FRANK,2010,-6,0.5457855054039044,-0.0768010021376677,Economy & Finance,100
continuous_d23,2004,236176,US-2010-MCDONALD,2010,-6,0.4174126452619846,-0.10051096523830032,Criminal Justice & Guns,100
continuous_d23,2004,236176,US-2012-NFIB,2012,-8,0.42752248323012837,-0.09024966558062258,Health/Welfare/Educ,100
continuous_d23,2004,236176,US-2013-SHELBY,2013,-9,0.39070023499156487,-0.0811600171801361,Democracy & Governance,100
continuous_d23,2004,236176,US-2013-WINDSOR,2013,-9,0.37852198047491853,-0.10550040328484864,Civil Rights,100
continuous_d23,2004,236176,US-2014-HOBBY-LOBBY,2014,-10,0.4486601457579152,-0.04790852522372369,Civil Liberties,100
continuous_d23,2004,236176,US-2015-OBERGEFELL,2015,-11,0.45783092514630475,-0.10459172759210432,Civil Rights,100
continuous_d23,2004,236176,US-2017-TCJA,2017,-13,0.4819522137338022,-0.16280995966483933,Economy & Finance,99
continuous_d23,2004,236176,US-2018-JANUS,2018,-14,0.1998478740396048,-0.0367455210591174,Labor,99
continuous_d23,2004,236176,US-2019-RUCHO,2019,-15,0.19994983707990266,-0.2232319020064164,Democracy & Governance,100
continuous_d23,2004,236176,US-2020-BOSTOCK,2020,-16,0.3404403485394347,-0.17135325616986527,Civil Rights,100
continuous_d23,2004,236176,US-2020-CARES,2020,-16,0.33968891276485885,-0.12384167103788563,Democracy & Governance,100
continuous_d23,2004,236176,US-2020-MCGIRT,2020,-16,0.35996993880502404,-0.10164975351839471,Civil Rights,100
continuous_d23,2004,236176,US-2022-BRUEN,2022,-18,0.42832109017876335,-0.06809162020307516,Criminal Justice & Guns,100
continuous_d23,2004,236176,US-2022-CHIPS,2022,-18,0.3251409840313504,-0.1164620835735317,Economy & Finance,100
continuous_d23,2004,236176,US-2022-DOBBS,2022,-18,0.4180493544814671,-0.10234729018818742,Civil Liberties,99
continuous_d23,2004,236176,US-2022-IRA,2022,-18,0.3903202480051133,-0.13012285835316684,Environment & Energy,100
continuous_d23,2004,236176,US-1987-DOLE,1987,17,0.4055315684847124,-0.11520253936096989,Economy & Finance,100
continuous_d23,2004,236176,US-1997-RENO-ACLU,1997,7,0.4653299081352107,-0.142610991397998,Civil Liberties,100
continuous_d23,2004,236176,US-2005-KELO,2005,-1,0.5476492669976181,-0.021987783520127816,Economy & Finance,100
continuous_d23,2004,236176,US-1990-IMMIGRATION-ACT,1990,14,0.49366141870037444,-0.10205186952949558,Immigration,100
continuous_d23,2004,236176,US-1993-RFRA,1993,11,0.3662567301141799,-0.1286233398756594,Civil Liberties,97
continuous_d23,2004,236176,US-1996-AEDPA,1996,8,0.40132220199998225,-0.12916876247317452,Criminal Justice & Guns,98
continuous_d23,2004,236176,US-1996-IIRIRA,1996,8,0.34341155587726796,-0.08255204986390526,Immigration,100
continuous_d23,2004,236176,US-2001-AUMF,2001,3,0.3714946519714882,-0.1486529468411625,Natl Security & Foreign,98
continuous_d23,2004,236176,US-2002-IRAQ-AUMF,2002,2,0.37525828433010583,-0.20623980152659271,Natl Security & Foreign,99
continuous_d23,2004,236176,US-2009-LILLY-LEDBETTER,2009,-5,0.2761174533327051,-0.1661307601294104,Civil Rights,100
continuous_d23,2004,236176,US-2009-HATE-CRIMES,2009,-5,0.4632119955405397,-0.14606481651266282,Civil Rights,100
continuous_d23,2004,236176,US-2010-DADT-REPEAL,2010,-6,0.30281905890096555,-0.21178754707857303,Civil Rights,99
continuous_d23,2004,236176,US-2018-FIRST-STEP,2018,-14,0.38202416274648776,-0.12439204708509997,Criminal Justice & Guns,99
continuous_d23,2004,236176,US-2021-AMERICAN-RESCUE-PLAN,2021,-17,0.42715550387437723,-0.20863500459945458,Democracy & Governance,96
continuous_d23,2004,236176,US-2021-IIJA,2021,-17,0.5146747826563852,-0.1299350381509628,Environment & Energy,100
continuous_d23,2004,236176,US-2021-JUNETEENTH,2021,-17,0.5277736287210714,-0.12509577397326155,Civil Rights,100
continuous_d23,2004,236176,US-2022-BIPARTISAN-SAFER-COMMUNITIES,2022,-18,0.29337079665170374,-0.14305926009466463,Criminal Justice & Guns,99
continuous_d23,2004,236176,US-2022-RESPECT-MARRIAGE,2022,-18,0.42039811822416523,-0.16944946854946177,Civil Rights,100
continuous_d23,2004,236176,US-2022-ELECTORAL-COUNT-REFORM,2022,-18,0.4589128379076552,-0.14010365481497838,Democracy & Governance,100
continuous_d23,2005,238084,US-1986-BOWERS,1986,19,0.27274487851745577,-0.1203275197606928,Civil Liberties,100
continuous_d23,2005,238084,US-1986-IRCA,1986,19,0.1887145578032984,-0.07323508280174167,Immigration,99
continuous_d23,2005,238084,US-1986-TAX-REFORM,1986,19,0.2737989146016068,-0.04347454039649044,Economy & Finance,100
continuous_d23,2005,238084,US-1988-CIVIL-LIBERTIES-ACT,1988,17,0.11973160767795198,-0.08741048576156447,Civil Rights,100
continuous_d23,2005,238084,US-1990-ADA,1990,15,0.37471666445664753,-0.10265560853003876,Civil Rights,100
continuous_d23,2005,238084,US-1990-CLEAN-AIR-AMEND,1990,15,0.3050807972473446,-0.10531771117297835,Environment & Energy,100
continuous_d23,2005,238084,US-1991-CIVIL-RIGHTS-ACT,1991,14,0.2789072297344548,-0.12607750987231678,Civil Rights,100
continuous_d23,2005,238084,US-1992-CASEY,1992,13,0.2746904907498996,-0.07013119295730212,Civil Liberties,100
continuous_d23,2005,238084,US-1993-BRADY,1993,12,0.3504392376774488,-0.11545593479158196,Criminal Justice & Guns,99
continuous_d23,2005,238084,US-1993-FMLA,1993,12,0.32567445870337336,-0.1365861016970824,Labor,100
continuous_d23,2005,238084,US-1993-NVRA,1993,12,0.25383315931725253,-0.13302845974514946,Democracy & Governance,99
continuous_d23,2005,238084,US-1994-CRIME-BILL,1994,11,0.33869955020324977,-0.06916536411227653,Criminal Justice & Guns,98
continuous_d23,2005,238084,US-1994-NAFTA,1994,11,0.16077957134829993,0.01648729542420043,Economy & Finance,100
continuous_d23,2005,238084,US-1994-VAWA,1994,11,0.3663784825762464,-0.09651654852591801,Civil Rights,100
continuous_d23,2005,238084,US-1995-LOPEZ,1995,10,0.1411125690182016,-0.15233383020659808,Democracy & Governance,100
continuous_d23,2005,238084,US-1996-DOMA,1996,9,0.4808128956126352,-0.13305008640599789,Civil Rights,100
continuous_d23,2005,238084,US-1996-PRWORA,1996,9,0.2919035996911657,-0.013131459869232755,Health/Welfare/Educ,100
continuous_d23,2005,238084,US-1996-TELECOM,1996,9,0.30890702985897694,-0.06302158001118208,Democracy & Governance,100
continuous_d23,2005,238084,US-1997-PRINTZ,1997,8,0.16483411272212098,-0.1034819241894178,Democracy & Governance,100
continuous_d23,2005,238084,US-1999-GLBA,1999,6,0.1681514078125307,-0.025405463655782775,Economy & Finance,100
continuous_d23,2005,238084,US-2000-BUSH-GORE,2000,5,0.1622546407661239,-0.09362443567703355,Democracy & Governance,100
continuous_d23,2005,238084,US-2001-NCLB,2001,4,0.3201702637867869,-0.08087915309278128,Health/Welfare/Educ,100
continuous_d23,2005,238084,US-2001-PATRIOT,2001,4,0.24902543798330395,-0.0695425863732385,Natl Security & Foreign,100
continuous_d23,2005,238084,US-2002-HAVA,2002,3,0.24159106628500882,-0.10854194755472052,Democracy & Governance,100
continuous_d23,2005,238084,US-2002-HOMELAND-SECURITY,2002,3,0.18465339915218013,-0.08283911894947966,Natl Security & Foreign,100
continuous_d23,2005,238084,US-2002-SOX,2002,3,0.16548738743286184,-0.06162860706999627,Economy & Finance,100
continuous_d23,2005,238084,US-2003-LAWRENCE,2003,2,0.22425175658590965,-0.13327226966867406,Civil Liberties,100
continuous_d23,2005,238084,US-2003-MEDICARE-MMA,2003,2,0.19925425986923398,-0.06897032789819761,Health/Welfare/Educ,100
continuous_d23,2005,238084,US-2007-MASS-EPA,2007,-2,0.08064256960821137,-0.018678434572104247,Environment & Energy,100
continuous_d23,2005,238084,US-2008-HELLER,2008,-3,0.30277830924186633,-0.1510723667951014,Criminal Justice & Guns,100
continuous_d23,2005,238084,US-2009-ARRA,2009,-4,0.2059676613094311,-0.11727643472492556,Economy & Finance,100
continuous_d23,2005,238084,US-2010-ACA,2010,-5,0.27546604445973133,-0.10092874551555753,Health/Welfare/Educ,100
continuous_d23,2005,238084,US-2010-CITIZENS-UNITED,2010,-5,0.31017618522980134,-0.10106571636238489,Democracy & Governance,100
continuous_d23,2005,238084,US-2010-DODD-FRANK,2010,-5,0.325061991476246,-0.05876693951179613,Economy & Finance,100
continuous_d23,2005,238084,US-2010-MCDONALD,2010,-5,0.22193990606246697,-0.061962951031189845,Criminal Justice & Guns,100
continuous_d23,2005,238084,US-2012-NFIB,2012,-7,0.3095429752422013,-0.10904292079243479,Health/Welfare/Educ,100
continuous_d23,2005,238084,US-2013-SHELBY,2013,-8,0.14810297354644728,-0.11315423531237584,Democracy & Governance,100
continuous_d23,2005,238084,US-2013-WINDSOR,2013,-8,0.2813515159915205,-0.12189731469679516,Civil Rights,100
continuous_d23,2005,238084,US-2014-HOBBY-LOBBY,2014,-9,0.22954631811223558,-0.08179892068448805,Civil Liberties,100
continuous_d23,2005,238084,US-2015-OBERGEFELL,2015,-10,0.26962454813596853,-0.13679935045100003,Civil Rights,100
continuous_d23,2005,238084,US-2017-TCJA,2017,-12,0.1613334814068684,-0.09052956665272555,Economy & Finance,99
continuous_d23,2005,238084,US-2018-JANUS,2018,-13,0.13275423897772407,-0.0921005538687501,Labor,99
continuous_d23,2005,238084,US-2019-RUCHO,2019,-14,0.2382282372787369,-0.1681986836178299,Democracy & Governance,100
continuous_d23,2005,238084,US-2020-BOSTOCK,2020,-15,0.2771559627107605,-0.16637443645297437,Civil Rights,100
continuous_d23,2005,238084,US-2020-CARES,2020,-15,0.20135608235889335,-0.07835611565900244,Democracy & Governance,100
continuous_d23,2005,238084,US-2020-MCGIRT,2020,-15,0.37335248141608884,-0.004322683324250844,Civil Rights,100
continuous_d23,2005,238084,US-2022-BRUEN,2022,-17,0.23023368440406902,-0.10605696239801961,Criminal Justice & Guns,100
continuous_d23,2005,238084,US-2022-CHIPS,2022,-17,0.16566997034478306,-0.06724675139007417,Economy & Finance,100
continuous_d23,2005,238084,US-2022-DOBBS,2022,-17,0.286234126156256,-0.11166261819647826,Civil Liberties,99
continuous_d23,2005,238084,US-2022-IRA,2022,-17,0.3122462551392574,-0.09712338002715047,Environment & Energy,100
continuous_d23,2005,238084,US-1987-DOLE,1987,18,0.13634193013870555,-0.10911886464338187,Economy & Finance,100
continuous_d23,2005,238084,US-1997-RENO-ACLU,1997,8,0.3878510733972979,-0.12071034588669129,Civil Liberties,100
continuous_d23,2005,238084,US-2005-KELO,2005,0,0.1443845744407979,-0.008357113721920552,Economy & Finance,100
continuous_d23,2005,238084,US-1990-IMMIGRATION-ACT,1990,15,0.2290539333899398,-0.10401378607321213,Immigration,100
continuous_d23,2005,238084,US-1993-RFRA,1993,12,0.18092056314522095,-0.11462054773055926,Civil Liberties,97
continuous_d23,2005,238084,US-1996-AEDPA,1996,9,0.2945194736357634,-0.12756456923134205,Criminal Justice & Guns,98
continuous_d23,2005,238084,US-1996-IIRIRA,1996,9,0.26852256422182214,-0.08885677680895707,Immigration,100
continuous_d23,2005,238084,US-2001-AUMF,2001,4,0.11636933577078691,-0.09139832391208495,Natl Security & Foreign,98
continuous_d23,2005,238084,US-2002-IRAQ-AUMF,2002,3,0.13201028907121076,-0.14874040704392838,Natl Security & Foreign,99
continuous_d23,2005,238084,US-2009-LILLY-LEDBETTER,2009,-4,0.17335595772246046,-0.12563691296229784,Civil Rights,100
continuous_d23,2005,238084,US-2009-HATE-CRIMES,2009,-4,0.1300089377789438,-0.12421700306852149,Civil Rights,100
continuous_d23,2005,238084,US-2010-DADT-REPEAL,2010,-5,0.20768048225361846,-0.1509314536278235,Civil Rights,99
continuous_d23,2005,238084,US-2018-FIRST-STEP,2018,-13,0.3468287420792296,-0.12417816210352742,Criminal Justice & Guns,99
continuous_d23,2005,238084,US-2021-AMERICAN-RESCUE-PLAN,2021,-16,0.25991121729608496,-0.14660787103531073,Democracy & Governance,96
continuous_d23,2005,238084,US-2021-IIJA,2021,-16,0.18546193573277314,-0.0865423085559679,Environment & Energy,100
continuous_d23,2005,238084,US-2021-JUNETEENTH,2021,-16,0.34631870542856213,-0.12044876128796864,Civil Rights,100
continuous_d23,2005,238084,US-2022-BIPARTISAN-SAFER-COMMUNITIES,2022,-17,0.1728004448681507,-0.11473607926996734,Criminal Justice & Guns,99
continuous_d23,2005,238084,US-2022-RESPECT-MARRIAGE,2022,-17,0.22304308471131906,-0.12930593716974007,Civil Rights,100
continuous_d23,2005,238084,US-2022-ELECTORAL-COUNT-REFORM,2022,-17,0.16716836926838372,-0.058530687602253766,Democracy & Governance,100
continuous_d23,2006,239991,US-1986-BOWERS,1986,20,0.43542068023734076,-0.1966732385601911,Civil Liberties,100
continuous_d23,2006,239991,US-1986-IRCA,1986,20,0.2896856796750437,-0.16085141020569577,Immigration,99
continuous_d23,2006,239991,US-1986-TAX-REFORM,1986,20,0.3573878396661878,-0.13363160666221938,Economy & Finance,100
continuous_d23,2006,239991,US-1988-CIVIL-LIBERTIES-ACT,1988,18,0.30326579814787513,-0.20733952378125103,Civil Rights,100
continuous_d23,2006,239991,US-1990-ADA,1990,16,0.46789198830308976,-0.08191109544108423,Civil Rights,100
continuous_d23,2006,239991,US-1990-CLEAN-AIR-AMEND,1990,16,0.3874701914592946,-0.09908580327833084,Environment & Energy,100
continuous_d23,2006,239991,US-1991-CIVIL-RIGHTS-ACT,1991,15,0.27390297354247406,-0.14464286549278013,Civil Rights,100
continuous_d23,2006,239991,US-1992-CASEY,1992,14,0.3327152455427715,-0.15204314215040018,Civil Liberties,100
continuous_d23,2006,239991,US-1993-BRADY,1993,13,0.5152914987483063,-0.14266283692665802,Criminal Justice & Guns,99
continuous_d23,2006,239991,US-1993-FMLA,1993,13,0.4691763663086992,-0.13967004602080857,Labor,100
continuous_d23,2006,239991,US-1993-NVRA,1993,13,0.4143843263349031,-0.14794868420092155,Democracy & Governance,99
continuous_d23,2006,239991,US-1994-CRIME-BILL,1994,12,0.32860089883471294,-0.12534921450700232,Criminal Justice & Guns,98
continuous_d23,2006,239991,US-1994-NAFTA,1994,12,0.36141750367289,-0.11110064941009393,Economy & Finance,100
continuous_d23,2006,239991,US-1994-VAWA,1994,12,0.3490732607257931,-0.2019279553895629,Civil Rights,100
continuous_d23,2006,239991,US-1995-LOPEZ,1995,11,0.2510053763368854,-0.19109685031860565,Democracy & Governance,100
continuous_d23,2006,239991,US-1996-DOMA,1996,10,0.536489787367387,-0.19964385103289328,Civil Rights,100
continuous_d23,2006,239991,US-1996-PRWORA,1996,10,0.4542999662379838,-0.09587545069390639,Health/Welfare/Educ,100
continuous_d23,2006,239991,US-1996-TELECOM,1996,10,0.32859748243212716,-0.1317291455729788,Democracy & Governance,100
continuous_d23,2006,239991,US-1997-PRINTZ,1997,9,0.39332627975775486,-0.1955870401038931,Democracy & Governance,100
continuous_d23,2006,239991,US-1999-GLBA,1999,7,0.48755076767269484,-0.09954782660543078,Economy & Finance,100
continuous_d23,2006,239991,US-2000-BUSH-GORE,2000,6,0.22318212097889276,-0.1907026478578432,Democracy & Governance,100
continuous_d23,2006,239991,US-2001-NCLB,2001,5,0.4493642160138861,-0.10977570980269252,Health/Welfare/Educ,100
continuous_d23,2006,239991,US-2001-PATRIOT,2001,5,0.24604989620700915,-0.11984574082396231,Natl Security & Foreign,100
continuous_d23,2006,239991,US-2002-HAVA,2002,4,0.39526811125694045,-0.1477737349841668,Democracy & Governance,100
continuous_d23,2006,239991,US-2002-HOMELAND-SECURITY,2002,4,0.34192567813526537,-0.15599457328337396,Natl Security & Foreign,100
continuous_d23,2006,239991,US-2002-SOX,2002,4,0.3129673636956171,-0.09014386194424683,Economy & Finance,100
continuous_d23,2006,239991,US-2003-LAWRENCE,2003,3,0.3072696764623387,-0.17471787619430898,Civil Liberties,100
continuous_d23,2006,239991,US-2003-MEDICARE-MMA,2003,3,0.3784207344534334,-0.12677991281927267,Health/Welfare/Educ,100
continuous_d23,2006,239991,US-2007-MASS-EPA,2007,-1,0.2270055999980762,-0.14227932390616346,Environment & Energy,100
continuous_d23,2006,239991,US-2008-HELLER,2008,-2,0.3933366919933159,-0.21143149383445933,Criminal Justice & Guns,100
continuous_d23,2006,239991,US-2009-ARRA,2009,-3,0.31567666765325286,-0.14114335557961216,Economy & Finance,100
continuous_d23,2006,239991,US-2010-ACA,2010,-4,0.3531603683335361,-0.1402200446046433,Health/Welfare/Educ,100
continuous_d23,2006,239991,US-2010-CITIZENS-UNITED,2010,-4,0.30334656484025724,-0.19359956881193377,Democracy & Governance,100
continuous_d23,2006,239991,US-2010-DODD-FRANK,2010,-4,0.4683947981039243,-0.14114650390210665,Economy & Finance,100
continuous_d23,2006,239991,US-2010-MCDONALD,2010,-4,0.39778734929491627,-0.18848623580281235,Criminal Justice & Guns,100
continuous_d23,2006,239991,US-2012-NFIB,2012,-6,0.35221205867752226,-0.1620080551675881,Health/Welfare/Educ,100
continuous_d23,2006,239991,US-2013-SHELBY,2013,-7,0.41222608014137024,-0.18003986225159962,Democracy & Governance,100
continuous_d23,2006,239991,US-2013-WINDSOR,2013,-7,0.3004117851238913,-0.20159587693230357,Civil Rights,100
continuous_d23,2006,239991,US-2014-HOBBY-LOBBY,2014,-8,0.2850763622991699,-0.15831250255774537,Civil Liberties,100
continuous_d23,2006,239991,US-2015-OBERGEFELL,2015,-9,0.5360806695758371,-0.18618713630070638,Civil Rights,100
continuous_d23,2006,239991,US-2017-TCJA,2017,-11,0.2236136444865763,-0.1410849186330999,Economy & Finance,99
continuous_d23,2006,239991,US-2018-JANUS,2018,-12,0.19344600574898016,-0.16679884973101172,Labor,99
continuous_d23,2006,239991,US-2019-RUCHO,2019,-13,0.3199273872822358,-0.2324643545463347,Democracy & Governance,100
continuous_d23,2006,239991,US-2020-BOSTOCK,2020,-14,0.38103588187594517,-0.2052732116503468,Civil Rights,100
continuous_d23,2006,239991,US-2020-CARES,2020,-14,0.3362078714147588,-0.12271562925601058,Democracy & Governance,100
continuous_d23,2006,239991,US-2020-MCGIRT,2020,-14,0.38408354144165713,-0.0242730677601954,Civil Rights,100
continuous_d23,2006,239991,US-2022-BRUEN,2022,-16,0.2672164542169645,-0.13565525656464048,Criminal Justice & Guns,100
continuous_d23,2006,239991,US-2022-CHIPS,2022,-16,0.24820554565040026,-0.11421581689720274,Economy & Finance,100
continuous_d23,2006,239991,US-2022-DOBBS,2022,-16,0.437525529658056,-0.16399525072100973,Civil Liberties,99
continuous_d23,2006,239991,US-2022-IRA,2022,-16,0.25851706554658926,-0.10077823446526579,Environment & Energy,100
continuous_d23,2006,239991,US-1987-DOLE,1987,19,0.38821211366683606,-0.1577537282059035,Economy & Finance,100
continuous_d23,2006,239991,US-1997-RENO-ACLU,1997,9,0.4008423909177709,-0.17431305645480158,Civil Liberties,100
continuous_d23,2006,239991,US-2005-KELO,2005,1,0.3001061713173031,-0.1409096872283192,Economy & Finance,100
continuous_d23,2006,239991,US-1990-IMMIGRATION-ACT,1990,16,0.30167121594311513,-0.09564248373319463,Immigration,100
continuous_d23,2006,239991,US-1993-RFRA,1993,13,0.3512770353730789,-0.17105158339336646,Civil Liberties,97
continuous_d23,2006,239991,US-1996-AEDPA,1996,10,0.31708172879124197,-0.13068707899660503,Criminal Justice & Guns,98
continuous_d23,2006,239991,US-1996-IIRIRA,1996,10,0.30258117730769113,-0.10986034089845033,Immigration,100
continuous_d23,2006,239991,US-2001-AUMF,2001,5,0.19564504893283596,-0.15708792908957633,Natl Security & Foreign,98
continuous_d23,2006,239991,US-2002-IRAQ-AUMF,2002,4,0.27390367314690534,-0.16084115281333555,Natl Security & Foreign,99
continuous_d23,2006,239991,US-2009-LILLY-LEDBETTER,2009,-3,0.2856482321630825,-0.17625394115642032,Civil Rights,100
continuous_d23,2006,239991,US-2009-HATE-CRIMES,2009,-3,0.36104807032962166,-0.11039223718204648,Civil Rights,100
continuous_d23,2006,239991,US-2010-DADT-REPEAL,2010,-4,0.34108612514507747,-0.18769123672493088,Civil Rights,99
continuous_d23,2006,239991,US-2018-FIRST-STEP,2018,-12,0.41095608185808635,-0.162022291232409,Criminal Justice & Guns,99
continuous_d23,2006,239991,US-2021-AMERICAN-RESCUE-PLAN,2021,-15,0.3573166248295358,-0.12642706716318725,Democracy & Governance,96
continuous_d23,2006,239991,US-2021-IIJA,2021,-15,0.4550906828817688,-0.1089004090703272,Environment & Energy,100
continuous_d23,2006,239991,US-2021-JUNETEENTH,2021,-15,0.5019416482662118,-0.14650601821959913,Civil Rights,100
continuous_d23,2006,239991,US-2022-BIPARTISAN-SAFER-COMMUNITIES,2022,-16,0.335880616469305,-0.1576802667032337,Criminal Justice & Guns,99
continuous_d23,2006,239991,US-2022-RESPECT-MARRIAGE,2022,-16,0.39809472634391585,-0.1338211421723521,Civil Rights,100
continuous_d23,2006,239991,US-2022-ELECTORAL-COUNT-REFORM,2022,-16,0.2468292419578724,-0.10688724507302347,Democracy & Governance,100
continuous_d23,2007,241898,US-1988-CIVIL-LIBERTIES-ACT,1988,19,0.350475902225527,-0.17003232522333703,Civil Rights,100
continuous_d23,2007,241898,US-1990-ADA,1990,17,0.3045641980799364,-0.1284872048150579,Civil Rights,100
continuous_d23,2007,241898,US-1990-CLEAN-AIR-AMEND,1990,17,0.3038261480044967,-0.12410610918789106,Environment & Energy,100
continuous_d23,2007,241898,US-1991-CIVIL-RIGHTS-ACT,1991,16,0.4089757279308977,-0.1602902554614955,Civil Rights,100
continuous_d23,2007,241898,US-1992-CASEY,1992,15,0.4266044048485817,-0.17348167675803494,Civil Liberties,100
continuous_d23,2007,241898,US-1993-BRADY,1993,14,0.4872074191009719,-0.19013696213222833,Criminal Justice & Guns,99
continuous_d23,2007,241898,US-1993-FMLA,1993,14,0.3205571688640507,-0.1284973896201041,Labor,100
continuous_d23,2007,241898,US-1993-NVRA,1993,14,0.3284400619212386,-0.12165625311926308,Democracy & Governance,99
continuous_d23,2007,241898,US-1994-CRIME-BILL,1994,13,0.2079987542625923,-0.09226613334235088,Criminal Justice & Guns,98
continuous_d23,2007,241898,US-1994-NAFTA,1994,13,0.2273071358943673,-0.11814984241832191,Economy & Finance,100
continuous_d23,2007,241898,US-1994-VAWA,1994,13,0.3168642268803957,-0.13184220321124834,Civil Rights,100
continuous_d23,2007,241898,US-1995-LOPEZ,1995,12,0.49731529775723915,-0.20114862983435125,Democracy & Governance,100
continuous_d23,2007,241898,US-1996-DOMA,1996,11,0.3173278177076724,-0.12187882215428467,Civil Rights,100
continuous_d23,2007,241898,US-1996-PRWORA,1996,11,0.33470013302141816,-0.12573988102324976,Health/Welfare/Educ,100
continuous_d23,2007,241898,US-1996-TELECOM,1996,11,0.29542245439965814,-0.12829801243690875,Democracy & Governance,100
continuous_d23,2007,241898,US-1997-PRINTZ,1997,10,0.5253147940293408,-0.1829250074521787,Democracy & Governance,100
continuous_d23,2007,241898,US-1999-GLBA,1999,8,0.2212233897270853,-0.09938354883938004,Economy & Finance,100
continuous_d23,2007,241898,US-2000-BUSH-GORE,2000,7,0.3103098704739403,-0.15900376334196553,Democracy & Governance,100
continuous_d23,2007,241898,US-2001-NCLB,2001,6,0.347080499053292,-0.14423355379226233,Health/Welfare/Educ,100
continuous_d23,2007,241898,US-2001-PATRIOT,2001,6,0.42268295769037506,-0.15977227437542016,Natl Security & Foreign,100
continuous_d23,2007,241898,US-2002-HAVA,2002,5,0.394046383673733,-0.15885246646600057,Democracy & Governance,100
continuous_d23,2007,241898,US-2002-HOMELAND-SECURITY,2002,5,0.27291071334698275,-0.15213823180998995,Natl Security & Foreign,100
continuous_d23,2007,241898,US-2002-SOX,2002,5,0.4173763482216019,-0.16659059810823001,Economy & Finance,100
continuous_d23,2007,241898,US-2003-LAWRENCE,2003,4,0.5050887090244626,-0.1852257249060167,Civil Liberties,100
continuous_d23,2007,241898,US-2003-MEDICARE-MMA,2003,4,0.2916305161467129,-0.13974708027290156,Health/Welfare/Educ,100
continuous_d23,2007,241898,US-2007-MASS-EPA,2007,0,0.24865047062854792,-0.0984095043562657,Environment & Energy,100
continuous_d23,2007,241898,US-2008-HELLER,2008,-1,0.22577121435718112,-0.10358647922656504,Criminal Justice & Guns,100
continuous_d23,2007,241898,US-2009-ARRA,2009,-2,0.22801915883924573,-0.1125905178045066,Economy & Finance,100
continuous_d23,2007,241898,US-2010-ACA,2010,-3,0.3914359998345231,-0.16035009576322892,Health/Welfare/Educ,100
continuous_d23,2007,241898,US-2010-CITIZENS-UNITED,2010,-3,0.44700810080545333,-0.16177237927920063,Democracy & Governance,100
continuous_d23,2007,241898,US-2010-DODD-FRANK,2010,-3,0.2737429449696592,-0.132158010013221,Economy & Finance,100
continuous_d23,2007,241898,US-2010-MCDONALD,2010,-3,0.35580234605725863,-0.1404701507041666,Criminal Justice & Guns,100
continuous_d23,2007,241898,US-2012-NFIB,2012,-5,0.3490892122387754,-0.16638857945177363,Health/Welfare/Educ,100
continuous_d23,2007,241898,US-2013-SHELBY,2013,-6,0.5110746849579157,-0.19822009359638437,Democracy & Governance,100
continuous_d23,2007,241898,US-2013-WINDSOR,2013,-6,0.47762787166679166,-0.17034197329041909,Civil Rights,100
continuous_d23,2007,241898,US-2014-HOBBY-LOBBY,2014,-7,0.556169097310958,-0.19278240975352684,Civil Liberties,100
continuous_d23,2007,241898,US-2015-OBERGEFELL,2015,-8,0.41962728262318627,-0.1641264212673417,Civil Rights,100
continuous_d23,2007,241898,US-2017-TCJA,2017,-10,0.3001749122440664,-0.1218858704361268,Economy & Finance,99
continuous_d23,2007,241898,US-2018-JANUS,2018,-11,0.5211106447215568,-0.19390084780121541,Labor,99
continuous_d23,2007,241898,US-2019-RUCHO,2019,-12,0.39541923495763015,-0.1602350844679576,Democracy & Governance,100
continuous_d23,2007,241898,US-2020-BOSTOCK,2020,-13,0.3511239273704186,-0.14864543313694986,Civil Rights,100
continuous_d23,2007,241898,US-2020-CARES,2020,-13,0.24545330149483302,-0.10969916199008395,Democracy & Governance,100
continuous_d23,2007,241898,US-2020-MCGIRT,2020,-13,0.44384060813903253,-0.1714882792277592,Civil Rights,100
continuous_d23,2007,241898,US-2022-BRUEN,2022,-15,0.3580496886317482,-0.14541919346318552,Criminal Justice & Guns,100
continuous_d23,2007,241898,US-2022-CHIPS,2022,-15,0.32132303898826364,-0.11170132846245819,Economy & Finance,100
continuous_d23,2007,241898,US-2022-DOBBS,2022,-15,0.3716806253240318,-0.16169299196795084,Civil Liberties,99
continuous_d23,2007,241898,US-2022-IRA,2022,-15,0.26813551517729467,-0.11457052519619192,Environment & Energy,100
continuous_d23,2007,241898,US-1987-DOLE,1987,20,0.39379450810749445,-0.1620360889530208,Economy & Finance,100
continuous_d23,2007,241898,US-1997-RENO-ACLU,1997,10,0.5120974980752905,-0.1998544597476495,Civil Liberties,100
continuous_d23,2007,241898,US-2005-KELO,2005,2,0.44019782152748127,-0.16445808428466438,Economy & Finance,100
continuous_d23,2007,241898,US-1990-IMMIGRATION-ACT,1990,17,0.3384901883517309,-0.14798850446250872,Immigration,100
continuous_d23,2007,241898,US-1993-RFRA,1993,14,0.32314378792435133,-0.15438434567803666,Civil Liberties,97
continuous_d23,2007,241898,US-1996-AEDPA,1996,11,0.28071214461987226,-0.1251517453274884,Criminal Justice & Guns,98
continuous_d23,2007,241898,US-1996-IIRIRA,1996,11,0.2717544328677741,-0.13060650257961773,Immigration,100
continuous_d23,2007,241898,US-2001-AUMF,2001,6,0.23517602596295809,-0.10377268945272182,Natl Security & Foreign,98
continuous_d23,2007,241898,US-2002-IRAQ-AUMF,2002,5,0.2318372499204432,-0.11525447029550334,Natl Security & Foreign,99
continuous_d23,2007,241898,US-2009-LILLY-LEDBETTER,2009,-2,0.3055368689333577,-0.1405125085544065,Civil Rights,100
continuous_d23,2007,241898,US-2009-HATE-CRIMES,2009,-2,0.2210831701153633,-0.10122035540124756,Civil Rights,100
continuous_d23,2007,241898,US-2010-DADT-REPEAL,2010,-3,0.21536742844143159,-0.07875993041009839,Civil Rights,99
continuous_d23,2007,241898,US-2018-FIRST-STEP,2018,-11,0.26122405170064156,-0.11849410647036437,Criminal Justice & Guns,99
continuous_d23,2007,241898,US-2021-AMERICAN-RESCUE-PLAN,2021,-14,0.20439383248487408,-0.11731022904073296,Democracy & Governance,96
continuous_d23,2007,241898,US-2021-IIJA,2021,-14,0.2286989285733101,-0.1134740444015892,Environment & Energy,100
continuous_d23,2007,241898,US-2021-JUNETEENTH,2021,-14,0.26579561291375,-0.12858298655892045,Civil Rights,100
continuous_d23,2007,241898,US-2022-BIPARTISAN-SAFER-COMMUNITIES,2022,-15,0.21394952376068788,-0.10557094025062021,Criminal Justice & Guns,99
continuous_d23,2007,241898,US-2022-RESPECT-MARRIAGE,2022,-15,0.36967095241841624,-0.15285736859314814,Civil Rights,100
continuous_d23,2007,241898,US-2022-ELECTORAL-COUNT-REFORM,2022,-15,0.3284142994755495,-0.14894294309922684,Democracy & Governance,100
continuous_d23,2008,243806,US-1988-CIVIL-LIBERTIES-ACT,1988,20,0.09296247703447356,-0.07719154400722576,Civil Rights,100
continuous_d23,2008,243806,US-1990-ADA,1990,18,0.287279666872886,0.006162131057755388,Civil Rights,100
continuous_d23,2008,243806,US-1990-CLEAN-AIR-AMEND,1990,18,0.35888564694671166,-0.054245932130002714,Environment & Energy,100
continuous_d23,2008,243806,US-1991-CIVIL-RIGHTS-ACT,1991,17,0.12942749886103935,-0.035105721644538915,Civil Rights,100
continuous_d23,2008,243806,US-1992-CASEY,1992,16,0.33718648069965945,-0.04674379140582735,Civil Liberties,100
continuous_d23,2008,243806,US-1993-BRADY,1993,15,0.3875016613087254,-0.04746372766934754,Criminal Justice & Guns,99
continuous_d23,2008,243806,US-1993-FMLA,1993,15,0.26589674159636745,-0.053847956350990434,Labor,100
continuous_d23,2008,243806,US-1993-NVRA,1993,15,0.3330792188449714,-0.050064406838622504,Democracy & Governance,99
continuous_d23,2008,243806,US-1994-CRIME-BILL,1994,14,0.2626612055016808,-0.06003806539072683,Criminal Justice & Guns,98
continuous_d23,2008,243806,US-1994-NAFTA,1994,14,0.14696757920138778,-0.07060080256572246,Economy & Finance,100
continuous_d23,2008,243806,US-1994-VAWA,1994,14,0.2989403765077003,-0.0843138830351783,Civil Rights,100
continuous_d23,2008,243806,US-1995-LOPEZ,1995,13,0.19032964907946634,0.0017316274933493045,Democracy & Governance,100
continuous_d23,2008,243806,US-1996-DOMA,1996,12,0.3766799107865663,-0.09317055519697728,Civil Rights,100
continuous_d23,2008,243806,US-1996-PRWORA,1996,12,0.29590446664854125,0.00477477857746149,Health/Welfare/Educ,100
continuous_d23,2008,243806,US-1996-TELECOM,1996,12,0.30982524227330677,-0.050020375293506315,Democracy & Governance,100
continuous_d23,2008,243806,US-1997-PRINTZ,1997,11,0.22745223345285304,-0.05170966219594075,Democracy & Governance,100
continuous_d23,2008,243806,US-1999-GLBA,1999,9,0.276447926080426,-0.022664712865281,Economy & Finance,100
continuous_d23,2008,243806,US-2000-BUSH-GORE,2000,8,0.2540624895297359,0.0008442851089908512,Democracy & Governance,100
continuous_d23,2008,243806,US-2001-NCLB,2001,7,0.3460741054069214,-0.030581071758656132,Health/Welfare/Educ,100
continuous_d23,2008,243806,US-2001-PATRIOT,2001,7,0.12987681786589464,-0.05144755351817759,Natl Security & Foreign,100
continuous_d23,2008,243806,US-2002-HAVA,2002,6,0.29558238701955775,-0.04809850213048729,Democracy & Governance,100
continuous_d23,2008,243806,US-2002-HOMELAND-SECURITY,2002,6,0.15903919479120832,-0.06713214340866011,Natl Security & Foreign,100
continuous_d23,2008,243806,US-2002-SOX,2002,6,0.10977041583228075,-0.08104873650423147,Economy & Finance,100
continuous_d23,2008,243806,US-2003-LAWRENCE,2003,5,0.18963467733571324,-0.06994339155030482,Civil Liberties,100
continuous_d23,2008,243806,US-2003-MEDICARE-MMA,2003,5,0.22752129732476026,-0.027538538759493445,Health/Welfare/Educ,100
continuous_d23,2008,243806,US-2007-MASS-EPA,2007,1,0.1951880835994668,-0.02422226918928347,Environment & Energy,100
continuous_d23,2008,243806,US-2008-HELLER,2008,0,0.2727497440112452,-0.05140351818132092,Criminal Justice & Guns,100
continuous_d23,2008,243806,US-2009-ARRA,2009,-1,0.13596348293175098,-0.07129821270479103,Economy & Finance,100
continuous_d23,2008,243806,US-2010-ACA,2010,-2,0.20610728978232648,-0.04551377420315151,Health/Welfare/Educ,100
continuous_d23,2008,243806,US-2010-CITIZENS-UNITED,2010,-2,0.3307953878688598,-0.05652739571338216,Democracy & Governance,100
continuous_d23,2008,243806,US-2010-DODD-FRANK,2010,-2,0.3149542969461317,-0.0373930410964171,Economy & Finance,100
continuous_d23,2008,243806,US-2010-MCDONALD,2010,-2,0.2594152684145796,-0.03608226236975451,Criminal Justice & Guns,100
continuous_d23,2008,243806,US-2012-NFIB,2012,-4,0.3101633528041615,-0.016757022375811125,Health/Welfare/Educ,100
continuous_d23,2008,243806,US-2013-SHELBY,2013,-5,0.19680757510429886,-0.059880046460121975,Democracy & Governance,100
continuous_d23,2008,243806,US-2013-WINDSOR,2013,-5,0.20508779381553424,-0.07120886550976596,Civil Rights,100
continuous_d23,2008,243806,US-2014-HOBBY-LOBBY,2014,-6,0.26173151695043456,-0.025863142477750064,Civil Liberties,100
continuous_d23,2008,243806,US-2015-OBERGEFELL,2015,-7,0.25336803604186625,-0.04537389996892152,Civil Rights,100
continuous_d23,2008,243806,US-2017-TCJA,2017,-9,0.13982429542274638,-0.04931144245799776,Economy & Finance,99
continuous_d23,2008,243806,US-2018-JANUS,2018,-10,0.2122656089857178,0.009392183320100856,Labor,99
continuous_d23,2008,243806,US-2019-RUCHO,2019,-11,0.213802746269541,-0.056235094835994495,Democracy & Governance,100
continuous_d23,2008,243806,US-2020-BOSTOCK,2020,-12,0.34112467249091016,-0.08004132601206719,Civil Rights,100
continuous_d23,2008,243806,US-2020-CARES,2020,-12,0.11389051032322854,-0.07797792347588882,Democracy & Governance,100
continuous_d23,2008,243806,US-2020-MCGIRT,2020,-12,0.33780215044506073,0.049367925178325445,Civil Rights,100
continuous_d23,2008,243806,US-2022-BRUEN,2022,-14,0.25060732393145,-0.003956560314675279,Criminal Justice & Guns,100
continuous_d23,2008,243806,US-2022-CHIPS,2022,-14,0.14246147490478617,-0.052768045894755096,Economy & Finance,100
continuous_d23,2008,243806,US-2022-DOBBS,2022,-14,0.3134044365488717,-0.0510859289359114,Civil Liberties,99
continuous_d23,2008,243806,US-2022-IRA,2022,-14,0.14556894117031874,-0.07913155332134886,Environment & Energy,100
continuous_d23,2008,243806,US-1997-RENO-ACLU,1997,11,0.406709425907494,-0.04406039661314114,Civil Liberties,100
continuous_d23,2008,243806,US-2005-KELO,2005,3,0.2759721247827967,-0.0044621292553969905,Economy & Finance,100
continuous_d23,2008,243806,US-1990-IMMIGRATION-ACT,1990,18,0.1951657604010289,-0.05350701871088187,Immigration,100
continuous_d23,2008,243806,US-1993-RFRA,1993,15,0.15486001829768584,-0.03471877598253432,Civil Liberties,97
continuous_d23,2008,243806,US-1996-AEDPA,1996,12,0.18532231088430134,-0.04239296846055013,Criminal Justice & Guns,98
continuous_d23,2008,243806,US-1996-IIRIRA,1996,12,0.2932525663773122,-0.0496189155659234,Immigration,100
continuous_d23,2008,243806,US-2001-AUMF,2001,7,0.10988160769572465,-0.05889524764035473,Natl Security & Foreign,98
continuous_d23,2008,243806,US-2002-IRAQ-AUMF,2002,6,0.125966265385208,-0.09936737593676102,Natl Security & Foreign,99
continuous_d23,2008,243806,US-2009-LILLY-LEDBETTER,2009,-1,0.13290733233298269,-0.049413812084042025,Civil Rights,100
continuous_d23,2008,243806,US-2009-HATE-CRIMES,2009,-1,0.15450157144554202,-0.02986323070791692,Civil Rights,100
continuous_d23,2008,243806,US-2010-DADT-REPEAL,2010,-2,0.08768460263220675,-0.11471533925496011,Civil Rights,99
continuous_d23,2008,243806,US-2018-FIRST-STEP,2018,-10,0.25262832340826424,-0.07025379408085745,Criminal Justice & Guns,99
continuous_d23,2008,243806,US-2021-AMERICAN-RESCUE-PLAN,2021,-13,0.16170807989714983,-0.09117145071734169,Democracy & Governance,96
continuous_d23,2008,243806,US-2021-IIJA,2021,-13,0.18641005358769358,-0.024895496354685055,Environment & Energy,100
continuous_d23,2008,243806,US-2021-JUNETEENTH,2021,-13,0.21732703234398357,-0.05328645473107556,Civil Rights,100
continuous_d23,2008,243806,US-2022-BIPARTISAN-SAFER-COMMUNITIES,2022,-14,0.18148933148055166,-0.029269050592326307,Criminal Justice & Guns,99
continuous_d23,2008,243806,US-2022-RESPECT-MARRIAGE,2022,-14,0.14743851730025542,-0.029786160322585978,Civil Rights,100
continuous_d23,2008,243806,US-2022-ELECTORAL-COUNT-REFORM,2022,-14,0.11255766739115954,-0.012663571431071347,Democracy & Governance,100
continuous_d23,2009,245713,US-1990-ADA,1990,19,0.5801318467786107,-0.02152837262110902,Civil Rights,100
continuous_d23,2009,245713,US-1990-CLEAN-AIR-AMEND,1990,19,0.6134229442149287,-0.04134139987737983,Environment & Energy,100
continuous_d23,2009,245713,US-1991-CIVIL-RIGHTS-ACT,1991,18,0.47478525983570596,-0.06013050531605638,Civil Rights,100
continuous_d23,2009,245713,US-1992-CASEY,1992,17,0.4361054790248162,-0.0676759034438034,Civil Liberties,100
continuous_d23,2009,245713,US-1993-BRADY,1993,16,0.5735668147295245,-0.03665936433051668,Criminal Justice & Guns,99
continuous_d23,2009,245713,US-1993-FMLA,1993,16,0.6381184711280519,-0.05130485288311726,Labor,100
continuous_d23,2009,245713,US-1993-NVRA,1993,16,0.5195962764623004,-0.029494555693289962,Democracy & Governance,99
continuous_d23,2009,245713,US-1994-CRIME-BILL,1994,15,0.6370781489338279,-0.05385698352289121,Criminal Justice & Guns,98
continuous_d23,2009,245713,US-1994-NAFTA,1994,15,0.5049300044994725,-0.028409896897227747,Economy & Finance,100
continuous_d23,2009,245713,US-1994-VAWA,1994,15,0.5399756425428057,-0.08199509807410449,Civil Rights,100
continuous_d23,2009,245713,US-1995-LOPEZ,1995,14,0.468980683467741,-0.0492250715407396,Democracy & Governance,100
continuous_d23,2009,245713,US-1996-DOMA,1996,13,0.5563452186473851,-0.06603004787402174,Civil Rights,100
continuous_d23,2009,245713,US-1996-PRWORA,1996,13,0.592501778604642,-0.06121919182164035,Health/Welfare/Educ,100
continuous_d23,2009,245713,US-1996-TELECOM,1996,13,0.5625851640023162,-0.03324506156397612,Democracy & Governance,100
continuous_d23,2009,245713,US-1997-PRINTZ,1997,12,0.5383453754901948,-0.04808120676614948,Democracy & Governance,100
continuous_d23,2009,245713,US-1999-GLBA,1999,10,0.6338032545392962,-0.0035285952835551926,Economy & Finance,100
continuous_d23,2009,245713,US-2000-BUSH-GORE,2000,9,0.4955423429439373,-0.06870316056552818,Democracy & Governance,100
continuous_d23,2009,245713,US-2001-NCLB,2001,8,0.6588981072473513,-0.05099979299975097,Health/Welfare/Educ,100
continuous_d23,2009,245713,US-2001-PATRIOT,2001,8,0.5071210231469216,-0.060426597440675314,Natl Security & Foreign,100
continuous_d23,2009,245713,US-2002-HAVA,2002,7,0.5758662858049322,-0.05272429326594334,Democracy & Governance,100
continuous_d23,2009,245713,US-2002-HOMELAND-SECURITY,2002,7,0.522513561516026,-0.07674444724516634,Natl Security & Foreign,100
continuous_d23,2009,245713,US-2002-SOX,2002,7,0.4793192916617956,-0.050569252766318816,Economy & Finance,100
continuous_d23,2009,245713,US-2003-LAWRENCE,2003,6,0.3687066500994296,-0.070522832953753,Civil Liberties,100
continuous_d23,2009,245713,US-2003-MEDICARE-MMA,2003,6,0.5255118155368305,-0.037690697686869265,Health/Welfare/Educ,100
continuous_d23,2009,245713,US-2007-MASS-EPA,2007,2,0.4765244290931632,-0.041617837289338606,Environment & Energy,100
continuous_d23,2009,245713,US-2008-HELLER,2008,1,0.5187808156992224,-0.09042859437480066,Criminal Justice & Guns,100
continuous_d23,2009,245713,US-2009-ARRA,2009,0,0.4954251307300093,-0.0625127545601846,Economy & Finance,100
continuous_d23,2009,245713,US-2010-ACA,2010,-1,0.5386870781797584,-0.04281023450393948,Health/Welfare/Educ,100
continuous_d23,2009,245713,US-2010-CITIZENS-UNITED,2010,-1,0.5064070509896973,-0.053279005516504184,Democracy & Governance,100
continuous_d23,2009,245713,US-2010-DODD-FRANK,2010,-1,0.6833981150971552,-0.005616721478190527,Economy & Finance,100
continuous_d23,2009,245713,US-2010-MCDONALD,2010,-1,0.5829434419201317,-0.03176917765624104,Criminal Justice & Guns,100
continuous_d23,2009,245713,US-2012-NFIB,2012,-3,0.6298212987443622,-0.06031673146909862,Health/Welfare/Educ,100
continuous_d23,2009,245713,US-2013-SHELBY,2013,-4,0.546861537037478,-0.06894366443730743,Democracy & Governance,100
continuous_d23,2009,245713,US-2013-WINDSOR,2013,-4,0.4264469251178982,-0.04274604422882491,Civil Rights,100
continuous_d23,2009,245713,US-2014-HOBBY-LOBBY,2014,-5,0.46417619675009775,-0.05628415848931099,Civil Liberties,100
continuous_d23,2009,245713,US-2015-OBERGEFELL,2015,-6,0.6046403055715185,-0.04929115575831531,Civil Rights,100
continuous_d23,2009,245713,US-2017-TCJA,2017,-8,0.5167076960267503,-0.06865812267548536,Economy & Finance,99
continuous_d23,2009,245713,US-2018-JANUS,2018,-9,0.3495921264147031,-0.07106921857862802,Labor,99
continuous_d23,2009,245713,US-2019-RUCHO,2019,-10,0.36636014639625814,-0.07039429584470627,Democracy & Governance,100
continuous_d23,2009,245713,US-2020-BOSTOCK,2020,-11,0.44953666383987695,-0.08502967169223163,Civil Rights,100
continuous_d23,2009,245713,US-2020-CARES,2020,-11,0.51229670843056,-0.04219427894803744,Democracy & Governance,100
continuous_d23,2009,245713,US-2020-MCGIRT,2020,-11,0.43293206217472924,0.02096628794425282,Civil Rights,100
continuous_d23,2009,245713,US-2022-BRUEN,2022,-13,0.4040722172495046,-0.04513239804948106,Criminal Justice & Guns,100
continuous_d23,2009,245713,US-2022-CHIPS,2022,-13,0.4817229838287911,-0.023549750103906142,Economy & Finance,100
continuous_d23,2009,245713,US-2022-DOBBS,2022,-13,0.5085339137286756,-0.07156502208947112,Civil Liberties,99
continuous_d23,2009,245713,US-2022-IRA,2022,-13,0.5875089543360221,-0.04763545605404574,Environment & Energy,100
continuous_d23,2009,245713,US-1997-RENO-ACLU,1997,12,0.5213517498234279,-0.07036687582752474,Civil Liberties,100
continuous_d23,2009,245713,US-2005-KELO,2005,4,0.5041087230816476,-0.02845716749027073,Economy & Finance,100
continuous_d23,2009,245713,US-1990-IMMIGRATION-ACT,1990,19,0.6055673283354747,-0.028595900927550124,Immigration,100
continuous_d23,2009,245713,US-1993-RFRA,1993,16,0.5718969327750433,-0.07137461690313879,Civil Liberties,97
continuous_d23,2009,245713,US-1996-AEDPA,1996,13,0.5014867144640717,-0.05890595807059676,Criminal Justice & Guns,98
continuous_d23,2009,245713,US-1996-IIRIRA,1996,13,0.5739325491584729,-0.0608957395287193,Immigration,100
continuous_d23,2009,245713,US-2001-AUMF,2001,8,0.4906076838214879,-0.07344488803268426,Natl Security & Foreign,98
continuous_d23,2009,245713,US-2002-IRAQ-AUMF,2002,7,0.49891769618044335,-0.05877826630758676,Natl Security & Foreign,99
continuous_d23,2009,245713,US-2009-LILLY-LEDBETTER,2009,0,0.41784014081550686,-0.05702813080464285,Civil Rights,100
continuous_d23,2009,245713,US-2009-HATE-CRIMES,2009,0,0.5619913600332275,-0.012222884569536702,Civil Rights,100
continuous_d23,2009,245713,US-2010-DADT-REPEAL,2010,-1,0.40636262914909116,-0.09275758697350008,Civil Rights,99
continuous_d23,2009,245713,US-2018-FIRST-STEP,2018,-9,0.5796947820335628,-0.06879106442879093,Criminal Justice & Guns,99
continuous_d23,2009,245713,US-2021-AMERICAN-RESCUE-PLAN,2021,-12,0.5951792329892703,-0.03932168640703285,Democracy & Governance,96
continuous_d23,2009,245713,US-2021-IIJA,2021,-12,0.7069411317973379,0.009888324168213775,Environment & Energy,100
continuous_d23,2009,245713,US-2021-JUNETEENTH,2021,-12,0.5920400698324337,-0.04176786434829898,Civil Rights,100
continuous_d23,2009,245713,US-2022-BIPARTISAN-SAFER-COMMUNITIES,2022,-13,0.5661370668126748,-0.046058580791062335,Criminal Justice & Guns,99
continuous_d23,2009,245713,US-2022-RESPECT-MARRIAGE,2022,-13,0.5214731048607432,-0.052486223060875824,Civil Rights,100
continuous_d23,2009,245713,US-2022-ELECTORAL-COUNT-REFORM,2022,-13,0.530582804760747,-0.037826919148868786,Democracy & Governance,100
continuous_d23,2010,247621,US-1990-ADA,1990,20,0.5531338938560131,0.10492091413584724,Civil Rights,100
continuous_d23,2010,247621,US-1990-CLEAN-AIR-AMEND,1990,20,0.6200790640539935,0.07364563244784281,Environment & Energy,100
continuous_d23,2010,247621,US-1991-CIVIL-RIGHTS-ACT,1991,19,0.44173052495158466,0.049666993651884074,Civil Rights,100
continuous_d23,2010,247621,US-1992-CASEY,1992,18,0.44175419158917334,0.0497963506844788,Civil Liberties,100
continuous_d23,2010,247621,US-1993-BRADY,1993,17,0.5896412681672045,0.07113778836801629,Criminal Justice & Guns,99
continuous_d23,2010,247621,US-1993-FMLA,1993,17,0.6224099524094118,0.056444324469025677,Labor,100
continuous_d23,2010,247621,US-1993-NVRA,1993,17,0.5731398389495098,0.08232424853026961,Democracy & Governance,99
continuous_d23,2010,247621,US-1994-CRIME-BILL,1994,16,0.6370108358257222,0.07060497696433703,Criminal Justice & Guns,98
continuous_d23,2010,247621,US-1994-NAFTA,1994,16,0.564129405958727,0.05176574720239218,Economy & Finance,100
continuous_d23,2010,247621,US-1994-VAWA,1994,16,0.5485543393845795,0.040000396878632,Civil Rights,100
continuous_d23,2010,247621,US-1995-LOPEZ,1995,15,0.48359851201140486,0.0887240934610047,Democracy & Governance,100
continuous_d23,2010,247621,US-1996-DOMA,1996,14,0.6265434102859041,0.01578993753197884,Civil Rights,100
continuous_d23,2010,247621,US-1996-PRWORA,1996,14,0.5650225558655142,0.09309163395842149,Health/Welfare/Educ,100
continuous_d23,2010,247621,US-1996-TELECOM,1996,14,0.5945204213520959,0.12764668960929523,Democracy & Governance,100
continuous_d23,2010,247621,US-1997-PRINTZ,1997,13,0.4504415980816941,0.06921072130774301,Democracy & Governance,100
continuous_d23,2010,247621,US-1999-GLBA,1999,11,0.5959701129254619,0.16987381251710992,Economy & Finance,100
continuous_d23,2010,247621,US-2000-BUSH-GORE,2000,10,0.44798167491695806,0.10136639307495704,Democracy & Governance,100
continuous_d23,2010,247621,US-2001-NCLB,2001,9,0.6321460045672752,0.07171322118223082,Health/Welfare/Educ,100
continuous_d23,2010,247621,US-2001-PATRIOT,2001,9,0.4731597816450068,0.09026479485944092,Natl Security & Foreign,100
continuous_d23,2010,247621,US-2002-HAVA,2002,8,0.5104709862013319,0.042746083745493164,Democracy & Governance,100
continuous_d23,2010,247621,US-2002-HOMELAND-SECURITY,2002,8,0.45344281879475795,0.06822824273783615,Natl Security & Foreign,100
continuous_d23,2010,247621,US-2002-SOX,2002,8,0.35679271025643194,0.08166485518436435,Economy & Finance,100
continuous_d23,2010,247621,US-2003-LAWRENCE,2003,7,0.4716383816000052,0.06397266519997091,Civil Liberties,100
continuous_d23,2010,247621,US-2003-MEDICARE-MMA,2003,7,0.5013155131763692,0.13821891856512314,Health/Welfare/Educ,100
continuous_d23,2010,247621,US-2007-MASS-EPA,2007,3,0.5045293531318776,0.12766599745674034,Environment & Energy,100
continuous_d23,2010,247621,US-2008-HELLER,2008,2,0.5896532061268835,0.03968506750335381,Criminal Justice & Guns,100
continuous_d23,2010,247621,US-2009-ARRA,2009,1,0.5283537781170004,0.07341193810851983,Economy & Finance,100
continuous_d23,2010,247621,US-2010-ACA,2010,0,0.6000529825922921,0.07326741993529319,Health/Welfare/Educ,100
continuous_d23,2010,247621,US-2010-CITIZENS-UNITED,2010,0,0.513530547993454,0.10522700046522152,Democracy & Governance,100
continuous_d23,2010,247621,US-2010-DODD-FRANK,2010,0,0.6107967802614895,0.08976720151048641,Economy & Finance,100
continuous_d23,2010,247621,US-2010-MCDONALD,2010,0,0.517950393977617,0.12053450730494078,Criminal Justice & Guns,100
continuous_d23,2010,247621,US-2012-NFIB,2012,-2,0.457822947386326,0.06685127763180995,Health/Welfare/Educ,100
continuous_d23,2010,247621,US-2013-SHELBY,2013,-3,0.5828443603958879,0.06872814917597704,Democracy & Governance,100
continuous_d23,2010,247621,US-2013-WINDSOR,2013,-3,0.4895822144779279,0.08233244212002826,Civil Rights,100
continuous_d23,2010,247621,US-2014-HOBBY-LOBBY,2014,-4,0.5392137421015605,0.13276076415548352,Civil Liberties,100
continuous_d23,2010,247621,US-2015-OBERGEFELL,2015,-5,0.521545360154507,0.045853847108462596,Civil Rights,100
continuous_d23,2010,247621,US-2017-TCJA,2017,-7,0.5176599660768696,0.06171849799462665,Economy & Finance,99
continuous_d23,2010,247621,US-2018-JANUS,2018,-8,0.408665339760679,0.052233226537441724,Labor,99
continuous_d23,2010,247621,US-2019-RUCHO,2019,-9,0.5140681076638806,0.1032476746975807,Democracy & Governance,100
continuous_d23,2010,247621,US-2020-BOSTOCK,2020,-10,0.5325118292124421,0.03924790159404837,Civil Rights,100
continuous_d23,2010,247621,US-2020-CARES,2020,-10,0.4413055624485536,0.09164862419170605,Democracy & Governance,100
continuous_d23,2010,247621,US-2020-MCGIRT,2020,-10,0.43391997917449404,0.12890349639533957,Civil Rights,100
continuous_d23,2010,247621,US-2022-BRUEN,2022,-12,0.5020391578499036,0.06532184301734958,Criminal Justice & Guns,100
continuous_d23,2010,247621,US-2022-CHIPS,2022,-12,0.5196529322309285,0.06094477096876256,Economy & Finance,100
continuous_d23,2010,247621,US-2022-DOBBS,2022,-12,0.4819515353065687,0.06688246623093264,Civil Liberties,99
continuous_d23,2010,247621,US-2022-IRA,2022,-12,0.520104397444808,0.044003375392239114,Environment & Energy,100
continuous_d23,2010,247621,US-1997-RENO-ACLU,1997,13,0.5440668106614518,0.07694607969507108,Civil Liberties,100
continuous_d23,2010,247621,US-2005-KELO,2005,5,0.5719841562938184,0.15403644749866363,Economy & Finance,100
continuous_d23,2010,247621,US-1990-IMMIGRATION-ACT,1990,20,0.5502508573517215,0.0720734019459674,Immigration,100
continuous_d23,2010,247621,US-1993-RFRA,1993,17,0.3980106234846615,0.0475145784344117,Civil Liberties,97
continuous_d23,2010,247621,US-1996-AEDPA,1996,14,0.5396269514278462,0.08697879286845449,Criminal Justice & Guns,98
continuous_d23,2010,247621,US-1996-IIRIRA,1996,14,0.6194506232073563,0.0456789026918383,Immigration,100
continuous_d23,2010,247621,US-2001-AUMF,2001,9,0.4118693138225958,0.09858354502793028,Natl Security & Foreign,98
continuous_d23,2010,247621,US-2002-IRAQ-AUMF,2002,8,0.41159912282475747,0.023799452978608658,Natl Security & Foreign,99
continuous_d23,2010,247621,US-2009-LILLY-LEDBETTER,2009,1,0.37356784430938395,0.051961718901678465,Civil Rights,100
continuous_d23,2010,247621,US-2009-HATE-CRIMES,2009,1,0.577503814814266,0.08678166884562552,Civil Rights,100
continuous_d23,2010,247621,US-2010-DADT-REPEAL,2010,0,0.4907515188821535,-0.024519862653959636,Civil Rights,99
continuous_d23,2010,247621,US-2018-FIRST-STEP,2018,-8,0.6373841818673307,0.01341909386435719,Criminal Justice & Guns,99
continuous_d23,2010,247621,US-2021-AMERICAN-RESCUE-PLAN,2021,-11,0.5673540456902135,0.007927275170702798,Democracy & Governance,96
continuous_d23,2010,247621,US-2021-IIJA,2021,-11,0.6788922750626287,0.07848496378014302,Environment & Energy,100
continuous_d23,2010,247621,US-2021-JUNETEENTH,2021,-11,0.5203138675688583,0.025422335874145677,Civil Rights,100
continuous_d23,2010,247621,US-2022-BIPARTISAN-SAFER-COMMUNITIES,2022,-12,0.47597999075473163,0.07151551500187593,Criminal Justice & Guns,99
continuous_d23,2010,247621,US-2022-RESPECT-MARRIAGE,2022,-12,0.5386377375723473,0.017398884758192373,Civil Rights,100
continuous_d23,2010,247621,US-2022-ELECTORAL-COUNT-REFORM,2022,-12,0.5020514908416019,0.04731510639654217,Democracy & Governance,100
continuous_d23,2011,249528,US-1991-CIVIL-RIGHTS-ACT,1991,20,0.221546668775171,-0.09356553784673885,Civil Rights,100
continuous_d23,2011,249528,US-1992-CASEY,1992,19,0.2824034725317496,-0.09605217643277143,Civil Liberties,100
continuous_d23,2011,249528,US-1993-BRADY,1993,18,0.22656180273433893,-0.0752709082208128,Criminal Justice & Guns,99
continuous_d23,2011,249528,US-1993-FMLA,1993,18,0.24966014149122887,-0.10063910300908273,Labor,100
continuous_d23,2011,249528,US-1993-NVRA,1993,18,0.25410195802153174,-0.09205119321073521,Democracy & Governance,99
continuous_d23,2011,249528,US-1994-CRIME-BILL,1994,17,0.26962938883961607,-0.11205234860852659,Criminal Justice & Guns,98
continuous_d23,2011,249528,US-1994-NAFTA,1994,17,0.28811176447913317,-0.09064806779894387,Economy & Finance,100
continuous_d23,2011,249528,US-1994-VAWA,1994,17,0.2267922739548003,-0.09872605311383842,Civil Rights,100
continuous_d23,2011,249528,US-1995-LOPEZ,1995,16,0.23688177098485824,-0.09031988852504001,Democracy & Governance,100
continuous_d23,2011,249528,US-1996-DOMA,1996,15,0.23290057959860722,-0.09410335079277081,Civil Rights,100
continuous_d23,2011,249528,US-1996-PRWORA,1996,15,0.24443881169703002,-0.08275292943957152,Health/Welfare/Educ,100
continuous_d23,2011,249528,US-1996-TELECOM,1996,15,0.2528717481050403,-0.11616532285070529,Democracy & Governance,100
continuous_d23,2011,249528,US-1997-PRINTZ,1997,14,0.23796464299030082,-0.07766880235571176,Democracy & Governance,100
continuous_d23,2011,249528,US-1999-GLBA,1999,12,0.2874550713350622,-0.0983946313021265,Economy & Finance,100
continuous_d23,2011,249528,US-2000-BUSH-GORE,2000,11,0.2926537828284792,-0.08592146700156032,Democracy & Governance,100
continuous_d23,2011,249528,US-2001-NCLB,2001,10,0.252312238487836,-0.10447943366676973,Health/Welfare/Educ,100
continuous_d23,2011,249528,US-2001-PATRIOT,2001,10,0.24837887296688194,-0.0958913959751103,Natl Security & Foreign,100
continuous_d23,2011,249528,US-2002-HAVA,2002,9,0.22490660052333633,-0.10241753234755971,Democracy & Governance,100
continuous_d23,2011,249528,US-2002-HOMELAND-SECURITY,2002,9,0.2349292746725448,-0.07354306563818847,Natl Security & Foreign,100
continuous_d23,2011,249528,US-2002-SOX,2002,9,0.22274121165692168,-0.0978317913465647,Economy & Finance,100
continuous_d23,2011,249528,US-2003-LAWRENCE,2003,8,0.20312698223576384,-0.08408851317448253,Civil Liberties,100
continuous_d23,2011,249528,US-2003-MEDICARE-MMA,2003,8,0.25384733651733077,-0.08491509706386333,Health/Welfare/Educ,100
continuous_d23,2011,249528,US-2007-MASS-EPA,2007,4,0.26083469273136894,-0.09843791169942766,Environment & Energy,100
continuous_d23,2011,249528,US-2008-HELLER,2008,3,0.307674146743296,-0.08448911414434068,Criminal Justice & Guns,100
continuous_d23,2011,249528,US-2009-ARRA,2009,2,0.254857774324744,-0.08514817292918772,Economy & Finance,100
continuous_d23,2011,249528,US-2010-ACA,2010,1,0.26139361835651465,-0.09243822587797418,Health/Welfare/Educ,100
continuous_d23,2011,249528,US-2010-CITIZENS-UNITED,2010,1,0.23116515962795392,-0.08133703689703284,Democracy & Governance,100
continuous_d23,2011,249528,US-2010-DODD-FRANK,2010,1,0.2288504857919229,-0.0813980997323333,Economy & Finance,100
continuous_d23,2011,249528,US-2010-MCDONALD,2010,1,0.2519258493565833,-0.09712473837204802,Criminal Justice & Guns,100
continuous_d23,2011,249528,US-2012-NFIB,2012,-1,0.25989775443577906,-0.11681106715203357,Health/Welfare/Educ,100
continuous_d23,2011,249528,US-2013-SHELBY,2013,-2,0.2697154638879644,-0.07428435175512661,Democracy & Governance,100
continuous_d23,2011,249528,US-2013-WINDSOR,2013,-2,0.2575697489619774,-0.0752671455671634,Civil Rights,100
continuous_d23,2011,249528,US-2014-HOBBY-LOBBY,2014,-3,0.24290387958305262,-0.08601695549682331,Civil Liberties,100
continuous_d23,2011,249528,US-2015-OBERGEFELL,2015,-4,0.22037100099373297,-0.08000074248626865,Civil Rights,100
continuous_d23,2011,249528,US-2017-TCJA,2017,-6,0.27931182615078015,-0.09482998498150945,Economy & Finance,99
continuous_d23,2011,249528,US-2018-JANUS,2018,-7,0.23858361084529206,-0.07044730354769387,Labor,99
continuous_d23,2011,249528,US-2019-RUCHO,2019,-8,0.2237416308708627,-0.07598124867484576,Democracy & Governance,100
continuous_d23,2011,249528,US-2020-BOSTOCK,2020,-9,0.25922926054591416,-0.0721368961086925,Civil Rights,100
continuous_d23,2011,249528,US-2020-CARES,2020,-9,0.23550041001151062,-0.09647295382675491,Democracy & Governance,100
continuous_d23,2011,249528,US-2020-MCGIRT,2020,-9,0.23844283198448404,-0.07972151182603195,Civil Rights,100
continuous_d23,2011,249528,US-2022-BRUEN,2022,-11,0.2836875349246034,-0.07481343717088615,Criminal Justice & Guns,100
continuous_d23,2011,249528,US-2022-CHIPS,2022,-11,0.24754576262768396,-0.09559463596928479,Economy & Finance,100
continuous_d23,2011,249528,US-2022-DOBBS,2022,-11,0.26266781991458565,-0.10682319768883457,Civil Liberties,99
continuous_d23,2011,249528,US-2022-IRA,2022,-11,0.25066357229114805,-0.11922133194882335,Environment & Energy,100
continuous_d23,2011,249528,US-1997-RENO-ACLU,1997,14,0.23572120951338862,-0.0870526251853198,Civil Liberties,100
continuous_d23,2011,249528,US-2005-KELO,2005,6,0.2711747792240494,-0.08329788410547223,Economy & Finance,100
continuous_d23,2011,249528,US-1993-RFRA,1993,18,0.28121742264521205,-0.09357545738717489,Civil Liberties,97
continuous_d23,2011,249528,US-1996-AEDPA,1996,15,0.2570957431470333,-0.13008669235612424,Criminal Justice & Guns,98
continuous_d23,2011,249528,US-1996-IIRIRA,1996,15,0.25646916196788727,-0.08899531152293294,Immigration,100
continuous_d23,2011,249528,US-2001-AUMF,2001,10,0.26914735372884346,-0.08715601983029943,Natl Security & Foreign,98
continuous_d23,2011,249528,US-2002-IRAQ-AUMF,2002,9,0.27276836356830514,-0.08644060824282186,Natl Security & Foreign,99
continuous_d23,2011,249528,US-2009-LILLY-LEDBETTER,2009,2,0.2698531277098983,-0.08367871221945337,Civil Rights,100
continuous_d23,2011,249528,US-2009-HATE-CRIMES,2009,2,0.25995430720020657,-0.09352997285715305,Civil Rights,100
continuous_d23,2011,249528,US-2010-DADT-REPEAL,2010,1,0.29599304928085396,-0.11591550542542489,Civil Rights,99
continuous_d23,2011,249528,US-2018-FIRST-STEP,2018,-7,0.2519644933761239,-0.0903680294917326,Criminal Justice & Guns,99
continuous_d23,2011,249528,US-2021-AMERICAN-RESCUE-PLAN,2021,-10,0.28649884193083397,-0.10292446753936635,Democracy & Governance,96
continuous_d23,2011,249528,US-2021-IIJA,2021,-10,0.25221005251564965,-0.09205930418995081,Environment & Energy,100
continuous_d23,2011,249528,US-2021-JUNETEENTH,2021,-10,0.23556116814562908,-0.062126064875304046,Civil Rights,100
continuous_d23,2011,249528,US-2022-BIPARTISAN-SAFER-COMMUNITIES,2022,-11,0.28130311513109424,-0.09902440413011891,Criminal Justice & Guns,99
continuous_d23,2011,249528,US-2022-RESPECT-MARRIAGE,2022,-11,0.25379013872766776,-0.0880994790131121,Civil Rights,100
continuous_d23,2011,249528,US-2022-ELECTORAL-COUNT-REFORM,2022,-11,0.28646053543339706,-0.10548603228636966,Democracy & Governance,100
continuous_d23,2012,251435,US-1992-CASEY,1992,20,0.36907875616250485,-0.11004643307151768,Civil Liberties,100
continuous_d23,2012,251435,US-1993-BRADY,1993,19,0.4991343102887641,-0.12935892634513904,Criminal Justice & Guns,99
continuous_d23,2012,251435,US-1993-FMLA,1993,19,0.5362877766743592,-0.09123469641873495,Labor,100
continuous_d23,2012,251435,US-1993-NVRA,1993,19,0.5350567858549227,-0.033589384599677266,Democracy & Governance,99
continuous_d23,2012,251435,US-1994-CRIME-BILL,1994,18,0.26800751238274145,-0.041126032104027856,Criminal Justice & Guns,98
continuous_d23,2012,251435,US-1994-NAFTA,1994,18,0.37472649138422764,-0.09356274302381545,Economy & Finance,100
continuous_d23,2012,251435,US-1994-VAWA,1994,18,0.35705961272277853,-0.1421036688163337,Civil Rights,100
continuous_d23,2012,251435,US-1995-LOPEZ,1995,17,0.386077883188481,-0.1414770512187838,Democracy & Governance,100
continuous_d23,2012,251435,US-1996-DOMA,1996,16,0.6668430609388273,-0.11741092178860571,Civil Rights,100
continuous_d23,2012,251435,US-1996-PRWORA,1996,16,0.5448496441500366,-0.06219897098596319,Health/Welfare/Educ,100
continuous_d23,2012,251435,US-1996-TELECOM,1996,16,0.400046478255117,-0.09995024655484037,Democracy & Governance,100
continuous_d23,2012,251435,US-1997-PRINTZ,1997,15,0.4517097998463421,-0.11197026330914327,Democracy & Governance,100
continuous_d23,2012,251435,US-1999-GLBA,1999,13,0.4009584934660949,-0.061039057994445145,Economy & Finance,100
continuous_d23,2012,251435,US-2000-BUSH-GORE,2000,12,0.29662164689425113,-0.05648400463768367,Democracy & Governance,100
continuous_d23,2012,251435,US-2001-NCLB,2001,11,0.3260010228725412,-0.08806702034800022,Health/Welfare/Educ,100
continuous_d23,2012,251435,US-2001-PATRIOT,2001,11,0.4523515560706274,-0.0956834184402917,Natl Security & Foreign,100
continuous_d23,2012,251435,US-2002-HAVA,2002,10,0.37687363943883184,-0.10746832902279188,Democracy & Governance,100
continuous_d23,2012,251435,US-2002-HOMELAND-SECURITY,2002,10,0.42227430747127714,-0.12313141887400711,Natl Security & Foreign,100
continuous_d23,2012,251435,US-2002-SOX,2002,10,0.20864211427400509,-0.08857594197904017,Economy & Finance,100
continuous_d23,2012,251435,US-2003-LAWRENCE,2003,9,0.43318313211220394,-0.11097363879612318,Civil Liberties,100
continuous_d23,2012,251435,US-2003-MEDICARE-MMA,2003,9,0.4097990287058604,-0.1270250825515366,Health/Welfare/Educ,100
continuous_d23,2012,251435,US-2007-MASS-EPA,2007,5,0.4384466910978906,-0.08650204707353197,Environment & Energy,100
continuous_d23,2012,251435,US-2008-HELLER,2008,4,0.4999537232567428,-0.1266856366883654,Criminal Justice & Guns,100
continuous_d23,2012,251435,US-2009-ARRA,2009,3,0.39597762504696526,-0.1147013853562725,Economy & Finance,100
continuous_d23,2012,251435,US-2010-ACA,2010,2,0.44426408974996096,-0.14071571706868086,Health/Welfare/Educ,100
continuous_d23,2012,251435,US-2010-CITIZENS-UNITED,2010,2,0.45163216626842995,-0.1565309809088579,Democracy & Governance,100
continuous_d23,2012,251435,US-2010-DODD-FRANK,2010,2,0.38147291670436473,-0.16180422179896975,Economy & Finance,100
continuous_d23,2012,251435,US-2010-MCDONALD,2010,2,0.5184985311462699,-0.07007510068685424,Criminal Justice & Guns,100
continuous_d23,2012,251435,US-2012-NFIB,2012,0,0.4780227979212671,-0.08309310807902542,Health/Welfare/Educ,100
continuous_d23,2012,251435,US-2013-SHELBY,2013,-1,0.47843027121563675,-0.16228041371118432,Democracy & Governance,100
continuous_d23,2012,251435,US-2013-WINDSOR,2013,-1,0.42570760482583503,-0.07525354082047928,Civil Rights,100
continuous_d23,2012,251435,US-2014-HOBBY-LOBBY,2014,-2,0.4049789703412279,-0.14592179610239409,Civil Liberties,100
continuous_d23,2012,251435,US-2015-OBERGEFELL,2015,-3,0.5372305621052582,-0.09470542785037603,Civil Rights,100
continuous_d23,2012,251435,US-2017-TCJA,2017,-5,0.3458057911897125,-0.10062117812948193,Economy & Finance,99
continuous_d23,2012,251435,US-2018-JANUS,2018,-6,0.2907167955025669,-0.2672812138602372,Labor,99
continuous_d23,2012,251435,US-2019-RUCHO,2019,-7,0.5732956342624764,-0.15530258617463602,Democracy & Governance,100
continuous_d23,2012,251435,US-2020-BOSTOCK,2020,-8,0.47653610047204226,-0.15840284819335895,Civil Rights,100
continuous_d23,2012,251435,US-2020-CARES,2020,-8,0.47602510242340174,-0.10904933697387001,Democracy & Governance,100
continuous_d23,2012,251435,US-2020-MCGIRT,2020,-8,0.40660097253552185,0.026800415940962455,Civil Rights,100
continuous_d23,2012,251435,US-2022-BRUEN,2022,-10,0.33796551117865314,-0.11743153867177272,Criminal Justice & Guns,100
continuous_d23,2012,251435,US-2022-CHIPS,2022,-10,0.3839181680930102,-0.15239501918894613,Economy & Finance,100
continuous_d23,2012,251435,US-2022-DOBBS,2022,-10,0.45240001808749564,-0.03929786645602503,Civil Liberties,99
continuous_d23,2012,251435,US-2022-IRA,2022,-10,0.3298014896789309,-0.0799120113536587,Environment & Energy,100
continuous_d23,2012,251435,US-1997-RENO-ACLU,1997,15,0.45253890769113686,-0.11861940016881058,Civil Liberties,100
continuous_d23,2012,251435,US-2005-KELO,2005,7,0.3585835962524492,-0.06663444000327509,Economy & Finance,100
continuous_d23,2012,251435,US-1993-RFRA,1993,19,0.4091758913471823,-0.11843391813517509,Civil Liberties,97
continuous_d23,2012,251435,US-1996-AEDPA,1996,16,0.3590603096831847,-0.01933362816929455,Criminal Justice & Guns,98
continuous_d23,2012,251435,US-1996-IIRIRA,1996,16,0.5463278350306394,-0.059566043899078,Immigration,100
continuous_d23,2012,251435,US-2001-AUMF,2001,11,0.3072661572846102,-0.06652966091682369,Natl Security & Foreign,98
continuous_d23,2012,251435,US-2002-IRAQ-AUMF,2002,10,0.38540408189070197,-0.09589975293529826,Natl Security & Foreign,99
continuous_d23,2012,251435,US-2009-LILLY-LEDBETTER,2009,3,0.39190449301041386,-0.089405426181316,Civil Rights,100
continuous_d23,2012,251435,US-2009-HATE-CRIMES,2009,3,0.37503165375852165,-0.002829880403240196,Civil Rights,100
continuous_d23,2012,251435,US-2010-DADT-REPEAL,2010,2,0.4480226362080289,-0.0848131590000095,Civil Rights,99
continuous_d23,2012,251435,US-2018-FIRST-STEP,2018,-6,0.5991359372577786,-0.05513334053435042,Criminal Justice & Guns,99
continuous_d23,2012,251435,US-2021-AMERICAN-RESCUE-PLAN,2021,-9,0.2844488491392969,-0.13102905037608106,Democracy & Governance,96
continuous_d23,2012,251435,US-2021-IIJA,2021,-9,0.4951438929356919,-0.04517618987018196,Environment & Energy,100
continuous_d23,2012,251435,US-2021-JUNETEENTH,2021,-9,0.6948233214322115,-0.08226124141273448,Civil Rights,100
continuous_d23,2012,251435,US-2022-BIPARTISAN-SAFER-COMMUNITIES,2022,-10,0.5043076298338423,-0.08914348986037782,Criminal Justice & Guns,99
continuous_d23,2012,251435,US-2022-RESPECT-MARRIAGE,2022,-10,0.4823174870398374,-0.04864684532866297,Civil Rights,100
continuous_d23,2012,251435,US-2022-ELECTORAL-COUNT-REFORM,2022,-10,0.4169259704290281,-0.03878906675350669,Democracy & Governance,100
continuous_d23,2013,253343,US-1993-BRADY,1993,20,0.5818922777337886,0.2205282448047607,Criminal Justice & Guns,99
continuous_d23,2013,253343,US-1993-FMLA,1993,20,0.5871548003389051,0.15304933760233325,Labor,100
continuous_d23,2013,253343,US-1993-NVRA,1993,20,0.5693629801727299,0.23583343740437823,Democracy & Governance,99
continuous_d23,2013,253343,US-1994-CRIME-BILL,1994,19,0.5418215236135902,0.24451681431976185,Criminal Justice & Guns,98
continuous_d23,2013,253343,US-1994-NAFTA,1994,19,0.5096642661910944,0.20184999007374707,Economy & Finance,100
continuous_d23,2013,253343,US-1994-VAWA,1994,19,0.517774554850079,0.19541418593796794,Civil Rights,100
continuous_d23,2013,253343,US-1995-LOPEZ,1995,18,0.4240433863041042,0.23654657768998302,Democracy & Governance,100
continuous_d23,2013,253343,US-1996-DOMA,1996,17,0.7375255321690917,0.1683723198116672,Civil Rights,100
continuous_d23,2013,253343,US-1996-PRWORA,1996,17,0.6231993393968337,0.25047168069512893,Health/Welfare/Educ,100
continuous_d23,2013,253343,US-1996-TELECOM,1996,17,0.6061048126188086,0.2178797715834862,Democracy & Governance,100
continuous_d23,2013,253343,US-1997-PRINTZ,1997,16,0.42876660823968316,0.21728620025114626,Democracy & Governance,100
continuous_d23,2013,253343,US-1999-GLBA,1999,14,0.47321268577158304,0.2281136268563958,Economy & Finance,100
continuous_d23,2013,253343,US-2000-BUSH-GORE,2000,13,0.37606091526610513,0.29061284583899355,Democracy & Governance,100
continuous_d23,2013,253343,US-2001-NCLB,2001,12,0.47548400116972245,0.17458509582779155,Health/Welfare/Educ,100
continuous_d23,2013,253343,US-2001-PATRIOT,2001,12,0.41772556763693347,0.25106089206828436,Natl Security & Foreign,100
continuous_d23,2013,253343,US-2002-HAVA,2002,11,0.4771521565370923,0.21111454108277403,Democracy & Governance,100
continuous_d23,2013,253343,US-2002-HOMELAND-SECURITY,2002,11,0.363091326562539,0.19317350983183046,Natl Security & Foreign,100
continuous_d23,2013,253343,US-2002-SOX,2002,11,0.30100261307548715,0.23499376142922376,Economy & Finance,100
continuous_d23,2013,253343,US-2003-LAWRENCE,2003,10,0.3931752050982029,0.2420354241983918,Civil Liberties,100
continuous_d23,2013,253343,US-2003-MEDICARE-MMA,2003,10,0.5386365787991604,0.2221802618514643,Health/Welfare/Educ,100
continuous_d23,2013,253343,US-2007-MASS-EPA,2007,6,0.4235266490938567,0.18928734291001947,Environment & Energy,100
continuous_d23,2013,253343,US-2008-HELLER,2008,5,0.5553372477941737,0.2282155428021203,Criminal Justice & Guns,100
continuous_d23,2013,253343,US-2009-ARRA,2009,4,0.42744818319958405,0.2174200422141955,Economy & Finance,100
continuous_d23,2013,253343,US-2010-ACA,2010,3,0.5144657662617619,0.2361196986377559,Health/Welfare/Educ,100
continuous_d23,2013,253343,US-2010-CITIZENS-UNITED,2010,3,0.559023767054993,0.18960444839345367,Democracy & Governance,100
continuous_d23,2013,253343,US-2010-DODD-FRANK,2010,3,0.4373634591366892,0.20972151052869636,Economy & Finance,100
continuous_d23,2013,253343,US-2010-MCDONALD,2010,3,0.5703216037443147,0.26108414539765507,Criminal Justice & Guns,100
continuous_d23,2013,253343,US-2012-NFIB,2012,1,0.5120908866918076,0.23629437730685818,Health/Welfare/Educ,100
continuous_d23,2013,253343,US-2013-SHELBY,2013,0,0.3277476650379103,0.2056165062510437,Democracy & Governance,100
continuous_d23,2013,253343,US-2013-WINDSOR,2013,0,0.41709622568487914,0.19571600135932177,Civil Rights,100
continuous_d23,2013,253343,US-2014-HOBBY-LOBBY,2014,-1,0.4842664755933768,0.21638584416446147,Civil Liberties,100
continuous_d23,2013,253343,US-2015-OBERGEFELL,2015,-2,0.49789609116870603,0.21549519865743247,Civil Rights,100
continuous_d23,2013,253343,US-2017-TCJA,2017,-4,0.40068797638636616,0.24012521706579165,Economy & Finance,99
continuous_d23,2013,253343,US-2018-JANUS,2018,-5,0.36954082467729227,0.1751535060520126,Labor,99
continuous_d23,2013,253343,US-2019-RUCHO,2019,-6,0.6167883919384279,0.23615091608173638,Democracy & Governance,100
continuous_d23,2013,253343,US-2020-BOSTOCK,2020,-7,0.5039658703315975,0.13087541765690544,Civil Rights,100
continuous_d23,2013,253343,US-2020-CARES,2020,-7,0.37075061300074325,0.22341371139139152,Democracy & Governance,100
continuous_d23,2013,253343,US-2020-MCGIRT,2020,-7,0.47886180748832596,0.29052770508832754,Civil Rights,100
continuous_d23,2013,253343,US-2022-BRUEN,2022,-9,0.3928051264839597,0.25349036369028793,Criminal Justice & Guns,100
continuous_d23,2013,253343,US-2022-CHIPS,2022,-9,0.37638147600626937,0.2096570979805311,Economy & Finance,100
continuous_d23,2013,253343,US-2022-DOBBS,2022,-9,0.47401879600202595,0.24863856038601945,Civil Liberties,99
continuous_d23,2013,253343,US-2022-IRA,2022,-9,0.42723890056285563,0.23545195220744883,Environment & Energy,100
continuous_d23,2013,253343,US-1997-RENO-ACLU,1997,16,0.5871594837946297,0.2188424262380491,Civil Liberties,100
continuous_d23,2013,253343,US-2005-KELO,2005,8,0.4154408919867336,0.2209386587282551,Economy & Finance,100
continuous_d23,2013,253343,US-1993-RFRA,1993,20,0.40175422815039996,0.27631611727672223,Civil Liberties,97
continuous_d23,2013,253343,US-1996-AEDPA,1996,17,0.5257902967470113,0.30067418957762615,Criminal Justice & Guns,98
continuous_d23,2013,253343,US-1996-IIRIRA,1996,17,0.517126380984447,0.2667279080322289,Immigration,100
continuous_d23,2013,253343,US-2001-AUMF,2001,12,0.35935263583894933,0.24889764219750157,Natl Security & Foreign,98
continuous_d23,2013,253343,US-2002-IRAQ-AUMF,2002,11,0.3219185863798618,0.21853845847194694,Natl Security & Foreign,99
continuous_d23,2013,253343,US-2009-LILLY-LEDBETTER,2009,4,0.45641637632111975,0.2558629103390642,Civil Rights,100
continuous_d23,2013,253343,US-2009-HATE-CRIMES,2009,4,0.5226518989279656,0.32038506758541646,Civil Rights,100
continuous_d23,2013,253343,US-2010-DADT-REPEAL,2010,3,0.4110417916801976,0.23752108196835675,Civil Rights,99
continuous_d23,2013,253343,US-2018-FIRST-STEP,2018,-5,0.6239291886196716,0.24104784294182183,Criminal Justice & Guns,99
continuous_d23,2013,253343,US-2021-AMERICAN-RESCUE-PLAN,2021,-8,0.5429969473344033,0.2110720825306955,Democracy & Governance,96
continuous_d23,2013,253343,US-2021-IIJA,2021,-8,0.5734457620147049,0.2830432720002007,Environment & Energy,100
continuous_d23,2013,253343,US-2021-JUNETEENTH,2021,-8,0.5045843664763392,0.2154429006030637,Civil Rights,100
continuous_d23,2013,253343,US-2022-BIPARTISAN-SAFER-COMMUNITIES,2022,-9,0.5380181259095789,0.24920065437247327,Criminal Justice & Guns,99
continuous_d23,2013,253343,US-2022-RESPECT-MARRIAGE,2022,-9,0.4896160662121226,0.22698995313573245,Civil Rights,100
continuous_d23,2013,253343,US-2022-ELECTORAL-COUNT-REFORM,2022,-9,0.36649395096980525,0.2710258988513314,Democracy & Governance,100
continuous_d23,2014,255250,US-1994-CRIME-BILL,1994,20,0.508725045162255,0.18467433965092458,Criminal Justice & Guns,98
continuous_d23,2014,255250,US-1994-NAFTA,1994,20,0.3822864958797685,0.2003304261253161,Economy & Finance,100
continuous_d23,2014,255250,US-1994-VAWA,1994,20,0.47780747610307417,0.1875142787747067,Civil Rights,100
continuous_d23,2014,255250,US-1995-LOPEZ,1995,19,0.5286077792292755,0.21021978658221943,Democracy & Governance,100
continuous_d23,2014,255250,US-1996-DOMA,1996,18,0.6742144811452063,0.16634387182085045,Civil Rights,100
continuous_d23,2014,255250,US-1996-PRWORA,1996,18,0.6412592733959315,0.20829117524117158,Health/Welfare/Educ,100
continuous_d23,2014,255250,US-1996-TELECOM,1996,18,0.6244992469690489,0.23274943083462063,Democracy & Governance,100
continuous_d23,2014,255250,US-1997-PRINTZ,1997,17,0.594386301018985,0.17517943595452976,Democracy & Governance,100
continuous_d23,2014,255250,US-1999-GLBA,1999,15,0.47612829452936717,0.21782891536030213,Economy & Finance,100
continuous_d23,2014,255250,US-2000-BUSH-GORE,2000,14,0.3489774415187461,0.22842412768864948,Democracy & Governance,100
continuous_d23,2014,255250,US-2001-NCLB,2001,13,0.5828844610369297,0.19998377657510727,Health/Welfare/Educ,100
continuous_d23,2014,255250,US-2001-PATRIOT,2001,13,0.617417250326387,0.22821440496878106,Natl Security & Foreign,100
continuous_d23,2014,255250,US-2002-HAVA,2002,12,0.4927996339377519,0.1766822156683507,Democracy & Governance,100
continuous_d23,2014,255250,US-2002-HOMELAND-SECURITY,2002,12,0.5814544104088629,0.2009499948596735,Natl Security & Foreign,100
continuous_d23,2014,255250,US-2002-SOX,2002,12,0.42807837843772,0.21068283032364193,Economy & Finance,100
continuous_d23,2014,255250,US-2003-LAWRENCE,2003,11,0.48641207572602946,0.20501349637641655,Civil Liberties,100
continuous_d23,2014,255250,US-2003-MEDICARE-MMA,2003,11,0.5768495032417412,0.19666729210637837,Health/Welfare/Educ,100
continuous_d23,2014,255250,US-2007-MASS-EPA,2007,7,0.5030613682915469,0.18008613302045093,Environment & Energy,100
continuous_d23,2014,255250,US-2008-HELLER,2008,6,0.5894810643836216,0.21041665847164562,Criminal Justice & Guns,100
continuous_d23,2014,255250,US-2009-ARRA,2009,5,0.48948734715675946,0.2004322982667895,Economy & Finance,100
continuous_d23,2014,255250,US-2010-ACA,2010,4,0.5364264560498121,0.1595717807537507,Health/Welfare/Educ,100
continuous_d23,2014,255250,US-2010-CITIZENS-UNITED,2010,4,0.6421233837119726,0.18626243417795985,Democracy & Governance,100
continuous_d23,2014,255250,US-2010-DODD-FRANK,2010,4,0.619476994263997,0.19965816409416162,Economy & Finance,100
continuous_d23,2014,255250,US-2010-MCDONALD,2010,4,0.5324385283926045,0.23120695869343041,Criminal Justice & Guns,100
continuous_d23,2014,255250,US-2012-NFIB,2012,2,0.547379078921209,0.20599034555822807,Health/Welfare/Educ,100
continuous_d23,2014,255250,US-2013-SHELBY,2013,1,0.3610520575364697,0.20059886484114206,Democracy & Governance,100
continuous_d23,2014,255250,US-2013-WINDSOR,2013,1,0.47460891747883777,0.21007805304563676,Civil Rights,100
continuous_d23,2014,255250,US-2014-HOBBY-LOBBY,2014,0,0.4749877485413962,0.1873485776645846,Civil Liberties,100
continuous_d23,2014,255250,US-2015-OBERGEFELL,2015,-1,0.5528248854487398,0.1990175512153969,Civil Rights,100
continuous_d23,2014,255250,US-2017-TCJA,2017,-3,0.502413074404025,0.18375926248536195,Economy & Finance,99
continuous_d23,2014,255250,US-2018-JANUS,2018,-4,0.405480369086395,0.20277269575940457,Labor,99
continuous_d23,2014,255250,US-2019-RUCHO,2019,-5,0.578891614975565,0.16758339524136484,Democracy & Governance,100
continuous_d23,2014,255250,US-2020-BOSTOCK,2020,-6,0.44406557433947746,0.16317597414945437,Civil Rights,100
continuous_d23,2014,255250,US-2020-CARES,2020,-6,0.5379784943586169,0.17693537362461545,Democracy & Governance,100
continuous_d23,2014,255250,US-2020-MCGIRT,2020,-6,0.5288083829925315,0.34004120716138575,Civil Rights,100
continuous_d23,2014,255250,US-2022-BRUEN,2022,-8,0.5443742269883899,0.2346856606958072,Criminal Justice & Guns,100
continuous_d23,2014,255250,US-2022-CHIPS,2022,-8,0.44808341061925605,0.19376495294747864,Economy & Finance,100
continuous_d23,2014,255250,US-2022-DOBBS,2022,-8,0.4636179389547013,0.17747701212811604,Civil Liberties,99
continuous_d23,2014,255250,US-2022-IRA,2022,-8,0.46999839879890287,0.18257312309700768,Environment & Energy,100
continuous_d23,2014,255250,US-1997-RENO-ACLU,1997,17,0.5585671921469973,0.17956429191220913,Civil Liberties,100
continuous_d23,2014,255250,US-2005-KELO,2005,9,0.4772122950525092,0.21425141440659295,Economy & Finance,100
continuous_d23,2014,255250,US-1996-AEDPA,1996,18,0.48515230659193637,0.21755654586065687,Criminal Justice & Guns,98
continuous_d23,2014,255250,US-1996-IIRIRA,1996,18,0.5533290623704502,0.19481309414030798,Immigration,100
continuous_d23,2014,255250,US-2001-AUMF,2001,13,0.503021319239694,0.1846727527061891,Natl Security & Foreign,98
continuous_d23,2014,255250,US-2002-IRAQ-AUMF,2002,12,0.28539433635230016,0.1922616481783521,Natl Security & Foreign,99
continuous_d23,2014,255250,US-2009-LILLY-LEDBETTER,2009,5,0.4426168224345321,0.212816438415281,Civil Rights,100
continuous_d23,2014,255250,US-2009-HATE-CRIMES,2009,5,0.3764890567029739,0.27420239921802286,Civil Rights,100
continuous_d23,2014,255250,US-2010-DADT-REPEAL,2010,4,0.3556345463279899,0.18398583182963327,Civil Rights,99
continuous_d23,2014,255250,US-2018-FIRST-STEP,2018,-4,0.4841976993875521,0.1900164817995826,Criminal Justice & Guns,99
continuous_d23,2014,255250,US-2021-AMERICAN-RESCUE-PLAN,2021,-7,0.39271705829166853,0.17895513091281115,Democracy & Governance,96
continuous_d23,2014,255250,US-2021-IIJA,2021,-7,0.4638638583118809,0.19969996105586293,Environment & Energy,100
continuous_d23,2014,255250,US-2021-JUNETEENTH,2021,-7,0.5936352444884981,0.20335288555872783,Civil Rights,100
continuous_d23,2014,255250,US-2022-BIPARTISAN-SAFER-COMMUNITIES,2022,-8,0.5686976224582004,0.19530138400625377,Criminal Justice & Guns,99
continuous_d23,2014,255250,US-2022-RESPECT-MARRIAGE,2022,-8,0.4185104120060483,0.18894492189112452,Civil Rights,100
continuous_d23,2014,255250,US-2022-ELECTORAL-COUNT-REFORM,2022,-8,0.3850232913608853,0.19487698321835645,Democracy & Governance,100
continuous_d23,2015,257157,US-1995-LOPEZ,1995,20,0.445544024145024,-0.11475223809762955,Democracy & Governance,100
continuous_d23,2015,257157,US-1996-DOMA,1996,19,0.435400119716022,-0.11464275393114395,Civil Rights,100
continuous_d23,2015,257157,US-1996-PRWORA,1996,19,0.4272069418611571,-0.11675792391479195,Health/Welfare/Educ,100
continuous_d23,2015,257157,US-1996-TELECOM,1996,19,0.3923812597221471,-0.12248058842683505,Democracy & Governance,100
continuous_d23,2015,257157,US-1997-PRINTZ,1997,18,0.4153778196319033,-0.10488098078775408,Democracy & Governance,100
continuous_d23,2015,257157,US-1999-GLBA,1999,16,0.4085928440060584,-0.1353538889722347,Economy & Finance,100
continuous_d23,2015,257157,US-2000-BUSH-GORE,2000,15,0.38564013608177933,-0.11654555767091265,Democracy & Governance,100
continuous_d23,2015,257157,US-2001-NCLB,2001,14,0.4304942822915782,-0.1078064426249214,Health/Welfare/Educ,100
continuous_d23,2015,257157,US-2001-PATRIOT,2001,14,0.3747014875770885,-0.11526770173102106,Natl Security & Foreign,100
continuous_d23,2015,257157,US-2002-HAVA,2002,13,0.38801049056976217,-0.11102154895648787,Democracy & Governance,100
continuous_d23,2015,257157,US-2002-HOMELAND-SECURITY,2002,13,0.3935177053696399,-0.12017206428140285,Natl Security & Foreign,100
continuous_d23,2015,257157,US-2002-SOX,2002,13,0.40050115283236154,-0.10129522442490524,Economy & Finance,100
continuous_d23,2015,257157,US-2003-LAWRENCE,2003,12,0.409946241176828,-0.11089923296150564,Civil Liberties,100
continuous_d23,2015,257157,US-2003-MEDICARE-MMA,2003,12,0.39421625557750284,-0.1222312567152136,Health/Welfare/Educ,100
continuous_d23,2015,257157,US-2007-MASS-EPA,2007,8,0.3870973356045595,-0.13875396909202756,Environment & Energy,100
continuous_d23,2015,257157,US-2008-HELLER,2008,7,0.4737873485716777,-0.11859250997314391,Criminal Justice & Guns,100
continuous_d23,2015,257157,US-2009-ARRA,2009,6,0.4272706083719838,-0.12623640246402215,Economy & Finance,100
continuous_d23,2015,257157,US-2010-ACA,2010,5,0.39637819070589264,-0.10871489554733847,Health/Welfare/Educ,100
continuous_d23,2015,257157,US-2010-CITIZENS-UNITED,2010,5,0.4517286442496581,-0.10483900295744703,Democracy & Governance,100
continuous_d23,2015,257157,US-2010-DODD-FRANK,2010,5,0.3980811689464939,-0.11227857722148354,Economy & Finance,100
continuous_d23,2015,257157,US-2010-MCDONALD,2010,5,0.4113401211990692,-0.1170516217030436,Criminal Justice & Guns,100
continuous_d23,2015,257157,US-2012-NFIB,2012,3,0.3740626123900502,-0.1099675832938604,Health/Welfare/Educ,100
continuous_d23,2015,257157,US-2013-SHELBY,2013,2,0.39152706758776573,-0.10680305575176194,Democracy & Governance,100
continuous_d23,2015,257157,US-2013-WINDSOR,2013,2,0.39723606860402216,-0.12247204075421653,Civil Rights,100
continuous_d23,2015,257157,US-2014-HOBBY-LOBBY,2014,1,0.3782158058600498,-0.11668265926741257,Civil Liberties,100
continuous_d23,2015,257157,US-2015-OBERGEFELL,2015,0,0.3984158452912071,-0.11556073967527718,Civil Rights,100
continuous_d23,2015,257157,US-2017-TCJA,2017,-2,0.404318502302961,-0.1087317243515337,Economy & Finance,99
continuous_d23,2015,257157,US-2018-JANUS,2018,-3,0.3635668556109743,-0.10381434334394371,Labor,99
continuous_d23,2015,257157,US-2019-RUCHO,2019,-4,0.444526089596864,-0.11714137856406417,Democracy & Governance,100
continuous_d23,2015,257157,US-2020-BOSTOCK,2020,-5,0.39494459890122136,-0.10413164808434405,Civil Rights,100
continuous_d23,2015,257157,US-2020-CARES,2020,-5,0.4043652535339833,-0.11083652813437768,Democracy & Governance,100
continuous_d23,2015,257157,US-2020-MCGIRT,2020,-5,0.40143568746049224,-0.11389155350164529,Civil Rights,100
continuous_d23,2015,257157,US-2022-BRUEN,2022,-7,0.4470057258881669,-0.11236876919895154,Criminal Justice & Guns,100
continuous_d23,2015,257157,US-2022-CHIPS,2022,-7,0.3934817001199801,-0.11504110597619768,Economy & Finance,100
continuous_d23,2015,257157,US-2022-DOBBS,2022,-7,0.414336258076948,-0.11724537855885035,Civil Liberties,99
continuous_d23,2015,257157,US-2022-IRA,2022,-7,0.4265106654520162,-0.11031099368844903,Environment & Energy,100
continuous_d23,2015,257157,US-1997-RENO-ACLU,1997,18,0.4155904904869041,-0.11774780549637297,Civil Liberties,100
continuous_d23,2015,257157,US-2005-KELO,2005,10,0.3632148330935063,-0.12243185689369111,Economy & Finance,100
continuous_d23,2015,257157,US-1996-AEDPA,1996,19,0.4408503014722654,-0.1335929008171409,Criminal Justice & Guns,98
continuous_d23,2015,257157,US-1996-IIRIRA,1996,19,0.397621529363127,-0.11544466400007014,Immigration,100
continuous_d23,2015,257157,US-2001-AUMF,2001,14,0.4139918094957577,-0.12554149864057262,Natl Security & Foreign,98
continuous_d23,2015,257157,US-2002-IRAQ-AUMF,2002,13,0.4273834810601528,-0.11933584969364126,Natl Security & Foreign,99
continuous_d23,2015,257157,US-2009-LILLY-LEDBETTER,2009,6,0.4135090268092392,-0.11303739987205358,Civil Rights,100
continuous_d23,2015,257157,US-2009-HATE-CRIMES,2009,6,0.45933326306911987,-0.136378897510684,Civil Rights,100
continuous_d23,2015,257157,US-2010-DADT-REPEAL,2010,5,0.42667226738663644,-0.13415021573440447,Civil Rights,99
continuous_d23,2015,257157,US-2018-FIRST-STEP,2018,-3,0.3886402043599535,-0.1143743760077954,Criminal Justice & Guns,99
continuous_d23,2015,257157,US-2021-AMERICAN-RESCUE-PLAN,2021,-6,0.45125662107757275,-0.14080434122616511,Democracy & Governance,96
continuous_d23,2015,257157,US-2021-IIJA,2021,-6,0.4371194808749042,-0.1514352767997764,Environment & Energy,100
continuous_d23,2015,257157,US-2021-JUNETEENTH,2021,-6,0.427453897506455,-0.10020255202616081,Civil Rights,100
continuous_d23,2015,257157,US-2022-BIPARTISAN-SAFER-COMMUNITIES,2022,-7,0.42330882210318205,-0.13059786981798857,Criminal Justice & Guns,99
continuous_d23,2015,257157,US-2022-RESPECT-MARRIAGE,2022,-7,0.38670273752826567,-0.12205065634345756,Civil Rights,100
continuous_d23,2015,257157,US-2022-ELECTORAL-COUNT-REFORM,2022,-7,0.4110795092152359,-0.13205480493778887,Democracy & Governance,100
continuous_d23,2016,259065,US-1996-DOMA,1996,20,0.4873053144797458,0.029865153811350596,Civil Rights,100
continuous_d23,2016,259065,US-1996-PRWORA,1996,20,0.4540046811058202,0.06985669279376093,Health/Welfare/Educ,100
continuous_d23,2016,259065,US-1996-TELECOM,1996,20,0.46493181909315723,0.07262628878985612,Democracy & Governance,100
continuous_d23,2016,259065,US-1997-PRINTZ,1997,19,0.4291873849078711,0.05268719342453156,Democracy & Governance,100
continuous_d23,2016,259065,US-1999-GLBA,1999,17,0.4176336157211364,0.04548817769088637,Economy & Finance,100
continuous_d23,2016,259065,US-2000-BUSH-GORE,2000,16,0.3009276194429608,0.09532955432753037,Democracy & Governance,100
continuous_d23,2016,259065,US-2001-NCLB,2001,15,0.43928155095561655,0.050500884588565914,Health/Welfare/Educ,100
continuous_d23,2016,259065,US-2001-PATRIOT,2001,15,0.4828089195369145,0.10408074830057508,Natl Security & Foreign,100
continuous_d23,2016,259065,US-2002-HAVA,2002,14,0.40699913780074004,0.02031755356299074,Democracy & Governance,100
continuous_d23,2016,259065,US-2002-HOMELAND-SECURITY,2002,14,0.46631347635320913,0.131828244814512,Natl Security & Foreign,100
continuous_d23,2016,259065,US-2002-SOX,2002,14,0.3731466115709221,0.07195464307683672,Economy & Finance,100
continuous_d23,2016,259065,US-2003-LAWRENCE,2003,13,0.323396624227607,0.07959762305297287,Civil Liberties,100
continuous_d23,2016,259065,US-2003-MEDICARE-MMA,2003,13,0.3658679594506477,0.030990693909754233,Health/Welfare/Educ,100
continuous_d23,2016,259065,US-2007-MASS-EPA,2007,9,0.44961805875513794,0.03687845462051687,Environment & Energy,100
continuous_d23,2016,259065,US-2008-HELLER,2008,8,0.4387488467583991,-0.007637722296256437,Criminal Justice & Guns,100
continuous_d23,2016,259065,US-2009-ARRA,2009,7,0.38318629199005216,0.09876638183070295,Economy & Finance,100
continuous_d23,2016,259065,US-2010-ACA,2010,6,0.5195346033641178,0.014178035133015498,Health/Welfare/Educ,100
continuous_d23,2016,259065,US-2010-CITIZENS-UNITED,2010,6,0.46088721686995504,0.02148070199848498,Democracy & Governance,100
continuous_d23,2016,259065,US-2010-DODD-FRANK,2010,6,0.5128146406817146,0.036383614491717876,Economy & Finance,100
continuous_d23,2016,259065,US-2010-MCDONALD,2010,6,0.3917365316633494,0.07055023005866519,Criminal Justice & Guns,100
continuous_d23,2016,259065,US-2012-NFIB,2012,4,0.5052131242600032,0.056945928235339754,Health/Welfare/Educ,100
continuous_d23,2016,259065,US-2013-SHELBY,2013,3,0.4104809090433801,0.09748132152144004,Democracy & Governance,100
continuous_d23,2016,259065,US-2013-WINDSOR,2013,3,0.3558814305212946,0.06893366193693055,Civil Rights,100
continuous_d23,2016,259065,US-2014-HOBBY-LOBBY,2014,2,0.42821625024054116,0.04797902363073622,Civil Liberties,100
continuous_d23,2016,259065,US-2015-OBERGEFELL,2015,1,0.45319631974100744,0.06490201807742679,Civil Rights,100
continuous_d23,2016,259065,US-2017-TCJA,2017,-1,0.3855982270942829,0.016227752888551775,Economy & Finance,99
continuous_d23,2016,259065,US-2018-JANUS,2018,-2,0.34841282960005016,0.10081805400537322,Labor,99
continuous_d23,2016,259065,US-2019-RUCHO,2019,-3,0.360544405809104,0.020976863094343594,Democracy & Governance,100
continuous_d23,2016,259065,US-2020-BOSTOCK,2020,-4,0.3763913876648735,0.0022508379203423235,Civil Rights,100
continuous_d23,2016,259065,US-2020-CARES,2020,-4,0.40630886726217874,0.07545662084276566,Democracy & Governance,100
continuous_d23,2016,259065,US-2020-MCGIRT,2020,-4,0.3106383827110383,0.14746301370258025,Civil Rights,100
continuous_d23,2016,259065,US-2022-BRUEN,2022,-6,0.44527451033850196,0.08462293497727133,Criminal Justice & Guns,100
continuous_d23,2016,259065,US-2022-CHIPS,2022,-6,0.38443275502769825,0.0379275324664461,Economy & Finance,100
continuous_d23,2016,259065,US-2022-DOBBS,2022,-6,0.39944800355992777,0.010646693016904962,Civil Liberties,99
continuous_d23,2016,259065,US-2022-IRA,2022,-6,0.42430401372312443,0.05192253317356138,Environment & Energy,100
continuous_d23,2016,259065,US-1997-RENO-ACLU,1997,19,0.5508549610575263,0.08176928531862293,Civil Liberties,100
continuous_d23,2016,259065,US-2005-KELO,2005,11,0.3651819552528135,0.04089711532763551,Economy & Finance,100
continuous_d23,2016,259065,US-1996-AEDPA,1996,20,0.38386668290749476,0.14762005946746323,Criminal Justice & Guns,98
continuous_d23,2016,259065,US-1996-IIRIRA,1996,20,0.3927469642465614,0.13436668492453527,Immigration,100
continuous_d23,2016,259065,US-2001-AUMF,2001,15,0.4201051574289283,0.10639996183463932,Natl Security & Foreign,98
continuous_d23,2016,259065,US-2002-IRAQ-AUMF,2002,14,0.3200379345958808,0.0910960338427704,Natl Security & Foreign,99
continuous_d23,2016,259065,US-2009-LILLY-LEDBETTER,2009,7,0.28614298114382963,0.14636429675916254,Civil Rights,100
continuous_d23,2016,259065,US-2009-HATE-CRIMES,2009,7,0.4374402029646229,0.10648298942868069,Civil Rights,100
continuous_d23,2016,259065,US-2010-DADT-REPEAL,2010,6,0.42184551222673705,0.14002634491616664,Civil Rights,99
continuous_d23,2016,259065,US-2018-FIRST-STEP,2018,-2,0.4558555208597053,0.14337543785201362,Criminal Justice & Guns,99
continuous_d23,2016,259065,US-2021-AMERICAN-RESCUE-PLAN,2021,-5,0.42405105541220167,0.052530433084353706,Democracy & Governance,96
continuous_d23,2016,259065,US-2021-IIJA,2021,-5,0.5193132556558564,0.14850670688146786,Environment & Energy,100
continuous_d23,2016,259065,US-2021-JUNETEENTH,2021,-5,0.4892126725592284,0.13228605225354648,Civil Rights,100
continuous_d23,2016,259065,US-2022-BIPARTISAN-SAFER-COMMUNITIES,2022,-6,0.4027693167063205,0.10667995472535384,Criminal Justice & Guns,99
continuous_d23,2016,259065,US-2022-RESPECT-MARRIAGE,2022,-6,0.4195323936046473,0.09084948836506439,Civil Rights,100
continuous_d23,2016,259065,US-2022-ELECTORAL-COUNT-REFORM,2022,-6,0.35948336054979035,0.13171010183766443,Democracy & Governance,100
continuous_d23,2017,260972,US-1997-PRINTZ,1997,20,0.32573540302456955,0.12487814147055215,Democracy & Governance,100
continuous_d23,2017,260972,US-1999-GLBA,1999,18,0.34241139424264433,0.157487983844396,Economy & Finance,100
continuous_d23,2017,260972,US-2000-BUSH-GORE,2000,17,0.30625860480515193,0.13110591405407004,Democracy & Governance,100
continuous_d23,2017,260972,US-2001-NCLB,2001,16,0.2676991450848743,0.14713582010137433,Health/Welfare/Educ,100
continuous_d23,2017,260972,US-2001-PATRIOT,2001,16,0.34337432045767713,0.133042608032119,Natl Security & Foreign,100
continuous_d23,2017,260972,US-2002-HAVA,2002,15,0.2667301223372693,0.08978808774313243,Democracy & Governance,100
continuous_d23,2017,260972,US-2002-HOMELAND-SECURITY,2002,15,0.36552396170186247,0.1376243651123976,Natl Security & Foreign,100
continuous_d23,2017,260972,US-2002-SOX,2002,15,0.19995079125846602,0.14878546165694936,Economy & Finance,100
continuous_d23,2017,260972,US-2003-LAWRENCE,2003,14,0.3315101595277652,0.0890494195742531,Civil Liberties,100
continuous_d23,2017,260972,US-2003-MEDICARE-MMA,2003,14,0.35815676741712593,0.165781369907787,Health/Welfare/Educ,100
continuous_d23,2017,260972,US-2007-MASS-EPA,2007,10,0.3520572058532022,0.13676409286917973,Environment & Energy,100
continuous_d23,2017,260972,US-2008-HELLER,2008,9,0.3380151249747472,0.03944036985595866,Criminal Justice & Guns,100
continuous_d23,2017,260972,US-2009-ARRA,2009,8,0.4200085279353448,0.11909684212546592,Economy & Finance,100
continuous_d23,2017,260972,US-2010-ACA,2010,7,0.3486268622058397,0.1335170070404928,Health/Welfare/Educ,100
continuous_d23,2017,260972,US-2010-CITIZENS-UNITED,2010,7,0.2934385688759811,0.1283413409746867,Democracy & Governance,100
continuous_d23,2017,260972,US-2010-DODD-FRANK,2010,7,0.47638881505026637,0.16404493863762876,Economy & Finance,100
continuous_d23,2017,260972,US-2010-MCDONALD,2010,7,0.35029140998578545,0.10929264802377098,Criminal Justice & Guns,100
continuous_d23,2017,260972,US-2012-NFIB,2012,5,0.552070473713194,0.07519621095848164,Health/Welfare/Educ,100
continuous_d23,2017,260972,US-2013-SHELBY,2013,4,0.40977851408373567,0.13275854386176852,Democracy & Governance,100
continuous_d23,2017,260972,US-2013-WINDSOR,2013,4,0.3408568387640562,0.10012329289974418,Civil Rights,100
continuous_d23,2017,260972,US-2014-HOBBY-LOBBY,2014,3,0.2562286907974301,0.1470805002058227,Civil Liberties,100
continuous_d23,2017,260972,US-2015-OBERGEFELL,2015,2,0.5028584808891751,0.1023259273507616,Civil Rights,100
continuous_d23,2017,260972,US-2017-TCJA,2017,0,0.3127994184339649,0.07247390751009103,Economy & Finance,99
continuous_d23,2017,260972,US-2018-JANUS,2018,-1,0.28746151431718314,0.17296256996671525,Labor,99
continuous_d23,2017,260972,US-2019-RUCHO,2019,-2,0.3405486573843297,0.10619427076731483,Democracy & Governance,100
continuous_d23,2017,260972,US-2020-BOSTOCK,2020,-3,0.27898291789105073,0.03944151242457757,Civil Rights,100
continuous_d23,2017,260972,US-2020-CARES,2020,-3,0.25297611981567997,0.14352081347277185,Democracy & Governance,100
continuous_d23,2017,260972,US-2020-MCGIRT,2020,-3,0.2788973649595439,0.1442693042734446,Civil Rights,100
continuous_d23,2017,260972,US-2022-BRUEN,2022,-5,0.35541943915524,0.15822708461075707,Criminal Justice & Guns,100
continuous_d23,2017,260972,US-2022-CHIPS,2022,-5,0.3653353312383764,0.13519136859074668,Economy & Finance,100
continuous_d23,2017,260972,US-2022-DOBBS,2022,-5,0.3510170937115535,0.05077750180203083,Civil Liberties,99
continuous_d23,2017,260972,US-2022-IRA,2022,-5,0.42264982964299563,0.12337610203245317,Environment & Energy,100
continuous_d23,2017,260972,US-1997-RENO-ACLU,1997,20,0.548290762458702,0.08341266959234245,Civil Liberties,100
continuous_d23,2017,260972,US-2005-KELO,2005,12,0.29154433757044274,0.11954575875203075,Economy & Finance,100
continuous_d23,2017,260972,US-2001-AUMF,2001,16,0.2533211345802868,0.14360409354473222,Natl Security & Foreign,98
continuous_d23,2017,260972,US-2002-IRAQ-AUMF,2002,15,0.31051124662737417,0.12342178834559432,Natl Security & Foreign,99
continuous_d23,2017,260972,US-2009-LILLY-LEDBETTER,2009,8,0.2460230592131153,0.08995816810323615,Civil Rights,100
continuous_d23,2017,260972,US-2009-HATE-CRIMES,2009,8,0.3169930715310961,0.20204503948867614,Civil Rights,100
continuous_d23,2017,260972,US-2010-DADT-REPEAL,2010,7,0.3005076410933089,0.05558364562988137,Civil Rights,99
continuous_d23,2017,260972,US-2018-FIRST-STEP,2018,-1,0.41432503156374784,0.11166819001130215,Criminal Justice & Guns,99
continuous_d23,2017,260972,US-2021-AMERICAN-RESCUE-PLAN,2021,-4,0.3321732765342857,0.09182810413114761,Democracy & Governance,96
continuous_d23,2017,260972,US-2021-IIJA,2021,-4,0.5042221707774402,0.14559466250750341,Environment & Energy,100
continuous_d23,2017,260972,US-2021-JUNETEENTH,2021,-4,0.38580853810588744,0.09036272854733791,Civil Rights,100
continuous_d23,2017,260972,US-2022-BIPARTISAN-SAFER-COMMUNITIES,2022,-5,0.35244931443562305,0.12034721238242622,Criminal Justice & Guns,99
continuous_d23,2017,260972,US-2022-RESPECT-MARRIAGE,2022,-5,0.4047716265963644,0.05786214628645941,Civil Rights,100
continuous_d23,2017,260972,US-2022-ELECTORAL-COUNT-REFORM,2022,-5,0.24848014227572715,0.12354867488081803,Democracy & Governance,100
continuous_d23,2018,262879,US-1999-GLBA,1999,19,0.6090489752391467,0.19907950813746722,Economy & Finance,100
continuous_d23,2018,262879,US-2000-BUSH-GORE,2000,18,0.40693955091307005,0.16637388056292338,Democracy & Governance,100
continuous_d23,2018,262879,US-2001-NCLB,2001,17,0.5212828830900148,0.14447580694333526,Health/Welfare/Educ,100
continuous_d23,2018,262879,US-2001-PATRIOT,2001,17,0.37959301999932543,0.22068112202345744,Natl Security & Foreign,100
continuous_d23,2018,262879,US-2002-HAVA,2002,16,0.42930158882450375,0.12110994451469387,Democracy & Governance,100
continuous_d23,2018,262879,US-2002-HOMELAND-SECURITY,2002,16,0.4264450237786835,0.2074650811324586,Natl Security & Foreign,100
continuous_d23,2018,262879,US-2002-SOX,2002,16,0.26673561558947806,0.1580075203431776,Economy & Finance,100
continuous_d23,2018,262879,US-2003-LAWRENCE,2003,15,0.3752840444055277,0.14122849082453884,Civil Liberties,100
continuous_d23,2018,262879,US-2003-MEDICARE-MMA,2003,15,0.4802726070277889,0.17786871577611774,Health/Welfare/Educ,100
continuous_d23,2018,262879,US-2007-MASS-EPA,2007,11,0.37256623229840263,0.19315108685800322,Environment & Energy,100
continuous_d23,2018,262879,US-2008-HELLER,2008,10,0.4219833707005123,0.10141323605622521,Criminal Justice & Guns,100
continuous_d23,2018,262879,US-2009-ARRA,2009,9,0.505511060574042,0.19016148869981314,Economy & Finance,100
continuous_d23,2018,262879,US-2010-ACA,2010,8,0.5838479456677057,0.1106536265825452,Health/Welfare/Educ,100
continuous_d23,2018,262879,US-2010-CITIZENS-UNITED,2010,8,0.4368901023155476,0.16408119746288996,Democracy & Governance,100
continuous_d23,2018,262879,US-2010-DODD-FRANK,2010,8,0.6356942184986856,0.18820176992221158,Economy & Finance,100
continuous_d23,2018,262879,US-2010-MCDONALD,2010,8,0.45522909751377605,0.16995916150290336,Criminal Justice & Guns,100
continuous_d23,2018,262879,US-2012-NFIB,2012,6,0.6012717544665024,0.09350404713975079,Health/Welfare/Educ,100
continuous_d23,2018,262879,US-2013-SHELBY,2013,5,0.4152794063543498,0.18843959163458127,Democracy & Governance,100
continuous_d23,2018,262879,US-2013-WINDSOR,2013,5,0.32025831295517326,0.15224439034362408,Civil Rights,100
continuous_d23,2018,262879,US-2014-HOBBY-LOBBY,2014,4,0.43532551948079684,0.15877691871610583,Civil Liberties,100
continuous_d23,2018,262879,US-2015-OBERGEFELL,2015,3,0.4683100536558647,0.10595607716028271,Civil Rights,100
continuous_d23,2018,262879,US-2017-TCJA,2017,1,0.4824818811228444,0.16645579273786973,Economy & Finance,99
continuous_d23,2018,262879,US-2018-JANUS,2018,0,0.3395850425499298,0.18905857347152918,Labor,99
continuous_d23,2018,262879,US-2019-RUCHO,2019,-1,0.45076285505954516,0.10031578695451547,Democracy & Governance,100
continuous_d23,2018,262879,US-2020-BOSTOCK,2020,-2,0.36914893809763144,0.01893858009488408,Civil Rights,100
continuous_d23,2018,262879,US-2020-CARES,2020,-2,0.33823432287613264,0.15012433750965135,Democracy & Governance,100
continuous_d23,2018,262879,US-2020-MCGIRT,2020,-2,0.3562239064887825,0.2149306095068129,Civil Rights,100
continuous_d23,2018,262879,US-2022-BRUEN,2022,-4,0.34139286268228725,0.19767935168119155,Criminal Justice & Guns,100
continuous_d23,2018,262879,US-2022-CHIPS,2022,-4,0.4662476639986422,0.2053263153677544,Economy & Finance,100
continuous_d23,2018,262879,US-2022-DOBBS,2022,-4,0.41947036343267563,0.13982587674678135,Civil Liberties,99
continuous_d23,2018,262879,US-2022-IRA,2022,-4,0.4642833141679297,0.1581510232716641,Environment & Energy,100
continuous_d23,2018,262879,US-2005-KELO,2005,13,0.43578399785884103,0.23617526259468938,Economy & Finance,100
continuous_d23,2018,262879,US-2001-AUMF,2001,17,0.40765214757998397,0.1818734490988601,Natl Security & Foreign,98
continuous_d23,2018,262879,US-2002-IRAQ-AUMF,2002,16,0.29031591306355303,0.14783828486728726,Natl Security & Foreign,99
continuous_d23,2018,262879,US-2009-LILLY-LEDBETTER,2009,9,0.2660864650746554,0.17481266218723854,Civil Rights,100
continuous_d23,2018,262879,US-2009-HATE-CRIMES,2009,9,0.4540837454098821,0.14062116029463836,Civil Rights,100
continuous_d23,2018,262879,US-2010-DADT-REPEAL,2010,8,0.27498592373033165,0.11012433597172412,Civil Rights,99
continuous_d23,2018,262879,US-2018-FIRST-STEP,2018,0,0.5606679821510795,0.17155972172648049,Criminal Justice & Guns,99
continuous_d23,2018,262879,US-2021-AMERICAN-RESCUE-PLAN,2021,-3,0.5722770320037402,0.12531241138438828,Democracy & Governance,96
continuous_d23,2018,262879,US-2021-IIJA,2021,-3,0.6673760906685788,0.2275868901938362,Environment & Energy,100
continuous_d23,2018,262879,US-2021-JUNETEENTH,2021,-3,0.34963401056981597,0.19123454963923478,Civil Rights,100
continuous_d23,2018,262879,US-2022-BIPARTISAN-SAFER-COMMUNITIES,2022,-4,0.3615304541242876,0.19986046443475758,Criminal Justice & Guns,99
continuous_d23,2018,262879,US-2022-RESPECT-MARRIAGE,2022,-4,0.47694447824154795,0.12402941606493396,Civil Rights,100
continuous_d23,2018,262879,US-2022-ELECTORAL-COUNT-REFORM,2022,-4,0.45214949065290666,0.188318753628465,Democracy & Governance,100
continuous_d23,2019,264787,US-1999-GLBA,1999,20,0.28199841031685074,-0.10634796317267636,Economy & Finance,100
continuous_d23,2019,264787,US-2000-BUSH-GORE,2000,19,0.20301602050099007,-0.11515795223746801,Democracy & Governance,100
continuous_d23,2019,264787,US-2001-NCLB,2001,18,0.2104360615742857,-0.1021457726865127,Health/Welfare/Educ,100
continuous_d23,2019,264787,US-2001-PATRIOT,2001,18,0.21580421865633428,-0.09771663638825613,Natl Security & Foreign,100
continuous_d23,2019,264787,US-2002-HAVA,2002,17,0.19719486292340682,-0.11434946226158706,Democracy & Governance,100
continuous_d23,2019,264787,US-2002-HOMELAND-SECURITY,2002,17,0.24775671089399032,-0.11918657629559429,Natl Security & Foreign,100
continuous_d23,2019,264787,US-2002-SOX,2002,17,0.2518482447798778,-0.12153556084193617,Economy & Finance,100
continuous_d23,2019,264787,US-2003-LAWRENCE,2003,16,0.23615130262346157,-0.10025277892679291,Civil Liberties,100
continuous_d23,2019,264787,US-2003-MEDICARE-MMA,2003,16,0.2628177883045221,-0.10848931137566903,Health/Welfare/Educ,100
continuous_d23,2019,264787,US-2007-MASS-EPA,2007,12,0.29673043406642,-0.10338128599821707,Environment & Energy,100
continuous_d23,2019,264787,US-2008-HELLER,2008,11,0.2540879810217943,-0.1152072446460496,Criminal Justice & Guns,100
continuous_d23,2019,264787,US-2009-ARRA,2009,10,0.23621373548383634,-0.10817863028384603,Economy & Finance,100
continuous_d23,2019,264787,US-2010-ACA,2010,9,0.22416576353457582,-0.10029513056323515,Health/Welfare/Educ,100
continuous_d23,2019,264787,US-2010-CITIZENS-UNITED,2010,9,0.26189675548769353,-0.10393526120980258,Democracy & Governance,100
continuous_d23,2019,264787,US-2010-DODD-FRANK,2010,9,0.19487663859626017,-0.11079352289807501,Economy & Finance,100
continuous_d23,2019,264787,US-2010-MCDONALD,2010,9,0.21747176785792377,-0.1022774489022802,Criminal Justice & Guns,100
continuous_d23,2019,264787,US-2012-NFIB,2012,7,0.2698442176977948,-0.09428614633896892,Health/Welfare/Educ,100
continuous_d23,2019,264787,US-2013-SHELBY,2013,6,0.22462959553891954,-0.09168565186986621,Democracy & Governance,100
continuous_d23,2019,264787,US-2013-WINDSOR,2013,6,0.22731385069571755,-0.09737646510496488,Civil Rights,100
continuous_d23,2019,264787,US-2014-HOBBY-LOBBY,2014,5,0.2565868264591903,-0.1022739002422389,Civil Liberties,100
continuous_d23,2019,264787,US-2015-OBERGEFELL,2015,4,0.25396762199595385,-0.11247407569773542,Civil Rights,100
continuous_d23,2019,264787,US-2017-TCJA,2017,2,0.23887808954420647,-0.10960202002819111,Economy & Finance,99
continuous_d23,2019,264787,US-2018-JANUS,2018,1,0.24430421167671898,-0.10764758245283729,Labor,99
continuous_d23,2019,264787,US-2019-RUCHO,2019,0,0.25674829904997964,-0.11362422327732391,Democracy & Governance,100
continuous_d23,2019,264787,US-2020-BOSTOCK,2020,-1,0.23368304648580704,-0.10620850410638395,Civil Rights,100
continuous_d23,2019,264787,US-2020-CARES,2020,-1,0.2510140912158525,-0.11599285408143829,Democracy & Governance,100
continuous_d23,2019,264787,US-2020-MCGIRT,2020,-1,0.2544045448623512,-0.09713970105272042,Civil Rights,100
continuous_d23,2019,264787,US-2022-BRUEN,2022,-3,0.2849129035609082,-0.10038809328893988,Criminal Justice & Guns,100
continuous_d23,2019,264787,US-2022-CHIPS,2022,-3,0.26624868740654195,-0.11719211762739748,Economy & Finance,100
continuous_d23,2019,264787,US-2022-DOBBS,2022,-3,0.20739529799271814,-0.11152321504292254,Civil Liberties,99
continuous_d23,2019,264787,US-2022-IRA,2022,-3,0.21274943226680385,-0.1182367673454343,Environment & Energy,100
continuous_d23,2019,264787,US-2005-KELO,2005,14,0.24881136270382215,-0.10958198805684517,Economy & Finance,100
continuous_d23,2019,264787,US-2001-AUMF,2001,18,0.27769774971778394,-0.12138638063161233,Natl Security & Foreign,98
continuous_d23,2019,264787,US-2002-IRAQ-AUMF,2002,17,0.3050717027994783,-0.11250509752515514,Natl Security & Foreign,99
continuous_d23,2019,264787,US-2009-LILLY-LEDBETTER,2009,10,0.25653384967393555,-0.11170543659853951,Civil Rights,100
continuous_d23,2019,264787,US-2009-HATE-CRIMES,2009,10,0.31972186549022547,-0.11795816548161872,Civil Rights,100
continuous_d23,2019,264787,US-2010-DADT-REPEAL,2010,9,0.2640656452552577,-0.09990039118929007,Civil Rights,99
continuous_d23,2019,264787,US-2018-FIRST-STEP,2018,1,0.23031542379103315,-0.12608072843465065,Criminal Justice & Guns,99
continuous_d23,2019,264787,US-2021-AMERICAN-RESCUE-PLAN,2021,-2,0.3169760638503033,-0.12781597712292173,Democracy & Governance,96
continuous_d23,2019,264787,US-2021-IIJA,2021,-2,0.3518406988830916,-0.11383577121744386,Environment & Energy,100
continuous_d23,2019,264787,US-2021-JUNETEENTH,2021,-2,0.22111610552274422,-0.09247939414574173,Civil Rights,100
continuous_d23,2019,264787,US-2022-BIPARTISAN-SAFER-COMMUNITIES,2022,-3,0.32484740708114157,-0.13143929573398194,Criminal Justice & Guns,99
continuous_d23,2019,264787,US-2022-RESPECT-MARRIAGE,2022,-3,0.20849375503011278,-0.10858220303420563,Civil Rights,100
continuous_d23,2019,264787,US-2022-ELECTORAL-COUNT-REFORM,2022,-3,0.22117335825922205,-0.1132113375363766,Democracy & Governance,100
continuous_d23,2020,266694,US-2000-BUSH-GORE,2000,20,0.6695632801626229,0.24181036969700645,Democracy & Governance,100
continuous_d23,2020,266694,US-2001-NCLB,2001,19,0.7972267189817895,0.2852834421718242,Health/Welfare/Educ,100
continuous_d23,2020,266694,US-2001-PATRIOT,2001,19,0.777601224540923,0.28980576767994937,Natl Security & Foreign,100
continuous_d23,2020,266694,US-2002-HAVA,2002,18,0.7384905766954947,0.23845427318681786,Democracy & Governance,100
continuous_d23,2020,266694,US-2002-HOMELAND-SECURITY,2002,18,0.7485324234322746,0.3179364520600057,Natl Security & Foreign,100
continuous_d23,2020,266694,US-2002-SOX,2002,18,0.7505635237582282,0.3009471560638367,Economy & Finance,100
continuous_d23,2020,266694,US-2003-LAWRENCE,2003,17,0.6590042600085829,0.26682198220249165,Civil Liberties,100
continuous_d23,2020,266694,US-2003-MEDICARE-MMA,2003,17,0.8492874497372054,0.2903528142029394,Health/Welfare/Educ,100
continuous_d23,2020,266694,US-2007-MASS-EPA,2007,13,0.6441448155778907,0.32060126461915084,Environment & Energy,100
continuous_d23,2020,266694,US-2008-HELLER,2008,12,0.5959494018194025,0.22230103251631625,Criminal Justice & Guns,100
continuous_d23,2020,266694,US-2009-ARRA,2009,11,0.8102678053478551,0.2761133094260066,Economy & Finance,100
continuous_d23,2020,266694,US-2010-ACA,2010,10,0.8155849247817322,0.29205548035576523,Health/Welfare/Educ,100
continuous_d23,2020,266694,US-2010-CITIZENS-UNITED,2010,10,0.7269447602341518,0.2753217974590209,Democracy & Governance,100
continuous_d23,2020,266694,US-2010-DODD-FRANK,2010,10,0.7707961428669536,0.3133099651951436,Economy & Finance,100
continuous_d23,2020,266694,US-2010-MCDONALD,2010,10,0.7128353220562704,0.2856022567253397,Criminal Justice & Guns,100
continuous_d23,2020,266694,US-2012-NFIB,2012,8,0.7848273024331424,0.263879895448781,Health/Welfare/Educ,100
continuous_d23,2020,266694,US-2013-SHELBY,2013,7,0.6571186474035576,0.3268696429429574,Democracy & Governance,100
continuous_d23,2020,266694,US-2013-WINDSOR,2013,7,0.5843339702350151,0.2785604072531917,Civil Rights,100
continuous_d23,2020,266694,US-2014-HOBBY-LOBBY,2014,6,0.7763244388655355,0.30111960590744835,Civil Liberties,100
continuous_d23,2020,266694,US-2015-OBERGEFELL,2015,5,0.751244378041415,0.31461582720438874,Civil Rights,100
continuous_d23,2020,266694,US-2017-TCJA,2017,3,0.7227945993034817,0.23720401422424,Economy & Finance,99
continuous_d23,2020,266694,US-2018-JANUS,2018,2,0.6445986724818483,0.28557069813502983,Labor,99
continuous_d23,2020,266694,US-2019-RUCHO,2019,1,0.6461610002311715,0.21802846029886536,Democracy & Governance,100
continuous_d23,2020,266694,US-2020-BOSTOCK,2020,0,0.646201489318816,0.15378969500193618,Civil Rights,100
continuous_d23,2020,266694,US-2020-CARES,2020,0,0.796360756312418,0.29048749475233443,Democracy & Governance,100
continuous_d23,2020,266694,US-2020-MCGIRT,2020,0,0.6929445161934606,0.3280054883921132,Civil Rights,100
continuous_d23,2020,266694,US-2022-BRUEN,2022,-2,0.6435313296507778,0.28089437434655357,Criminal Justice & Guns,100
continuous_d23,2020,266694,US-2022-CHIPS,2022,-2,0.7501486117224704,0.3027914302427482,Economy & Finance,100
continuous_d23,2020,266694,US-2022-DOBBS,2022,-2,0.6696990398469133,0.24758081703604165,Civil Liberties,99
continuous_d23,2020,266694,US-2022-IRA,2022,-2,0.8416071171204345,0.2896067420932892,Environment & Energy,100
continuous_d23,2020,266694,US-2005-KELO,2005,15,0.7089304384779939,0.31624880288138774,Economy & Finance,100
continuous_d23,2020,266694,US-2001-AUMF,2001,19,0.6595066457605195,0.2525513460944079,Natl Security & Foreign,98
continuous_d23,2020,266694,US-2002-IRAQ-AUMF,2002,18,0.6432273387914486,0.28628901443388477,Natl Security & Foreign,99
continuous_d23,2020,266694,US-2009-LILLY-LEDBETTER,2009,11,0.6717681493903754,0.23884832906413858,Civil Rights,100
continuous_d23,2020,266694,US-2009-HATE-CRIMES,2009,11,0.690206997325198,0.2990089824934947,Civil Rights,100
continuous_d23,2020,266694,US-2010-DADT-REPEAL,2010,10,0.5942043303577342,0.24538269537474722,Civil Rights,99
continuous_d23,2020,266694,US-2018-FIRST-STEP,2018,2,0.7581690895676263,0.28154208327370245,Criminal Justice & Guns,99
continuous_d23,2020,266694,US-2021-AMERICAN-RESCUE-PLAN,2021,-1,0.7959503726736953,0.2795676256088236,Democracy & Governance,96
continuous_d23,2020,266694,US-2021-IIJA,2021,-1,0.8182611277042424,0.32037380637587626,Environment & Energy,100
continuous_d23,2020,266694,US-2021-JUNETEENTH,2021,-1,0.6805399262666559,0.29811552342871306,Civil Rights,100
continuous_d23,2020,266694,US-2022-BIPARTISAN-SAFER-COMMUNITIES,2022,-2,0.6765725705967239,0.3075432655515401,Criminal Justice & Guns,99
continuous_d23,2020,266694,US-2022-RESPECT-MARRIAGE,2022,-2,0.7291673677360244,0.25205737355748425,Civil Rights,100
continuous_d23,2020,266694,US-2022-ELECTORAL-COUNT-REFORM,2022,-2,0.6606293091863362,0.2289682646987133,Democracy & Governance,100
