X,year_model,policy_id,enactment_year,rel_year,p_yes,likert,domain,institution
10000,1931,US-1933-GLASS-STEAGALL,1933,-2,0.2232,-0.177,finance,Congress
10000,1931,US-1933-PROHIBITION-REPEAL,1933,-2,0.2469,-0.1926,morals_federalism,constitutional_amendment
10000,1931,US-1933-SECURITIES-ACT,1933,-2,0.1359,-0.1584,finance_consumer_protection,Congress
10000,1931,US-1934-EXCHANGE-ACT,1934,-3,0.1208,-0.172,finance_state_capacity,Congress
10000,1931,US-1934-IRA,1934,-3,0.1659,-0.1877,native_policy,Congress
10000,1931,US-1934-NATIONAL-HOUSING-ACT,1934,-3,0.1895,-0.1611,housing_finance,Congress
10000,1931,US-1935-NIRA-SCHECHTER,1935,-4,0.1541,-0.1669,state_capacity,Supreme Court
10000,1931,US-1935-NLRA,1935,-4,0.2417,-0.2196,labor,Congress
10000,1931,US-1935-SOCIAL-SECURITY,1935,-4,0.2398,-0.1733,social_insurance,Congress
10000,1931,US-1936-AAA-BUTLER,1936,-5,0.1432,-0.1826,state_capacity,Supreme Court
10000,1931,US-1937-JONES-LAUGHLIN,1937,-6,0.1125,-0.1649,labor_state_capacity,Supreme Court
10000,1931,US-1937-WEST-COAST-HOTEL,1937,-6,0.1195,-0.1887,labor,Supreme Court
10000,1931,US-1938-FDCA,1938,-7,0.146,-0.2007,consumer_health,Congress
10000,1931,US-1938-FLSA,1938,-7,0.2627,-0.2095,labor,Congress
10000,1931,US-1941-EO8802,1941,-10,0.0952,-0.1715,civil_rights,President
10000,1931,US-1930-SMOOT-HAWLEY,1930,1,0.1678,-0.1624,trade_political_economy,Congress
10000,1931,US-1932-RFC,1932,-1,0.2152,-0.1733,finance_crisis_state_capacity,Congress
10000,1931,US-1932-NORRIS-LAGUARDIA,1932,-1,0.0681,-0.1769,labor_courts,Congress
10000,1931,US-1933-CCC,1933,-2,0.1971,-0.1763,public_employment_environment,Congress
10000,1931,US-1933-FERA,1933,-2,0.2105,-0.1777,welfare_relief,Congress
10000,1931,US-1933-HOME-OWNERS-LOAN,1933,-2,0.1675,-0.1561,housing_finance,Congress
10000,1931,US-1934-NFA,1934,-3,0.1561,-0.192,guns_crime_tax,Congress
10000,1931,US-1935-PUHCA,1935,-4,0.1319,-0.1367,utilities_finance,Congress
10000,1931,US-1936-RURAL-ELECTRIFICATION,1936,-5,0.1246,-0.1884,rural_infrastructure,Congress
10000,1931,US-1939-HATCH-ACT,1939,-8,0.1883,-0.19,civil_service_elections,Congress
10000,1931,US-1940-SELECTIVE-TRAINING,1940,-9,0.144,-0.1819,military_state_capacity,Congress
10000,1931,US-1940-SMITH-ACT,1940,-9,0.1035,-0.1616,security_civil_liberties_immigration,Congress
10000,1931,US-1941-DARBY,1941,-10,0.1717,-0.1767,labor_state_capacity,Supreme Court
10000,1931,US-1941-LEND-LEASE,1941,-10,0.1442,-0.16,foreign_policy_security,Congress
10000,1931,US-1933-TVA,1933,-2,0.2476,-0.1813,regional_development_state_capacity,Congress
10000,1931,US-1933-NIRA,1933,-2,0.1878,-0.1717,industrial_policy_labor_state_capacity,Congress
20000,1931,US-1933-GLASS-STEAGALL,1933,-2,0.419,-0.139,finance,Congress
20000,1931,US-1933-PROHIBITION-REPEAL,1933,-2,0.4562,-0.1664,morals_federalism,constitutional_amendment
20000,1931,US-1933-SECURITIES-ACT,1933,-2,0.3438,-0.1344,finance_consumer_protection,Congress
20000,1931,US-1934-EXCHANGE-ACT,1934,-3,0.3314,-0.1314,finance_state_capacity,Congress
20000,1931,US-1934-IRA,1934,-3,0.3468,-0.155,native_policy,Congress
20000,1931,US-1934-NATIONAL-HOUSING-ACT,1934,-3,0.47,-0.1227,housing_finance,Congress
20000,1931,US-1935-NIRA-SCHECHTER,1935,-4,0.3991,-0.1302,state_capacity,Supreme Court
20000,1931,US-1935-NLRA,1935,-4,0.4946,-0.179,labor,Congress
20000,1931,US-1935-SOCIAL-SECURITY,1935,-4,0.4775,-0.107,social_insurance,Congress
20000,1931,US-1936-AAA-BUTLER,1936,-5,0.3569,-0.1453,state_capacity,Supreme Court
20000,1931,US-1937-JONES-LAUGHLIN,1937,-6,0.3103,-0.1398,labor_state_capacity,Supreme Court
20000,1931,US-1937-WEST-COAST-HOTEL,1937,-6,0.3354,-0.1454,labor,Supreme Court
20000,1931,US-1938-FDCA,1938,-7,0.3546,-0.1591,consumer_health,Congress
20000,1931,US-1938-FLSA,1938,-7,0.4686,-0.1688,labor,Congress
20000,1931,US-1941-EO8802,1941,-10,0.2639,-0.1156,civil_rights,President
20000,1931,US-1930-SMOOT-HAWLEY,1930,1,0.3713,-0.128,trade_political_economy,Congress
20000,1931,US-1932-RFC,1932,-1,0.4131,-0.1295,finance_crisis_state_capacity,Congress
20000,1931,US-1932-NORRIS-LAGUARDIA,1932,-1,0.2471,-0.1245,labor_courts,Congress
20000,1931,US-1933-CCC,1933,-2,0.4323,-0.109,public_employment_environment,Congress
20000,1931,US-1933-FERA,1933,-2,0.4418,-0.1222,welfare_relief,Congress
20000,1931,US-1933-HOME-OWNERS-LOAN,1933,-2,0.3321,-0.1046,housing_finance,Congress
20000,1931,US-1934-NFA,1934,-3,0.3974,-0.156,guns_crime_tax,Congress
20000,1931,US-1935-PUHCA,1935,-4,0.2986,-0.1075,utilities_finance,Congress
20000,1931,US-1936-RURAL-ELECTRIFICATION,1936,-5,0.3158,-0.1361,rural_infrastructure,Congress
20000,1931,US-1939-HATCH-ACT,1939,-8,0.4214,-0.1534,civil_service_elections,Congress
20000,1931,US-1940-SELECTIVE-TRAINING,1940,-9,0.2988,-0.1444,military_state_capacity,Congress
20000,1931,US-1940-SMITH-ACT,1940,-9,0.3183,-0.1053,security_civil_liberties_immigration,Congress
20000,1931,US-1941-DARBY,1941,-10,0.4335,-0.1468,labor_state_capacity,Supreme Court
20000,1931,US-1941-LEND-LEASE,1941,-10,0.253,-0.1211,foreign_policy_security,Congress
20000,1931,US-1933-TVA,1933,-2,0.4523,-0.1255,regional_development_state_capacity,Congress
20000,1931,US-1933-NIRA,1933,-2,0.5195,-0.1268,industrial_policy_labor_state_capacity,Congress
5000,1931,US-1933-GLASS-STEAGALL,1933,-2,0.4322,-0.1694,finance,Congress
5000,1931,US-1933-PROHIBITION-REPEAL,1933,-2,0.6987,-0.2132,morals_federalism,constitutional_amendment
5000,1931,US-1933-SECURITIES-ACT,1933,-2,0.4076,-0.1476,finance_consumer_protection,Congress
5000,1931,US-1934-EXCHANGE-ACT,1934,-3,0.2929,-0.1883,finance_state_capacity,Congress
5000,1931,US-1934-IRA,1934,-3,0.4565,-0.1885,native_policy,Congress
5000,1931,US-1934-NATIONAL-HOUSING-ACT,1934,-3,0.4616,-0.1688,housing_finance,Congress
5000,1931,US-1935-NIRA-SCHECHTER,1935,-4,0.5335,-0.1718,state_capacity,Supreme Court
5000,1931,US-1935-NLRA,1935,-4,0.519,-0.1831,labor,Congress
5000,1931,US-1935-SOCIAL-SECURITY,1935,-4,0.4826,-0.1696,social_insurance,Congress
5000,1931,US-1936-AAA-BUTLER,1936,-5,0.3967,-0.1878,state_capacity,Supreme Court
5000,1931,US-1937-JONES-LAUGHLIN,1937,-6,0.3433,-0.1761,labor_state_capacity,Supreme Court
5000,1931,US-1937-WEST-COAST-HOTEL,1937,-6,0.4068,-0.1979,labor,Supreme Court
5000,1931,US-1938-FDCA,1938,-7,0.3377,-0.1928,consumer_health,Congress
5000,1931,US-1938-FLSA,1938,-7,0.5038,-0.2004,labor,Congress
5000,1931,US-1941-EO8802,1941,-10,0.2608,-0.1761,civil_rights,President
5000,1931,US-1930-SMOOT-HAWLEY,1930,1,0.4841,-0.1883,trade_political_economy,Congress
5000,1931,US-1932-RFC,1932,-1,0.5118,-0.1727,finance_crisis_state_capacity,Congress
5000,1931,US-1932-NORRIS-LAGUARDIA,1932,-1,0.2299,-0.1803,labor_courts,Congress
5000,1931,US-1933-CCC,1933,-2,0.4511,-0.159,public_employment_environment,Congress
5000,1931,US-1933-FERA,1933,-2,0.4338,-0.1639,welfare_relief,Congress
5000,1931,US-1933-HOME-OWNERS-LOAN,1933,-2,0.3348,-0.1645,housing_finance,Congress
5000,1931,US-1934-NFA,1934,-3,0.4133,-0.1702,guns_crime_tax,Congress
5000,1931,US-1935-PUHCA,1935,-4,0.3618,-0.1626,utilities_finance,Congress
5000,1931,US-1936-RURAL-ELECTRIFICATION,1936,-5,0.3019,-0.1784,rural_infrastructure,Congress
5000,1931,US-1939-HATCH-ACT,1939,-8,0.4645,-0.1898,civil_service_elections,Congress
5000,1931,US-1940-SELECTIVE-TRAINING,1940,-9,0.4089,-0.1804,military_state_capacity,Congress
5000,1931,US-1940-SMITH-ACT,1940,-9,0.2199,-0.1358,security_civil_liberties_immigration,Congress
5000,1931,US-1941-DARBY,1941,-10,0.4083,-0.1802,labor_state_capacity,Supreme Court
5000,1931,US-1941-LEND-LEASE,1941,-10,0.3325,-0.1561,foreign_policy_security,Congress
5000,1931,US-1933-TVA,1933,-2,0.386,-0.1589,regional_development_state_capacity,Congress
5000,1931,US-1933-NIRA,1933,-2,0.5277,-0.181,industrial_policy_labor_state_capacity,Congress
10000,1932,US-1933-GLASS-STEAGALL,1933,-1,0.3414,-0.1294,finance,Congress
10000,1932,US-1933-PROHIBITION-REPEAL,1933,-1,0.3794,-0.1484,morals_federalism,constitutional_amendment
10000,1932,US-1933-SECURITIES-ACT,1933,-1,0.2887,-0.1245,finance_consumer_protection,Congress
10000,1932,US-1934-EXCHANGE-ACT,1934,-2,0.2294,-0.1279,finance_state_capacity,Congress
10000,1932,US-1934-IRA,1934,-2,0.2625,-0.1482,native_policy,Congress
10000,1932,US-1934-NATIONAL-HOUSING-ACT,1934,-2,0.3887,-0.1163,housing_finance,Congress
10000,1932,US-1935-NIRA-SCHECHTER,1935,-3,0.2699,-0.1194,state_capacity,Supreme Court
10000,1932,US-1935-NLRA,1935,-3,0.4323,-0.1602,labor,Congress
10000,1932,US-1935-SOCIAL-SECURITY,1935,-3,0.3571,-0.097,social_insurance,Congress
10000,1932,US-1936-AAA-BUTLER,1936,-4,0.259,-0.1358,state_capacity,Supreme Court
10000,1932,US-1937-JONES-LAUGHLIN,1937,-5,0.2141,-0.1268,labor_state_capacity,Supreme Court
10000,1932,US-1937-WEST-COAST-HOTEL,1937,-5,0.2967,-0.1367,labor,Supreme Court
10000,1932,US-1938-FDCA,1938,-6,0.2862,-0.1541,consumer_health,Congress
10000,1932,US-1938-FLSA,1938,-6,0.4325,-0.1494,labor,Congress
10000,1932,US-1941-EO8802,1941,-9,0.1987,-0.104,civil_rights,President
10000,1932,US-1942-WICKARD,1942,-10,0.2119,-0.1333,state_capacity,Supreme Court
10000,1932,US-1930-SMOOT-HAWLEY,1930,2,0.3181,-0.1112,trade_political_economy,Congress
10000,1932,US-1932-RFC,1932,0,0.3287,-0.1215,finance_crisis_state_capacity,Congress
10000,1932,US-1932-NORRIS-LAGUARDIA,1932,0,0.1505,-0.1278,labor_courts,Congress
10000,1932,US-1933-CCC,1933,-1,0.3427,-0.1012,public_employment_environment,Congress
10000,1932,US-1933-FERA,1933,-1,0.3752,-0.1112,welfare_relief,Congress
10000,1932,US-1933-HOME-OWNERS-LOAN,1933,-1,0.2657,-0.1084,housing_finance,Congress
10000,1932,US-1934-NFA,1934,-2,0.3363,-0.1521,guns_crime_tax,Congress
10000,1932,US-1935-PUHCA,1935,-3,0.2006,-0.0916,utilities_finance,Congress
10000,1932,US-1936-RURAL-ELECTRIFICATION,1936,-4,0.2492,-0.1405,rural_infrastructure,Congress
10000,1932,US-1939-HATCH-ACT,1939,-7,0.3412,-0.1409,civil_service_elections,Congress
10000,1932,US-1940-SELECTIVE-TRAINING,1940,-8,0.2188,-0.1258,military_state_capacity,Congress
10000,1932,US-1940-SMITH-ACT,1940,-8,0.199,-0.1093,security_civil_liberties_immigration,Congress
10000,1932,US-1941-DARBY,1941,-9,0.3427,-0.1347,labor_state_capacity,Supreme Court
10000,1932,US-1941-LEND-LEASE,1941,-9,0.2057,-0.1145,foreign_policy_security,Congress
10000,1932,US-1942-EMERGENCY-PRICE-CONTROL,1942,-10,0.3785,-0.1297,wartime_economic_control,Congress
10000,1932,US-1933-TVA,1933,-1,0.3664,-0.1234,regional_development_state_capacity,Congress
10000,1932,US-1933-NIRA,1933,-1,0.3871,-0.1167,industrial_policy_labor_state_capacity,Congress
10000,1932,US-1942-EO9066,1942,-10,0.2825,-0.1237,civil_liberties_security_race,President
20000,1932,US-1933-GLASS-STEAGALL,1933,-1,0.3831,-0.1611,finance,Congress
20000,1932,US-1933-PROHIBITION-REPEAL,1933,-1,0.4707,-0.2094,morals_federalism,constitutional_amendment
20000,1932,US-1933-SECURITIES-ACT,1933,-1,0.3534,-0.1654,finance_consumer_protection,Congress
20000,1932,US-1934-EXCHANGE-ACT,1934,-2,0.2892,-0.172,finance_state_capacity,Congress
20000,1932,US-1934-IRA,1934,-2,0.2617,-0.1842,native_policy,Congress
20000,1932,US-1934-NATIONAL-HOUSING-ACT,1934,-2,0.4577,-0.1435,housing_finance,Congress
20000,1932,US-1935-NIRA-SCHECHTER,1935,-3,0.4101,-0.1539,state_capacity,Supreme Court
20000,1932,US-1935-NLRA,1935,-3,0.5434,-0.2083,labor,Congress
20000,1932,US-1935-SOCIAL-SECURITY,1935,-3,0.4958,-0.1247,social_insurance,Congress
20000,1932,US-1936-AAA-BUTLER,1936,-4,0.3955,-0.192,state_capacity,Supreme Court
20000,1932,US-1937-JONES-LAUGHLIN,1937,-5,0.3038,-0.1583,labor_state_capacity,Supreme Court
20000,1932,US-1937-WEST-COAST-HOTEL,1937,-5,0.4033,-0.1755,labor,Supreme Court
20000,1932,US-1938-FDCA,1938,-6,0.3552,-0.181,consumer_health,Congress
20000,1932,US-1938-FLSA,1938,-6,0.4832,-0.1954,labor,Congress
20000,1932,US-1941-EO8802,1941,-9,0.3007,-0.1568,civil_rights,President
20000,1932,US-1942-WICKARD,1942,-10,0.3186,-0.1955,state_capacity,Supreme Court
20000,1932,US-1930-SMOOT-HAWLEY,1930,2,0.4418,-0.1674,trade_political_economy,Congress
20000,1932,US-1932-RFC,1932,0,0.4506,-0.1569,finance_crisis_state_capacity,Congress
20000,1932,US-1932-NORRIS-LAGUARDIA,1932,0,0.205,-0.1534,labor_courts,Congress
20000,1932,US-1933-CCC,1933,-1,0.452,-0.1315,public_employment_environment,Congress
20000,1932,US-1933-FERA,1933,-1,0.4656,-0.1397,welfare_relief,Congress
20000,1932,US-1933-HOME-OWNERS-LOAN,1933,-1,0.3273,-0.1263,housing_finance,Congress
20000,1932,US-1934-NFA,1934,-2,0.3896,-0.2153,guns_crime_tax,Congress
20000,1932,US-1935-PUHCA,1935,-3,0.1864,-0.1224,utilities_finance,Congress
20000,1932,US-1936-RURAL-ELECTRIFICATION,1936,-4,0.3365,-0.158,rural_infrastructure,Congress
20000,1932,US-1939-HATCH-ACT,1939,-7,0.4226,-0.1983,civil_service_elections,Congress
20000,1932,US-1940-SELECTIVE-TRAINING,1940,-8,0.2796,-0.1806,military_state_capacity,Congress
20000,1932,US-1940-SMITH-ACT,1940,-8,0.1969,-0.135,security_civil_liberties_immigration,Congress
20000,1932,US-1941-DARBY,1941,-9,0.4208,-0.1716,labor_state_capacity,Supreme Court
20000,1932,US-1941-LEND-LEASE,1941,-9,0.2043,-0.1471,foreign_policy_security,Congress
20000,1932,US-1942-EMERGENCY-PRICE-CONTROL,1942,-10,0.4486,-0.1755,wartime_economic_control,Congress
20000,1932,US-1933-TVA,1933,-1,0.3771,-0.1468,regional_development_state_capacity,Congress
20000,1932,US-1933-NIRA,1933,-1,0.4515,-0.1516,industrial_policy_labor_state_capacity,Congress
20000,1932,US-1942-EO9066,1942,-10,0.3469,-0.146,civil_liberties_security_race,President
5000,1932,US-1933-GLASS-STEAGALL,1933,-1,0.1986,-0.1079,finance,Congress
5000,1932,US-1933-PROHIBITION-REPEAL,1933,-1,0.2411,-0.1297,morals_federalism,constitutional_amendment
5000,1932,US-1933-SECURITIES-ACT,1933,-1,0.1518,-0.0955,finance_consumer_protection,Congress
5000,1932,US-1934-EXCHANGE-ACT,1934,-2,0.1249,-0.1069,finance_state_capacity,Congress
5000,1932,US-1934-IRA,1934,-2,0.1645,-0.1152,native_policy,Congress
5000,1932,US-1934-NATIONAL-HOUSING-ACT,1934,-2,0.1866,-0.1005,housing_finance,Congress
5000,1932,US-1935-NIRA-SCHECHTER,1935,-3,0.148,-0.1067,state_capacity,Supreme Court
5000,1932,US-1935-NLRA,1935,-3,0.2567,-0.1309,labor,Congress
5000,1932,US-1935-SOCIAL-SECURITY,1935,-3,0.1949,-0.1016,social_insurance,Congress
5000,1932,US-1936-AAA-BUTLER,1936,-4,0.1265,-0.1112,state_capacity,Supreme Court
5000,1932,US-1937-JONES-LAUGHLIN,1937,-5,0.1081,-0.1074,labor_state_capacity,Supreme Court
5000,1932,US-1937-WEST-COAST-HOTEL,1937,-5,0.1347,-0.1232,labor,Supreme Court
5000,1932,US-1938-FDCA,1938,-6,0.1591,-0.1304,consumer_health,Congress
5000,1932,US-1938-FLSA,1938,-6,0.2717,-0.1257,labor,Congress
5000,1932,US-1941-EO8802,1941,-9,0.0852,-0.1077,civil_rights,President
5000,1932,US-1942-WICKARD,1942,-10,0.1203,-0.1133,state_capacity,Supreme Court
5000,1932,US-1930-SMOOT-HAWLEY,1930,2,0.1792,-0.0961,trade_political_economy,Congress
5000,1932,US-1932-RFC,1932,0,0.1811,-0.1118,finance_crisis_state_capacity,Congress
5000,1932,US-1932-NORRIS-LAGUARDIA,1932,0,0.0634,-0.1128,labor_courts,Congress
5000,1932,US-1933-CCC,1933,-1,0.1605,-0.1031,public_employment_environment,Congress
5000,1932,US-1933-FERA,1933,-1,0.2019,-0.1026,welfare_relief,Congress
5000,1932,US-1933-HOME-OWNERS-LOAN,1933,-1,0.1488,-0.1019,housing_finance,Congress
5000,1932,US-1934-NFA,1934,-2,0.1574,-0.1143,guns_crime_tax,Congress
5000,1932,US-1935-PUHCA,1935,-3,0.108,-0.093,utilities_finance,Congress
5000,1932,US-1936-RURAL-ELECTRIFICATION,1936,-4,0.1101,-0.1281,rural_infrastructure,Congress
5000,1932,US-1939-HATCH-ACT,1939,-7,0.1997,-0.1173,civil_service_elections,Congress
5000,1932,US-1940-SELECTIVE-TRAINING,1940,-8,0.1212,-0.1128,military_state_capacity,Congress
5000,1932,US-1940-SMITH-ACT,1940,-8,0.1006,-0.0898,security_civil_liberties_immigration,Congress
5000,1932,US-1941-DARBY,1941,-9,0.1728,-0.1118,labor_state_capacity,Supreme Court
5000,1932,US-1941-LEND-LEASE,1941,-9,0.1107,-0.101,foreign_policy_security,Congress
5000,1932,US-1942-EMERGENCY-PRICE-CONTROL,1942,-10,0.2098,-0.1117,wartime_economic_control,Congress
5000,1932,US-1933-TVA,1933,-1,0.1969,-0.1165,regional_development_state_capacity,Congress
5000,1932,US-1933-NIRA,1933,-1,0.2079,-0.1031,industrial_policy_labor_state_capacity,Congress
5000,1932,US-1942-EO9066,1942,-10,0.1783,-0.1241,civil_liberties_security_race,President
10000,1933,US-1933-GLASS-STEAGALL,1933,0,0.4121,-0.1339,finance,Congress
10000,1933,US-1933-PROHIBITION-REPEAL,1933,0,0.4657,-0.1723,morals_federalism,constitutional_amendment
10000,1933,US-1933-SECURITIES-ACT,1933,0,0.3712,-0.1203,finance_consumer_protection,Congress
10000,1933,US-1934-EXCHANGE-ACT,1934,-1,0.2667,-0.1389,finance_state_capacity,Congress
10000,1933,US-1934-IRA,1934,-1,0.2959,-0.1687,native_policy,Congress
10000,1933,US-1934-NATIONAL-HOUSING-ACT,1934,-1,0.5132,-0.1167,housing_finance,Congress
10000,1933,US-1935-NIRA-SCHECHTER,1935,-2,0.3681,-0.1262,state_capacity,Supreme Court
10000,1933,US-1935-NLRA,1935,-2,0.5563,-0.1663,labor,Congress
10000,1933,US-1935-SOCIAL-SECURITY,1935,-2,0.4883,-0.1079,social_insurance,Congress
10000,1933,US-1936-AAA-BUTLER,1936,-3,0.3582,-0.1487,state_capacity,Supreme Court
10000,1933,US-1937-JONES-LAUGHLIN,1937,-4,0.3027,-0.1388,labor_state_capacity,Supreme Court
10000,1933,US-1937-WEST-COAST-HOTEL,1937,-4,0.3737,-0.1569,labor,Supreme Court
10000,1933,US-1938-FDCA,1938,-5,0.383,-0.1596,consumer_health,Congress
10000,1933,US-1938-FLSA,1938,-5,0.5171,-0.1672,labor,Congress
10000,1933,US-1941-EO8802,1941,-8,0.3028,-0.1285,civil_rights,President
10000,1933,US-1942-WICKARD,1942,-9,0.2724,-0.1491,state_capacity,Supreme Court
10000,1933,US-1930-SMOOT-HAWLEY,1930,3,0.434,-0.1193,trade_political_economy,Congress
10000,1933,US-1932-RFC,1932,1,0.4407,-0.1251,finance_crisis_state_capacity,Congress
10000,1933,US-1932-NORRIS-LAGUARDIA,1932,1,0.2132,-0.14,labor_courts,Congress
10000,1933,US-1933-CCC,1933,0,0.44,-0.1098,public_employment_environment,Congress
10000,1933,US-1933-FERA,1933,0,0.4575,-0.1194,welfare_relief,Congress
10000,1933,US-1933-HOME-OWNERS-LOAN,1933,0,0.3421,-0.1117,housing_finance,Congress
10000,1933,US-1934-NFA,1934,-1,0.35,-0.1686,guns_crime_tax,Congress
10000,1933,US-1935-PUHCA,1935,-2,0.194,-0.1025,utilities_finance,Congress
10000,1933,US-1936-RURAL-ELECTRIFICATION,1936,-3,0.3533,-0.1371,rural_infrastructure,Congress
10000,1933,US-1939-HATCH-ACT,1939,-6,0.4232,-0.1524,civil_service_elections,Congress
10000,1933,US-1940-SELECTIVE-TRAINING,1940,-7,0.2872,-0.1483,military_state_capacity,Congress
10000,1933,US-1940-SMITH-ACT,1940,-7,0.2308,-0.1123,security_civil_liberties_immigration,Congress
10000,1933,US-1941-DARBY,1941,-8,0.4637,-0.1456,labor_state_capacity,Supreme Court
10000,1933,US-1941-LEND-LEASE,1941,-8,0.198,-0.1287,foreign_policy_security,Congress
10000,1933,US-1942-EMERGENCY-PRICE-CONTROL,1942,-9,0.4499,-0.1306,wartime_economic_control,Congress
10000,1933,US-1943-CHINESE-EXCLUSION-REPEAL,1943,-10,0.2918,-0.1121,immigration_race_foreign_policy,Congress
10000,1933,US-1933-TVA,1933,0,0.4122,-0.1237,regional_development_state_capacity,Congress
10000,1933,US-1933-NIRA,1933,0,0.4971,-0.1213,industrial_policy_labor_state_capacity,Congress
10000,1933,US-1942-EO9066,1942,-9,0.3763,-0.1352,civil_liberties_security_race,President
20000,1933,US-1933-GLASS-STEAGALL,1933,0,0.2857,-0.1214,finance,Congress
20000,1933,US-1933-PROHIBITION-REPEAL,1933,0,0.4985,-0.2019,morals_federalism,constitutional_amendment
20000,1933,US-1933-SECURITIES-ACT,1933,0,0.2491,-0.1025,finance_consumer_protection,Congress
20000,1933,US-1934-EXCHANGE-ACT,1934,-1,0.2131,-0.1424,finance_state_capacity,Congress
20000,1933,US-1934-IRA,1934,-1,0.2158,-0.1456,native_policy,Congress
20000,1933,US-1934-NATIONAL-HOUSING-ACT,1934,-1,0.3963,-0.102,housing_finance,Congress
20000,1933,US-1935-NIRA-SCHECHTER,1935,-2,0.2981,-0.1386,state_capacity,Supreme Court
20000,1933,US-1935-NLRA,1935,-2,0.5276,-0.1614,labor,Congress
20000,1933,US-1935-SOCIAL-SECURITY,1935,-2,0.475,-0.0786,social_insurance,Congress
20000,1933,US-1936-AAA-BUTLER,1936,-3,0.3176,-0.1632,state_capacity,Supreme Court
20000,1933,US-1937-JONES-LAUGHLIN,1937,-4,0.2147,-0.1246,labor_state_capacity,Supreme Court
20000,1933,US-1937-WEST-COAST-HOTEL,1937,-4,0.3387,-0.1647,labor,Supreme Court
20000,1933,US-1938-FDCA,1938,-5,0.2642,-0.1513,consumer_health,Congress
20000,1933,US-1938-FLSA,1938,-5,0.4084,-0.1606,labor,Congress
20000,1933,US-1941-EO8802,1941,-8,0.2338,-0.1218,civil_rights,President
20000,1933,US-1942-WICKARD,1942,-9,0.2594,-0.1622,state_capacity,Supreme Court
20000,1933,US-1930-SMOOT-HAWLEY,1930,3,0.4311,-0.1195,trade_political_economy,Congress
20000,1933,US-1932-RFC,1932,1,0.4609,-0.1135,finance_crisis_state_capacity,Congress
20000,1933,US-1932-NORRIS-LAGUARDIA,1932,1,0.132,-0.1185,labor_courts,Congress
20000,1933,US-1933-CCC,1933,0,0.4333,-0.0956,public_employment_environment,Congress
20000,1933,US-1933-FERA,1933,0,0.4902,-0.0976,welfare_relief,Congress
20000,1933,US-1933-HOME-OWNERS-LOAN,1933,0,0.2751,-0.0985,housing_finance,Congress
20000,1933,US-1934-NFA,1934,-1,0.3279,-0.1774,guns_crime_tax,Congress
20000,1933,US-1935-PUHCA,1935,-2,0.0988,-0.0914,utilities_finance,Congress
20000,1933,US-1936-RURAL-ELECTRIFICATION,1936,-3,0.295,-0.1262,rural_infrastructure,Congress
20000,1933,US-1939-HATCH-ACT,1939,-6,0.3668,-0.1567,civil_service_elections,Congress
20000,1933,US-1940-SELECTIVE-TRAINING,1940,-7,0.2229,-0.148,military_state_capacity,Congress
20000,1933,US-1940-SMITH-ACT,1940,-7,0.1399,-0.1075,security_civil_liberties_immigration,Congress
20000,1933,US-1941-DARBY,1941,-8,0.3401,-0.1334,labor_state_capacity,Supreme Court
20000,1933,US-1941-LEND-LEASE,1941,-8,0.1473,-0.1174,foreign_policy_security,Congress
20000,1933,US-1942-EMERGENCY-PRICE-CONTROL,1942,-9,0.3855,-0.1335,wartime_economic_control,Congress
20000,1933,US-1943-CHINESE-EXCLUSION-REPEAL,1943,-10,0.1835,-0.0912,immigration_race_foreign_policy,Congress
20000,1933,US-1933-TVA,1933,0,0.2934,-0.1122,regional_development_state_capacity,Congress
20000,1933,US-1933-NIRA,1933,0,0.389,-0.1201,industrial_policy_labor_state_capacity,Congress
20000,1933,US-1942-EO9066,1942,-9,0.3097,-0.1192,civil_liberties_security_race,President
5000,1933,US-1933-GLASS-STEAGALL,1933,0,0.4886,-0.1353,finance,Congress
5000,1933,US-1933-PROHIBITION-REPEAL,1933,0,0.4729,-0.1416,morals_federalism,constitutional_amendment
5000,1933,US-1933-SECURITIES-ACT,1933,0,0.398,-0.123,finance_consumer_protection,Congress
5000,1933,US-1934-EXCHANGE-ACT,1934,-1,0.3497,-0.1296,finance_state_capacity,Congress
5000,1933,US-1934-IRA,1934,-1,0.3942,-0.145,native_policy,Congress
5000,1933,US-1934-NATIONAL-HOUSING-ACT,1934,-1,0.5195,-0.1228,housing_finance,Congress
5000,1933,US-1935-NIRA-SCHECHTER,1935,-2,0.3713,-0.1244,state_capacity,Supreme Court
5000,1933,US-1935-NLRA,1935,-2,0.596,-0.1556,labor,Congress
5000,1933,US-1935-SOCIAL-SECURITY,1935,-2,0.5177,-0.1261,social_insurance,Congress
5000,1933,US-1936-AAA-BUTLER,1936,-3,0.3879,-0.1391,state_capacity,Supreme Court
5000,1933,US-1937-JONES-LAUGHLIN,1937,-4,0.3301,-0.1291,labor_state_capacity,Supreme Court
5000,1933,US-1937-WEST-COAST-HOTEL,1937,-4,0.3099,-0.147,labor,Supreme Court
5000,1933,US-1938-FDCA,1938,-5,0.3553,-0.1637,consumer_health,Congress
5000,1933,US-1938-FLSA,1938,-5,0.5525,-0.1554,labor,Congress
5000,1933,US-1941-EO8802,1941,-8,0.2917,-0.1236,civil_rights,President
5000,1933,US-1942-WICKARD,1942,-9,0.342,-0.1366,state_capacity,Supreme Court
5000,1933,US-1930-SMOOT-HAWLEY,1930,3,0.4123,-0.119,trade_political_economy,Congress
5000,1933,US-1932-RFC,1932,1,0.4968,-0.1319,finance_crisis_state_capacity,Congress
5000,1933,US-1932-NORRIS-LAGUARDIA,1932,1,0.2182,-0.1349,labor_courts,Congress
5000,1933,US-1933-CCC,1933,0,0.5106,-0.1261,public_employment_environment,Congress
5000,1933,US-1933-FERA,1933,0,0.4942,-0.1285,welfare_relief,Congress
5000,1933,US-1933-HOME-OWNERS-LOAN,1933,0,0.3961,-0.1196,housing_finance,Congress
5000,1933,US-1934-NFA,1934,-1,0.4101,-0.151,guns_crime_tax,Congress
5000,1933,US-1935-PUHCA,1935,-2,0.3218,-0.1066,utilities_finance,Congress
5000,1933,US-1936-RURAL-ELECTRIFICATION,1936,-3,0.3489,-0.1478,rural_infrastructure,Congress
5000,1933,US-1939-HATCH-ACT,1939,-6,0.4624,-0.1384,civil_service_elections,Congress
5000,1933,US-1940-SELECTIVE-TRAINING,1940,-7,0.3447,-0.137,military_state_capacity,Congress
5000,1933,US-1940-SMITH-ACT,1940,-7,0.3033,-0.1093,security_civil_liberties_immigration,Congress
5000,1933,US-1941-DARBY,1941,-8,0.457,-0.1382,labor_state_capacity,Supreme Court
5000,1933,US-1941-LEND-LEASE,1941,-8,0.3232,-0.1242,foreign_policy_security,Congress
5000,1933,US-1942-EMERGENCY-PRICE-CONTROL,1942,-9,0.4753,-0.1298,wartime_economic_control,Congress
5000,1933,US-1943-CHINESE-EXCLUSION-REPEAL,1943,-10,0.3494,-0.1133,immigration_race_foreign_policy,Congress
5000,1933,US-1933-TVA,1933,0,0.501,-0.1369,regional_development_state_capacity,Congress
5000,1933,US-1933-NIRA,1933,0,0.4663,-0.1292,industrial_policy_labor_state_capacity,Congress
5000,1933,US-1942-EO9066,1942,-9,0.3975,-0.1438,civil_liberties_security_race,President
10000,1934,US-1933-GLASS-STEAGALL,1933,1,0.3324,-0.0994,finance,Congress
10000,1934,US-1933-PROHIBITION-REPEAL,1933,1,0.4323,-0.1309,morals_federalism,constitutional_amendment
10000,1934,US-1933-SECURITIES-ACT,1933,1,0.2893,-0.095,finance_consumer_protection,Congress
10000,1934,US-1934-EXCHANGE-ACT,1934,0,0.2691,-0.1014,finance_state_capacity,Congress
10000,1934,US-1934-IRA,1934,0,0.2991,-0.1168,native_policy,Congress
10000,1934,US-1934-NATIONAL-HOUSING-ACT,1934,0,0.4211,-0.0798,housing_finance,Congress
10000,1934,US-1935-NIRA-SCHECHTER,1935,-1,0.3097,-0.0935,state_capacity,Supreme Court
10000,1934,US-1935-NLRA,1935,-1,0.4741,-0.121,labor,Congress
10000,1934,US-1935-SOCIAL-SECURITY,1935,-1,0.4132,-0.0704,social_insurance,Congress
10000,1934,US-1936-AAA-BUTLER,1936,-2,0.3279,-0.1165,state_capacity,Supreme Court
10000,1934,US-1937-JONES-LAUGHLIN,1937,-3,0.2562,-0.0926,labor_state_capacity,Supreme Court
10000,1934,US-1937-WEST-COAST-HOTEL,1937,-3,0.3561,-0.1162,labor,Supreme Court
10000,1934,US-1938-FDCA,1938,-4,0.3234,-0.1151,consumer_health,Congress
10000,1934,US-1938-FLSA,1938,-4,0.4668,-0.1243,labor,Congress
10000,1934,US-1941-EO8802,1941,-7,0.2565,-0.0898,civil_rights,President
10000,1934,US-1942-WICKARD,1942,-8,0.2248,-0.1176,state_capacity,Supreme Court
10000,1934,US-1944-GI-BILL,1944,-10,0.3774,-0.0946,veterans_education_housing,Congress
10000,1934,US-1944-KOREMATSU,1944,-10,0.4309,-0.0799,civil_liberties_security,Supreme Court
10000,1934,US-1930-SMOOT-HAWLEY,1930,4,0.4076,-0.0946,trade_political_economy,Congress
10000,1934,US-1932-RFC,1932,2,0.3988,-0.0908,finance_crisis_state_capacity,Congress
10000,1934,US-1932-NORRIS-LAGUARDIA,1932,2,0.181,-0.1029,labor_courts,Congress
10000,1934,US-1933-CCC,1933,1,0.3611,-0.0748,public_employment_environment,Congress
10000,1934,US-1933-FERA,1933,1,0.3794,-0.0818,welfare_relief,Congress
10000,1934,US-1933-HOME-OWNERS-LOAN,1933,1,0.3199,-0.0739,housing_finance,Congress
10000,1934,US-1934-NFA,1934,0,0.3461,-0.1198,guns_crime_tax,Congress
10000,1934,US-1935-PUHCA,1935,-1,0.1645,-0.0742,utilities_finance,Congress
10000,1934,US-1936-RURAL-ELECTRIFICATION,1936,-2,0.2831,-0.1008,rural_infrastructure,Congress
10000,1934,US-1939-HATCH-ACT,1939,-5,0.38,-0.114,civil_service_elections,Congress
10000,1934,US-1940-SELECTIVE-TRAINING,1940,-6,0.2571,-0.108,military_state_capacity,Congress
10000,1934,US-1940-SMITH-ACT,1940,-6,0.1872,-0.0749,security_civil_liberties_immigration,Congress
10000,1934,US-1941-DARBY,1941,-7,0.3668,-0.0996,labor_state_capacity,Supreme Court
10000,1934,US-1941-LEND-LEASE,1941,-7,0.154,-0.0926,foreign_policy_security,Congress
10000,1934,US-1942-EMERGENCY-PRICE-CONTROL,1942,-8,0.4298,-0.1031,wartime_economic_control,Congress
10000,1934,US-1943-CHINESE-EXCLUSION-REPEAL,1943,-9,0.2632,-0.0726,immigration_race_foreign_policy,Congress
10000,1934,US-1933-TVA,1933,1,0.3322,-0.0885,regional_development_state_capacity,Congress
10000,1934,US-1933-NIRA,1933,1,0.4128,-0.0919,industrial_policy_labor_state_capacity,Congress
10000,1934,US-1942-EO9066,1942,-8,0.3234,-0.0892,civil_liberties_security_race,President
20000,1934,US-1933-GLASS-STEAGALL,1933,1,0.3551,-0.1221,finance,Congress
20000,1934,US-1933-PROHIBITION-REPEAL,1933,1,0.5399,-0.185,morals_federalism,constitutional_amendment
20000,1934,US-1933-SECURITIES-ACT,1933,1,0.2688,-0.1208,finance_consumer_protection,Congress
20000,1934,US-1934-EXCHANGE-ACT,1934,0,0.341,-0.1406,finance_state_capacity,Congress
20000,1934,US-1934-IRA,1934,0,0.3275,-0.1375,native_policy,Congress
20000,1934,US-1934-NATIONAL-HOUSING-ACT,1934,0,0.4963,-0.1033,housing_finance,Congress
20000,1934,US-1935-NIRA-SCHECHTER,1935,-1,0.3818,-0.1401,state_capacity,Supreme Court
20000,1934,US-1935-NLRA,1935,-1,0.5829,-0.162,labor,Congress
20000,1934,US-1935-SOCIAL-SECURITY,1935,-1,0.5278,-0.0907,social_insurance,Congress
20000,1934,US-1936-AAA-BUTLER,1936,-2,0.3421,-0.1642,state_capacity,Supreme Court
20000,1934,US-1937-JONES-LAUGHLIN,1937,-3,0.3023,-0.123,labor_state_capacity,Supreme Court
20000,1934,US-1937-WEST-COAST-HOTEL,1937,-3,0.4031,-0.1708,labor,Supreme Court
20000,1934,US-1938-FDCA,1938,-4,0.3576,-0.1497,consumer_health,Congress
20000,1934,US-1938-FLSA,1938,-4,0.4698,-0.1567,labor,Congress
20000,1934,US-1941-EO8802,1941,-7,0.3177,-0.124,civil_rights,President
20000,1934,US-1942-WICKARD,1942,-8,0.3018,-0.162,state_capacity,Supreme Court
20000,1934,US-1944-GI-BILL,1944,-10,0.4849,-0.1258,veterans_education_housing,Congress
20000,1934,US-1944-KOREMATSU,1944,-10,0.4985,-0.1116,civil_liberties_security,Supreme Court
20000,1934,US-1930-SMOOT-HAWLEY,1930,4,0.4205,-0.1319,trade_political_economy,Congress
20000,1934,US-1932-RFC,1932,2,0.4712,-0.1228,finance_crisis_state_capacity,Congress
20000,1934,US-1932-NORRIS-LAGUARDIA,1932,2,0.1902,-0.1306,labor_courts,Congress
20000,1934,US-1933-CCC,1933,1,0.4652,-0.1058,public_employment_environment,Congress
20000,1934,US-1933-FERA,1933,1,0.5149,-0.11,welfare_relief,Congress
20000,1934,US-1933-HOME-OWNERS-LOAN,1933,1,0.4109,-0.0981,housing_finance,Congress
20000,1934,US-1934-NFA,1934,0,0.37,-0.1723,guns_crime_tax,Congress
20000,1934,US-1935-PUHCA,1935,-1,0.1677,-0.0842,utilities_finance,Congress
20000,1934,US-1936-RURAL-ELECTRIFICATION,1936,-2,0.3653,-0.135,rural_infrastructure,Congress
20000,1934,US-1939-HATCH-ACT,1939,-5,0.4105,-0.1616,civil_service_elections,Congress
20000,1934,US-1940-SELECTIVE-TRAINING,1940,-6,0.2841,-0.1475,military_state_capacity,Congress
20000,1934,US-1940-SMITH-ACT,1940,-6,0.2232,-0.1052,security_civil_liberties_immigration,Congress
20000,1934,US-1941-DARBY,1941,-7,0.4437,-0.1277,labor_state_capacity,Supreme Court
20000,1934,US-1941-LEND-LEASE,1941,-7,0.1947,-0.1282,foreign_policy_security,Congress
20000,1934,US-1942-EMERGENCY-PRICE-CONTROL,1942,-8,0.4611,-0.1395,wartime_economic_control,Congress
20000,1934,US-1943-CHINESE-EXCLUSION-REPEAL,1943,-9,0.286,-0.101,immigration_race_foreign_policy,Congress
20000,1934,US-1933-TVA,1933,1,0.412,-0.116,regional_development_state_capacity,Congress
20000,1934,US-1933-NIRA,1933,1,0.4689,-0.1247,industrial_policy_labor_state_capacity,Congress
20000,1934,US-1942-EO9066,1942,-8,0.4355,-0.1241,civil_liberties_security_race,President
5000,1934,US-1933-GLASS-STEAGALL,1933,1,0.1508,-0.1082,finance,Congress
5000,1934,US-1933-PROHIBITION-REPEAL,1933,1,0.211,-0.1478,morals_federalism,constitutional_amendment
5000,1934,US-1933-SECURITIES-ACT,1933,1,0.1186,-0.1024,finance_consumer_protection,Congress
5000,1934,US-1934-EXCHANGE-ACT,1934,0,0.0977,-0.1007,finance_state_capacity,Congress
5000,1934,US-1934-IRA,1934,0,0.0974,-0.1217,native_policy,Congress
5000,1934,US-1934-NATIONAL-HOUSING-ACT,1934,0,0.2052,-0.0946,housing_finance,Congress
5000,1934,US-1935-NIRA-SCHECHTER,1935,-1,0.1221,-0.1063,state_capacity,Supreme Court
5000,1934,US-1935-NLRA,1935,-1,0.2253,-0.1351,labor,Congress
5000,1934,US-1935-SOCIAL-SECURITY,1935,-1,0.1783,-0.0851,social_insurance,Congress
5000,1934,US-1936-AAA-BUTLER,1936,-2,0.109,-0.11,state_capacity,Supreme Court
5000,1934,US-1937-JONES-LAUGHLIN,1937,-3,0.0899,-0.1107,labor_state_capacity,Supreme Court
5000,1934,US-1937-WEST-COAST-HOTEL,1937,-3,0.1114,-0.1319,labor,Supreme Court
5000,1934,US-1938-FDCA,1938,-4,0.1245,-0.1353,consumer_health,Congress
5000,1934,US-1938-FLSA,1938,-4,0.2108,-0.1332,labor,Congress
5000,1934,US-1941-EO8802,1941,-7,0.0869,-0.0937,civil_rights,President
5000,1934,US-1942-WICKARD,1942,-8,0.0759,-0.107,state_capacity,Supreme Court
5000,1934,US-1944-GI-BILL,1944,-10,0.1637,-0.1054,veterans_education_housing,Congress
5000,1934,US-1944-KOREMATSU,1944,-10,0.1761,-0.093,civil_liberties_security,Supreme Court
5000,1934,US-1930-SMOOT-HAWLEY,1930,4,0.138,-0.0954,trade_political_economy,Congress
5000,1934,US-1932-RFC,1932,2,0.1497,-0.1025,finance_crisis_state_capacity,Congress
5000,1934,US-1932-NORRIS-LAGUARDIA,1932,2,0.0637,-0.1082,labor_courts,Congress
5000,1934,US-1933-CCC,1933,1,0.16,-0.0927,public_employment_environment,Congress
5000,1934,US-1933-FERA,1933,1,0.1604,-0.0965,welfare_relief,Congress
5000,1934,US-1933-HOME-OWNERS-LOAN,1933,1,0.1097,-0.0893,housing_finance,Congress
5000,1934,US-1934-NFA,1934,0,0.1373,-0.1252,guns_crime_tax,Congress
5000,1934,US-1935-PUHCA,1935,-1,0.0717,-0.0844,utilities_finance,Congress
5000,1934,US-1936-RURAL-ELECTRIFICATION,1936,-2,0.1008,-0.119,rural_infrastructure,Congress
5000,1934,US-1939-HATCH-ACT,1939,-5,0.1607,-0.117,civil_service_elections,Congress
5000,1934,US-1940-SELECTIVE-TRAINING,1940,-6,0.1129,-0.1095,military_state_capacity,Congress
5000,1934,US-1940-SMITH-ACT,1940,-6,0.0903,-0.0886,security_civil_liberties_immigration,Congress
5000,1934,US-1941-DARBY,1941,-7,0.1427,-0.1133,labor_state_capacity,Supreme Court
5000,1934,US-1941-LEND-LEASE,1941,-7,0.0888,-0.1002,foreign_policy_security,Congress
5000,1934,US-1942-EMERGENCY-PRICE-CONTROL,1942,-8,0.1597,-0.1092,wartime_economic_control,Congress
5000,1934,US-1943-CHINESE-EXCLUSION-REPEAL,1943,-9,0.1313,-0.0833,immigration_race_foreign_policy,Congress
5000,1934,US-1933-TVA,1933,1,0.1831,-0.1051,regional_development_state_capacity,Congress
5000,1934,US-1933-NIRA,1933,1,0.1872,-0.1009,industrial_policy_labor_state_capacity,Congress
5000,1934,US-1942-EO9066,1942,-8,0.106,-0.1115,civil_liberties_security_race,President
10000,1935,US-1933-GLASS-STEAGALL,1933,2,0.2444,-0.1165,finance,Congress
10000,1935,US-1933-PROHIBITION-REPEAL,1933,2,0.3908,-0.1824,morals_federalism,constitutional_amendment
10000,1935,US-1933-SECURITIES-ACT,1933,2,0.2133,-0.1078,finance_consumer_protection,Congress
10000,1935,US-1934-EXCHANGE-ACT,1934,1,0.1633,-0.1358,finance_state_capacity,Congress
10000,1935,US-1934-IRA,1934,1,0.2132,-0.1466,native_policy,Congress
10000,1935,US-1934-NATIONAL-HOUSING-ACT,1934,1,0.357,-0.0966,housing_finance,Congress
10000,1935,US-1935-NIRA-SCHECHTER,1935,0,0.2497,-0.1255,state_capacity,Supreme Court
10000,1935,US-1935-NLRA,1935,0,0.3982,-0.1637,labor,Congress
10000,1935,US-1935-SOCIAL-SECURITY,1935,0,0.3589,-0.0856,social_insurance,Congress
10000,1935,US-1936-AAA-BUTLER,1936,-1,0.2172,-0.1586,state_capacity,Supreme Court
10000,1935,US-1937-JONES-LAUGHLIN,1937,-2,0.191,-0.1341,labor_state_capacity,Supreme Court
10000,1935,US-1937-WEST-COAST-HOTEL,1937,-2,0.2663,-0.1637,labor,Supreme Court
10000,1935,US-1938-FDCA,1938,-3,0.2433,-0.1359,consumer_health,Congress
10000,1935,US-1938-FLSA,1938,-3,0.3366,-0.1566,labor,Congress
10000,1935,US-1941-EO8802,1941,-6,0.2059,-0.1456,civil_rights,President
10000,1935,US-1942-WICKARD,1942,-7,0.1844,-0.1516,state_capacity,Supreme Court
10000,1935,US-1944-GI-BILL,1944,-9,0.3298,-0.116,veterans_education_housing,Congress
10000,1935,US-1944-KOREMATSU,1944,-9,0.3495,-0.1203,civil_liberties_security,Supreme Court
10000,1935,US-1930-SMOOT-HAWLEY,1930,5,0.2768,-0.1248,trade_political_economy,Congress
10000,1935,US-1932-RFC,1932,3,0.3301,-0.1165,finance_crisis_state_capacity,Congress
10000,1935,US-1932-NORRIS-LAGUARDIA,1932,3,0.1028,-0.1341,labor_courts,Congress
10000,1935,US-1933-CCC,1933,2,0.3387,-0.1065,public_employment_environment,Congress
10000,1935,US-1933-FERA,1933,2,0.3452,-0.1069,welfare_relief,Congress
10000,1935,US-1933-HOME-OWNERS-LOAN,1933,2,0.2679,-0.1003,housing_finance,Congress
10000,1935,US-1934-NFA,1934,1,0.2356,-0.1617,guns_crime_tax,Congress
10000,1935,US-1935-PUHCA,1935,0,0.1067,-0.0972,utilities_finance,Congress
10000,1935,US-1936-RURAL-ELECTRIFICATION,1936,-1,0.2891,-0.1258,rural_infrastructure,Congress
10000,1935,US-1939-HATCH-ACT,1939,-4,0.2537,-0.163,civil_service_elections,Congress
10000,1935,US-1940-SELECTIVE-TRAINING,1940,-5,0.1789,-0.1501,military_state_capacity,Congress
10000,1935,US-1940-SMITH-ACT,1940,-5,0.1162,-0.1056,security_civil_liberties_immigration,Congress
10000,1935,US-1941-DARBY,1941,-6,0.3352,-0.1319,labor_state_capacity,Supreme Court
10000,1935,US-1941-LEND-LEASE,1941,-6,0.1309,-0.1199,foreign_policy_security,Congress
10000,1935,US-1942-EMERGENCY-PRICE-CONTROL,1942,-7,0.2994,-0.1303,wartime_economic_control,Congress
10000,1935,US-1943-CHINESE-EXCLUSION-REPEAL,1943,-8,0.1794,-0.1058,immigration_race_foreign_policy,Congress
10000,1935,US-1945-BRETTON-WOODS,1945,-10,0.2372,-0.1215,international_economic_order,Congress
10000,1935,US-1945-UN-PARTICIPATION,1945,-10,0.1869,-0.132,foreign_policy_multilateralism,Congress
10000,1935,US-1933-TVA,1933,2,0.2632,-0.1157,regional_development_state_capacity,Congress
10000,1935,US-1933-NIRA,1933,2,0.3243,-0.1159,industrial_policy_labor_state_capacity,Congress
10000,1935,US-1942-EO9066,1942,-7,0.2833,-0.124,civil_liberties_security_race,President
20000,1935,US-1933-GLASS-STEAGALL,1933,2,0.4211,-0.1212,finance,Congress
20000,1935,US-1933-PROHIBITION-REPEAL,1933,2,0.5528,-0.2055,morals_federalism,constitutional_amendment
20000,1935,US-1933-SECURITIES-ACT,1933,2,0.3714,-0.1213,finance_consumer_protection,Congress
20000,1935,US-1934-EXCHANGE-ACT,1934,1,0.4215,-0.1359,finance_state_capacity,Congress
20000,1935,US-1934-IRA,1934,1,0.3797,-0.1562,native_policy,Congress
20000,1935,US-1934-NATIONAL-HOUSING-ACT,1934,1,0.557,-0.1053,housing_finance,Congress
20000,1935,US-1935-NIRA-SCHECHTER,1935,0,0.4045,-0.1499,state_capacity,Supreme Court
20000,1935,US-1935-NLRA,1935,0,0.5823,-0.1625,labor,Congress
20000,1935,US-1935-SOCIAL-SECURITY,1935,0,0.5689,-0.0845,social_insurance,Congress
20000,1935,US-1936-AAA-BUTLER,1936,-1,0.4082,-0.1552,state_capacity,Supreme Court
20000,1935,US-1937-JONES-LAUGHLIN,1937,-2,0.3777,-0.1334,labor_state_capacity,Supreme Court
20000,1935,US-1937-WEST-COAST-HOTEL,1937,-2,0.4412,-0.1793,labor,Supreme Court
20000,1935,US-1938-FDCA,1938,-3,0.4248,-0.1588,consumer_health,Congress
20000,1935,US-1938-FLSA,1938,-3,0.4873,-0.1538,labor,Congress
20000,1935,US-1941-EO8802,1941,-6,0.3915,-0.1218,civil_rights,President
20000,1935,US-1942-WICKARD,1942,-7,0.3308,-0.159,state_capacity,Supreme Court
20000,1935,US-1944-GI-BILL,1944,-9,0.522,-0.1211,veterans_education_housing,Congress
20000,1935,US-1944-KOREMATSU,1944,-9,0.4909,-0.1087,civil_liberties_security,Supreme Court
20000,1935,US-1930-SMOOT-HAWLEY,1930,5,0.4768,-0.1211,trade_political_economy,Congress
20000,1935,US-1932-RFC,1932,3,0.5344,-0.1277,finance_crisis_state_capacity,Congress
20000,1935,US-1932-NORRIS-LAGUARDIA,1932,3,0.2469,-0.1187,labor_courts,Congress
20000,1935,US-1933-CCC,1933,2,0.5199,-0.0964,public_employment_environment,Congress
20000,1935,US-1933-FERA,1933,2,0.5514,-0.107,welfare_relief,Congress
20000,1935,US-1933-HOME-OWNERS-LOAN,1933,2,0.4562,-0.1081,housing_finance,Congress
20000,1935,US-1934-NFA,1934,1,0.4488,-0.1746,guns_crime_tax,Congress
20000,1935,US-1935-PUHCA,1935,0,0.2174,-0.0896,utilities_finance,Congress
20000,1935,US-1936-RURAL-ELECTRIFICATION,1936,-1,0.4388,-0.1316,rural_infrastructure,Congress
20000,1935,US-1939-HATCH-ACT,1939,-4,0.4489,-0.1745,civil_service_elections,Congress
20000,1935,US-1940-SELECTIVE-TRAINING,1940,-5,0.3735,-0.1571,military_state_capacity,Congress
20000,1935,US-1940-SMITH-ACT,1940,-5,0.3112,-0.1308,security_civil_liberties_immigration,Congress
20000,1935,US-1941-DARBY,1941,-6,0.4694,-0.1414,labor_state_capacity,Supreme Court
20000,1935,US-1941-LEND-LEASE,1941,-6,0.2701,-0.1254,foreign_policy_security,Congress
20000,1935,US-1942-EMERGENCY-PRICE-CONTROL,1942,-7,0.472,-0.144,wartime_economic_control,Congress
20000,1935,US-1943-CHINESE-EXCLUSION-REPEAL,1943,-8,0.3118,-0.1072,immigration_race_foreign_policy,Congress
20000,1935,US-1945-BRETTON-WOODS,1945,-10,0.3241,-0.1262,international_economic_order,Congress
20000,1935,US-1945-UN-PARTICIPATION,1945,-10,0.263,-0.1377,foreign_policy_multilateralism,Congress
20000,1935,US-1933-TVA,1933,2,0.3944,-0.118,regional_development_state_capacity,Congress
20000,1935,US-1933-NIRA,1933,2,0.5186,-0.1232,industrial_policy_labor_state_capacity,Congress
20000,1935,US-1942-EO9066,1942,-7,0.4585,-0.1214,civil_liberties_security_race,President
5000,1935,US-1933-GLASS-STEAGALL,1933,2,0.3985,-0.1271,finance,Congress
5000,1935,US-1933-PROHIBITION-REPEAL,1933,2,0.3921,-0.1488,morals_federalism,constitutional_amendment
5000,1935,US-1933-SECURITIES-ACT,1933,2,0.358,-0.1292,finance_consumer_protection,Congress
5000,1935,US-1934-EXCHANGE-ACT,1934,1,0.2827,-0.1332,finance_state_capacity,Congress
5000,1935,US-1934-IRA,1934,1,0.3064,-0.1422,native_policy,Congress
5000,1935,US-1934-NATIONAL-HOUSING-ACT,1934,1,0.439,-0.1152,housing_finance,Congress
5000,1935,US-1935-NIRA-SCHECHTER,1935,0,0.3034,-0.1267,state_capacity,Supreme Court
5000,1935,US-1935-NLRA,1935,0,0.48,-0.1638,labor,Congress
5000,1935,US-1935-SOCIAL-SECURITY,1935,0,0.4098,-0.1128,social_insurance,Congress
5000,1935,US-1936-AAA-BUTLER,1936,-1,0.3152,-0.1399,state_capacity,Supreme Court
5000,1935,US-1937-JONES-LAUGHLIN,1937,-2,0.2752,-0.138,labor_state_capacity,Supreme Court
5000,1935,US-1937-WEST-COAST-HOTEL,1937,-2,0.343,-0.1519,labor,Supreme Court
5000,1935,US-1938-FDCA,1938,-3,0.3588,-0.1557,consumer_health,Congress
5000,1935,US-1938-FLSA,1938,-3,0.4945,-0.1585,labor,Congress
5000,1935,US-1941-EO8802,1941,-6,0.2266,-0.1256,civil_rights,President
5000,1935,US-1942-WICKARD,1942,-7,0.2541,-0.1433,state_capacity,Supreme Court
5000,1935,US-1944-GI-BILL,1944,-9,0.3987,-0.127,veterans_education_housing,Congress
5000,1935,US-1944-KOREMATSU,1944,-9,0.4046,-0.1209,civil_liberties_security,Supreme Court
5000,1935,US-1930-SMOOT-HAWLEY,1930,5,0.329,-0.1264,trade_political_economy,Congress
5000,1935,US-1932-RFC,1932,3,0.347,-0.1254,finance_crisis_state_capacity,Congress
5000,1935,US-1932-NORRIS-LAGUARDIA,1932,3,0.216,-0.1298,labor_courts,Congress
5000,1935,US-1933-CCC,1933,2,0.3946,-0.1213,public_employment_environment,Congress
5000,1935,US-1933-FERA,1933,2,0.3808,-0.1256,welfare_relief,Congress
5000,1935,US-1933-HOME-OWNERS-LOAN,1933,2,0.318,-0.1096,housing_finance,Congress
5000,1935,US-1934-NFA,1934,1,0.3614,-0.1509,guns_crime_tax,Congress
5000,1935,US-1935-PUHCA,1935,0,0.2011,-0.1056,utilities_finance,Congress
5000,1935,US-1936-RURAL-ELECTRIFICATION,1936,-1,0.3171,-0.1345,rural_infrastructure,Congress
5000,1935,US-1939-HATCH-ACT,1939,-4,0.3787,-0.1416,civil_service_elections,Congress
5000,1935,US-1940-SELECTIVE-TRAINING,1940,-5,0.2438,-0.1425,military_state_capacity,Congress
5000,1935,US-1940-SMITH-ACT,1940,-5,0.2553,-0.1052,security_civil_liberties_immigration,Congress
5000,1935,US-1941-DARBY,1941,-6,0.4052,-0.1389,labor_state_capacity,Supreme Court
5000,1935,US-1941-LEND-LEASE,1941,-6,0.1792,-0.1176,foreign_policy_security,Congress
5000,1935,US-1942-EMERGENCY-PRICE-CONTROL,1942,-7,0.381,-0.1342,wartime_economic_control,Congress
5000,1935,US-1943-CHINESE-EXCLUSION-REPEAL,1943,-8,0.2312,-0.1115,immigration_race_foreign_policy,Congress
5000,1935,US-1945-BRETTON-WOODS,1945,-10,0.3064,-0.125,international_economic_order,Congress
5000,1935,US-1945-UN-PARTICIPATION,1945,-10,0.2463,-0.1319,foreign_policy_multilateralism,Congress
5000,1935,US-1933-TVA,1933,2,0.3374,-0.1214,regional_development_state_capacity,Congress
5000,1935,US-1933-NIRA,1933,2,0.4321,-0.1241,industrial_policy_labor_state_capacity,Congress
5000,1935,US-1942-EO9066,1942,-7,0.2739,-0.1259,civil_liberties_security_race,President
10000,1936,US-1933-GLASS-STEAGALL,1933,3,0.4029,-0.1212,finance,Congress
10000,1936,US-1933-PROHIBITION-REPEAL,1933,3,0.5606,-0.1744,morals_federalism,constitutional_amendment
10000,1936,US-1933-SECURITIES-ACT,1933,3,0.359,-0.1202,finance_consumer_protection,Congress
10000,1936,US-1934-EXCHANGE-ACT,1934,2,0.3736,-0.1314,finance_state_capacity,Congress
10000,1936,US-1934-IRA,1934,2,0.3169,-0.1414,native_policy,Congress
10000,1936,US-1934-NATIONAL-HOUSING-ACT,1934,2,0.5736,-0.1061,housing_finance,Congress
10000,1936,US-1935-NIRA-SCHECHTER,1935,1,0.4599,-0.1252,state_capacity,Supreme Court
10000,1936,US-1935-NLRA,1935,1,0.5653,-0.1603,labor,Congress
10000,1936,US-1935-SOCIAL-SECURITY,1935,1,0.5585,-0.0897,social_insurance,Congress
10000,1936,US-1936-AAA-BUTLER,1936,0,0.4162,-0.1348,state_capacity,Supreme Court
10000,1936,US-1937-JONES-LAUGHLIN,1937,-1,0.39,-0.1225,labor_state_capacity,Supreme Court
10000,1936,US-1937-WEST-COAST-HOTEL,1937,-1,0.476,-0.1601,labor,Supreme Court
10000,1936,US-1938-FDCA,1938,-2,0.4106,-0.1449,consumer_health,Congress
10000,1936,US-1938-FLSA,1938,-2,0.5329,-0.149,labor,Congress
10000,1936,US-1941-EO8802,1941,-5,0.3328,-0.1178,civil_rights,President
10000,1936,US-1942-WICKARD,1942,-6,0.3298,-0.1333,state_capacity,Supreme Court
10000,1936,US-1944-GI-BILL,1944,-8,0.4945,-0.1298,veterans_education_housing,Congress
10000,1936,US-1944-KOREMATSU,1944,-8,0.495,-0.1048,civil_liberties_security,Supreme Court
10000,1936,US-1946-EMPLOYMENT-ACT,1946,-10,0.4869,-0.1117,macroeconomic_governance,Congress
10000,1936,US-1930-SMOOT-HAWLEY,1930,6,0.494,-0.1121,trade_political_economy,Congress
10000,1936,US-1932-RFC,1932,4,0.5028,-0.1157,finance_crisis_state_capacity,Congress
10000,1936,US-1932-NORRIS-LAGUARDIA,1932,4,0.2308,-0.1197,labor_courts,Congress
10000,1936,US-1933-CCC,1933,3,0.5041,-0.0936,public_employment_environment,Congress
10000,1936,US-1933-FERA,1933,3,0.5196,-0.1076,welfare_relief,Congress
10000,1936,US-1933-HOME-OWNERS-LOAN,1933,3,0.4145,-0.1011,housing_finance,Congress
10000,1936,US-1934-NFA,1934,2,0.4043,-0.1533,guns_crime_tax,Congress
10000,1936,US-1935-PUHCA,1935,1,0.1598,-0.0853,utilities_finance,Congress
10000,1936,US-1936-RURAL-ELECTRIFICATION,1936,0,0.4335,-0.1244,rural_infrastructure,Congress
10000,1936,US-1939-HATCH-ACT,1939,-3,0.4317,-0.1549,civil_service_elections,Congress
10000,1936,US-1940-SELECTIVE-TRAINING,1940,-4,0.303,-0.1436,military_state_capacity,Congress
10000,1936,US-1940-SMITH-ACT,1940,-4,0.2667,-0.1086,security_civil_liberties_immigration,Congress
10000,1936,US-1941-DARBY,1941,-5,0.4981,-0.1306,labor_state_capacity,Supreme Court
10000,1936,US-1941-LEND-LEASE,1941,-5,0.2281,-0.1228,foreign_policy_security,Congress
10000,1936,US-1942-EMERGENCY-PRICE-CONTROL,1942,-6,0.5174,-0.1312,wartime_economic_control,Congress
10000,1936,US-1943-CHINESE-EXCLUSION-REPEAL,1943,-7,0.3313,-0.0947,immigration_race_foreign_policy,Congress
10000,1936,US-1945-BRETTON-WOODS,1945,-9,0.3726,-0.12,international_economic_order,Congress
10000,1936,US-1945-UN-PARTICIPATION,1945,-9,0.2811,-0.1305,foreign_policy_multilateralism,Congress
10000,1936,US-1946-APA,1946,-10,0.2625,-0.1191,administrative_state,Congress
10000,1936,US-1933-TVA,1933,3,0.419,-0.1059,regional_development_state_capacity,Congress
10000,1936,US-1933-NIRA,1933,3,0.5469,-0.1156,industrial_policy_labor_state_capacity,Congress
10000,1936,US-1942-EO9066,1942,-6,0.4291,-0.1165,civil_liberties_security_race,President
20000,1936,US-1933-GLASS-STEAGALL,1933,3,0.3084,-0.1275,finance,Congress
20000,1936,US-1933-PROHIBITION-REPEAL,1933,3,0.4888,-0.2013,morals_federalism,constitutional_amendment
20000,1936,US-1933-SECURITIES-ACT,1933,3,0.278,-0.1246,finance_consumer_protection,Congress
20000,1936,US-1934-EXCHANGE-ACT,1934,2,0.3297,-0.1537,finance_state_capacity,Congress
20000,1936,US-1934-IRA,1934,2,0.2423,-0.1409,native_policy,Congress
20000,1936,US-1934-NATIONAL-HOUSING-ACT,1934,2,0.3754,-0.1068,housing_finance,Congress
20000,1936,US-1935-NIRA-SCHECHTER,1935,1,0.3208,-0.1512,state_capacity,Supreme Court
20000,1936,US-1935-NLRA,1935,1,0.5756,-0.1795,labor,Congress
20000,1936,US-1935-SOCIAL-SECURITY,1935,1,0.5146,-0.0913,social_insurance,Congress
20000,1936,US-1936-AAA-BUTLER,1936,0,0.3346,-0.1643,state_capacity,Supreme Court
20000,1936,US-1937-JONES-LAUGHLIN,1937,-1,0.2842,-0.1276,labor_state_capacity,Supreme Court
20000,1936,US-1937-WEST-COAST-HOTEL,1937,-1,0.3665,-0.1819,labor,Supreme Court
20000,1936,US-1938-FDCA,1938,-2,0.274,-0.178,consumer_health,Congress
20000,1936,US-1938-FLSA,1938,-2,0.4425,-0.1753,labor,Congress
20000,1936,US-1941-EO8802,1941,-5,0.3485,-0.1197,civil_rights,President
20000,1936,US-1942-WICKARD,1942,-6,0.2648,-0.1682,state_capacity,Supreme Court
20000,1936,US-1944-GI-BILL,1944,-8,0.5165,-0.1291,veterans_education_housing,Congress
20000,1936,US-1944-KOREMATSU,1944,-8,0.4287,-0.1173,civil_liberties_security,Supreme Court
20000,1936,US-1946-EMPLOYMENT-ACT,1946,-10,0.4038,-0.1165,macroeconomic_governance,Congress
20000,1936,US-1930-SMOOT-HAWLEY,1930,6,0.4357,-0.1276,trade_political_economy,Congress
20000,1936,US-1932-RFC,1932,4,0.5128,-0.1303,finance_crisis_state_capacity,Congress
20000,1936,US-1932-NORRIS-LAGUARDIA,1932,4,0.1884,-0.143,labor_courts,Congress
20000,1936,US-1933-CCC,1933,3,0.496,-0.1002,public_employment_environment,Congress
20000,1936,US-1933-FERA,1933,3,0.5194,-0.1136,welfare_relief,Congress
20000,1936,US-1933-HOME-OWNERS-LOAN,1933,3,0.3092,-0.1055,housing_finance,Congress
20000,1936,US-1934-NFA,1934,2,0.3851,-0.1911,guns_crime_tax,Congress
20000,1936,US-1935-PUHCA,1935,1,0.1295,-0.0803,utilities_finance,Congress
20000,1936,US-1936-RURAL-ELECTRIFICATION,1936,0,0.3357,-0.1339,rural_infrastructure,Congress
20000,1936,US-1939-HATCH-ACT,1939,-3,0.3585,-0.178,civil_service_elections,Congress
20000,1936,US-1940-SELECTIVE-TRAINING,1940,-4,0.315,-0.1614,military_state_capacity,Congress
20000,1936,US-1940-SMITH-ACT,1940,-4,0.2301,-0.1365,security_civil_liberties_immigration,Congress
20000,1936,US-1941-DARBY,1941,-5,0.3782,-0.1393,labor_state_capacity,Supreme Court
20000,1936,US-1941-LEND-LEASE,1941,-5,0.2515,-0.1403,foreign_policy_security,Congress
20000,1936,US-1942-EMERGENCY-PRICE-CONTROL,1942,-6,0.3867,-0.1544,wartime_economic_control,Congress
20000,1936,US-1943-CHINESE-EXCLUSION-REPEAL,1943,-7,0.211,-0.1059,immigration_race_foreign_policy,Congress
20000,1936,US-1945-BRETTON-WOODS,1945,-9,0.2722,-0.1222,international_economic_order,Congress
20000,1936,US-1945-UN-PARTICIPATION,1945,-9,0.2165,-0.1458,foreign_policy_multilateralism,Congress
20000,1936,US-1946-APA,1946,-10,0.2095,-0.1439,administrative_state,Congress
20000,1936,US-1933-TVA,1933,3,0.4346,-0.1167,regional_development_state_capacity,Congress
20000,1936,US-1933-NIRA,1933,3,0.3927,-0.1384,industrial_policy_labor_state_capacity,Congress
20000,1936,US-1942-EO9066,1942,-6,0.4163,-0.1311,civil_liberties_security_race,President
5000,1936,US-1933-GLASS-STEAGALL,1933,3,0.4575,-0.1043,finance,Congress
5000,1936,US-1933-PROHIBITION-REPEAL,1933,3,0.4852,-0.1372,morals_federalism,constitutional_amendment
5000,1936,US-1933-SECURITIES-ACT,1933,3,0.4242,-0.1042,finance_consumer_protection,Congress
5000,1936,US-1934-EXCHANGE-ACT,1934,2,0.3347,-0.1109,finance_state_capacity,Congress
5000,1936,US-1934-IRA,1934,2,0.3847,-0.1295,native_policy,Congress
5000,1936,US-1934-NATIONAL-HOUSING-ACT,1934,2,0.5543,-0.0932,housing_finance,Congress
5000,1936,US-1935-NIRA-SCHECHTER,1935,1,0.399,-0.1076,state_capacity,Supreme Court
5000,1936,US-1935-NLRA,1935,1,0.5869,-0.1393,labor,Congress
5000,1936,US-1935-SOCIAL-SECURITY,1935,1,0.542,-0.0855,social_insurance,Congress
5000,1936,US-1936-AAA-BUTLER,1936,0,0.383,-0.1194,state_capacity,Supreme Court
5000,1936,US-1937-JONES-LAUGHLIN,1937,-1,0.3663,-0.1045,labor_state_capacity,Supreme Court
5000,1936,US-1937-WEST-COAST-HOTEL,1937,-1,0.4828,-0.1352,labor,Supreme Court
5000,1936,US-1938-FDCA,1938,-2,0.4421,-0.1266,consumer_health,Congress
5000,1936,US-1938-FLSA,1938,-2,0.5553,-0.1306,labor,Congress
5000,1936,US-1941-EO8802,1941,-5,0.3203,-0.1084,civil_rights,President
5000,1936,US-1942-WICKARD,1942,-6,0.2716,-0.1135,state_capacity,Supreme Court
5000,1936,US-1944-GI-BILL,1944,-8,0.4772,-0.1089,veterans_education_housing,Congress
5000,1936,US-1944-KOREMATSU,1944,-8,0.4753,-0.1017,civil_liberties_security,Supreme Court
5000,1936,US-1946-EMPLOYMENT-ACT,1946,-10,0.5213,-0.1016,macroeconomic_governance,Congress
5000,1936,US-1930-SMOOT-HAWLEY,1930,6,0.4724,-0.1016,trade_political_economy,Congress
5000,1936,US-1932-RFC,1932,4,0.464,-0.1029,finance_crisis_state_capacity,Congress
5000,1936,US-1932-NORRIS-LAGUARDIA,1932,4,0.2452,-0.1089,labor_courts,Congress
5000,1936,US-1933-CCC,1933,3,0.4807,-0.0905,public_employment_environment,Congress
5000,1936,US-1933-FERA,1933,3,0.5007,-0.1008,welfare_relief,Congress
5000,1936,US-1933-HOME-OWNERS-LOAN,1933,3,0.4106,-0.0868,housing_finance,Congress
5000,1936,US-1934-NFA,1934,2,0.4361,-0.1265,guns_crime_tax,Congress
5000,1936,US-1935-PUHCA,1935,1,0.1841,-0.0739,utilities_finance,Congress
5000,1936,US-1936-RURAL-ELECTRIFICATION,1936,0,0.4082,-0.1049,rural_infrastructure,Congress
5000,1936,US-1939-HATCH-ACT,1939,-3,0.445,-0.1247,civil_service_elections,Congress
5000,1936,US-1940-SELECTIVE-TRAINING,1940,-4,0.3291,-0.1235,military_state_capacity,Congress
5000,1936,US-1940-SMITH-ACT,1940,-4,0.2668,-0.0942,security_civil_liberties_immigration,Congress
5000,1936,US-1941-DARBY,1941,-5,0.4968,-0.113,labor_state_capacity,Supreme Court
5000,1936,US-1941-LEND-LEASE,1941,-5,0.2723,-0.1002,foreign_policy_security,Congress
5000,1936,US-1942-EMERGENCY-PRICE-CONTROL,1942,-6,0.5065,-0.1085,wartime_economic_control,Congress
5000,1936,US-1943-CHINESE-EXCLUSION-REPEAL,1943,-7,0.3461,-0.0801,immigration_race_foreign_policy,Congress
5000,1936,US-1945-BRETTON-WOODS,1945,-9,0.4412,-0.1031,international_economic_order,Congress
5000,1936,US-1945-UN-PARTICIPATION,1945,-9,0.3715,-0.1159,foreign_policy_multilateralism,Congress
5000,1936,US-1946-APA,1946,-10,0.3333,-0.1139,administrative_state,Congress
5000,1936,US-1933-TVA,1933,3,0.4311,-0.0861,regional_development_state_capacity,Congress
5000,1936,US-1933-NIRA,1933,3,0.5226,-0.0972,industrial_policy_labor_state_capacity,Congress
5000,1936,US-1942-EO9066,1942,-6,0.3965,-0.0994,civil_liberties_security_race,President
10000,1937,US-1933-GLASS-STEAGALL,1933,4,0.3094,-0.1439,finance,Congress
10000,1937,US-1933-PROHIBITION-REPEAL,1933,4,0.4119,-0.2085,morals_federalism,constitutional_amendment
10000,1937,US-1933-SECURITIES-ACT,1933,4,0.266,-0.1312,finance_consumer_protection,Congress
10000,1937,US-1934-EXCHANGE-ACT,1934,3,0.2936,-0.1642,finance_state_capacity,Congress
10000,1937,US-1934-IRA,1934,3,0.2557,-0.1777,native_policy,Congress
10000,1937,US-1934-NATIONAL-HOUSING-ACT,1934,3,0.4456,-0.1205,housing_finance,Congress
10000,1937,US-1935-NIRA-SCHECHTER,1935,2,0.3107,-0.1614,state_capacity,Supreme Court
10000,1937,US-1935-NLRA,1935,2,0.4968,-0.1892,labor,Congress
10000,1937,US-1935-SOCIAL-SECURITY,1935,2,0.4442,-0.118,social_insurance,Congress
10000,1937,US-1936-AAA-BUTLER,1936,1,0.2799,-0.1825,state_capacity,Supreme Court
10000,1937,US-1937-JONES-LAUGHLIN,1937,0,0.2314,-0.1398,labor_state_capacity,Supreme Court
10000,1937,US-1937-WEST-COAST-HOTEL,1937,0,0.36,-0.1874,labor,Supreme Court
10000,1937,US-1938-FDCA,1938,-1,0.2871,-0.1721,consumer_health,Congress
10000,1937,US-1938-FLSA,1938,-1,0.4182,-0.1804,labor,Congress
10000,1937,US-1941-EO8802,1941,-4,0.2633,-0.1665,civil_rights,President
10000,1937,US-1942-WICKARD,1942,-5,0.2078,-0.1725,state_capacity,Supreme Court
10000,1937,US-1944-GI-BILL,1944,-7,0.3863,-0.1499,veterans_education_housing,Congress
10000,1937,US-1944-KOREMATSU,1944,-7,0.3679,-0.1326,civil_liberties_security,Supreme Court
10000,1937,US-1946-EMPLOYMENT-ACT,1946,-9,0.3656,-0.138,macroeconomic_governance,Congress
10000,1937,US-1947-NATIONAL-SECURITY-ACT,1947,-10,0.2924,-0.1355,security_state,Congress
10000,1937,US-1947-TAFT-HARTLEY,1947,-10,0.3136,-0.2121,labor,Congress
10000,1937,US-1930-SMOOT-HAWLEY,1930,7,0.3839,-0.1417,trade_political_economy,Congress
10000,1937,US-1932-RFC,1932,5,0.3961,-0.1427,finance_crisis_state_capacity,Congress
10000,1937,US-1932-NORRIS-LAGUARDIA,1932,5,0.1551,-0.1644,labor_courts,Congress
10000,1937,US-1933-CCC,1933,4,0.3977,-0.1332,public_employment_environment,Congress
10000,1937,US-1933-FERA,1933,4,0.4052,-0.1381,welfare_relief,Congress
10000,1937,US-1933-HOME-OWNERS-LOAN,1933,4,0.3019,-0.1192,housing_finance,Congress
10000,1937,US-1934-NFA,1934,3,0.3046,-0.1937,guns_crime_tax,Congress
10000,1937,US-1935-PUHCA,1935,2,0.1308,-0.1086,utilities_finance,Congress
10000,1937,US-1936-RURAL-ELECTRIFICATION,1936,1,0.2893,-0.1523,rural_infrastructure,Congress
10000,1937,US-1939-HATCH-ACT,1939,-2,0.3508,-0.1919,civil_service_elections,Congress
10000,1937,US-1940-SELECTIVE-TRAINING,1940,-3,0.2107,-0.1746,military_state_capacity,Congress
10000,1937,US-1940-SMITH-ACT,1940,-3,0.1577,-0.1737,security_civil_liberties_immigration,Congress
10000,1937,US-1941-DARBY,1941,-4,0.347,-0.1469,labor_state_capacity,Supreme Court
10000,1937,US-1941-LEND-LEASE,1941,-4,0.1214,-0.1408,foreign_policy_security,Congress
10000,1937,US-1942-EMERGENCY-PRICE-CONTROL,1942,-5,0.3663,-0.1477,wartime_economic_control,Congress
10000,1937,US-1943-CHINESE-EXCLUSION-REPEAL,1943,-6,0.207,-0.1178,immigration_race_foreign_policy,Congress
10000,1937,US-1945-BRETTON-WOODS,1945,-8,0.2245,-0.1375,international_economic_order,Congress
10000,1937,US-1945-UN-PARTICIPATION,1945,-8,0.1826,-0.1546,foreign_policy_multilateralism,Congress
10000,1937,US-1946-APA,1946,-9,0.2141,-0.153,administrative_state,Congress
10000,1937,US-1933-TVA,1933,4,0.2593,-0.1325,regional_development_state_capacity,Congress
10000,1937,US-1933-NIRA,1933,4,0.3485,-0.1338,industrial_policy_labor_state_capacity,Congress
10000,1937,US-1942-EO9066,1942,-5,0.2783,-0.157,civil_liberties_security_race,President
10000,1937,US-1947-TRUMAN-DOCTRINE,1947,-10,0.2384,-0.1567,foreign_policy_security,Congress/President
20000,1937,US-1933-GLASS-STEAGALL,1933,4,0.3975,-0.1572,finance,Congress
20000,1937,US-1933-PROHIBITION-REPEAL,1933,4,0.5441,-0.2364,morals_federalism,constitutional_amendment
20000,1937,US-1933-SECURITIES-ACT,1933,4,0.3507,-0.1617,finance_consumer_protection,Congress
20000,1937,US-1934-EXCHANGE-ACT,1934,3,0.4484,-0.1932,finance_state_capacity,Congress
20000,1937,US-1934-IRA,1934,3,0.3433,-0.1914,native_policy,Congress
20000,1937,US-1934-NATIONAL-HOUSING-ACT,1934,3,0.5657,-0.1371,housing_finance,Congress
20000,1937,US-1935-NIRA-SCHECHTER,1935,2,0.3729,-0.1861,state_capacity,Supreme Court
20000,1937,US-1935-NLRA,1935,2,0.6078,-0.2135,labor,Congress
20000,1937,US-1935-SOCIAL-SECURITY,1935,2,0.5691,-0.1273,social_insurance,Congress
20000,1937,US-1936-AAA-BUTLER,1936,1,0.3891,-0.2098,state_capacity,Supreme Court
20000,1937,US-1937-JONES-LAUGHLIN,1937,0,0.344,-0.1675,labor_state_capacity,Supreme Court
20000,1937,US-1937-WEST-COAST-HOTEL,1937,0,0.4609,-0.231,labor,Supreme Court
20000,1937,US-1938-FDCA,1938,-1,0.3969,-0.2196,consumer_health,Congress
20000,1937,US-1938-FLSA,1938,-1,0.5132,-0.2105,labor,Congress
20000,1937,US-1941-EO8802,1941,-4,0.3349,-0.1465,civil_rights,President
20000,1937,US-1942-WICKARD,1942,-5,0.3031,-0.2061,state_capacity,Supreme Court
20000,1937,US-1944-GI-BILL,1944,-7,0.517,-0.156,veterans_education_housing,Congress
20000,1937,US-1944-KOREMATSU,1944,-7,0.4583,-0.142,civil_liberties_security,Supreme Court
20000,1937,US-1946-EMPLOYMENT-ACT,1946,-9,0.4589,-0.1439,macroeconomic_governance,Congress
20000,1937,US-1947-NATIONAL-SECURITY-ACT,1947,-10,0.3567,-0.1526,security_state,Congress
20000,1937,US-1947-TAFT-HARTLEY,1947,-10,0.4181,-0.2404,labor,Congress
20000,1937,US-1930-SMOOT-HAWLEY,1930,7,0.5019,-0.1709,trade_political_economy,Congress
20000,1937,US-1932-RFC,1932,5,0.532,-0.1699,finance_crisis_state_capacity,Congress
20000,1937,US-1932-NORRIS-LAGUARDIA,1932,5,0.2456,-0.1815,labor_courts,Congress
20000,1937,US-1933-CCC,1933,4,0.4985,-0.1401,public_employment_environment,Congress
20000,1937,US-1933-FERA,1933,4,0.5051,-0.1389,welfare_relief,Congress
20000,1937,US-1933-HOME-OWNERS-LOAN,1933,4,0.4146,-0.1345,housing_finance,Congress
20000,1937,US-1934-NFA,1934,3,0.4419,-0.2138,guns_crime_tax,Congress
20000,1937,US-1935-PUHCA,1935,2,0.2339,-0.1135,utilities_finance,Congress
20000,1937,US-1936-RURAL-ELECTRIFICATION,1936,1,0.3835,-0.1739,rural_infrastructure,Congress
20000,1937,US-1939-HATCH-ACT,1939,-2,0.4209,-0.216,civil_service_elections,Congress
20000,1937,US-1940-SELECTIVE-TRAINING,1940,-3,0.3454,-0.2079,military_state_capacity,Congress
20000,1937,US-1940-SMITH-ACT,1940,-3,0.2981,-0.1804,security_civil_liberties_immigration,Congress
20000,1937,US-1941-DARBY,1941,-4,0.4284,-0.178,labor_state_capacity,Supreme Court
20000,1937,US-1941-LEND-LEASE,1941,-4,0.2644,-0.1877,foreign_policy_security,Congress
20000,1937,US-1942-EMERGENCY-PRICE-CONTROL,1942,-5,0.4657,-0.1902,wartime_economic_control,Congress
20000,1937,US-1943-CHINESE-EXCLUSION-REPEAL,1943,-6,0.2881,-0.1394,immigration_race_foreign_policy,Congress
20000,1937,US-1945-BRETTON-WOODS,1945,-8,0.3102,-0.167,international_economic_order,Congress
20000,1937,US-1945-UN-PARTICIPATION,1945,-8,0.2347,-0.2031,foreign_policy_multilateralism,Congress
20000,1937,US-1946-APA,1946,-9,0.3486,-0.1903,administrative_state,Congress
20000,1937,US-1933-TVA,1933,4,0.4092,-0.1474,regional_development_state_capacity,Congress
20000,1937,US-1933-NIRA,1933,4,0.5031,-0.1706,industrial_policy_labor_state_capacity,Congress
20000,1937,US-1942-EO9066,1942,-5,0.4233,-0.1462,civil_liberties_security_race,President
20000,1937,US-1947-TRUMAN-DOCTRINE,1947,-10,0.3401,-0.1729,foreign_policy_security,Congress/President
5000,1937,US-1933-GLASS-STEAGALL,1933,4,0.538,-0.1068,finance,Congress
5000,1937,US-1933-PROHIBITION-REPEAL,1933,4,0.5376,-0.1409,morals_federalism,constitutional_amendment
5000,1937,US-1933-SECURITIES-ACT,1933,4,0.4856,-0.1016,finance_consumer_protection,Congress
5000,1937,US-1934-EXCHANGE-ACT,1934,3,0.4493,-0.1131,finance_state_capacity,Congress
5000,1937,US-1934-IRA,1934,3,0.4241,-0.127,native_policy,Congress
5000,1937,US-1934-NATIONAL-HOUSING-ACT,1934,3,0.6381,-0.0923,housing_finance,Congress
5000,1937,US-1935-NIRA-SCHECHTER,1935,2,0.4755,-0.1037,state_capacity,Supreme Court
5000,1937,US-1935-NLRA,1935,2,0.6413,-0.1392,labor,Congress
5000,1937,US-1935-SOCIAL-SECURITY,1935,2,0.601,-0.0881,social_insurance,Congress
5000,1937,US-1936-AAA-BUTLER,1936,1,0.4705,-0.1227,state_capacity,Supreme Court
5000,1937,US-1937-JONES-LAUGHLIN,1937,0,0.3825,-0.1046,labor_state_capacity,Supreme Court
5000,1937,US-1937-WEST-COAST-HOTEL,1937,0,0.5072,-0.1256,labor,Supreme Court
5000,1937,US-1938-FDCA,1938,-1,0.5317,-0.1208,consumer_health,Congress
5000,1937,US-1938-FLSA,1938,-1,0.6088,-0.1314,labor,Congress
5000,1937,US-1941-EO8802,1941,-4,0.4226,-0.1039,civil_rights,President
5000,1937,US-1942-WICKARD,1942,-5,0.3929,-0.1187,state_capacity,Supreme Court
5000,1937,US-1944-GI-BILL,1944,-7,0.5448,-0.1065,veterans_education_housing,Congress
5000,1937,US-1944-KOREMATSU,1944,-7,0.5993,-0.1038,civil_liberties_security,Supreme Court
5000,1937,US-1946-EMPLOYMENT-ACT,1946,-9,0.5774,-0.1018,macroeconomic_governance,Congress
5000,1937,US-1947-NATIONAL-SECURITY-ACT,1947,-10,0.4479,-0.1043,security_state,Congress
5000,1937,US-1947-TAFT-HARTLEY,1947,-10,0.5055,-0.1289,labor,Congress
5000,1937,US-1930-SMOOT-HAWLEY,1930,7,0.5327,-0.1061,trade_political_economy,Congress
5000,1937,US-1932-RFC,1932,5,0.5411,-0.1035,finance_crisis_state_capacity,Congress
5000,1937,US-1932-NORRIS-LAGUARDIA,1932,5,0.3946,-0.1106,labor_courts,Congress
5000,1937,US-1933-CCC,1933,4,0.5365,-0.0968,public_employment_environment,Congress
5000,1937,US-1933-FERA,1933,4,0.5827,-0.0989,welfare_relief,Congress
5000,1937,US-1933-HOME-OWNERS-LOAN,1933,4,0.4779,-0.0826,housing_finance,Congress
5000,1937,US-1934-NFA,1934,3,0.4915,-0.1307,guns_crime_tax,Congress
5000,1937,US-1935-PUHCA,1935,2,0.3096,-0.0814,utilities_finance,Congress
5000,1937,US-1936-RURAL-ELECTRIFICATION,1936,1,0.4908,-0.1105,rural_infrastructure,Congress
5000,1937,US-1939-HATCH-ACT,1939,-2,0.5529,-0.1296,civil_service_elections,Congress
5000,1937,US-1940-SELECTIVE-TRAINING,1940,-3,0.3547,-0.1215,military_state_capacity,Congress
5000,1937,US-1940-SMITH-ACT,1940,-3,0.3355,-0.0926,security_civil_liberties_immigration,Congress
5000,1937,US-1941-DARBY,1941,-4,0.5268,-0.1111,labor_state_capacity,Supreme Court
5000,1937,US-1941-LEND-LEASE,1941,-4,0.2778,-0.0986,foreign_policy_security,Congress
5000,1937,US-1942-EMERGENCY-PRICE-CONTROL,1942,-5,0.5681,-0.1102,wartime_economic_control,Congress
5000,1937,US-1943-CHINESE-EXCLUSION-REPEAL,1943,-6,0.3975,-0.0903,immigration_race_foreign_policy,Congress
5000,1937,US-1945-BRETTON-WOODS,1945,-8,0.4676,-0.1068,international_economic_order,Congress
5000,1937,US-1945-UN-PARTICIPATION,1945,-8,0.3885,-0.1171,foreign_policy_multilateralism,Congress
5000,1937,US-1946-APA,1946,-9,0.4208,-0.1111,administrative_state,Congress
5000,1937,US-1933-TVA,1933,4,0.5162,-0.0989,regional_development_state_capacity,Congress
5000,1937,US-1933-NIRA,1933,4,0.5704,-0.0963,industrial_policy_labor_state_capacity,Congress
5000,1937,US-1942-EO9066,1942,-5,0.4707,-0.1054,civil_liberties_security_race,President
5000,1937,US-1947-TRUMAN-DOCTRINE,1947,-10,0.4577,-0.109,foreign_policy_security,Congress/President
10000,1938,US-1933-GLASS-STEAGALL,1933,5,0.3097,-0.1379,finance,Congress
10000,1938,US-1933-PROHIBITION-REPEAL,1933,5,0.4563,-0.1857,morals_federalism,constitutional_amendment
10000,1938,US-1933-SECURITIES-ACT,1933,5,0.2828,-0.1358,finance_consumer_protection,Congress
10000,1938,US-1934-EXCHANGE-ACT,1934,4,0.3469,-0.1548,finance_state_capacity,Congress
10000,1938,US-1934-IRA,1934,4,0.2652,-0.1584,native_policy,Congress
10000,1938,US-1934-NATIONAL-HOUSING-ACT,1934,4,0.4417,-0.1136,housing_finance,Congress
10000,1938,US-1935-NIRA-SCHECHTER,1935,3,0.2909,-0.1384,state_capacity,Supreme Court
10000,1938,US-1935-NLRA,1935,3,0.5272,-0.1758,labor,Congress
10000,1938,US-1935-SOCIAL-SECURITY,1935,3,0.4947,-0.1086,social_insurance,Congress
10000,1938,US-1936-AAA-BUTLER,1936,2,0.2922,-0.1664,state_capacity,Supreme Court
10000,1938,US-1937-JONES-LAUGHLIN,1937,1,0.2412,-0.1372,labor_state_capacity,Supreme Court
10000,1938,US-1937-WEST-COAST-HOTEL,1937,1,0.309,-0.1709,labor,Supreme Court
10000,1938,US-1938-FDCA,1938,0,0.2991,-0.1724,consumer_health,Congress
10000,1938,US-1938-FLSA,1938,0,0.4525,-0.1669,labor,Congress
10000,1938,US-1941-EO8802,1941,-3,0.3062,-0.1446,civil_rights,President
10000,1938,US-1942-WICKARD,1942,-4,0.2322,-0.1619,state_capacity,Supreme Court
10000,1938,US-1944-GI-BILL,1944,-6,0.483,-0.1419,veterans_education_housing,Congress
10000,1938,US-1944-KOREMATSU,1944,-6,0.3785,-0.1215,civil_liberties_security,Supreme Court
10000,1938,US-1946-EMPLOYMENT-ACT,1946,-8,0.4374,-0.1221,macroeconomic_governance,Congress
10000,1938,US-1947-NATIONAL-SECURITY-ACT,1947,-9,0.3309,-0.129,security_state,Congress
10000,1938,US-1947-TAFT-HARTLEY,1947,-9,0.314,-0.1963,labor,Congress
10000,1938,US-1948-EO9981,1948,-10,0.4336,-0.1518,civil_rights,President
10000,1938,US-1930-SMOOT-HAWLEY,1930,8,0.4228,-0.1359,trade_political_economy,Congress
10000,1938,US-1932-RFC,1932,6,0.476,-0.1448,finance_crisis_state_capacity,Congress
10000,1938,US-1932-NORRIS-LAGUARDIA,1932,6,0.1814,-0.1401,labor_courts,Congress
10000,1938,US-1933-CCC,1933,5,0.4708,-0.1162,public_employment_environment,Congress
10000,1938,US-1933-FERA,1933,5,0.483,-0.1273,welfare_relief,Congress
10000,1938,US-1933-HOME-OWNERS-LOAN,1933,5,0.3711,-0.1116,housing_finance,Congress
10000,1938,US-1934-NFA,1934,4,0.3273,-0.1716,guns_crime_tax,Congress
10000,1938,US-1935-PUHCA,1935,3,0.1454,-0.1019,utilities_finance,Congress
10000,1938,US-1936-RURAL-ELECTRIFICATION,1936,2,0.3296,-0.1408,rural_infrastructure,Congress
10000,1938,US-1939-HATCH-ACT,1939,-1,0.3519,-0.1684,civil_service_elections,Congress
10000,1938,US-1940-SELECTIVE-TRAINING,1940,-2,0.2784,-0.174,military_state_capacity,Congress
10000,1938,US-1940-SMITH-ACT,1940,-2,0.2031,-0.1331,security_civil_liberties_immigration,Congress
10000,1938,US-1941-DARBY,1941,-3,0.3587,-0.1426,labor_state_capacity,Supreme Court
10000,1938,US-1941-LEND-LEASE,1941,-3,0.2223,-0.1474,foreign_policy_security,Congress
10000,1938,US-1942-EMERGENCY-PRICE-CONTROL,1942,-4,0.4103,-0.1457,wartime_economic_control,Congress
10000,1938,US-1943-CHINESE-EXCLUSION-REPEAL,1943,-5,0.2835,-0.1123,immigration_race_foreign_policy,Congress
10000,1938,US-1945-BRETTON-WOODS,1945,-7,0.2976,-0.1341,international_economic_order,Congress
10000,1938,US-1945-UN-PARTICIPATION,1945,-7,0.2688,-0.1521,foreign_policy_multilateralism,Congress
10000,1938,US-1946-APA,1946,-8,0.2288,-0.1466,administrative_state,Congress
10000,1938,US-1948-DISPLACED-PERSONS-ACT,1948,-10,0.2608,-0.0426,immigration_refugees,Congress
10000,1938,US-1948-MARSHALL-PLAN,1948,-10,0.433,-0.1226,foreign_aid_security,Congress
10000,1938,US-1948-SHELLEY,1948,-10,0.2606,-0.1652,civil_rights_housing,Supreme Court
10000,1938,US-1933-TVA,1933,5,0.4082,-0.1262,regional_development_state_capacity,Congress
10000,1938,US-1933-NIRA,1933,5,0.4401,-0.1366,industrial_policy_labor_state_capacity,Congress
10000,1938,US-1942-EO9066,1942,-4,0.398,-0.1291,civil_liberties_security_race,President
10000,1938,US-1947-TRUMAN-DOCTRINE,1947,-9,0.2785,-0.1344,foreign_policy_security,Congress/President
20000,1938,US-1933-GLASS-STEAGALL,1933,5,0.4707,-0.1635,finance,Congress
20000,1938,US-1933-PROHIBITION-REPEAL,1933,5,0.6312,-0.254,morals_federalism,constitutional_amendment
20000,1938,US-1933-SECURITIES-ACT,1933,5,0.4273,-0.1462,finance_consumer_protection,Congress
20000,1938,US-1934-EXCHANGE-ACT,1934,4,0.5358,-0.2039,finance_state_capacity,Congress
20000,1938,US-1934-IRA,1934,4,0.4962,-0.1902,native_policy,Congress
20000,1938,US-1934-NATIONAL-HOUSING-ACT,1934,4,0.637,-0.1471,housing_finance,Congress
20000,1938,US-1935-NIRA-SCHECHTER,1935,3,0.4538,-0.1997,state_capacity,Supreme Court
20000,1938,US-1935-NLRA,1935,3,0.729,-0.2042,labor,Congress
20000,1938,US-1935-SOCIAL-SECURITY,1935,3,0.7222,-0.1144,social_insurance,Congress
20000,1938,US-1936-AAA-BUTLER,1936,2,0.4509,-0.229,state_capacity,Supreme Court
20000,1938,US-1937-JONES-LAUGHLIN,1937,1,0.43,-0.1743,labor_state_capacity,Supreme Court
20000,1938,US-1937-WEST-COAST-HOTEL,1937,1,0.5223,-0.2401,labor,Supreme Court
20000,1938,US-1938-FDCA,1938,0,0.5544,-0.2408,consumer_health,Congress
20000,1938,US-1938-FLSA,1938,0,0.6038,-0.2165,labor,Congress
20000,1938,US-1941-EO8802,1941,-3,0.4602,-0.1518,civil_rights,President
20000,1938,US-1942-WICKARD,1942,-4,0.3962,-0.2167,state_capacity,Supreme Court
20000,1938,US-1944-GI-BILL,1944,-6,0.6988,-0.1594,veterans_education_housing,Congress
20000,1938,US-1944-KOREMATSU,1944,-6,0.5732,-0.1268,civil_liberties_security,Supreme Court
20000,1938,US-1946-EMPLOYMENT-ACT,1946,-8,0.5988,-0.1519,macroeconomic_governance,Congress
20000,1938,US-1947-NATIONAL-SECURITY-ACT,1947,-9,0.5036,-0.1523,security_state,Congress
20000,1938,US-1947-TAFT-HARTLEY,1947,-9,0.4937,-0.2167,labor,Congress
20000,1938,US-1948-EO9981,1948,-10,0.6577,-0.1834,civil_rights,President
20000,1938,US-1930-SMOOT-HAWLEY,1930,8,0.6005,-0.1768,trade_political_economy,Congress
20000,1938,US-1932-RFC,1932,6,0.6546,-0.1696,finance_crisis_state_capacity,Congress
20000,1938,US-1932-NORRIS-LAGUARDIA,1932,6,0.2779,-0.1848,labor_courts,Congress
20000,1938,US-1933-CCC,1933,5,0.6455,-0.1192,public_employment_environment,Congress
20000,1938,US-1933-FERA,1933,5,0.674,-0.1398,welfare_relief,Congress
20000,1938,US-1933-HOME-OWNERS-LOAN,1933,5,0.5521,-0.1486,housing_finance,Congress
20000,1938,US-1934-NFA,1934,4,0.5708,-0.2186,guns_crime_tax,Congress
20000,1938,US-1935-PUHCA,1935,3,0.2472,-0.1134,utilities_finance,Congress
20000,1938,US-1936-RURAL-ELECTRIFICATION,1936,2,0.5266,-0.1871,rural_infrastructure,Congress
20000,1938,US-1939-HATCH-ACT,1939,-1,0.524,-0.2191,civil_service_elections,Congress
20000,1938,US-1940-SELECTIVE-TRAINING,1940,-2,0.4972,-0.2104,military_state_capacity,Congress
20000,1938,US-1940-SMITH-ACT,1940,-2,0.373,-0.1377,security_civil_liberties_immigration,Congress
20000,1938,US-1941-DARBY,1941,-3,0.5321,-0.1937,labor_state_capacity,Supreme Court
20000,1938,US-1941-LEND-LEASE,1941,-3,0.3995,-0.1848,foreign_policy_security,Congress
20000,1938,US-1942-EMERGENCY-PRICE-CONTROL,1942,-4,0.5854,-0.2042,wartime_economic_control,Congress
20000,1938,US-1943-CHINESE-EXCLUSION-REPEAL,1943,-5,0.3924,-0.1507,immigration_race_foreign_policy,Congress
20000,1938,US-1945-BRETTON-WOODS,1945,-7,0.4727,-0.1682,international_economic_order,Congress
20000,1938,US-1945-UN-PARTICIPATION,1945,-7,0.3851,-0.1944,foreign_policy_multilateralism,Congress
20000,1938,US-1946-APA,1946,-8,0.4194,-0.2047,administrative_state,Congress
20000,1938,US-1948-DISPLACED-PERSONS-ACT,1948,-10,0.4172,-0.0482,immigration_refugees,Congress
20000,1938,US-1948-MARSHALL-PLAN,1948,-10,0.631,-0.1616,foreign_aid_security,Congress
20000,1938,US-1948-SHELLEY,1948,-10,0.415,-0.2149,civil_rights_housing,Supreme Court
20000,1938,US-1933-TVA,1933,5,0.516,-0.1517,regional_development_state_capacity,Congress
20000,1938,US-1933-NIRA,1933,5,0.6219,-0.1926,industrial_policy_labor_state_capacity,Congress
20000,1938,US-1942-EO9066,1942,-4,0.5461,-0.1465,civil_liberties_security_race,President
20000,1938,US-1947-TRUMAN-DOCTRINE,1947,-9,0.4072,-0.1769,foreign_policy_security,Congress/President
5000,1938,US-1933-GLASS-STEAGALL,1933,5,0.4055,-0.1135,finance,Congress
5000,1938,US-1933-PROHIBITION-REPEAL,1933,5,0.535,-0.1643,morals_federalism,constitutional_amendment
5000,1938,US-1933-SECURITIES-ACT,1933,5,0.3536,-0.1106,finance_consumer_protection,Congress
5000,1938,US-1934-EXCHANGE-ACT,1934,4,0.3516,-0.1251,finance_state_capacity,Congress
5000,1938,US-1934-IRA,1934,4,0.3198,-0.1318,native_policy,Congress
5000,1938,US-1934-NATIONAL-HOUSING-ACT,1934,4,0.5315,-0.0919,housing_finance,Congress
5000,1938,US-1935-NIRA-SCHECHTER,1935,3,0.4044,-0.1163,state_capacity,Supreme Court
5000,1938,US-1935-NLRA,1935,3,0.618,-0.1476,labor,Congress
5000,1938,US-1935-SOCIAL-SECURITY,1935,3,0.567,-0.0869,social_insurance,Congress
5000,1938,US-1936-AAA-BUTLER,1936,2,0.3445,-0.1463,state_capacity,Supreme Court
5000,1938,US-1937-JONES-LAUGHLIN,1937,1,0.3262,-0.1226,labor_state_capacity,Supreme Court
5000,1938,US-1937-WEST-COAST-HOTEL,1937,1,0.3746,-0.1454,labor,Supreme Court
5000,1938,US-1938-FDCA,1938,0,0.4292,-0.1296,consumer_health,Congress
5000,1938,US-1938-FLSA,1938,0,0.5355,-0.1457,labor,Congress
5000,1938,US-1941-EO8802,1941,-3,0.3531,-0.1205,civil_rights,President
5000,1938,US-1942-WICKARD,1942,-4,0.2698,-0.132,state_capacity,Supreme Court
5000,1938,US-1944-GI-BILL,1944,-6,0.5261,-0.1209,veterans_education_housing,Congress
5000,1938,US-1944-KOREMATSU,1944,-6,0.5569,-0.1092,civil_liberties_security,Supreme Court
5000,1938,US-1946-EMPLOYMENT-ACT,1946,-8,0.4821,-0.1041,macroeconomic_governance,Congress
5000,1938,US-1947-NATIONAL-SECURITY-ACT,1947,-9,0.4651,-0.1079,security_state,Congress
5000,1938,US-1947-TAFT-HARTLEY,1947,-9,0.4001,-0.1353,labor,Congress
5000,1938,US-1948-EO9981,1948,-10,0.4374,-0.1197,civil_rights,President
5000,1938,US-1930-SMOOT-HAWLEY,1930,8,0.4667,-0.1159,trade_political_economy,Congress
5000,1938,US-1932-RFC,1932,6,0.5613,-0.1154,finance_crisis_state_capacity,Congress
5000,1938,US-1932-NORRIS-LAGUARDIA,1932,6,0.2235,-0.111,labor_courts,Congress
5000,1938,US-1933-CCC,1933,5,0.5279,-0.0971,public_employment_environment,Congress
5000,1938,US-1933-FERA,1933,5,0.5574,-0.1073,welfare_relief,Congress
5000,1938,US-1933-HOME-OWNERS-LOAN,1933,5,0.4427,-0.0932,housing_finance,Congress
5000,1938,US-1934-NFA,1934,4,0.399,-0.1372,guns_crime_tax,Congress
5000,1938,US-1935-PUHCA,1935,3,0.1659,-0.0824,utilities_finance,Congress
5000,1938,US-1936-RURAL-ELECTRIFICATION,1936,2,0.3986,-0.1193,rural_infrastructure,Congress
5000,1938,US-1939-HATCH-ACT,1939,-1,0.447,-0.1388,civil_service_elections,Congress
5000,1938,US-1940-SELECTIVE-TRAINING,1940,-2,0.3708,-0.1334,military_state_capacity,Congress
5000,1938,US-1940-SMITH-ACT,1940,-2,0.26,-0.095,security_civil_liberties_immigration,Congress
5000,1938,US-1941-DARBY,1941,-3,0.4736,-0.1257,labor_state_capacity,Supreme Court
5000,1938,US-1941-LEND-LEASE,1941,-3,0.2647,-0.1131,foreign_policy_security,Congress
5000,1938,US-1942-EMERGENCY-PRICE-CONTROL,1942,-4,0.5322,-0.1134,wartime_economic_control,Congress
5000,1938,US-1943-CHINESE-EXCLUSION-REPEAL,1943,-5,0.3269,-0.0898,immigration_race_foreign_policy,Congress
5000,1938,US-1945-BRETTON-WOODS,1945,-7,0.4939,-0.1166,international_economic_order,Congress
5000,1938,US-1945-UN-PARTICIPATION,1945,-7,0.3858,-0.1262,foreign_policy_multilateralism,Congress
5000,1938,US-1946-APA,1946,-8,0.2945,-0.1204,administrative_state,Congress
5000,1938,US-1948-DISPLACED-PERSONS-ACT,1948,-10,0.2951,-0.032,immigration_refugees,Congress
5000,1938,US-1948-MARSHALL-PLAN,1948,-10,0.5511,-0.1117,foreign_aid_security,Congress
5000,1938,US-1948-SHELLEY,1948,-10,0.3567,-0.1252,civil_rights_housing,Supreme Court
5000,1938,US-1933-TVA,1933,5,0.4799,-0.1103,regional_development_state_capacity,Congress
5000,1938,US-1933-NIRA,1933,5,0.5044,-0.1199,industrial_policy_labor_state_capacity,Congress
5000,1938,US-1942-EO9066,1942,-4,0.4798,-0.1178,civil_liberties_security_race,President
5000,1938,US-1947-TRUMAN-DOCTRINE,1947,-9,0.4405,-0.1091,foreign_policy_security,Congress/President
10000,1939,US-1933-GLASS-STEAGALL,1933,6,0.2754,-0.1113,finance,Congress
10000,1939,US-1933-PROHIBITION-REPEAL,1933,6,0.3969,-0.1994,morals_federalism,constitutional_amendment
10000,1939,US-1933-SECURITIES-ACT,1933,6,0.1973,-0.0915,finance_consumer_protection,Congress
10000,1939,US-1934-EXCHANGE-ACT,1934,5,0.252,-0.1326,finance_state_capacity,Congress
10000,1939,US-1934-IRA,1934,5,0.1931,-0.1334,native_policy,Congress
10000,1939,US-1934-NATIONAL-HOUSING-ACT,1934,5,0.3501,-0.0952,housing_finance,Congress
10000,1939,US-1935-NIRA-SCHECHTER,1935,4,0.2667,-0.1337,state_capacity,Supreme Court
10000,1939,US-1935-NLRA,1935,4,0.4622,-0.1385,labor,Congress
10000,1939,US-1935-SOCIAL-SECURITY,1935,4,0.4398,-0.0869,social_insurance,Congress
10000,1939,US-1936-AAA-BUTLER,1936,3,0.2486,-0.1629,state_capacity,Supreme Court
10000,1939,US-1937-JONES-LAUGHLIN,1937,2,0.2199,-0.1266,labor_state_capacity,Supreme Court
10000,1939,US-1937-WEST-COAST-HOTEL,1937,2,0.2666,-0.1774,labor,Supreme Court
10000,1939,US-1938-FDCA,1938,1,0.2277,-0.1511,consumer_health,Congress
10000,1939,US-1938-FLSA,1938,1,0.3961,-0.151,labor,Congress
10000,1939,US-1941-EO8802,1941,-2,0.2325,-0.1059,civil_rights,President
10000,1939,US-1942-WICKARD,1942,-3,0.2047,-0.151,state_capacity,Supreme Court
10000,1939,US-1944-GI-BILL,1944,-5,0.3875,-0.1162,veterans_education_housing,Congress
10000,1939,US-1944-KOREMATSU,1944,-5,0.335,-0.1072,civil_liberties_security,Supreme Court
10000,1939,US-1946-EMPLOYMENT-ACT,1946,-7,0.3407,-0.0985,macroeconomic_governance,Congress
10000,1939,US-1947-NATIONAL-SECURITY-ACT,1947,-8,0.2346,-0.11,security_state,Congress
10000,1939,US-1947-TAFT-HARTLEY,1947,-8,0.3033,-0.1623,labor,Congress
10000,1939,US-1948-EO9981,1948,-9,0.3127,-0.1273,civil_rights,President
10000,1939,US-1930-SMOOT-HAWLEY,1930,9,0.3835,-0.1185,trade_political_economy,Congress
10000,1939,US-1932-RFC,1932,7,0.4198,-0.113,finance_crisis_state_capacity,Congress
10000,1939,US-1932-NORRIS-LAGUARDIA,1932,7,0.1236,-0.133,labor_courts,Congress
10000,1939,US-1933-CCC,1933,6,0.3962,-0.1005,public_employment_environment,Congress
10000,1939,US-1933-FERA,1933,6,0.3925,-0.1003,welfare_relief,Congress
10000,1939,US-1933-HOME-OWNERS-LOAN,1933,6,0.3028,-0.0949,housing_finance,Congress
10000,1939,US-1934-NFA,1934,5,0.2786,-0.1556,guns_crime_tax,Congress
10000,1939,US-1935-PUHCA,1935,4,0.147,-0.0863,utilities_finance,Congress
10000,1939,US-1936-RURAL-ELECTRIFICATION,1936,3,0.2646,-0.1312,rural_infrastructure,Congress
10000,1939,US-1939-HATCH-ACT,1939,0,0.3097,-0.1489,civil_service_elections,Congress
10000,1939,US-1940-SELECTIVE-TRAINING,1940,-1,0.2046,-0.1485,military_state_capacity,Congress
10000,1939,US-1940-SMITH-ACT,1940,-1,0.1528,-0.1093,security_civil_liberties_immigration,Congress
10000,1939,US-1941-DARBY,1941,-2,0.3606,-0.1304,labor_state_capacity,Supreme Court
10000,1939,US-1941-LEND-LEASE,1941,-2,0.1515,-0.124,foreign_policy_security,Congress
10000,1939,US-1942-EMERGENCY-PRICE-CONTROL,1942,-3,0.3359,-0.1257,wartime_economic_control,Congress
10000,1939,US-1943-CHINESE-EXCLUSION-REPEAL,1943,-4,0.2124,-0.1038,immigration_race_foreign_policy,Congress
10000,1939,US-1945-BRETTON-WOODS,1945,-6,0.2427,-0.1218,international_economic_order,Congress
10000,1939,US-1945-UN-PARTICIPATION,1945,-6,0.1909,-0.1348,foreign_policy_multilateralism,Congress
10000,1939,US-1946-APA,1946,-7,0.172,-0.1269,administrative_state,Congress
10000,1939,US-1948-DISPLACED-PERSONS-ACT,1948,-9,0.2136,-0.0374,immigration_refugees,Congress
10000,1939,US-1948-MARSHALL-PLAN,1948,-9,0.3624,-0.1051,foreign_aid_security,Congress
10000,1939,US-1948-SHELLEY,1948,-9,0.2876,-0.1603,civil_rights_housing,Supreme Court
10000,1939,US-1933-TVA,1933,6,0.307,-0.1099,regional_development_state_capacity,Congress
10000,1939,US-1933-NIRA,1933,6,0.3622,-0.1161,industrial_policy_labor_state_capacity,Congress
10000,1939,US-1942-EO9066,1942,-3,0.318,-0.12,civil_liberties_security_race,President
10000,1939,US-1947-TRUMAN-DOCTRINE,1947,-8,0.2807,-0.1306,foreign_policy_security,Congress/President
20000,1939,US-1933-GLASS-STEAGALL,1933,6,0.381,-0.1307,finance,Congress
20000,1939,US-1933-PROHIBITION-REPEAL,1933,6,0.4748,-0.2292,morals_federalism,constitutional_amendment
20000,1939,US-1933-SECURITIES-ACT,1933,6,0.3309,-0.1106,finance_consumer_protection,Congress
20000,1939,US-1934-EXCHANGE-ACT,1934,5,0.4082,-0.1737,finance_state_capacity,Congress
20000,1939,US-1934-IRA,1934,5,0.3271,-0.1906,native_policy,Congress
20000,1939,US-1934-NATIONAL-HOUSING-ACT,1934,5,0.512,-0.1338,housing_finance,Congress
20000,1939,US-1935-NIRA-SCHECHTER,1935,4,0.3421,-0.1676,state_capacity,Supreme Court
20000,1939,US-1935-NLRA,1935,4,0.6284,-0.1714,labor,Congress
20000,1939,US-1935-SOCIAL-SECURITY,1935,4,0.5802,-0.1069,social_insurance,Congress
20000,1939,US-1936-AAA-BUTLER,1936,3,0.3779,-0.1946,state_capacity,Supreme Court
20000,1939,US-1937-JONES-LAUGHLIN,1937,2,0.339,-0.1481,labor_state_capacity,Supreme Court
20000,1939,US-1937-WEST-COAST-HOTEL,1937,2,0.4271,-0.2188,labor,Supreme Court
20000,1939,US-1938-FDCA,1938,1,0.3778,-0.2156,consumer_health,Congress
20000,1939,US-1938-FLSA,1938,1,0.5084,-0.1907,labor,Congress
20000,1939,US-1941-EO8802,1941,-2,0.3854,-0.1178,civil_rights,President
20000,1939,US-1942-WICKARD,1942,-3,0.2814,-0.1799,state_capacity,Supreme Court
20000,1939,US-1944-GI-BILL,1944,-5,0.5785,-0.1478,veterans_education_housing,Congress
20000,1939,US-1944-KOREMATSU,1944,-5,0.4642,-0.122,civil_liberties_security,Supreme Court
20000,1939,US-1946-EMPLOYMENT-ACT,1946,-7,0.4804,-0.1298,macroeconomic_governance,Congress
20000,1939,US-1947-NATIONAL-SECURITY-ACT,1947,-8,0.3949,-0.1368,security_state,Congress
20000,1939,US-1947-TAFT-HARTLEY,1947,-8,0.3944,-0.1745,labor,Congress
20000,1939,US-1948-EO9981,1948,-9,0.5237,-0.165,civil_rights,President
20000,1939,US-1930-SMOOT-HAWLEY,1930,9,0.4956,-0.1582,trade_political_economy,Congress
20000,1939,US-1932-RFC,1932,7,0.5285,-0.152,finance_crisis_state_capacity,Congress
20000,1939,US-1932-NORRIS-LAGUARDIA,1932,7,0.2263,-0.1451,labor_courts,Congress
20000,1939,US-1933-CCC,1933,6,0.5339,-0.1112,public_employment_environment,Congress
20000,1939,US-1933-FERA,1933,6,0.5575,-0.1296,welfare_relief,Congress
20000,1939,US-1933-HOME-OWNERS-LOAN,1933,6,0.4165,-0.1359,housing_finance,Congress
20000,1939,US-1934-NFA,1934,5,0.4193,-0.183,guns_crime_tax,Congress
20000,1939,US-1935-PUHCA,1935,4,0.2002,-0.095,utilities_finance,Congress
20000,1939,US-1936-RURAL-ELECTRIFICATION,1936,3,0.3798,-0.1722,rural_infrastructure,Congress
20000,1939,US-1939-HATCH-ACT,1939,0,0.4223,-0.1847,civil_service_elections,Congress
20000,1939,US-1940-SELECTIVE-TRAINING,1940,-1,0.3835,-0.1874,military_state_capacity,Congress
20000,1939,US-1940-SMITH-ACT,1940,-1,0.2663,-0.1256,security_civil_liberties_immigration,Congress
20000,1939,US-1941-DARBY,1941,-2,0.465,-0.1667,labor_state_capacity,Supreme Court
20000,1939,US-1941-LEND-LEASE,1941,-2,0.3369,-0.1763,foreign_policy_security,Congress
20000,1939,US-1942-EMERGENCY-PRICE-CONTROL,1942,-3,0.4645,-0.1789,wartime_economic_control,Congress
20000,1939,US-1943-CHINESE-EXCLUSION-REPEAL,1943,-4,0.3174,-0.1282,immigration_race_foreign_policy,Congress
20000,1939,US-1945-BRETTON-WOODS,1945,-6,0.3676,-0.1559,international_economic_order,Congress
20000,1939,US-1945-UN-PARTICIPATION,1945,-6,0.3054,-0.1771,foreign_policy_multilateralism,Congress
20000,1939,US-1946-APA,1946,-7,0.3345,-0.1818,administrative_state,Congress
20000,1939,US-1948-DISPLACED-PERSONS-ACT,1948,-9,0.381,-0.0411,immigration_refugees,Congress
20000,1939,US-1948-MARSHALL-PLAN,1948,-9,0.5262,-0.1466,foreign_aid_security,Congress
20000,1939,US-1948-SHELLEY,1948,-9,0.3283,-0.1924,civil_rights_housing,Supreme Court
20000,1939,US-1933-TVA,1933,6,0.3992,-0.1344,regional_development_state_capacity,Congress
20000,1939,US-1933-NIRA,1933,6,0.5316,-0.1721,industrial_policy_labor_state_capacity,Congress
20000,1939,US-1942-EO9066,1942,-3,0.4077,-0.147,civil_liberties_security_race,President
20000,1939,US-1947-TRUMAN-DOCTRINE,1947,-8,0.372,-0.1623,foreign_policy_security,Congress/President
5000,1939,US-1933-GLASS-STEAGALL,1933,6,0.4542,-0.0977,finance,Congress
5000,1939,US-1933-PROHIBITION-REPEAL,1933,6,0.5229,-0.1541,morals_federalism,constitutional_amendment
5000,1939,US-1933-SECURITIES-ACT,1933,6,0.3646,-0.0894,finance_consumer_protection,Congress
5000,1939,US-1934-EXCHANGE-ACT,1934,5,0.3601,-0.105,finance_state_capacity,Congress
5000,1939,US-1934-IRA,1934,5,0.382,-0.1218,native_policy,Congress
5000,1939,US-1934-NATIONAL-HOUSING-ACT,1934,5,0.5691,-0.0854,housing_finance,Congress
5000,1939,US-1935-NIRA-SCHECHTER,1935,4,0.365,-0.1033,state_capacity,Supreme Court
5000,1939,US-1935-NLRA,1935,4,0.5876,-0.125,labor,Congress
5000,1939,US-1935-SOCIAL-SECURITY,1935,4,0.5773,-0.0797,social_insurance,Congress
5000,1939,US-1936-AAA-BUTLER,1936,3,0.3479,-0.1291,state_capacity,Supreme Court
5000,1939,US-1937-JONES-LAUGHLIN,1937,2,0.3486,-0.0961,labor_state_capacity,Supreme Court
5000,1939,US-1937-WEST-COAST-HOTEL,1937,2,0.3845,-0.1382,labor,Supreme Court
5000,1939,US-1938-FDCA,1938,1,0.3859,-0.1158,consumer_health,Congress
5000,1939,US-1938-FLSA,1938,1,0.5664,-0.1282,labor,Congress
5000,1939,US-1941-EO8802,1941,-2,0.3319,-0.1062,civil_rights,President
5000,1939,US-1942-WICKARD,1942,-3,0.2682,-0.1137,state_capacity,Supreme Court
5000,1939,US-1944-GI-BILL,1944,-5,0.504,-0.1082,veterans_education_housing,Congress
5000,1939,US-1944-KOREMATSU,1944,-5,0.4709,-0.0943,civil_liberties_security,Supreme Court
5000,1939,US-1946-EMPLOYMENT-ACT,1946,-7,0.4877,-0.0887,macroeconomic_governance,Congress
5000,1939,US-1947-NATIONAL-SECURITY-ACT,1947,-8,0.4237,-0.0977,security_state,Congress
5000,1939,US-1947-TAFT-HARTLEY,1947,-8,0.3924,-0.1234,labor,Congress
5000,1939,US-1948-EO9981,1948,-9,0.4311,-0.1024,civil_rights,President
5000,1939,US-1930-SMOOT-HAWLEY,1930,9,0.4906,-0.1026,trade_political_economy,Congress
5000,1939,US-1932-RFC,1932,7,0.5363,-0.0974,finance_crisis_state_capacity,Congress
5000,1939,US-1932-NORRIS-LAGUARDIA,1932,7,0.2315,-0.1078,labor_courts,Congress
5000,1939,US-1933-CCC,1933,6,0.5179,-0.1045,public_employment_environment,Congress
5000,1939,US-1933-FERA,1933,6,0.5384,-0.099,welfare_relief,Congress
5000,1939,US-1933-HOME-OWNERS-LOAN,1933,6,0.4202,-0.0872,housing_finance,Congress
5000,1939,US-1934-NFA,1934,5,0.4243,-0.1292,guns_crime_tax,Congress
5000,1939,US-1935-PUHCA,1935,4,0.2096,-0.0731,utilities_finance,Congress
5000,1939,US-1936-RURAL-ELECTRIFICATION,1936,3,0.4273,-0.1108,rural_infrastructure,Congress
5000,1939,US-1939-HATCH-ACT,1939,0,0.4808,-0.1181,civil_service_elections,Congress
5000,1939,US-1940-SELECTIVE-TRAINING,1940,-1,0.3562,-0.1175,military_state_capacity,Congress
5000,1939,US-1940-SMITH-ACT,1940,-1,0.264,-0.0912,security_civil_liberties_immigration,Congress
5000,1939,US-1941-DARBY,1941,-2,0.5036,-0.1069,labor_state_capacity,Supreme Court
5000,1939,US-1941-LEND-LEASE,1941,-2,0.257,-0.0934,foreign_policy_security,Congress
5000,1939,US-1942-EMERGENCY-PRICE-CONTROL,1942,-3,0.5321,-0.0981,wartime_economic_control,Congress
5000,1939,US-1943-CHINESE-EXCLUSION-REPEAL,1943,-4,0.3902,-0.0871,immigration_race_foreign_policy,Congress
5000,1939,US-1945-BRETTON-WOODS,1945,-6,0.4613,-0.1032,international_economic_order,Congress
5000,1939,US-1945-UN-PARTICIPATION,1945,-6,0.3356,-0.1091,foreign_policy_multilateralism,Congress
5000,1939,US-1946-APA,1946,-7,0.2667,-0.101,administrative_state,Congress
5000,1939,US-1948-DISPLACED-PERSONS-ACT,1948,-9,0.3592,-0.0358,immigration_refugees,Congress
5000,1939,US-1948-MARSHALL-PLAN,1948,-9,0.5377,-0.0932,foreign_aid_security,Congress
5000,1939,US-1948-SHELLEY,1948,-9,0.423,-0.13,civil_rights_housing,Supreme Court
5000,1939,US-1933-TVA,1933,6,0.4432,-0.0996,regional_development_state_capacity,Congress
5000,1939,US-1933-NIRA,1933,6,0.4932,-0.1004,industrial_policy_labor_state_capacity,Congress
5000,1939,US-1942-EO9066,1942,-3,0.4258,-0.1078,civil_liberties_security_race,President
5000,1939,US-1947-TRUMAN-DOCTRINE,1947,-8,0.4063,-0.1152,foreign_policy_security,Congress/President
10000,1940,US-1933-GLASS-STEAGALL,1933,7,0.4607,-0.1743,finance,Congress
10000,1940,US-1933-PROHIBITION-REPEAL,1933,7,0.5449,-0.2333,morals_federalism,constitutional_amendment
10000,1940,US-1933-SECURITIES-ACT,1933,7,0.4084,-0.18,finance_consumer_protection,Congress
10000,1940,US-1934-EXCHANGE-ACT,1934,6,0.4675,-0.2022,finance_state_capacity,Congress
10000,1940,US-1934-IRA,1934,6,0.3971,-0.2051,native_policy,Congress
10000,1940,US-1934-NATIONAL-HOUSING-ACT,1934,6,0.5909,-0.1619,housing_finance,Congress
10000,1940,US-1935-NIRA-SCHECHTER,1935,5,0.4123,-0.2039,state_capacity,Supreme Court
10000,1940,US-1935-NLRA,1935,5,0.6139,-0.2218,labor,Congress
10000,1940,US-1935-SOCIAL-SECURITY,1935,5,0.5874,-0.1422,social_insurance,Congress
10000,1940,US-1936-AAA-BUTLER,1936,4,0.4088,-0.2165,state_capacity,Supreme Court
10000,1940,US-1937-JONES-LAUGHLIN,1937,3,0.4016,-0.188,labor_state_capacity,Supreme Court
10000,1940,US-1937-WEST-COAST-HOTEL,1937,3,0.4824,-0.2302,labor,Supreme Court
10000,1940,US-1938-FDCA,1938,2,0.4428,-0.2188,consumer_health,Congress
10000,1940,US-1938-FLSA,1938,2,0.5602,-0.2177,labor,Congress
10000,1940,US-1941-EO8802,1941,-1,0.3911,-0.1632,civil_rights,President
10000,1940,US-1942-WICKARD,1942,-2,0.3508,-0.2167,state_capacity,Supreme Court
10000,1940,US-1944-GI-BILL,1944,-4,0.5495,-0.1846,veterans_education_housing,Congress
10000,1940,US-1944-KOREMATSU,1944,-4,0.4637,-0.1769,civil_liberties_security,Supreme Court
10000,1940,US-1946-EMPLOYMENT-ACT,1946,-6,0.5268,-0.1726,macroeconomic_governance,Congress
10000,1940,US-1947-NATIONAL-SECURITY-ACT,1947,-7,0.421,-0.1739,security_state,Congress
10000,1940,US-1947-TAFT-HARTLEY,1947,-7,0.4433,-0.2299,labor,Congress
10000,1940,US-1948-EO9981,1948,-8,0.4834,-0.2091,civil_rights,President
10000,1940,US-1930-SMOOT-HAWLEY,1930,10,0.5106,-0.1885,trade_political_economy,Congress
10000,1940,US-1932-RFC,1932,8,0.571,-0.1828,finance_crisis_state_capacity,Congress
10000,1940,US-1932-NORRIS-LAGUARDIA,1932,8,0.2773,-0.1815,labor_courts,Congress
10000,1940,US-1933-CCC,1933,7,0.5496,-0.1454,public_employment_environment,Congress
10000,1940,US-1933-FERA,1933,7,0.582,-0.1633,welfare_relief,Congress
10000,1940,US-1933-HOME-OWNERS-LOAN,1933,7,0.4847,-0.1508,housing_finance,Congress
10000,1940,US-1934-NFA,1934,6,0.4738,-0.231,guns_crime_tax,Congress
10000,1940,US-1935-PUHCA,1935,5,0.266,-0.1285,utilities_finance,Congress
10000,1940,US-1936-RURAL-ELECTRIFICATION,1936,4,0.4647,-0.1871,rural_infrastructure,Congress
10000,1940,US-1939-HATCH-ACT,1939,1,0.4864,-0.23,civil_service_elections,Congress
10000,1940,US-1940-SELECTIVE-TRAINING,1940,0,0.3911,-0.2075,military_state_capacity,Congress
10000,1940,US-1940-SMITH-ACT,1940,0,0.3363,-0.1735,security_civil_liberties_immigration,Congress
10000,1940,US-1941-DARBY,1941,-1,0.5101,-0.1943,labor_state_capacity,Supreme Court
10000,1940,US-1941-LEND-LEASE,1941,-1,0.328,-0.1794,foreign_policy_security,Congress
10000,1940,US-1942-EMERGENCY-PRICE-CONTROL,1942,-2,0.519,-0.1983,wartime_economic_control,Congress
10000,1940,US-1943-CHINESE-EXCLUSION-REPEAL,1943,-3,0.3248,-0.1525,immigration_race_foreign_policy,Congress
10000,1940,US-1945-BRETTON-WOODS,1945,-5,0.3642,-0.1795,international_economic_order,Congress
10000,1940,US-1945-UN-PARTICIPATION,1945,-5,0.3002,-0.1922,foreign_policy_multilateralism,Congress
10000,1940,US-1946-APA,1946,-6,0.3375,-0.1984,administrative_state,Congress
10000,1940,US-1948-DISPLACED-PERSONS-ACT,1948,-8,0.3268,-0.0578,immigration_refugees,Congress
10000,1940,US-1948-MARSHALL-PLAN,1948,-8,0.5397,-0.1738,foreign_aid_security,Congress
10000,1940,US-1948-SHELLEY,1948,-8,0.3888,-0.2116,civil_rights_housing,Supreme Court
10000,1940,US-1950-DPA,1950,-10,0.5013,-0.2175,industrial_policy_security,Congress
10000,1940,US-1950-INTERNAL-SECURITY,1950,-10,0.2848,-0.2014,security_civil_liberties,Congress
10000,1940,US-1933-TVA,1933,7,0.4499,-0.1698,regional_development_state_capacity,Congress
10000,1940,US-1933-NIRA,1933,7,0.5206,-0.1833,industrial_policy_labor_state_capacity,Congress
10000,1940,US-1942-EO9066,1942,-2,0.4485,-0.1804,civil_liberties_security_race,President
10000,1940,US-1947-TRUMAN-DOCTRINE,1947,-7,0.4024,-0.1817,foreign_policy_security,Congress/President
20000,1940,US-1933-GLASS-STEAGALL,1933,7,0.4084,-0.1868,finance,Congress
20000,1940,US-1933-PROHIBITION-REPEAL,1933,7,0.5236,-0.2804,morals_federalism,constitutional_amendment
20000,1940,US-1933-SECURITIES-ACT,1933,7,0.3687,-0.1747,finance_consumer_protection,Congress
20000,1940,US-1934-EXCHANGE-ACT,1934,6,0.4557,-0.2418,finance_state_capacity,Congress
20000,1940,US-1934-IRA,1934,6,0.3707,-0.2481,native_policy,Congress
20000,1940,US-1934-NATIONAL-HOUSING-ACT,1934,6,0.5293,-0.1917,housing_finance,Congress
20000,1940,US-1935-NIRA-SCHECHTER,1935,5,0.376,-0.256,state_capacity,Supreme Court
20000,1940,US-1935-NLRA,1935,5,0.644,-0.2441,labor,Congress
20000,1940,US-1935-SOCIAL-SECURITY,1935,5,0.5795,-0.1613,social_insurance,Congress
20000,1940,US-1936-AAA-BUTLER,1936,4,0.3842,-0.2476,state_capacity,Supreme Court
20000,1940,US-1937-JONES-LAUGHLIN,1937,3,0.3952,-0.207,labor_state_capacity,Supreme Court
20000,1940,US-1937-WEST-COAST-HOTEL,1937,3,0.4632,-0.2739,labor,Supreme Court
20000,1940,US-1938-FDCA,1938,2,0.4243,-0.2784,consumer_health,Congress
20000,1940,US-1938-FLSA,1938,2,0.5164,-0.2523,labor,Congress
20000,1940,US-1941-EO8802,1941,-1,0.315,-0.1922,civil_rights,President
20000,1940,US-1942-WICKARD,1942,-2,0.3368,-0.2481,state_capacity,Supreme Court
20000,1940,US-1944-GI-BILL,1944,-4,0.57,-0.2048,veterans_education_housing,Congress
20000,1940,US-1944-KOREMATSU,1944,-4,0.4625,-0.2055,civil_liberties_security,Supreme Court
20000,1940,US-1946-EMPLOYMENT-ACT,1946,-6,0.4999,-0.1881,macroeconomic_governance,Congress
20000,1940,US-1947-NATIONAL-SECURITY-ACT,1947,-7,0.4054,-0.1956,security_state,Congress
20000,1940,US-1947-TAFT-HARTLEY,1947,-7,0.4229,-0.2421,labor,Congress
20000,1940,US-1948-EO9981,1948,-8,0.4891,-0.2376,civil_rights,President
20000,1940,US-1930-SMOOT-HAWLEY,1930,10,0.491,-0.2072,trade_political_economy,Congress
20000,1940,US-1932-RFC,1932,8,0.5479,-0.2058,finance_crisis_state_capacity,Congress
20000,1940,US-1932-NORRIS-LAGUARDIA,1932,8,0.2398,-0.2315,labor_courts,Congress
20000,1940,US-1933-CCC,1933,7,0.5387,-0.1679,public_employment_environment,Congress
20000,1940,US-1933-FERA,1933,7,0.5681,-0.1853,welfare_relief,Congress
20000,1940,US-1933-HOME-OWNERS-LOAN,1933,7,0.4727,-0.1862,housing_finance,Congress
20000,1940,US-1934-NFA,1934,6,0.493,-0.2607,guns_crime_tax,Congress
20000,1940,US-1935-PUHCA,1935,5,0.2046,-0.1279,utilities_finance,Congress
20000,1940,US-1936-RURAL-ELECTRIFICATION,1936,4,0.4053,-0.2278,rural_infrastructure,Congress
20000,1940,US-1939-HATCH-ACT,1939,1,0.4712,-0.2782,civil_service_elections,Congress
20000,1940,US-1940-SELECTIVE-TRAINING,1940,0,0.3598,-0.2451,military_state_capacity,Congress
20000,1940,US-1940-SMITH-ACT,1940,0,0.3179,-0.191,security_civil_liberties_immigration,Congress
20000,1940,US-1941-DARBY,1941,-1,0.4706,-0.2223,labor_state_capacity,Supreme Court
20000,1940,US-1941-LEND-LEASE,1941,-1,0.2821,-0.2136,foreign_policy_security,Congress
20000,1940,US-1942-EMERGENCY-PRICE-CONTROL,1942,-2,0.5229,-0.2383,wartime_economic_control,Congress
20000,1940,US-1943-CHINESE-EXCLUSION-REPEAL,1943,-3,0.2778,-0.1764,immigration_race_foreign_policy,Congress
20000,1940,US-1945-BRETTON-WOODS,1945,-5,0.3261,-0.2121,international_economic_order,Congress
20000,1940,US-1945-UN-PARTICIPATION,1945,-5,0.2695,-0.2274,foreign_policy_multilateralism,Congress
20000,1940,US-1946-APA,1946,-6,0.3683,-0.2551,administrative_state,Congress
20000,1940,US-1948-DISPLACED-PERSONS-ACT,1948,-8,0.3132,-0.0606,immigration_refugees,Congress
20000,1940,US-1948-MARSHALL-PLAN,1948,-8,0.5344,-0.194,foreign_aid_security,Congress
20000,1940,US-1948-SHELLEY,1948,-8,0.3011,-0.2632,civil_rights_housing,Supreme Court
20000,1940,US-1950-DPA,1950,-10,0.5079,-0.2555,industrial_policy_security,Congress
20000,1940,US-1950-INTERNAL-SECURITY,1950,-10,0.224,-0.2343,security_civil_liberties,Congress
20000,1940,US-1933-TVA,1933,7,0.4529,-0.192,regional_development_state_capacity,Congress
20000,1940,US-1933-NIRA,1933,7,0.53,-0.2278,industrial_policy_labor_state_capacity,Congress
20000,1940,US-1942-EO9066,1942,-2,0.4394,-0.2236,civil_liberties_security_race,President
20000,1940,US-1947-TRUMAN-DOCTRINE,1947,-7,0.3484,-0.2297,foreign_policy_security,Congress/President
5000,1940,US-1933-GLASS-STEAGALL,1933,7,0.404,-0.151,finance,Congress
5000,1940,US-1933-PROHIBITION-REPEAL,1933,7,0.5073,-0.204,morals_federalism,constitutional_amendment
5000,1940,US-1933-SECURITIES-ACT,1933,7,0.3432,-0.1518,finance_consumer_protection,Congress
5000,1940,US-1934-EXCHANGE-ACT,1934,6,0.3732,-0.1671,finance_state_capacity,Congress
5000,1940,US-1934-IRA,1934,6,0.3389,-0.177,native_policy,Congress
5000,1940,US-1934-NATIONAL-HOUSING-ACT,1934,6,0.5544,-0.1295,housing_finance,Congress
5000,1940,US-1935-NIRA-SCHECHTER,1935,5,0.3642,-0.155,state_capacity,Supreme Court
5000,1940,US-1935-NLRA,1935,5,0.5356,-0.197,labor,Congress
5000,1940,US-1935-SOCIAL-SECURITY,1935,5,0.512,-0.1177,social_insurance,Congress
5000,1940,US-1936-AAA-BUTLER,1936,4,0.3639,-0.1807,state_capacity,Supreme Court
5000,1940,US-1937-JONES-LAUGHLIN,1937,3,0.3164,-0.1493,labor_state_capacity,Supreme Court
5000,1940,US-1937-WEST-COAST-HOTEL,1937,3,0.4189,-0.1695,labor,Supreme Court
5000,1940,US-1938-FDCA,1938,2,0.4003,-0.1753,consumer_health,Congress
5000,1940,US-1938-FLSA,1938,2,0.5046,-0.1856,labor,Congress
5000,1940,US-1941-EO8802,1941,-1,0.3027,-0.1551,civil_rights,President
5000,1940,US-1942-WICKARD,1942,-2,0.3022,-0.175,state_capacity,Supreme Court
5000,1940,US-1944-GI-BILL,1944,-4,0.4134,-0.1585,veterans_education_housing,Congress
5000,1940,US-1944-KOREMATSU,1944,-4,0.435,-0.1411,civil_liberties_security,Supreme Court
5000,1940,US-1946-EMPLOYMENT-ACT,1946,-6,0.4542,-0.1488,macroeconomic_governance,Congress
5000,1940,US-1947-NATIONAL-SECURITY-ACT,1947,-7,0.3627,-0.1472,security_state,Congress
5000,1940,US-1947-TAFT-HARTLEY,1947,-7,0.3884,-0.1889,labor,Congress
5000,1940,US-1948-EO9981,1948,-8,0.358,-0.1656,civil_rights,President
5000,1940,US-1930-SMOOT-HAWLEY,1930,10,0.436,-0.1539,trade_political_economy,Congress
5000,1940,US-1932-RFC,1932,8,0.4977,-0.151,finance_crisis_state_capacity,Congress
5000,1940,US-1932-NORRIS-LAGUARDIA,1932,8,0.2202,-0.1494,labor_courts,Congress
5000,1940,US-1933-CCC,1933,7,0.4679,-0.1199,public_employment_environment,Congress
5000,1940,US-1933-FERA,1933,7,0.4537,-0.1325,welfare_relief,Congress
5000,1940,US-1933-HOME-OWNERS-LOAN,1933,7,0.3877,-0.1209,housing_finance,Congress
5000,1940,US-1934-NFA,1934,6,0.3999,-0.1842,guns_crime_tax,Congress
5000,1940,US-1935-PUHCA,1935,5,0.2069,-0.1163,utilities_finance,Congress
5000,1940,US-1936-RURAL-ELECTRIFICATION,1936,4,0.3679,-0.1541,rural_infrastructure,Congress
5000,1940,US-1939-HATCH-ACT,1939,1,0.4234,-0.1895,civil_service_elections,Congress
5000,1940,US-1940-SELECTIVE-TRAINING,1940,0,0.3053,-0.1798,military_state_capacity,Congress
5000,1940,US-1940-SMITH-ACT,1940,0,0.2648,-0.1172,security_civil_liberties_immigration,Congress
5000,1940,US-1941-DARBY,1941,-1,0.436,-0.1473,labor_state_capacity,Supreme Court
5000,1940,US-1941-LEND-LEASE,1941,-1,0.2137,-0.1554,foreign_policy_security,Congress
5000,1940,US-1942-EMERGENCY-PRICE-CONTROL,1942,-2,0.4592,-0.1568,wartime_economic_control,Congress
5000,1940,US-1943-CHINESE-EXCLUSION-REPEAL,1943,-3,0.2967,-0.1225,immigration_race_foreign_policy,Congress
5000,1940,US-1945-BRETTON-WOODS,1945,-5,0.3175,-0.1513,international_economic_order,Congress
5000,1940,US-1945-UN-PARTICIPATION,1945,-5,0.2484,-0.1716,foreign_policy_multilateralism,Congress
5000,1940,US-1946-APA,1946,-6,0.2789,-0.1577,administrative_state,Congress
5000,1940,US-1948-DISPLACED-PERSONS-ACT,1948,-8,0.2734,-0.0468,immigration_refugees,Congress
5000,1940,US-1948-MARSHALL-PLAN,1948,-8,0.4543,-0.138,foreign_aid_security,Congress
5000,1940,US-1948-SHELLEY,1948,-8,0.3157,-0.171,civil_rights_housing,Supreme Court
5000,1940,US-1950-DPA,1950,-10,0.3691,-0.1862,industrial_policy_security,Congress
5000,1940,US-1950-INTERNAL-SECURITY,1950,-10,0.2593,-0.1614,security_civil_liberties,Congress
5000,1940,US-1933-TVA,1933,7,0.4119,-0.1423,regional_development_state_capacity,Congress
5000,1940,US-1933-NIRA,1933,7,0.4872,-0.1527,industrial_policy_labor_state_capacity,Congress
5000,1940,US-1942-EO9066,1942,-2,0.3548,-0.1439,civil_liberties_security_race,President
5000,1940,US-1947-TRUMAN-DOCTRINE,1947,-7,0.3822,-0.1439,foreign_policy_security,Congress/President
10000,1941,US-1933-GLASS-STEAGALL,1933,8,0.3313,-0.1193,finance,Congress
10000,1941,US-1933-PROHIBITION-REPEAL,1933,8,0.3962,-0.1815,morals_federalism,constitutional_amendment
10000,1941,US-1933-SECURITIES-ACT,1933,8,0.2856,-0.1319,finance_consumer_protection,Congress
10000,1941,US-1934-EXCHANGE-ACT,1934,7,0.2877,-0.1418,finance_state_capacity,Congress
10000,1941,US-1934-IRA,1934,7,0.2707,-0.1372,native_policy,Congress
10000,1941,US-1934-NATIONAL-HOUSING-ACT,1934,7,0.4841,-0.1114,housing_finance,Congress
10000,1941,US-1935-NIRA-SCHECHTER,1935,6,0.2763,-0.1512,state_capacity,Supreme Court
10000,1941,US-1935-NLRA,1935,6,0.4625,-0.1526,labor,Congress
10000,1941,US-1935-SOCIAL-SECURITY,1935,6,0.4666,-0.0983,social_insurance,Congress
10000,1941,US-1936-AAA-BUTLER,1936,5,0.3198,-0.1705,state_capacity,Supreme Court
10000,1941,US-1937-JONES-LAUGHLIN,1937,4,0.2567,-0.119,labor_state_capacity,Supreme Court
10000,1941,US-1937-WEST-COAST-HOTEL,1937,4,0.3133,-0.1841,labor,Supreme Court
10000,1941,US-1938-FDCA,1938,3,0.3064,-0.1632,consumer_health,Congress
10000,1941,US-1938-FLSA,1938,3,0.4191,-0.1614,labor,Congress
10000,1941,US-1941-EO8802,1941,0,0.2661,-0.1136,civil_rights,President
10000,1941,US-1942-WICKARD,1942,-1,0.2502,-0.163,state_capacity,Supreme Court
10000,1941,US-1944-GI-BILL,1944,-3,0.4528,-0.1219,veterans_education_housing,Congress
10000,1941,US-1944-KOREMATSU,1944,-3,0.3768,-0.1056,civil_liberties_security,Supreme Court
10000,1941,US-1946-EMPLOYMENT-ACT,1946,-5,0.3491,-0.1056,macroeconomic_governance,Congress
10000,1941,US-1947-NATIONAL-SECURITY-ACT,1947,-6,0.2338,-0.1138,security_state,Congress
10000,1941,US-1947-TAFT-HARTLEY,1947,-6,0.3416,-0.1708,labor,Congress
10000,1941,US-1948-EO9981,1948,-7,0.3367,-0.1321,civil_rights,President
10000,1941,US-1932-RFC,1932,9,0.4786,-0.1231,finance_crisis_state_capacity,Congress
10000,1941,US-1932-NORRIS-LAGUARDIA,1932,9,0.149,-0.1186,labor_courts,Congress
10000,1941,US-1933-CCC,1933,8,0.4636,-0.1151,public_employment_environment,Congress
10000,1941,US-1933-FERA,1933,8,0.4516,-0.1167,welfare_relief,Congress
10000,1941,US-1933-HOME-OWNERS-LOAN,1933,8,0.3453,-0.0983,housing_finance,Congress
10000,1941,US-1934-NFA,1934,7,0.3599,-0.171,guns_crime_tax,Congress
10000,1941,US-1935-PUHCA,1935,6,0.1578,-0.086,utilities_finance,Congress
10000,1941,US-1936-RURAL-ELECTRIFICATION,1936,5,0.3275,-0.1374,rural_infrastructure,Congress
10000,1941,US-1939-HATCH-ACT,1939,2,0.347,-0.1547,civil_service_elections,Congress
10000,1941,US-1940-SELECTIVE-TRAINING,1940,1,0.2528,-0.1518,military_state_capacity,Congress
10000,1941,US-1940-SMITH-ACT,1940,1,0.1807,-0.1133,security_civil_liberties_immigration,Congress
10000,1941,US-1941-DARBY,1941,0,0.3611,-0.1383,labor_state_capacity,Supreme Court
10000,1941,US-1941-LEND-LEASE,1941,0,0.2014,-0.126,foreign_policy_security,Congress
10000,1941,US-1942-EMERGENCY-PRICE-CONTROL,1942,-1,0.4169,-0.1414,wartime_economic_control,Congress
10000,1941,US-1943-CHINESE-EXCLUSION-REPEAL,1943,-2,0.2227,-0.1024,immigration_race_foreign_policy,Congress
10000,1941,US-1945-BRETTON-WOODS,1945,-4,0.2031,-0.1189,international_economic_order,Congress
10000,1941,US-1945-UN-PARTICIPATION,1945,-4,0.1468,-0.1349,foreign_policy_multilateralism,Congress
10000,1941,US-1946-APA,1946,-5,0.2158,-0.1342,administrative_state,Congress
10000,1941,US-1948-DISPLACED-PERSONS-ACT,1948,-7,0.2268,-0.0384,immigration_refugees,Congress
10000,1941,US-1948-MARSHALL-PLAN,1948,-7,0.4312,-0.1164,foreign_aid_security,Congress
10000,1941,US-1948-SHELLEY,1948,-7,0.2678,-0.1669,civil_rights_housing,Supreme Court
10000,1941,US-1950-DPA,1950,-9,0.3732,-0.1517,industrial_policy_security,Congress
10000,1941,US-1950-INTERNAL-SECURITY,1950,-9,0.1494,-0.1374,security_civil_liberties,Congress
10000,1941,US-1951-DENNIS,1951,-10,0.2296,-0.1816,speech_security,Supreme Court
10000,1941,US-1933-TVA,1933,8,0.3688,-0.1226,regional_development_state_capacity,Congress
10000,1941,US-1933-NIRA,1933,8,0.3888,-0.138,industrial_policy_labor_state_capacity,Congress
10000,1941,US-1942-EO9066,1942,-1,0.3142,-0.1111,civil_liberties_security_race,President
10000,1941,US-1947-TRUMAN-DOCTRINE,1947,-6,0.311,-0.1264,foreign_policy_security,Congress/President
20000,1941,US-1933-GLASS-STEAGALL,1933,8,0.4057,-0.1578,finance,Congress
20000,1941,US-1933-PROHIBITION-REPEAL,1933,8,0.5147,-0.2479,morals_federalism,constitutional_amendment
20000,1941,US-1933-SECURITIES-ACT,1933,8,0.3563,-0.1293,finance_consumer_protection,Congress
20000,1941,US-1934-EXCHANGE-ACT,1934,7,0.4216,-0.2036,finance_state_capacity,Congress
20000,1941,US-1934-IRA,1934,7,0.4412,-0.2013,native_policy,Congress
20000,1941,US-1934-NATIONAL-HOUSING-ACT,1934,7,0.6034,-0.1626,housing_finance,Congress
20000,1941,US-1935-NIRA-SCHECHTER,1935,6,0.3905,-0.2144,state_capacity,Supreme Court
20000,1941,US-1935-NLRA,1935,6,0.5936,-0.1906,labor,Congress
20000,1941,US-1935-SOCIAL-SECURITY,1935,6,0.6034,-0.1274,social_insurance,Congress
20000,1941,US-1936-AAA-BUTLER,1936,5,0.4227,-0.2186,state_capacity,Supreme Court
20000,1941,US-1937-JONES-LAUGHLIN,1937,4,0.3886,-0.1626,labor_state_capacity,Supreme Court
20000,1941,US-1937-WEST-COAST-HOTEL,1937,4,0.4911,-0.2715,labor,Supreme Court
20000,1941,US-1938-FDCA,1938,3,0.4343,-0.2545,consumer_health,Congress
20000,1941,US-1938-FLSA,1938,3,0.5119,-0.2222,labor,Congress
20000,1941,US-1941-EO8802,1941,0,0.372,-0.1397,civil_rights,President
20000,1941,US-1942-WICKARD,1942,-1,0.355,-0.2153,state_capacity,Supreme Court
20000,1941,US-1944-GI-BILL,1944,-3,0.5825,-0.1568,veterans_education_housing,Congress
20000,1941,US-1944-KOREMATSU,1944,-3,0.4902,-0.1571,civil_liberties_security,Supreme Court
20000,1941,US-1946-EMPLOYMENT-ACT,1946,-5,0.5102,-0.139,macroeconomic_governance,Congress
20000,1941,US-1947-NATIONAL-SECURITY-ACT,1947,-6,0.3823,-0.1471,security_state,Congress
20000,1941,US-1947-TAFT-HARTLEY,1947,-6,0.4334,-0.2077,labor,Congress
20000,1941,US-1948-EO9981,1948,-7,0.5384,-0.1609,civil_rights,President
20000,1941,US-1932-RFC,1932,9,0.5341,-0.1615,finance_crisis_state_capacity,Congress
20000,1941,US-1932-NORRIS-LAGUARDIA,1932,9,0.2643,-0.1796,labor_courts,Congress
20000,1941,US-1933-CCC,1933,8,0.5483,-0.1379,public_employment_environment,Congress
20000,1941,US-1933-FERA,1933,8,0.562,-0.1527,welfare_relief,Congress
20000,1941,US-1933-HOME-OWNERS-LOAN,1933,8,0.4856,-0.1549,housing_finance,Congress
20000,1941,US-1934-NFA,1934,7,0.4538,-0.2501,guns_crime_tax,Congress
20000,1941,US-1935-PUHCA,1935,6,0.2593,-0.1149,utilities_finance,Congress
20000,1941,US-1936-RURAL-ELECTRIFICATION,1936,5,0.4525,-0.1915,rural_infrastructure,Congress
20000,1941,US-1939-HATCH-ACT,1939,2,0.4446,-0.2263,civil_service_elections,Congress
20000,1941,US-1940-SELECTIVE-TRAINING,1940,1,0.3886,-0.2011,military_state_capacity,Congress
20000,1941,US-1940-SMITH-ACT,1940,1,0.3034,-0.1723,security_civil_liberties_immigration,Congress
20000,1941,US-1941-DARBY,1941,0,0.4764,-0.2009,labor_state_capacity,Supreme Court
20000,1941,US-1941-LEND-LEASE,1941,0,0.3663,-0.1725,foreign_policy_security,Congress
20000,1941,US-1942-EMERGENCY-PRICE-CONTROL,1942,-1,0.5114,-0.2097,wartime_economic_control,Congress
20000,1941,US-1943-CHINESE-EXCLUSION-REPEAL,1943,-2,0.3596,-0.1478,immigration_race_foreign_policy,Congress
20000,1941,US-1945-BRETTON-WOODS,1945,-4,0.3522,-0.1637,international_economic_order,Congress
20000,1941,US-1945-UN-PARTICIPATION,1945,-4,0.259,-0.1769,foreign_policy_multilateralism,Congress
20000,1941,US-1946-APA,1946,-5,0.3813,-0.2046,administrative_state,Congress
20000,1941,US-1948-DISPLACED-PERSONS-ACT,1948,-7,0.3474,-0.0638,immigration_refugees,Congress
20000,1941,US-1948-MARSHALL-PLAN,1948,-7,0.5467,-0.1558,foreign_aid_security,Congress
20000,1941,US-1948-SHELLEY,1948,-7,0.3392,-0.2404,civil_rights_housing,Supreme Court
20000,1941,US-1950-DPA,1950,-9,0.4794,-0.1982,industrial_policy_security,Congress
20000,1941,US-1950-INTERNAL-SECURITY,1950,-9,0.2704,-0.193,security_civil_liberties,Congress
20000,1941,US-1951-DENNIS,1951,-10,0.33,-0.2792,speech_security,Supreme Court
20000,1941,US-1933-TVA,1933,8,0.4447,-0.1557,regional_development_state_capacity,Congress
20000,1941,US-1933-NIRA,1933,8,0.54,-0.1839,industrial_policy_labor_state_capacity,Congress
20000,1941,US-1942-EO9066,1942,-1,0.4566,-0.1619,civil_liberties_security_race,President
20000,1941,US-1947-TRUMAN-DOCTRINE,1947,-6,0.4088,-0.1819,foreign_policy_security,Congress/President
5000,1941,US-1933-GLASS-STEAGALL,1933,8,0.3725,-0.077,finance,Congress
5000,1941,US-1933-PROHIBITION-REPEAL,1933,8,0.4082,-0.1145,morals_federalism,constitutional_amendment
5000,1941,US-1933-SECURITIES-ACT,1933,8,0.3302,-0.0721,finance_consumer_protection,Congress
5000,1941,US-1934-EXCHANGE-ACT,1934,7,0.2962,-0.0832,finance_state_capacity,Congress
5000,1941,US-1934-IRA,1934,7,0.2929,-0.0864,native_policy,Congress
5000,1941,US-1934-NATIONAL-HOUSING-ACT,1934,7,0.5153,-0.0618,housing_finance,Congress
5000,1941,US-1935-NIRA-SCHECHTER,1935,6,0.2885,-0.0772,state_capacity,Supreme Court
5000,1941,US-1935-NLRA,1935,6,0.4508,-0.0977,labor,Congress
5000,1941,US-1935-SOCIAL-SECURITY,1935,6,0.4263,-0.0584,social_insurance,Congress
5000,1941,US-1936-AAA-BUTLER,1936,5,0.3363,-0.1025,state_capacity,Supreme Court
5000,1941,US-1937-JONES-LAUGHLIN,1937,4,0.2591,-0.0761,labor_state_capacity,Supreme Court
5000,1941,US-1937-WEST-COAST-HOTEL,1937,4,0.3218,-0.1105,labor,Supreme Court
5000,1941,US-1938-FDCA,1938,3,0.3615,-0.097,consumer_health,Congress
5000,1941,US-1938-FLSA,1938,3,0.4723,-0.1002,labor,Congress
5000,1941,US-1941-EO8802,1941,0,0.2441,-0.0918,civil_rights,President
5000,1941,US-1942-WICKARD,1942,-1,0.229,-0.0922,state_capacity,Supreme Court
5000,1941,US-1944-GI-BILL,1944,-3,0.3914,-0.0791,veterans_education_housing,Congress
5000,1941,US-1944-KOREMATSU,1944,-3,0.359,-0.0692,civil_liberties_security,Supreme Court
5000,1941,US-1946-EMPLOYMENT-ACT,1946,-5,0.4078,-0.0734,macroeconomic_governance,Congress
5000,1941,US-1947-NATIONAL-SECURITY-ACT,1947,-6,0.3132,-0.071,security_state,Congress
5000,1941,US-1947-TAFT-HARTLEY,1947,-6,0.3298,-0.1134,labor,Congress
5000,1941,US-1948-EO9981,1948,-7,0.3122,-0.0818,civil_rights,President
5000,1941,US-1932-RFC,1932,9,0.3885,-0.0733,finance_crisis_state_capacity,Congress
5000,1941,US-1932-NORRIS-LAGUARDIA,1932,9,0.1745,-0.0843,labor_courts,Congress
5000,1941,US-1933-CCC,1933,8,0.4143,-0.0739,public_employment_environment,Congress
5000,1941,US-1933-FERA,1933,8,0.4018,-0.072,welfare_relief,Congress
5000,1941,US-1933-HOME-OWNERS-LOAN,1933,8,0.3448,-0.061,housing_finance,Congress
5000,1941,US-1934-NFA,1934,7,0.3185,-0.1073,guns_crime_tax,Congress
5000,1941,US-1935-PUHCA,1935,6,0.1626,-0.0592,utilities_finance,Congress
5000,1941,US-1936-RURAL-ELECTRIFICATION,1936,5,0.3364,-0.0808,rural_infrastructure,Congress
5000,1941,US-1939-HATCH-ACT,1939,2,0.3678,-0.0932,civil_service_elections,Congress
5000,1941,US-1940-SELECTIVE-TRAINING,1940,1,0.2474,-0.0995,military_state_capacity,Congress
5000,1941,US-1940-SMITH-ACT,1940,1,0.1964,-0.0868,security_civil_liberties_immigration,Congress
5000,1941,US-1941-DARBY,1941,0,0.409,-0.0826,labor_state_capacity,Supreme Court
5000,1941,US-1941-LEND-LEASE,1941,0,0.164,-0.0778,foreign_policy_security,Congress
5000,1941,US-1942-EMERGENCY-PRICE-CONTROL,1942,-1,0.4439,-0.079,wartime_economic_control,Congress
5000,1941,US-1943-CHINESE-EXCLUSION-REPEAL,1943,-2,0.2876,-0.0642,immigration_race_foreign_policy,Congress
5000,1941,US-1945-BRETTON-WOODS,1945,-4,0.3009,-0.0737,international_economic_order,Congress
5000,1941,US-1945-UN-PARTICIPATION,1945,-4,0.2452,-0.0818,foreign_policy_multilateralism,Congress
5000,1941,US-1946-APA,1946,-5,0.2568,-0.0818,administrative_state,Congress
5000,1941,US-1948-DISPLACED-PERSONS-ACT,1948,-7,0.2555,-0.0225,immigration_refugees,Congress
5000,1941,US-1948-MARSHALL-PLAN,1948,-7,0.4055,-0.0672,foreign_aid_security,Congress
5000,1941,US-1948-SHELLEY,1948,-7,0.3033,-0.096,civil_rights_housing,Supreme Court
5000,1941,US-1950-DPA,1950,-9,0.3152,-0.0885,industrial_policy_security,Congress
5000,1941,US-1950-INTERNAL-SECURITY,1950,-9,0.2411,-0.0912,security_civil_liberties,Congress
5000,1941,US-1951-DENNIS,1951,-10,0.2715,-0.1207,speech_security,Supreme Court
5000,1941,US-1933-TVA,1933,8,0.3364,-0.0658,regional_development_state_capacity,Congress
5000,1941,US-1933-NIRA,1933,8,0.464,-0.0703,industrial_policy_labor_state_capacity,Congress
5000,1941,US-1942-EO9066,1942,-1,0.2908,-0.0764,civil_liberties_security_race,President
5000,1941,US-1947-TRUMAN-DOCTRINE,1947,-6,0.3014,-0.075,foreign_policy_security,Congress/President
10000,1942,US-1933-GLASS-STEAGALL,1933,9,0.5769,-0.1283,finance,Congress
10000,1942,US-1933-PROHIBITION-REPEAL,1933,9,0.6631,-0.2066,morals_federalism,constitutional_amendment
10000,1942,US-1933-SECURITIES-ACT,1933,9,0.4934,-0.1254,finance_consumer_protection,Congress
10000,1942,US-1934-EXCHANGE-ACT,1934,8,0.6216,-0.1532,finance_state_capacity,Congress
10000,1942,US-1934-IRA,1934,8,0.5032,-0.1461,native_policy,Congress
10000,1942,US-1934-NATIONAL-HOUSING-ACT,1934,8,0.7048,-0.1162,housing_finance,Congress
10000,1942,US-1935-NIRA-SCHECHTER,1935,7,0.5361,-0.1552,state_capacity,Supreme Court
10000,1942,US-1935-NLRA,1935,7,0.7174,-0.1711,labor,Congress
10000,1942,US-1935-SOCIAL-SECURITY,1935,7,0.681,-0.1039,social_insurance,Congress
10000,1942,US-1936-AAA-BUTLER,1936,6,0.5268,-0.1731,state_capacity,Supreme Court
10000,1942,US-1937-JONES-LAUGHLIN,1937,5,0.499,-0.1335,labor_state_capacity,Supreme Court
10000,1942,US-1937-WEST-COAST-HOTEL,1937,5,0.5689,-0.1823,labor,Supreme Court
10000,1942,US-1938-FDCA,1938,4,0.5666,-0.1675,consumer_health,Congress
10000,1942,US-1938-FLSA,1938,4,0.6563,-0.1681,labor,Congress
10000,1942,US-1941-EO8802,1941,1,0.4998,-0.1215,civil_rights,President
10000,1942,US-1942-WICKARD,1942,0,0.463,-0.1671,state_capacity,Supreme Court
10000,1942,US-1944-GI-BILL,1944,-2,0.6538,-0.1378,veterans_education_housing,Congress
10000,1942,US-1944-KOREMATSU,1944,-2,0.573,-0.1292,civil_liberties_security,Supreme Court
10000,1942,US-1946-EMPLOYMENT-ACT,1946,-4,0.6006,-0.1098,macroeconomic_governance,Congress
10000,1942,US-1947-NATIONAL-SECURITY-ACT,1947,-5,0.542,-0.1225,security_state,Congress
10000,1942,US-1947-TAFT-HARTLEY,1947,-5,0.5551,-0.1851,labor,Congress
10000,1942,US-1948-EO9981,1948,-6,0.6031,-0.1393,civil_rights,President
10000,1942,US-1952-INA,1952,-10,0.4611,-0.1672,immigration,Congress
10000,1942,US-1952-YOUNGSTOWN,1952,-10,0.4707,-0.1734,executive_power,Supreme Court
10000,1942,US-1932-RFC,1932,10,0.687,-0.1313,finance_crisis_state_capacity,Congress
10000,1942,US-1932-NORRIS-LAGUARDIA,1932,10,0.3908,-0.1408,labor_courts,Congress
10000,1942,US-1933-CCC,1933,9,0.6637,-0.1148,public_employment_environment,Congress
10000,1942,US-1933-FERA,1933,9,0.6808,-0.1226,welfare_relief,Congress
10000,1942,US-1933-HOME-OWNERS-LOAN,1933,9,0.6181,-0.1091,housing_finance,Congress
10000,1942,US-1934-NFA,1934,8,0.5969,-0.1879,guns_crime_tax,Congress
10000,1942,US-1935-PUHCA,1935,7,0.3848,-0.0987,utilities_finance,Congress
10000,1942,US-1936-RURAL-ELECTRIFICATION,1936,6,0.6121,-0.1391,rural_infrastructure,Congress
10000,1942,US-1939-HATCH-ACT,1939,3,0.5829,-0.1813,civil_service_elections,Congress
10000,1942,US-1940-SELECTIVE-TRAINING,1940,2,0.4966,-0.1713,military_state_capacity,Congress
10000,1942,US-1940-SMITH-ACT,1940,2,0.463,-0.1585,security_civil_liberties_immigration,Congress
10000,1942,US-1941-DARBY,1941,1,0.6175,-0.1455,labor_state_capacity,Supreme Court
10000,1942,US-1941-LEND-LEASE,1941,1,0.4317,-0.1452,foreign_policy_security,Congress
10000,1942,US-1942-EMERGENCY-PRICE-CONTROL,1942,0,0.6545,-0.1486,wartime_economic_control,Congress
10000,1942,US-1943-CHINESE-EXCLUSION-REPEAL,1943,-1,0.4754,-0.1191,immigration_race_foreign_policy,Congress
10000,1942,US-1945-BRETTON-WOODS,1945,-3,0.5363,-0.1325,international_economic_order,Congress
10000,1942,US-1945-UN-PARTICIPATION,1945,-3,0.4142,-0.1537,foreign_policy_multilateralism,Congress
10000,1942,US-1946-APA,1946,-4,0.4611,-0.1479,administrative_state,Congress
10000,1942,US-1948-DISPLACED-PERSONS-ACT,1948,-6,0.4769,-0.0506,immigration_refugees,Congress
10000,1942,US-1948-MARSHALL-PLAN,1948,-6,0.6625,-0.1184,foreign_aid_security,Congress
10000,1942,US-1948-SHELLEY,1948,-6,0.5027,-0.1821,civil_rights_housing,Supreme Court
10000,1942,US-1950-DPA,1950,-8,0.6088,-0.163,industrial_policy_security,Congress
10000,1942,US-1950-INTERNAL-SECURITY,1950,-8,0.4117,-0.1606,security_civil_liberties,Congress
10000,1942,US-1951-DENNIS,1951,-9,0.4555,-0.2169,speech_security,Supreme Court
10000,1942,US-1933-TVA,1933,9,0.5889,-0.1268,regional_development_state_capacity,Congress
10000,1942,US-1933-NIRA,1933,9,0.6736,-0.1343,industrial_policy_labor_state_capacity,Congress
10000,1942,US-1942-EO9066,1942,0,0.5668,-0.1383,civil_liberties_security_race,President
10000,1942,US-1947-TRUMAN-DOCTRINE,1947,-5,0.5064,-0.1535,foreign_policy_security,Congress/President
20000,1942,US-1933-GLASS-STEAGALL,1933,9,0.6547,-0.135,finance,Congress
20000,1942,US-1933-PROHIBITION-REPEAL,1933,9,0.6937,-0.2276,morals_federalism,constitutional_amendment
20000,1942,US-1933-SECURITIES-ACT,1933,9,0.6088,-0.1096,finance_consumer_protection,Congress
20000,1942,US-1934-EXCHANGE-ACT,1934,8,0.6999,-0.1892,finance_state_capacity,Congress
20000,1942,US-1934-IRA,1934,8,0.6363,-0.1877,native_policy,Congress
20000,1942,US-1934-NATIONAL-HOUSING-ACT,1934,8,0.7961,-0.1371,housing_finance,Congress
20000,1942,US-1935-NIRA-SCHECHTER,1935,7,0.6047,-0.201,state_capacity,Supreme Court
20000,1942,US-1935-NLRA,1935,7,0.8097,-0.1883,labor,Congress
20000,1942,US-1935-SOCIAL-SECURITY,1935,7,0.7768,-0.1265,social_insurance,Congress
20000,1942,US-1936-AAA-BUTLER,1936,6,0.6115,-0.1972,state_capacity,Supreme Court
20000,1942,US-1937-JONES-LAUGHLIN,1937,5,0.6136,-0.1534,labor_state_capacity,Supreme Court
20000,1942,US-1937-WEST-COAST-HOTEL,1937,5,0.6762,-0.2329,labor,Supreme Court
20000,1942,US-1938-FDCA,1938,4,0.6867,-0.2165,consumer_health,Congress
20000,1942,US-1938-FLSA,1938,4,0.7252,-0.197,labor,Congress
20000,1942,US-1941-EO8802,1941,1,0.5801,-0.1392,civil_rights,President
20000,1942,US-1942-WICKARD,1942,0,0.5274,-0.2016,state_capacity,Supreme Court
20000,1942,US-1944-GI-BILL,1944,-2,0.7618,-0.166,veterans_education_housing,Congress
20000,1942,US-1944-KOREMATSU,1944,-2,0.7016,-0.1518,civil_liberties_security,Supreme Court
20000,1942,US-1946-EMPLOYMENT-ACT,1946,-4,0.7391,-0.1339,macroeconomic_governance,Congress
20000,1942,US-1947-NATIONAL-SECURITY-ACT,1947,-5,0.6508,-0.1381,security_state,Congress
20000,1942,US-1947-TAFT-HARTLEY,1947,-5,0.6166,-0.1908,labor,Congress
20000,1942,US-1948-EO9981,1948,-6,0.7365,-0.167,civil_rights,President
20000,1942,US-1952-INA,1952,-10,0.5978,-0.1887,immigration,Congress
20000,1942,US-1952-YOUNGSTOWN,1952,-10,0.5434,-0.2156,executive_power,Supreme Court
20000,1942,US-1932-RFC,1932,10,0.7576,-0.165,finance_crisis_state_capacity,Congress
20000,1942,US-1932-NORRIS-LAGUARDIA,1932,10,0.4686,-0.1687,labor_courts,Congress
20000,1942,US-1933-CCC,1933,9,0.7322,-0.1362,public_employment_environment,Congress
20000,1942,US-1933-FERA,1933,9,0.7533,-0.1675,welfare_relief,Congress
20000,1942,US-1933-HOME-OWNERS-LOAN,1933,9,0.7008,-0.1411,housing_finance,Congress
20000,1942,US-1934-NFA,1934,8,0.669,-0.1993,guns_crime_tax,Congress
20000,1942,US-1935-PUHCA,1935,7,0.4723,-0.0932,utilities_finance,Congress
20000,1942,US-1936-RURAL-ELECTRIFICATION,1936,6,0.6949,-0.1847,rural_infrastructure,Congress
20000,1942,US-1939-HATCH-ACT,1939,3,0.6561,-0.214,civil_service_elections,Congress
20000,1942,US-1940-SELECTIVE-TRAINING,1940,2,0.6271,-0.1832,military_state_capacity,Congress
20000,1942,US-1940-SMITH-ACT,1940,2,0.5608,-0.1621,security_civil_liberties_immigration,Congress
20000,1942,US-1941-DARBY,1941,1,0.6994,-0.1641,labor_state_capacity,Supreme Court
20000,1942,US-1941-LEND-LEASE,1941,1,0.5671,-0.1656,foreign_policy_security,Congress
20000,1942,US-1942-EMERGENCY-PRICE-CONTROL,1942,0,0.7165,-0.1758,wartime_economic_control,Congress
20000,1942,US-1943-CHINESE-EXCLUSION-REPEAL,1943,-1,0.5687,-0.1347,immigration_race_foreign_policy,Congress
20000,1942,US-1945-BRETTON-WOODS,1945,-3,0.6344,-0.1576,international_economic_order,Congress
20000,1942,US-1945-UN-PARTICIPATION,1945,-3,0.5324,-0.1682,foreign_policy_multilateralism,Congress
20000,1942,US-1946-APA,1946,-4,0.593,-0.1884,administrative_state,Congress
20000,1942,US-1948-DISPLACED-PERSONS-ACT,1948,-6,0.583,-0.051,immigration_refugees,Congress
20000,1942,US-1948-MARSHALL-PLAN,1948,-6,0.7557,-0.146,foreign_aid_security,Congress
20000,1942,US-1948-SHELLEY,1948,-6,0.5434,-0.2035,civil_rights_housing,Supreme Court
20000,1942,US-1950-DPA,1950,-8,0.7053,-0.2002,industrial_policy_security,Congress
20000,1942,US-1950-INTERNAL-SECURITY,1950,-8,0.56,-0.1724,security_civil_liberties,Congress
20000,1942,US-1951-DENNIS,1951,-9,0.5777,-0.2438,speech_security,Supreme Court
20000,1942,US-1933-TVA,1933,9,0.6457,-0.154,regional_development_state_capacity,Congress
20000,1942,US-1933-NIRA,1933,9,0.7475,-0.1646,industrial_policy_labor_state_capacity,Congress
20000,1942,US-1942-EO9066,1942,0,0.6334,-0.1714,civil_liberties_security_race,President
20000,1942,US-1947-TRUMAN-DOCTRINE,1947,-5,0.6021,-0.1824,foreign_policy_security,Congress/President
5000,1942,US-1933-GLASS-STEAGALL,1933,9,0.4483,-0.0966,finance,Congress
5000,1942,US-1933-PROHIBITION-REPEAL,1933,9,0.5376,-0.1378,morals_federalism,constitutional_amendment
5000,1942,US-1933-SECURITIES-ACT,1933,9,0.3758,-0.089,finance_consumer_protection,Congress
5000,1942,US-1934-EXCHANGE-ACT,1934,8,0.4206,-0.1017,finance_state_capacity,Congress
5000,1942,US-1934-IRA,1934,8,0.3105,-0.1109,native_policy,Congress
5000,1942,US-1934-NATIONAL-HOUSING-ACT,1934,8,0.5292,-0.0818,housing_finance,Congress
5000,1942,US-1935-NIRA-SCHECHTER,1935,7,0.3869,-0.1026,state_capacity,Supreme Court
5000,1942,US-1935-NLRA,1935,7,0.5693,-0.1263,labor,Congress
5000,1942,US-1935-SOCIAL-SECURITY,1935,7,0.5387,-0.077,social_insurance,Congress
5000,1942,US-1936-AAA-BUTLER,1936,6,0.3765,-0.131,state_capacity,Supreme Court
5000,1942,US-1937-JONES-LAUGHLIN,1937,5,0.3245,-0.1019,labor_state_capacity,Supreme Court
5000,1942,US-1937-WEST-COAST-HOTEL,1937,5,0.4073,-0.1361,labor,Supreme Court
5000,1942,US-1938-FDCA,1938,4,0.393,-0.1146,consumer_health,Congress
5000,1942,US-1938-FLSA,1938,4,0.5408,-0.1259,labor,Congress
5000,1942,US-1941-EO8802,1941,1,0.3096,-0.1003,civil_rights,President
5000,1942,US-1942-WICKARD,1942,0,0.2696,-0.1265,state_capacity,Supreme Court
5000,1942,US-1944-GI-BILL,1944,-2,0.4508,-0.1018,veterans_education_housing,Congress
5000,1942,US-1944-KOREMATSU,1944,-2,0.4485,-0.089,civil_liberties_security,Supreme Court
5000,1942,US-1946-EMPLOYMENT-ACT,1946,-4,0.4642,-0.0872,macroeconomic_governance,Congress
5000,1942,US-1947-NATIONAL-SECURITY-ACT,1947,-5,0.3863,-0.0888,security_state,Congress
5000,1942,US-1947-TAFT-HARTLEY,1947,-5,0.4106,-0.1248,labor,Congress
5000,1942,US-1948-EO9981,1948,-6,0.3594,-0.1043,civil_rights,President
5000,1942,US-1952-INA,1952,-10,0.308,-0.1154,immigration,Congress
5000,1942,US-1952-YOUNGSTOWN,1952,-10,0.3801,-0.126,executive_power,Supreme Court
5000,1942,US-1932-RFC,1932,10,0.5589,-0.0922,finance_crisis_state_capacity,Congress
5000,1942,US-1932-NORRIS-LAGUARDIA,1932,10,0.2358,-0.1019,labor_courts,Congress
5000,1942,US-1933-CCC,1933,9,0.5031,-0.0843,public_employment_environment,Congress
5000,1942,US-1933-FERA,1933,9,0.5189,-0.0903,welfare_relief,Congress
5000,1942,US-1933-HOME-OWNERS-LOAN,1933,9,0.4145,-0.0741,housing_finance,Congress
5000,1942,US-1934-NFA,1934,8,0.3889,-0.1301,guns_crime_tax,Congress
5000,1942,US-1935-PUHCA,1935,7,0.2065,-0.0769,utilities_finance,Congress
5000,1942,US-1936-RURAL-ELECTRIFICATION,1936,6,0.4346,-0.1069,rural_infrastructure,Congress
5000,1942,US-1939-HATCH-ACT,1939,3,0.4764,-0.1221,civil_service_elections,Congress
5000,1942,US-1940-SELECTIVE-TRAINING,1940,2,0.3016,-0.1192,military_state_capacity,Congress
5000,1942,US-1940-SMITH-ACT,1940,2,0.2767,-0.0926,security_civil_liberties_immigration,Congress
5000,1942,US-1941-DARBY,1941,1,0.497,-0.1067,labor_state_capacity,Supreme Court
5000,1942,US-1941-LEND-LEASE,1941,1,0.2254,-0.0942,foreign_policy_security,Congress
5000,1942,US-1942-EMERGENCY-PRICE-CONTROL,1942,0,0.5173,-0.1022,wartime_economic_control,Congress
5000,1942,US-1943-CHINESE-EXCLUSION-REPEAL,1943,-1,0.358,-0.0792,immigration_race_foreign_policy,Congress
5000,1942,US-1945-BRETTON-WOODS,1945,-3,0.3689,-0.0937,international_economic_order,Congress
5000,1942,US-1945-UN-PARTICIPATION,1945,-3,0.3013,-0.1055,foreign_policy_multilateralism,Congress
5000,1942,US-1946-APA,1946,-4,0.2951,-0.1017,administrative_state,Congress
5000,1942,US-1948-DISPLACED-PERSONS-ACT,1948,-6,0.3184,-0.0278,immigration_refugees,Congress
5000,1942,US-1948-MARSHALL-PLAN,1948,-6,0.4795,-0.0836,foreign_aid_security,Congress
5000,1942,US-1948-SHELLEY,1948,-6,0.3691,-0.1189,civil_rights_housing,Supreme Court
5000,1942,US-1950-DPA,1950,-8,0.4422,-0.1127,industrial_policy_security,Congress
5000,1942,US-1950-INTERNAL-SECURITY,1950,-8,0.3368,-0.1209,security_civil_liberties,Congress
5000,1942,US-1951-DENNIS,1951,-9,0.3444,-0.143,speech_security,Supreme Court
5000,1942,US-1933-TVA,1933,9,0.4604,-0.0878,regional_development_state_capacity,Congress
5000,1942,US-1933-NIRA,1933,9,0.5402,-0.0898,industrial_policy_labor_state_capacity,Congress
5000,1942,US-1942-EO9066,1942,0,0.4074,-0.0951,civil_liberties_security_race,President
5000,1942,US-1947-TRUMAN-DOCTRINE,1947,-5,0.3895,-0.102,foreign_policy_security,Congress/President
10000,1943,US-1933-GLASS-STEAGALL,1933,10,0.3661,-0.1095,finance,Congress
10000,1943,US-1933-PROHIBITION-REPEAL,1933,10,0.4801,-0.1947,morals_federalism,constitutional_amendment
10000,1943,US-1933-SECURITIES-ACT,1933,10,0.3048,-0.092,finance_consumer_protection,Congress
10000,1943,US-1934-EXCHANGE-ACT,1934,9,0.3897,-0.1297,finance_state_capacity,Congress
10000,1943,US-1934-IRA,1934,9,0.3074,-0.1232,native_policy,Congress
10000,1943,US-1934-NATIONAL-HOUSING-ACT,1934,9,0.5384,-0.0871,housing_finance,Congress
10000,1943,US-1935-NIRA-SCHECHTER,1935,8,0.3281,-0.1252,state_capacity,Supreme Court
10000,1943,US-1935-NLRA,1935,8,0.5367,-0.1412,labor,Congress
10000,1943,US-1935-SOCIAL-SECURITY,1935,8,0.4917,-0.0878,social_insurance,Congress
10000,1943,US-1936-AAA-BUTLER,1936,7,0.2964,-0.1583,state_capacity,Supreme Court
10000,1943,US-1937-JONES-LAUGHLIN,1937,6,0.3167,-0.1124,labor_state_capacity,Supreme Court
10000,1943,US-1937-WEST-COAST-HOTEL,1937,6,0.337,-0.1639,labor,Supreme Court
10000,1943,US-1938-FDCA,1938,5,0.3955,-0.1421,consumer_health,Congress
10000,1943,US-1938-FLSA,1938,5,0.5149,-0.1439,labor,Congress
10000,1943,US-1941-EO8802,1941,2,0.3102,-0.1117,civil_rights,President
10000,1943,US-1942-WICKARD,1942,1,0.2555,-0.1427,state_capacity,Supreme Court
10000,1943,US-1944-GI-BILL,1944,-1,0.4616,-0.1106,veterans_education_housing,Congress
10000,1943,US-1944-KOREMATSU,1944,-1,0.3781,-0.1092,civil_liberties_security,Supreme Court
10000,1943,US-1946-EMPLOYMENT-ACT,1946,-3,0.4317,-0.0907,macroeconomic_governance,Congress
10000,1943,US-1947-NATIONAL-SECURITY-ACT,1947,-4,0.3553,-0.0964,security_state,Congress
10000,1943,US-1947-TAFT-HARTLEY,1947,-4,0.3832,-0.1449,labor,Congress
10000,1943,US-1948-EO9981,1948,-5,0.3928,-0.1234,civil_rights,President
10000,1943,US-1952-INA,1952,-9,0.2874,-0.1393,immigration,Congress
10000,1943,US-1952-YOUNGSTOWN,1952,-9,0.3076,-0.1553,executive_power,Supreme Court
10000,1943,US-1933-CCC,1933,10,0.4499,-0.1098,public_employment_environment,Congress
10000,1943,US-1933-FERA,1933,10,0.4718,-0.1164,welfare_relief,Congress
10000,1943,US-1933-HOME-OWNERS-LOAN,1933,10,0.4134,-0.0882,housing_finance,Congress
10000,1943,US-1934-NFA,1934,9,0.388,-0.1543,guns_crime_tax,Congress
10000,1943,US-1935-PUHCA,1935,8,0.1828,-0.082,utilities_finance,Congress
10000,1943,US-1936-RURAL-ELECTRIFICATION,1936,7,0.3729,-0.1233,rural_infrastructure,Congress
10000,1943,US-1939-HATCH-ACT,1939,4,0.3476,-0.1578,civil_service_elections,Congress
10000,1943,US-1940-SELECTIVE-TRAINING,1940,3,0.3069,-0.147,military_state_capacity,Congress
10000,1943,US-1940-SMITH-ACT,1940,3,0.2632,-0.1174,security_civil_liberties_immigration,Congress
10000,1943,US-1941-DARBY,1941,2,0.4316,-0.1284,labor_state_capacity,Supreme Court
10000,1943,US-1941-LEND-LEASE,1941,2,0.2325,-0.1207,foreign_policy_security,Congress
10000,1943,US-1942-EMERGENCY-PRICE-CONTROL,1942,1,0.4563,-0.1215,wartime_economic_control,Congress
10000,1943,US-1943-CHINESE-EXCLUSION-REPEAL,1943,0,0.3025,-0.1013,immigration_race_foreign_policy,Congress
10000,1943,US-1945-BRETTON-WOODS,1945,-2,0.3261,-0.1169,international_economic_order,Congress
10000,1943,US-1945-UN-PARTICIPATION,1945,-2,0.2402,-0.1375,foreign_policy_multilateralism,Congress
10000,1943,US-1946-APA,1946,-3,0.2686,-0.1207,administrative_state,Congress
10000,1943,US-1948-DISPLACED-PERSONS-ACT,1948,-5,0.2949,-0.0389,immigration_refugees,Congress
10000,1943,US-1948-MARSHALL-PLAN,1948,-5,0.4596,-0.0971,foreign_aid_security,Congress
10000,1943,US-1948-SHELLEY,1948,-5,0.3105,-0.1545,civil_rights_housing,Supreme Court
10000,1943,US-1950-DPA,1950,-7,0.4403,-0.1321,industrial_policy_security,Congress
10000,1943,US-1950-INTERNAL-SECURITY,1950,-7,0.2166,-0.1373,security_civil_liberties,Congress
10000,1943,US-1951-DENNIS,1951,-8,0.2835,-0.1999,speech_security,Supreme Court
10000,1943,US-1933-TVA,1933,10,0.3861,-0.1066,regional_development_state_capacity,Congress
10000,1943,US-1933-NIRA,1933,10,0.4816,-0.109,industrial_policy_labor_state_capacity,Congress
10000,1943,US-1942-EO9066,1942,1,0.399,-0.121,civil_liberties_security_race,President
10000,1943,US-1947-TRUMAN-DOCTRINE,1947,-4,0.2859,-0.1333,foreign_policy_security,Congress/President
20000,1943,US-1933-GLASS-STEAGALL,1933,10,0.4717,-0.1279,finance,Congress
20000,1943,US-1933-PROHIBITION-REPEAL,1933,10,0.5401,-0.1948,morals_federalism,constitutional_amendment
20000,1943,US-1933-SECURITIES-ACT,1933,10,0.4373,-0.1269,finance_consumer_protection,Congress
20000,1943,US-1934-EXCHANGE-ACT,1934,9,0.4858,-0.1475,finance_state_capacity,Congress
20000,1943,US-1934-IRA,1934,9,0.4028,-0.1506,native_policy,Congress
20000,1943,US-1934-NATIONAL-HOUSING-ACT,1934,9,0.5917,-0.114,housing_finance,Congress
20000,1943,US-1935-NIRA-SCHECHTER,1935,8,0.3895,-0.1527,state_capacity,Supreme Court
20000,1943,US-1935-NLRA,1935,8,0.6068,-0.1483,labor,Congress
20000,1943,US-1935-SOCIAL-SECURITY,1935,8,0.5382,-0.1079,social_insurance,Congress
20000,1943,US-1936-AAA-BUTLER,1936,7,0.3918,-0.1645,state_capacity,Supreme Court
20000,1943,US-1937-JONES-LAUGHLIN,1937,6,0.3983,-0.129,labor_state_capacity,Supreme Court
20000,1943,US-1937-WEST-COAST-HOTEL,1937,6,0.4792,-0.1943,labor,Supreme Court
20000,1943,US-1938-FDCA,1938,5,0.5363,-0.1837,consumer_health,Congress
20000,1943,US-1938-FLSA,1938,5,0.5414,-0.1628,labor,Congress
20000,1943,US-1941-EO8802,1941,2,0.4287,-0.1155,civil_rights,President
20000,1943,US-1942-WICKARD,1942,1,0.335,-0.1535,state_capacity,Supreme Court
20000,1943,US-1944-GI-BILL,1944,-1,0.5208,-0.1358,veterans_education_housing,Congress
20000,1943,US-1944-KOREMATSU,1944,-1,0.4877,-0.1396,civil_liberties_security,Supreme Court
20000,1943,US-1946-EMPLOYMENT-ACT,1946,-3,0.5044,-0.1081,macroeconomic_governance,Congress
20000,1943,US-1947-NATIONAL-SECURITY-ACT,1947,-4,0.3744,-0.1293,security_state,Congress
20000,1943,US-1947-TAFT-HARTLEY,1947,-4,0.4773,-0.1577,labor,Congress
20000,1943,US-1948-EO9981,1948,-5,0.5499,-0.135,civil_rights,President
20000,1943,US-1952-INA,1952,-9,0.3785,-0.1589,immigration,Congress
20000,1943,US-1952-YOUNGSTOWN,1952,-9,0.3825,-0.1775,executive_power,Supreme Court
20000,1943,US-1933-CCC,1933,10,0.5104,-0.1303,public_employment_environment,Congress
20000,1943,US-1933-FERA,1933,10,0.5288,-0.1407,welfare_relief,Congress
20000,1943,US-1933-HOME-OWNERS-LOAN,1933,10,0.5219,-0.1156,housing_finance,Congress
20000,1943,US-1934-NFA,1934,9,0.5038,-0.1747,guns_crime_tax,Congress
20000,1943,US-1935-PUHCA,1935,8,0.2568,-0.0787,utilities_finance,Congress
20000,1943,US-1936-RURAL-ELECTRIFICATION,1936,7,0.4671,-0.1493,rural_infrastructure,Congress
20000,1943,US-1939-HATCH-ACT,1939,4,0.4717,-0.17,civil_service_elections,Congress
20000,1943,US-1940-SELECTIVE-TRAINING,1940,3,0.4088,-0.1718,military_state_capacity,Congress
20000,1943,US-1940-SMITH-ACT,1940,3,0.3709,-0.124,security_civil_liberties_immigration,Congress
20000,1943,US-1941-DARBY,1941,2,0.5115,-0.1537,labor_state_capacity,Supreme Court
20000,1943,US-1941-LEND-LEASE,1941,2,0.3499,-0.1553,foreign_policy_security,Congress
20000,1943,US-1942-EMERGENCY-PRICE-CONTROL,1942,1,0.5755,-0.1496,wartime_economic_control,Congress
20000,1943,US-1943-CHINESE-EXCLUSION-REPEAL,1943,0,0.3825,-0.1154,immigration_race_foreign_policy,Congress
20000,1943,US-1945-BRETTON-WOODS,1945,-2,0.3524,-0.1453,international_economic_order,Congress
20000,1943,US-1945-UN-PARTICIPATION,1945,-2,0.312,-0.1655,foreign_policy_multilateralism,Congress
20000,1943,US-1946-APA,1946,-3,0.4118,-0.1468,administrative_state,Congress
20000,1943,US-1948-DISPLACED-PERSONS-ACT,1948,-5,0.3638,-0.0548,immigration_refugees,Congress
20000,1943,US-1948-MARSHALL-PLAN,1948,-5,0.5076,-0.1318,foreign_aid_security,Congress
20000,1943,US-1948-SHELLEY,1948,-5,0.3736,-0.1685,civil_rights_housing,Supreme Court
20000,1943,US-1950-DPA,1950,-7,0.5056,-0.1617,industrial_policy_security,Congress
20000,1943,US-1950-INTERNAL-SECURITY,1950,-7,0.3373,-0.1555,security_civil_liberties,Congress
20000,1943,US-1951-DENNIS,1951,-8,0.3905,-0.215,speech_security,Supreme Court
20000,1943,US-1933-TVA,1933,10,0.4453,-0.1321,regional_development_state_capacity,Congress
20000,1943,US-1933-NIRA,1933,10,0.5353,-0.1307,industrial_policy_labor_state_capacity,Congress
20000,1943,US-1942-EO9066,1942,1,0.485,-0.1479,civil_liberties_security_race,President
20000,1943,US-1947-TRUMAN-DOCTRINE,1947,-4,0.3802,-0.1514,foreign_policy_security,Congress/President
5000,1943,US-1933-GLASS-STEAGALL,1933,10,0.385,-0.0967,finance,Congress
5000,1943,US-1933-PROHIBITION-REPEAL,1933,10,0.4703,-0.1515,morals_federalism,constitutional_amendment
5000,1943,US-1933-SECURITIES-ACT,1933,10,0.3225,-0.0789,finance_consumer_protection,Congress
5000,1943,US-1934-EXCHANGE-ACT,1934,9,0.3001,-0.1016,finance_state_capacity,Congress
5000,1943,US-1934-IRA,1934,9,0.3473,-0.1131,native_policy,Congress
5000,1943,US-1934-NATIONAL-HOUSING-ACT,1934,9,0.5397,-0.0766,housing_finance,Congress
5000,1943,US-1935-NIRA-SCHECHTER,1935,8,0.3295,-0.091,state_capacity,Supreme Court
5000,1943,US-1935-NLRA,1935,8,0.4816,-0.1171,labor,Congress
5000,1943,US-1935-SOCIAL-SECURITY,1935,8,0.5142,-0.0704,social_insurance,Congress
5000,1943,US-1936-AAA-BUTLER,1936,7,0.2805,-0.1157,state_capacity,Supreme Court
5000,1943,US-1937-JONES-LAUGHLIN,1937,6,0.2384,-0.095,labor_state_capacity,Supreme Court
5000,1943,US-1937-WEST-COAST-HOTEL,1937,6,0.3272,-0.1232,labor,Supreme Court
5000,1943,US-1938-FDCA,1938,5,0.3629,-0.1116,consumer_health,Congress
5000,1943,US-1938-FLSA,1938,5,0.5285,-0.122,labor,Congress
5000,1943,US-1941-EO8802,1941,2,0.2924,-0.0991,civil_rights,President
5000,1943,US-1942-WICKARD,1942,1,0.2495,-0.1067,state_capacity,Supreme Court
5000,1943,US-1944-GI-BILL,1944,-1,0.4193,-0.0919,veterans_education_housing,Congress
5000,1943,US-1944-KOREMATSU,1944,-1,0.4209,-0.0889,civil_liberties_security,Supreme Court
5000,1943,US-1946-EMPLOYMENT-ACT,1946,-3,0.4165,-0.0846,macroeconomic_governance,Congress
5000,1943,US-1947-NATIONAL-SECURITY-ACT,1947,-4,0.3811,-0.0852,security_state,Congress
5000,1943,US-1947-TAFT-HARTLEY,1947,-4,0.369,-0.1221,labor,Congress
5000,1943,US-1948-EO9981,1948,-5,0.3288,-0.1004,civil_rights,President
5000,1943,US-1952-INA,1952,-9,0.2404,-0.1119,immigration,Congress
5000,1943,US-1952-YOUNGSTOWN,1952,-9,0.2558,-0.1188,executive_power,Supreme Court
5000,1943,US-1933-CCC,1933,10,0.476,-0.0794,public_employment_environment,Congress
5000,1943,US-1933-FERA,1933,10,0.4555,-0.0845,welfare_relief,Congress
5000,1943,US-1933-HOME-OWNERS-LOAN,1933,10,0.3644,-0.0726,housing_finance,Congress
5000,1943,US-1934-NFA,1934,9,0.3929,-0.125,guns_crime_tax,Congress
5000,1943,US-1935-PUHCA,1935,8,0.1718,-0.0721,utilities_finance,Congress
5000,1943,US-1936-RURAL-ELECTRIFICATION,1936,7,0.3731,-0.1001,rural_infrastructure,Congress
5000,1943,US-1939-HATCH-ACT,1939,4,0.3936,-0.1215,civil_service_elections,Congress
5000,1943,US-1940-SELECTIVE-TRAINING,1940,3,0.2624,-0.1239,military_state_capacity,Congress
5000,1943,US-1940-SMITH-ACT,1940,3,0.2121,-0.0883,security_civil_liberties_immigration,Congress
5000,1943,US-1941-DARBY,1941,2,0.4162,-0.1024,labor_state_capacity,Supreme Court
5000,1943,US-1941-LEND-LEASE,1941,2,0.1903,-0.0973,foreign_policy_security,Congress
5000,1943,US-1942-EMERGENCY-PRICE-CONTROL,1942,1,0.4557,-0.0945,wartime_economic_control,Congress
5000,1943,US-1943-CHINESE-EXCLUSION-REPEAL,1943,0,0.2947,-0.0767,immigration_race_foreign_policy,Congress
5000,1943,US-1945-BRETTON-WOODS,1945,-2,0.347,-0.0985,international_economic_order,Congress
5000,1943,US-1945-UN-PARTICIPATION,1945,-2,0.229,-0.1136,foreign_policy_multilateralism,Congress
5000,1943,US-1946-APA,1946,-3,0.2039,-0.0958,administrative_state,Congress
5000,1943,US-1948-DISPLACED-PERSONS-ACT,1948,-5,0.2258,-0.0279,immigration_refugees,Congress
5000,1943,US-1948-MARSHALL-PLAN,1948,-5,0.4488,-0.0829,foreign_aid_security,Congress
5000,1943,US-1948-SHELLEY,1948,-5,0.3095,-0.1201,civil_rights_housing,Supreme Court
5000,1943,US-1950-DPA,1950,-7,0.3822,-0.1068,industrial_policy_security,Congress
5000,1943,US-1950-INTERNAL-SECURITY,1950,-7,0.2061,-0.1124,security_civil_liberties,Congress
5000,1943,US-1951-DENNIS,1951,-8,0.2582,-0.1481,speech_security,Supreme Court
5000,1943,US-1933-TVA,1933,10,0.4291,-0.0865,regional_development_state_capacity,Congress
5000,1943,US-1933-NIRA,1933,10,0.4486,-0.0843,industrial_policy_labor_state_capacity,Congress
5000,1943,US-1942-EO9066,1942,1,0.3958,-0.093,civil_liberties_security_race,President
5000,1943,US-1947-TRUMAN-DOCTRINE,1947,-4,0.3831,-0.1067,foreign_policy_security,Congress/President
10000,1944,US-1934-EXCHANGE-ACT,1934,10,0.4632,-0.1864,finance_state_capacity,Congress
10000,1944,US-1934-IRA,1934,10,0.4041,-0.1912,native_policy,Congress
10000,1944,US-1934-NATIONAL-HOUSING-ACT,1934,10,0.6333,-0.1351,housing_finance,Congress
10000,1944,US-1935-NIRA-SCHECHTER,1935,9,0.4377,-0.1836,state_capacity,Supreme Court
10000,1944,US-1935-NLRA,1935,9,0.6476,-0.1984,labor,Congress
10000,1944,US-1935-SOCIAL-SECURITY,1935,9,0.6047,-0.1205,social_insurance,Congress
10000,1944,US-1936-AAA-BUTLER,1936,8,0.4349,-0.2011,state_capacity,Supreme Court
10000,1944,US-1937-JONES-LAUGHLIN,1937,7,0.4534,-0.1733,labor_state_capacity,Supreme Court
10000,1944,US-1937-WEST-COAST-HOTEL,1937,7,0.4818,-0.2188,labor,Supreme Court
10000,1944,US-1938-FDCA,1938,6,0.4905,-0.1952,consumer_health,Congress
10000,1944,US-1938-FLSA,1938,6,0.541,-0.1917,labor,Congress
10000,1944,US-1941-EO8802,1941,3,0.4383,-0.164,civil_rights,President
10000,1944,US-1942-WICKARD,1942,2,0.3563,-0.2002,state_capacity,Supreme Court
10000,1944,US-1944-GI-BILL,1944,0,0.5666,-0.1604,veterans_education_housing,Congress
10000,1944,US-1944-KOREMATSU,1944,0,0.5284,-0.1573,civil_liberties_security,Supreme Court
10000,1944,US-1946-EMPLOYMENT-ACT,1946,-2,0.4936,-0.136,macroeconomic_governance,Congress
10000,1944,US-1947-NATIONAL-SECURITY-ACT,1947,-3,0.4423,-0.1505,security_state,Congress
10000,1944,US-1947-TAFT-HARTLEY,1947,-3,0.4684,-0.2096,labor,Congress
10000,1944,US-1948-EO9981,1948,-4,0.4966,-0.1724,civil_rights,President
10000,1944,US-1952-INA,1952,-8,0.3759,-0.1912,immigration,Congress
10000,1944,US-1952-YOUNGSTOWN,1952,-8,0.4139,-0.2143,executive_power,Supreme Court
10000,1944,US-1954-BROWN,1954,-10,0.4358,-0.2149,civil_rights,Supreme Court
10000,1944,US-1934-NFA,1934,10,0.4837,-0.2128,guns_crime_tax,Congress
10000,1944,US-1935-PUHCA,1935,9,0.2631,-0.118,utilities_finance,Congress
10000,1944,US-1936-RURAL-ELECTRIFICATION,1936,8,0.4855,-0.1752,rural_infrastructure,Congress
10000,1944,US-1939-HATCH-ACT,1939,5,0.4823,-0.2151,civil_service_elections,Congress
10000,1944,US-1940-SELECTIVE-TRAINING,1940,4,0.4122,-0.21,military_state_capacity,Congress
10000,1944,US-1940-SMITH-ACT,1940,4,0.3654,-0.1883,security_civil_liberties_immigration,Congress
10000,1944,US-1941-DARBY,1941,3,0.5459,-0.1787,labor_state_capacity,Supreme Court
10000,1944,US-1941-LEND-LEASE,1941,3,0.3547,-0.178,foreign_policy_security,Congress
10000,1944,US-1942-EMERGENCY-PRICE-CONTROL,1942,2,0.5167,-0.1751,wartime_economic_control,Congress
10000,1944,US-1943-CHINESE-EXCLUSION-REPEAL,1943,1,0.3512,-0.1303,immigration_race_foreign_policy,Congress
10000,1944,US-1945-BRETTON-WOODS,1945,-1,0.4003,-0.1687,international_economic_order,Congress
10000,1944,US-1945-UN-PARTICIPATION,1945,-1,0.3261,-0.1921,foreign_policy_multilateralism,Congress
10000,1944,US-1946-APA,1946,-2,0.3689,-0.1686,administrative_state,Congress
10000,1944,US-1948-DISPLACED-PERSONS-ACT,1948,-4,0.3872,-0.0649,immigration_refugees,Congress
10000,1944,US-1948-MARSHALL-PLAN,1948,-4,0.547,-0.1531,foreign_aid_security,Congress
10000,1944,US-1948-SHELLEY,1948,-4,0.4312,-0.1976,civil_rights_housing,Supreme Court
10000,1944,US-1950-DPA,1950,-6,0.5326,-0.2002,industrial_policy_security,Congress
10000,1944,US-1950-INTERNAL-SECURITY,1950,-6,0.3255,-0.1892,security_civil_liberties,Congress
10000,1944,US-1951-DENNIS,1951,-7,0.4367,-0.2608,speech_security,Supreme Court
10000,1944,US-1942-EO9066,1942,2,0.5048,-0.1742,civil_liberties_security_race,President
10000,1944,US-1947-TRUMAN-DOCTRINE,1947,-3,0.4298,-0.1907,foreign_policy_security,Congress/President
20000,1944,US-1934-EXCHANGE-ACT,1934,10,0.578,-0.2647,finance_state_capacity,Congress
20000,1944,US-1934-IRA,1934,10,0.5409,-0.2458,native_policy,Congress
20000,1944,US-1934-NATIONAL-HOUSING-ACT,1934,10,0.7315,-0.2027,housing_finance,Congress
20000,1944,US-1935-NIRA-SCHECHTER,1935,9,0.5496,-0.265,state_capacity,Supreme Court
20000,1944,US-1935-NLRA,1935,9,0.7182,-0.2436,labor,Congress
20000,1944,US-1935-SOCIAL-SECURITY,1935,9,0.6553,-0.1593,social_insurance,Congress
20000,1944,US-1936-AAA-BUTLER,1936,8,0.5525,-0.2645,state_capacity,Supreme Court
20000,1944,US-1937-JONES-LAUGHLIN,1937,7,0.501,-0.2237,labor_state_capacity,Supreme Court
20000,1944,US-1937-WEST-COAST-HOTEL,1937,7,0.6247,-0.2923,labor,Supreme Court
20000,1944,US-1938-FDCA,1938,6,0.6295,-0.2776,consumer_health,Congress
20000,1944,US-1938-FLSA,1938,6,0.5878,-0.2501,labor,Congress
20000,1944,US-1941-EO8802,1941,3,0.5119,-0.1912,civil_rights,President
20000,1944,US-1942-WICKARD,1942,2,0.4482,-0.2597,state_capacity,Supreme Court
20000,1944,US-1944-GI-BILL,1944,0,0.6284,-0.2037,veterans_education_housing,Congress
20000,1944,US-1944-KOREMATSU,1944,0,0.583,-0.1964,civil_liberties_security,Supreme Court
20000,1944,US-1946-EMPLOYMENT-ACT,1946,-2,0.6035,-0.1961,macroeconomic_governance,Congress
20000,1944,US-1947-NATIONAL-SECURITY-ACT,1947,-3,0.475,-0.1956,security_state,Congress
20000,1944,US-1947-TAFT-HARTLEY,1947,-3,0.5541,-0.2306,labor,Congress
20000,1944,US-1948-EO9981,1948,-4,0.5922,-0.2218,civil_rights,President
20000,1944,US-1952-INA,1952,-8,0.4727,-0.2429,immigration,Congress
20000,1944,US-1952-YOUNGSTOWN,1952,-8,0.4704,-0.2758,executive_power,Supreme Court
20000,1944,US-1954-BROWN,1954,-10,0.5266,-0.2769,civil_rights,Supreme Court
20000,1944,US-1934-NFA,1934,10,0.5625,-0.2718,guns_crime_tax,Congress
20000,1944,US-1935-PUHCA,1935,9,0.4155,-0.1435,utilities_finance,Congress
20000,1944,US-1936-RURAL-ELECTRIFICATION,1936,8,0.6079,-0.239,rural_infrastructure,Congress
20000,1944,US-1939-HATCH-ACT,1939,5,0.5619,-0.264,civil_service_elections,Congress
20000,1944,US-1940-SELECTIVE-TRAINING,1940,4,0.4978,-0.2541,military_state_capacity,Congress
20000,1944,US-1940-SMITH-ACT,1940,4,0.4671,-0.2314,security_civil_liberties_immigration,Congress
20000,1944,US-1941-DARBY,1941,3,0.5769,-0.2398,labor_state_capacity,Supreme Court
20000,1944,US-1941-LEND-LEASE,1941,3,0.4415,-0.2188,foreign_policy_security,Congress
20000,1944,US-1942-EMERGENCY-PRICE-CONTROL,1942,2,0.6385,-0.2276,wartime_economic_control,Congress
20000,1944,US-1943-CHINESE-EXCLUSION-REPEAL,1943,1,0.4971,-0.1795,immigration_race_foreign_policy,Congress
20000,1944,US-1945-BRETTON-WOODS,1945,-1,0.4561,-0.2196,international_economic_order,Congress
20000,1944,US-1945-UN-PARTICIPATION,1945,-1,0.3751,-0.247,foreign_policy_multilateralism,Congress
20000,1944,US-1946-APA,1946,-2,0.5328,-0.2578,administrative_state,Congress
20000,1944,US-1948-DISPLACED-PERSONS-ACT,1948,-4,0.487,-0.0659,immigration_refugees,Congress
20000,1944,US-1948-MARSHALL-PLAN,1948,-4,0.6303,-0.201,foreign_aid_security,Congress
20000,1944,US-1948-SHELLEY,1948,-4,0.4963,-0.2704,civil_rights_housing,Supreme Court
20000,1944,US-1950-DPA,1950,-6,0.5782,-0.2599,industrial_policy_security,Congress
20000,1944,US-1950-INTERNAL-SECURITY,1950,-6,0.4252,-0.2533,security_civil_liberties,Congress
20000,1944,US-1951-DENNIS,1951,-7,0.4745,-0.304,speech_security,Supreme Court
20000,1944,US-1942-EO9066,1942,2,0.5427,-0.2276,civil_liberties_security_race,President
20000,1944,US-1947-TRUMAN-DOCTRINE,1947,-3,0.4882,-0.235,foreign_policy_security,Congress/President
5000,1944,US-1934-EXCHANGE-ACT,1934,10,0.5511,-0.1776,finance_state_capacity,Congress
5000,1944,US-1934-IRA,1934,10,0.5081,-0.1821,native_policy,Congress
5000,1944,US-1934-NATIONAL-HOUSING-ACT,1934,10,0.7368,-0.1316,housing_finance,Congress
5000,1944,US-1935-NIRA-SCHECHTER,1935,9,0.5172,-0.1693,state_capacity,Supreme Court
5000,1944,US-1935-NLRA,1935,9,0.7171,-0.2015,labor,Congress
5000,1944,US-1935-SOCIAL-SECURITY,1935,9,0.6657,-0.1301,social_insurance,Congress
5000,1944,US-1936-AAA-BUTLER,1936,8,0.5673,-0.2014,state_capacity,Supreme Court
5000,1944,US-1937-JONES-LAUGHLIN,1937,7,0.4965,-0.1738,labor_state_capacity,Supreme Court
5000,1944,US-1937-WEST-COAST-HOTEL,1937,7,0.56,-0.194,labor,Supreme Court
5000,1944,US-1938-FDCA,1938,6,0.6405,-0.1798,consumer_health,Congress
5000,1944,US-1938-FLSA,1938,6,0.7037,-0.1935,labor,Congress
5000,1944,US-1941-EO8802,1941,3,0.5503,-0.1794,civil_rights,President
5000,1944,US-1942-WICKARD,1942,2,0.4574,-0.1833,state_capacity,Supreme Court
5000,1944,US-1944-GI-BILL,1944,0,0.6173,-0.171,veterans_education_housing,Congress
5000,1944,US-1944-KOREMATSU,1944,0,0.625,-0.159,civil_liberties_security,Supreme Court
5000,1944,US-1946-EMPLOYMENT-ACT,1946,-2,0.6688,-0.1422,macroeconomic_governance,Congress
5000,1944,US-1947-NATIONAL-SECURITY-ACT,1947,-3,0.4938,-0.1559,security_state,Congress
5000,1944,US-1947-TAFT-HARTLEY,1947,-3,0.5756,-0.2066,labor,Congress
5000,1944,US-1948-EO9981,1948,-4,0.5728,-0.1726,civil_rights,President
5000,1944,US-1952-INA,1952,-8,0.4839,-0.1697,immigration,Congress
5000,1944,US-1952-YOUNGSTOWN,1952,-8,0.5275,-0.197,executive_power,Supreme Court
5000,1944,US-1954-BROWN,1954,-10,0.5073,-0.2039,civil_rights,Supreme Court
5000,1944,US-1934-NFA,1934,10,0.5667,-0.2096,guns_crime_tax,Congress
5000,1944,US-1935-PUHCA,1935,9,0.3236,-0.124,utilities_finance,Congress
5000,1944,US-1936-RURAL-ELECTRIFICATION,1936,8,0.585,-0.1712,rural_infrastructure,Congress
5000,1944,US-1939-HATCH-ACT,1939,5,0.6342,-0.1929,civil_service_elections,Congress
5000,1944,US-1940-SELECTIVE-TRAINING,1940,4,0.4486,-0.1985,military_state_capacity,Congress
5000,1944,US-1940-SMITH-ACT,1940,4,0.4556,-0.1424,security_civil_liberties_immigration,Congress
5000,1944,US-1941-DARBY,1941,3,0.6332,-0.1688,labor_state_capacity,Supreme Court
5000,1944,US-1941-LEND-LEASE,1941,3,0.3562,-0.1541,foreign_policy_security,Congress
5000,1944,US-1942-EMERGENCY-PRICE-CONTROL,1942,2,0.6831,-0.157,wartime_economic_control,Congress
5000,1944,US-1943-CHINESE-EXCLUSION-REPEAL,1943,1,0.4827,-0.1333,immigration_race_foreign_policy,Congress
5000,1944,US-1945-BRETTON-WOODS,1945,-1,0.4622,-0.1566,international_economic_order,Congress
5000,1944,US-1945-UN-PARTICIPATION,1945,-1,0.4399,-0.1744,foreign_policy_multilateralism,Congress
5000,1944,US-1946-APA,1946,-2,0.5111,-0.165,administrative_state,Congress
5000,1944,US-1948-DISPLACED-PERSONS-ACT,1948,-4,0.4478,-0.0549,immigration_refugees,Congress
5000,1944,US-1948-MARSHALL-PLAN,1948,-4,0.6034,-0.1451,foreign_aid_security,Congress
5000,1944,US-1948-SHELLEY,1948,-4,0.5339,-0.1906,civil_rights_housing,Supreme Court
5000,1944,US-1950-DPA,1950,-6,0.5865,-0.1851,industrial_policy_security,Congress
5000,1944,US-1950-INTERNAL-SECURITY,1950,-6,0.4803,-0.1767,security_civil_liberties,Congress
5000,1944,US-1951-DENNIS,1951,-7,0.5404,-0.2235,speech_security,Supreme Court
5000,1944,US-1942-EO9066,1942,2,0.5695,-0.1626,civil_liberties_security_race,President
5000,1944,US-1947-TRUMAN-DOCTRINE,1947,-3,0.5361,-0.1752,foreign_policy_security,Congress/President
10000,1945,US-1935-NIRA-SCHECHTER,1935,10,0.3647,-0.1765,state_capacity,Supreme Court
10000,1945,US-1935-NLRA,1935,10,0.5712,-0.1939,labor,Congress
10000,1945,US-1935-SOCIAL-SECURITY,1935,10,0.5073,-0.1006,social_insurance,Congress
10000,1945,US-1936-AAA-BUTLER,1936,9,0.3379,-0.1912,state_capacity,Supreme Court
10000,1945,US-1937-JONES-LAUGHLIN,1937,8,0.3127,-0.1637,labor_state_capacity,Supreme Court
10000,1945,US-1937-WEST-COAST-HOTEL,1937,8,0.3791,-0.2139,labor,Supreme Court
10000,1945,US-1938-FDCA,1938,7,0.3344,-0.1811,consumer_health,Congress
10000,1945,US-1938-FLSA,1938,7,0.4507,-0.1703,labor,Congress
10000,1945,US-1941-EO8802,1941,4,0.3053,-0.1466,civil_rights,President
10000,1945,US-1942-WICKARD,1942,3,0.2899,-0.1981,state_capacity,Supreme Court
10000,1945,US-1944-GI-BILL,1944,1,0.4726,-0.1379,veterans_education_housing,Congress
10000,1945,US-1944-KOREMATSU,1944,1,0.4147,-0.1355,civil_liberties_security,Supreme Court
10000,1945,US-1946-EMPLOYMENT-ACT,1946,-1,0.4202,-0.1199,macroeconomic_governance,Congress
10000,1945,US-1947-NATIONAL-SECURITY-ACT,1947,-2,0.3654,-0.13,security_state,Congress
10000,1945,US-1947-TAFT-HARTLEY,1947,-2,0.3692,-0.1861,labor,Congress
10000,1945,US-1948-EO9981,1948,-3,0.3642,-0.1576,civil_rights,President
10000,1945,US-1952-INA,1952,-7,0.2431,-0.1703,immigration,Congress
10000,1945,US-1952-YOUNGSTOWN,1952,-7,0.2959,-0.2035,executive_power,Supreme Court
10000,1945,US-1954-BROWN,1954,-9,0.3175,-0.217,civil_rights,Supreme Court
10000,1945,US-1935-PUHCA,1935,10,0.1695,-0.1066,utilities_finance,Congress
10000,1945,US-1936-RURAL-ELECTRIFICATION,1936,9,0.3383,-0.1537,rural_infrastructure,Congress
10000,1945,US-1939-HATCH-ACT,1939,6,0.3763,-0.1945,civil_service_elections,Congress
10000,1945,US-1940-SELECTIVE-TRAINING,1940,5,0.2901,-0.1907,military_state_capacity,Congress
10000,1945,US-1940-SMITH-ACT,1940,5,0.2323,-0.1467,security_civil_liberties_immigration,Congress
10000,1945,US-1941-DARBY,1941,4,0.3937,-0.1585,labor_state_capacity,Supreme Court
10000,1945,US-1941-LEND-LEASE,1941,4,0.2229,-0.1598,foreign_policy_security,Congress
10000,1945,US-1942-EMERGENCY-PRICE-CONTROL,1942,3,0.4074,-0.1588,wartime_economic_control,Congress
10000,1945,US-1943-CHINESE-EXCLUSION-REPEAL,1943,2,0.2707,-0.1171,immigration_race_foreign_policy,Congress
10000,1945,US-1945-BRETTON-WOODS,1945,0,0.3313,-0.1378,international_economic_order,Congress
10000,1945,US-1945-UN-PARTICIPATION,1945,0,0.2657,-0.1571,foreign_policy_multilateralism,Congress
10000,1945,US-1946-APA,1946,-1,0.2575,-0.1576,administrative_state,Congress
10000,1945,US-1948-DISPLACED-PERSONS-ACT,1948,-3,0.2755,-0.0483,immigration_refugees,Congress
10000,1945,US-1948-MARSHALL-PLAN,1948,-3,0.4414,-0.1247,foreign_aid_security,Congress
10000,1945,US-1948-SHELLEY,1948,-3,0.3335,-0.2115,civil_rights_housing,Supreme Court
10000,1945,US-1950-DPA,1950,-5,0.42,-0.1854,industrial_policy_security,Congress
10000,1945,US-1950-INTERNAL-SECURITY,1950,-5,0.2275,-0.1594,security_civil_liberties,Congress
10000,1945,US-1951-DENNIS,1951,-6,0.2645,-0.2362,speech_security,Supreme Court
10000,1945,US-1942-EO9066,1942,3,0.3539,-0.1467,civil_liberties_security_race,President
10000,1945,US-1947-TRUMAN-DOCTRINE,1947,-2,0.3183,-0.1649,foreign_policy_security,Congress/President
20000,1945,US-1935-NIRA-SCHECHTER,1935,10,0.4686,-0.2277,state_capacity,Supreme Court
20000,1945,US-1935-NLRA,1935,10,0.706,-0.2509,labor,Congress
20000,1945,US-1935-SOCIAL-SECURITY,1935,10,0.6468,-0.1414,social_insurance,Congress
20000,1945,US-1936-AAA-BUTLER,1936,9,0.4637,-0.2471,state_capacity,Supreme Court
20000,1945,US-1937-JONES-LAUGHLIN,1937,8,0.4665,-0.2197,labor_state_capacity,Supreme Court
20000,1945,US-1937-WEST-COAST-HOTEL,1937,8,0.549,-0.2931,labor,Supreme Court
20000,1945,US-1938-FDCA,1938,7,0.5466,-0.2891,consumer_health,Congress
20000,1945,US-1938-FLSA,1938,7,0.5846,-0.2474,labor,Congress
20000,1945,US-1941-EO8802,1941,4,0.4667,-0.1866,civil_rights,President
20000,1945,US-1942-WICKARD,1942,3,0.3801,-0.2681,state_capacity,Supreme Court
20000,1945,US-1944-GI-BILL,1944,1,0.6154,-0.2022,veterans_education_housing,Congress
20000,1945,US-1944-KOREMATSU,1944,1,0.5373,-0.2028,civil_liberties_security,Supreme Court
20000,1945,US-1946-EMPLOYMENT-ACT,1946,-1,0.5622,-0.1835,macroeconomic_governance,Congress
20000,1945,US-1947-NATIONAL-SECURITY-ACT,1947,-2,0.4555,-0.1846,security_state,Congress
20000,1945,US-1947-TAFT-HARTLEY,1947,-2,0.5249,-0.2556,labor,Congress
20000,1945,US-1948-EO9981,1948,-3,0.5592,-0.2091,civil_rights,President
20000,1945,US-1952-INA,1952,-7,0.4426,-0.2282,immigration,Congress
20000,1945,US-1952-YOUNGSTOWN,1952,-7,0.4216,-0.28,executive_power,Supreme Court
20000,1945,US-1954-BROWN,1954,-9,0.4522,-0.2704,civil_rights,Supreme Court
20000,1945,US-1935-PUHCA,1935,10,0.3231,-0.1359,utilities_finance,Congress
20000,1945,US-1936-RURAL-ELECTRIFICATION,1936,9,0.5472,-0.2298,rural_infrastructure,Congress
20000,1945,US-1939-HATCH-ACT,1939,6,0.5313,-0.269,civil_service_elections,Congress
20000,1945,US-1940-SELECTIVE-TRAINING,1940,5,0.4454,-0.2498,military_state_capacity,Congress
20000,1945,US-1940-SMITH-ACT,1940,5,0.4289,-0.2154,security_civil_liberties_immigration,Congress
20000,1945,US-1941-DARBY,1941,4,0.5455,-0.2344,labor_state_capacity,Supreme Court
20000,1945,US-1941-LEND-LEASE,1941,4,0.3945,-0.2197,foreign_policy_security,Congress
20000,1945,US-1942-EMERGENCY-PRICE-CONTROL,1942,3,0.5708,-0.2446,wartime_economic_control,Congress
20000,1945,US-1943-CHINESE-EXCLUSION-REPEAL,1943,2,0.4068,-0.1759,immigration_race_foreign_policy,Congress
20000,1945,US-1945-BRETTON-WOODS,1945,0,0.4397,-0.2025,international_economic_order,Congress
20000,1945,US-1945-UN-PARTICIPATION,1945,0,0.3441,-0.2186,foreign_policy_multilateralism,Congress
20000,1945,US-1946-APA,1946,-1,0.4512,-0.2427,administrative_state,Congress
20000,1945,US-1948-DISPLACED-PERSONS-ACT,1948,-3,0.4429,-0.07,immigration_refugees,Congress
20000,1945,US-1948-MARSHALL-PLAN,1948,-3,0.5647,-0.1855,foreign_aid_security,Congress
20000,1945,US-1948-SHELLEY,1948,-3,0.4093,-0.2792,civil_rights_housing,Supreme Court
20000,1945,US-1950-DPA,1950,-5,0.5474,-0.2608,industrial_policy_security,Congress
20000,1945,US-1950-INTERNAL-SECURITY,1950,-5,0.3874,-0.2305,security_civil_liberties,Congress
20000,1945,US-1951-DENNIS,1951,-6,0.404,-0.3014,speech_security,Supreme Court
20000,1945,US-1942-EO9066,1942,3,0.4612,-0.2137,civil_liberties_security_race,President
20000,1945,US-1947-TRUMAN-DOCTRINE,1947,-2,0.4186,-0.213,foreign_policy_security,Congress/President
5000,1945,US-1935-NIRA-SCHECHTER,1935,10,0.4509,-0.0973,state_capacity,Supreme Court
5000,1945,US-1935-NLRA,1935,10,0.63,-0.1299,labor,Congress
5000,1945,US-1935-SOCIAL-SECURITY,1935,10,0.5673,-0.0786,social_insurance,Congress
5000,1945,US-1936-AAA-BUTLER,1936,9,0.3963,-0.1375,state_capacity,Supreme Court
5000,1945,US-1937-JONES-LAUGHLIN,1937,8,0.369,-0.1085,labor_state_capacity,Supreme Court
5000,1945,US-1937-WEST-COAST-HOTEL,1937,8,0.4278,-0.1438,labor,Supreme Court
5000,1945,US-1938-FDCA,1938,7,0.412,-0.1202,consumer_health,Congress
5000,1945,US-1938-FLSA,1938,7,0.5385,-0.1272,labor,Congress
5000,1945,US-1941-EO8802,1941,4,0.3615,-0.1089,civil_rights,President
5000,1945,US-1942-WICKARD,1942,3,0.3522,-0.1298,state_capacity,Supreme Court
5000,1945,US-1944-GI-BILL,1944,1,0.492,-0.1019,veterans_education_housing,Congress
5000,1945,US-1944-KOREMATSU,1944,1,0.487,-0.1076,civil_liberties_security,Supreme Court
5000,1945,US-1946-EMPLOYMENT-ACT,1946,-1,0.4863,-0.0905,macroeconomic_governance,Congress
5000,1945,US-1947-NATIONAL-SECURITY-ACT,1947,-2,0.3395,-0.095,security_state,Congress
5000,1945,US-1947-TAFT-HARTLEY,1947,-2,0.4092,-0.1242,labor,Congress
5000,1945,US-1948-EO9981,1948,-3,0.4083,-0.1041,civil_rights,President
5000,1945,US-1952-INA,1952,-7,0.3224,-0.1245,immigration,Congress
5000,1945,US-1952-YOUNGSTOWN,1952,-7,0.3768,-0.1309,executive_power,Supreme Court
5000,1945,US-1954-BROWN,1954,-9,0.3466,-0.1384,civil_rights,Supreme Court
5000,1945,US-1935-PUHCA,1935,10,0.1757,-0.08,utilities_finance,Congress
5000,1945,US-1936-RURAL-ELECTRIFICATION,1936,9,0.4298,-0.1097,rural_infrastructure,Congress
5000,1945,US-1939-HATCH-ACT,1939,6,0.4899,-0.1313,civil_service_elections,Congress
5000,1945,US-1940-SELECTIVE-TRAINING,1940,5,0.315,-0.1279,military_state_capacity,Congress
5000,1945,US-1940-SMITH-ACT,1940,5,0.2941,-0.1046,security_civil_liberties_immigration,Congress
5000,1945,US-1941-DARBY,1941,4,0.5012,-0.1098,labor_state_capacity,Supreme Court
5000,1945,US-1941-LEND-LEASE,1941,4,0.2333,-0.0986,foreign_policy_security,Congress
5000,1945,US-1942-EMERGENCY-PRICE-CONTROL,1942,3,0.4838,-0.1075,wartime_economic_control,Congress
5000,1945,US-1943-CHINESE-EXCLUSION-REPEAL,1943,2,0.3132,-0.0861,immigration_race_foreign_policy,Congress
5000,1945,US-1945-BRETTON-WOODS,1945,0,0.3616,-0.1008,international_economic_order,Congress
5000,1945,US-1945-UN-PARTICIPATION,1945,0,0.2903,-0.1135,foreign_policy_multilateralism,Congress
5000,1945,US-1946-APA,1946,-1,0.2933,-0.1069,administrative_state,Congress
5000,1945,US-1948-DISPLACED-PERSONS-ACT,1948,-3,0.3128,-0.0333,immigration_refugees,Congress
5000,1945,US-1948-MARSHALL-PLAN,1948,-3,0.4879,-0.09,foreign_aid_security,Congress
5000,1945,US-1948-SHELLEY,1948,-3,0.3856,-0.1255,civil_rights_housing,Supreme Court
5000,1945,US-1950-DPA,1950,-5,0.4561,-0.1152,industrial_policy_security,Congress
5000,1945,US-1950-INTERNAL-SECURITY,1950,-5,0.2552,-0.1244,security_civil_liberties,Congress
5000,1945,US-1951-DENNIS,1951,-6,0.352,-0.1607,speech_security,Supreme Court
5000,1945,US-1942-EO9066,1942,3,0.3995,-0.102,civil_liberties_security_race,President
5000,1945,US-1947-TRUMAN-DOCTRINE,1947,-2,0.4446,-0.1107,foreign_policy_security,Congress/President
10000,1946,US-1936-AAA-BUTLER,1936,10,0.3563,-0.1833,state_capacity,Supreme Court
10000,1946,US-1937-JONES-LAUGHLIN,1937,9,0.3578,-0.1305,labor_state_capacity,Supreme Court
10000,1946,US-1937-WEST-COAST-HOTEL,1937,9,0.3957,-0.1747,labor,Supreme Court
10000,1946,US-1938-FDCA,1938,8,0.4258,-0.1745,consumer_health,Congress
10000,1946,US-1938-FLSA,1938,8,0.4743,-0.1583,labor,Congress
10000,1946,US-1941-EO8802,1941,5,0.3312,-0.1425,civil_rights,President
10000,1946,US-1942-WICKARD,1942,4,0.2699,-0.1685,state_capacity,Supreme Court
10000,1946,US-1944-GI-BILL,1944,2,0.5101,-0.1369,veterans_education_housing,Congress
10000,1946,US-1944-KOREMATSU,1944,2,0.4143,-0.1298,civil_liberties_security,Supreme Court
10000,1946,US-1946-EMPLOYMENT-ACT,1946,0,0.3802,-0.1097,macroeconomic_governance,Congress
10000,1946,US-1947-NATIONAL-SECURITY-ACT,1947,-1,0.3216,-0.1249,security_state,Congress
10000,1946,US-1947-TAFT-HARTLEY,1947,-1,0.4356,-0.1817,labor,Congress
10000,1946,US-1948-EO9981,1948,-2,0.3925,-0.1519,civil_rights,President
10000,1946,US-1952-INA,1952,-6,0.31,-0.1602,immigration,Congress
10000,1946,US-1952-YOUNGSTOWN,1952,-6,0.2997,-0.1915,executive_power,Supreme Court
10000,1946,US-1954-BROWN,1954,-8,0.3203,-0.2039,civil_rights,Supreme Court
10000,1946,US-1956-HIGHWAY,1956,-10,0.4391,-0.1474,infrastructure,Congress
10000,1946,US-1936-RURAL-ELECTRIFICATION,1936,10,0.4473,-0.1493,rural_infrastructure,Congress
10000,1946,US-1939-HATCH-ACT,1939,7,0.4244,-0.191,civil_service_elections,Congress
10000,1946,US-1940-SELECTIVE-TRAINING,1940,6,0.3019,-0.1855,military_state_capacity,Congress
10000,1946,US-1940-SMITH-ACT,1940,6,0.2982,-0.1645,security_civil_liberties_immigration,Congress
10000,1946,US-1941-DARBY,1941,5,0.4438,-0.1317,labor_state_capacity,Supreme Court
10000,1946,US-1941-LEND-LEASE,1941,5,0.2339,-0.1526,foreign_policy_security,Congress
10000,1946,US-1942-EMERGENCY-PRICE-CONTROL,1942,4,0.4632,-0.1451,wartime_economic_control,Congress
10000,1946,US-1943-CHINESE-EXCLUSION-REPEAL,1943,3,0.2664,-0.1195,immigration_race_foreign_policy,Congress
10000,1946,US-1945-BRETTON-WOODS,1945,1,0.3239,-0.1414,international_economic_order,Congress
10000,1946,US-1945-UN-PARTICIPATION,1945,1,0.2153,-0.1657,foreign_policy_multilateralism,Congress
10000,1946,US-1946-APA,1946,0,0.2919,-0.151,administrative_state,Congress
10000,1946,US-1948-DISPLACED-PERSONS-ACT,1948,-2,0.3183,-0.0444,immigration_refugees,Congress
10000,1946,US-1948-MARSHALL-PLAN,1948,-2,0.4483,-0.1158,foreign_aid_security,Congress
10000,1946,US-1948-SHELLEY,1948,-2,0.3077,-0.1889,civil_rights_housing,Supreme Court
10000,1946,US-1950-DPA,1950,-4,0.4363,-0.1634,industrial_policy_security,Congress
10000,1946,US-1950-INTERNAL-SECURITY,1950,-4,0.2389,-0.1766,security_civil_liberties,Congress
10000,1946,US-1951-DENNIS,1951,-5,0.3006,-0.2527,speech_security,Supreme Court
10000,1946,US-1956-BANK-HOLDING-COMPANY-ACT,1956,-10,0.365,-0.1442,banking_finance,Congress
10000,1946,US-1942-EO9066,1942,4,0.3754,-0.1567,civil_liberties_security_race,President
10000,1946,US-1947-TRUMAN-DOCTRINE,1947,-1,0.332,-0.1641,foreign_policy_security,Congress/President
20000,1946,US-1936-AAA-BUTLER,1936,10,0.5094,-0.1591,state_capacity,Supreme Court
20000,1946,US-1937-JONES-LAUGHLIN,1937,9,0.5462,-0.1113,labor_state_capacity,Supreme Court
20000,1946,US-1937-WEST-COAST-HOTEL,1937,9,0.5937,-0.1624,labor,Supreme Court
20000,1946,US-1938-FDCA,1938,8,0.6348,-0.1788,consumer_health,Congress
20000,1946,US-1938-FLSA,1938,8,0.6147,-0.1486,labor,Congress
20000,1946,US-1941-EO8802,1941,5,0.4813,-0.1092,civil_rights,President
20000,1946,US-1942-WICKARD,1942,4,0.4574,-0.1371,state_capacity,Supreme Court
20000,1946,US-1944-GI-BILL,1944,2,0.6318,-0.1227,veterans_education_housing,Congress
20000,1946,US-1944-KOREMATSU,1944,2,0.5922,-0.1248,civil_liberties_security,Supreme Court
20000,1946,US-1946-EMPLOYMENT-ACT,1946,0,0.5783,-0.1142,macroeconomic_governance,Congress
20000,1946,US-1947-NATIONAL-SECURITY-ACT,1947,-1,0.4816,-0.1173,security_state,Congress
20000,1946,US-1947-TAFT-HARTLEY,1947,-1,0.5968,-0.1437,labor,Congress
20000,1946,US-1948-EO9981,1948,-2,0.5651,-0.1298,civil_rights,President
20000,1946,US-1952-INA,1952,-6,0.541,-0.1571,immigration,Congress
20000,1946,US-1952-YOUNGSTOWN,1952,-6,0.4434,-0.173,executive_power,Supreme Court
20000,1946,US-1954-BROWN,1954,-8,0.4733,-0.167,civil_rights,Supreme Court
20000,1946,US-1956-HIGHWAY,1956,-10,0.5759,-0.1444,infrastructure,Congress
20000,1946,US-1936-RURAL-ELECTRIFICATION,1936,10,0.6158,-0.1346,rural_infrastructure,Congress
20000,1946,US-1939-HATCH-ACT,1939,7,0.6007,-0.1582,civil_service_elections,Congress
20000,1946,US-1940-SELECTIVE-TRAINING,1940,6,0.4798,-0.1683,military_state_capacity,Congress
20000,1946,US-1940-SMITH-ACT,1940,6,0.4858,-0.1387,security_civil_liberties_immigration,Congress
20000,1946,US-1941-DARBY,1941,5,0.5785,-0.135,labor_state_capacity,Supreme Court
20000,1946,US-1941-LEND-LEASE,1941,5,0.4212,-0.1515,foreign_policy_security,Congress
20000,1946,US-1942-EMERGENCY-PRICE-CONTROL,1942,4,0.6586,-0.1423,wartime_economic_control,Congress
20000,1946,US-1943-CHINESE-EXCLUSION-REPEAL,1943,3,0.453,-0.1156,immigration_race_foreign_policy,Congress
20000,1946,US-1945-BRETTON-WOODS,1945,1,0.4566,-0.1321,international_economic_order,Congress
20000,1946,US-1945-UN-PARTICIPATION,1945,1,0.367,-0.1568,foreign_policy_multilateralism,Congress
20000,1946,US-1946-APA,1946,0,0.5664,-0.1492,administrative_state,Congress
20000,1946,US-1948-DISPLACED-PERSONS-ACT,1948,-2,0.4886,-0.0471,immigration_refugees,Congress
20000,1946,US-1948-MARSHALL-PLAN,1948,-2,0.6199,-0.1186,foreign_aid_security,Congress
20000,1946,US-1948-SHELLEY,1948,-2,0.4173,-0.1684,civil_rights_housing,Supreme Court
20000,1946,US-1950-DPA,1950,-4,0.5632,-0.1594,industrial_policy_security,Congress
20000,1946,US-1950-INTERNAL-SECURITY,1950,-4,0.423,-0.1475,security_civil_liberties,Congress
20000,1946,US-1951-DENNIS,1951,-5,0.4638,-0.1983,speech_security,Supreme Court
20000,1946,US-1956-BANK-HOLDING-COMPANY-ACT,1956,-10,0.5506,-0.1208,banking_finance,Congress
20000,1946,US-1942-EO9066,1942,4,0.4999,-0.1436,civil_liberties_security_race,President
20000,1946,US-1947-TRUMAN-DOCTRINE,1947,-1,0.494,-0.1439,foreign_policy_security,Congress/President
5000,1946,US-1936-AAA-BUTLER,1936,10,0.2076,-0.1612,state_capacity,Supreme Court
5000,1946,US-1937-JONES-LAUGHLIN,1937,9,0.1544,-0.1331,labor_state_capacity,Supreme Court
5000,1946,US-1937-WEST-COAST-HOTEL,1937,9,0.1943,-0.1651,labor,Supreme Court
5000,1946,US-1938-FDCA,1938,8,0.1978,-0.1524,consumer_health,Congress
5000,1946,US-1938-FLSA,1938,8,0.3145,-0.1548,labor,Congress
5000,1946,US-1941-EO8802,1941,5,0.1476,-0.1358,civil_rights,President
5000,1946,US-1942-WICKARD,1942,4,0.1355,-0.1538,state_capacity,Supreme Court
5000,1946,US-1944-GI-BILL,1944,2,0.2773,-0.1242,veterans_education_housing,Congress
5000,1946,US-1944-KOREMATSU,1944,2,0.2875,-0.1237,civil_liberties_security,Supreme Court
5000,1946,US-1946-EMPLOYMENT-ACT,1946,0,0.2368,-0.108,macroeconomic_governance,Congress
5000,1946,US-1947-NATIONAL-SECURITY-ACT,1947,-1,0.1937,-0.1084,security_state,Congress
5000,1946,US-1947-TAFT-HARTLEY,1947,-1,0.2252,-0.1845,labor,Congress
5000,1946,US-1948-EO9981,1948,-2,0.1862,-0.1282,civil_rights,President
5000,1946,US-1952-INA,1952,-6,0.1306,-0.1446,immigration,Congress
5000,1946,US-1952-YOUNGSTOWN,1952,-6,0.1618,-0.1565,executive_power,Supreme Court
5000,1946,US-1954-BROWN,1954,-8,0.1783,-0.1694,civil_rights,Supreme Court
5000,1946,US-1956-HIGHWAY,1956,-10,0.2471,-0.1339,infrastructure,Congress
5000,1946,US-1936-RURAL-ELECTRIFICATION,1936,10,0.2177,-0.1359,rural_infrastructure,Congress
5000,1946,US-1939-HATCH-ACT,1939,7,0.2453,-0.1607,civil_service_elections,Congress
5000,1946,US-1940-SELECTIVE-TRAINING,1940,6,0.1645,-0.1501,military_state_capacity,Congress
5000,1946,US-1940-SMITH-ACT,1940,6,0.1238,-0.1429,security_civil_liberties_immigration,Congress
5000,1946,US-1941-DARBY,1941,5,0.26,-0.1352,labor_state_capacity,Supreme Court
5000,1946,US-1941-LEND-LEASE,1941,5,0.1047,-0.1304,foreign_policy_security,Congress
5000,1946,US-1942-EMERGENCY-PRICE-CONTROL,1942,4,0.2947,-0.1251,wartime_economic_control,Congress
5000,1946,US-1943-CHINESE-EXCLUSION-REPEAL,1943,3,0.1534,-0.109,immigration_race_foreign_policy,Congress
5000,1946,US-1945-BRETTON-WOODS,1945,1,0.1722,-0.1191,international_economic_order,Congress
5000,1946,US-1945-UN-PARTICIPATION,1945,1,0.112,-0.1344,foreign_policy_multilateralism,Congress
5000,1946,US-1946-APA,1946,0,0.1331,-0.1312,administrative_state,Congress
5000,1946,US-1948-DISPLACED-PERSONS-ACT,1948,-2,0.1408,-0.0396,immigration_refugees,Congress
5000,1946,US-1948-MARSHALL-PLAN,1948,-2,0.2689,-0.1013,foreign_aid_security,Congress
5000,1946,US-1948-SHELLEY,1948,-2,0.1915,-0.1648,civil_rights_housing,Supreme Court
5000,1946,US-1950-DPA,1950,-4,0.2209,-0.1368,industrial_policy_security,Congress
5000,1946,US-1950-INTERNAL-SECURITY,1950,-4,0.125,-0.1539,security_civil_liberties,Congress
5000,1946,US-1951-DENNIS,1951,-5,0.1246,-0.1978,speech_security,Supreme Court
5000,1946,US-1956-BANK-HOLDING-COMPANY-ACT,1956,-10,0.1918,-0.1425,banking_finance,Congress
5000,1946,US-1942-EO9066,1942,4,0.1668,-0.1296,civil_liberties_security_race,President
5000,1946,US-1947-TRUMAN-DOCTRINE,1947,-1,0.1991,-0.1461,foreign_policy_security,Congress/President
10000,1947,US-1937-JONES-LAUGHLIN,1937,10,0.339,-0.1134,labor_state_capacity,Supreme Court
10000,1947,US-1937-WEST-COAST-HOTEL,1937,10,0.3608,-0.162,labor,Supreme Court
10000,1947,US-1938-FDCA,1938,9,0.3853,-0.1475,consumer_health,Congress
10000,1947,US-1938-FLSA,1938,9,0.4833,-0.1493,labor,Congress
10000,1947,US-1941-EO8802,1941,6,0.302,-0.1121,civil_rights,President
10000,1947,US-1942-WICKARD,1942,5,0.2904,-0.1301,state_capacity,Supreme Court
10000,1947,US-1944-GI-BILL,1944,3,0.4902,-0.1206,veterans_education_housing,Congress
10000,1947,US-1944-KOREMATSU,1944,3,0.4219,-0.1098,civil_liberties_security,Supreme Court
10000,1947,US-1946-EMPLOYMENT-ACT,1946,1,0.4117,-0.0928,macroeconomic_governance,Congress
10000,1947,US-1947-NATIONAL-SECURITY-ACT,1947,0,0.3647,-0.1074,security_state,Congress
10000,1947,US-1947-TAFT-HARTLEY,1947,0,0.3607,-0.1749,labor,Congress
10000,1947,US-1948-EO9981,1948,-1,0.4219,-0.1219,civil_rights,President
10000,1947,US-1952-INA,1952,-5,0.3053,-0.1476,immigration,Congress
10000,1947,US-1952-YOUNGSTOWN,1952,-5,0.308,-0.1459,executive_power,Supreme Court
10000,1947,US-1954-BROWN,1954,-7,0.3246,-0.1642,civil_rights,Supreme Court
10000,1947,US-1956-HIGHWAY,1956,-9,0.4509,-0.1233,infrastructure,Congress
10000,1947,US-1957-CIVIL-RIGHTS-ACT,1957,-10,0.3441,-0.1376,civil_rights_democracy,Congress
10000,1947,US-1939-HATCH-ACT,1939,8,0.3866,-0.156,civil_service_elections,Congress
10000,1947,US-1940-SELECTIVE-TRAINING,1940,7,0.3098,-0.1425,military_state_capacity,Congress
10000,1947,US-1940-SMITH-ACT,1940,7,0.2836,-0.1227,security_civil_liberties_immigration,Congress
10000,1947,US-1941-DARBY,1941,6,0.436,-0.1325,labor_state_capacity,Supreme Court
10000,1947,US-1941-LEND-LEASE,1941,6,0.2693,-0.1291,foreign_policy_security,Congress
10000,1947,US-1942-EMERGENCY-PRICE-CONTROL,1942,5,0.4023,-0.1331,wartime_economic_control,Congress
10000,1947,US-1943-CHINESE-EXCLUSION-REPEAL,1943,4,0.2382,-0.0943,immigration_race_foreign_policy,Congress
10000,1947,US-1945-BRETTON-WOODS,1945,2,0.3449,-0.1112,international_economic_order,Congress
10000,1947,US-1945-UN-PARTICIPATION,1945,2,0.265,-0.1301,foreign_policy_multilateralism,Congress
10000,1947,US-1946-APA,1946,1,0.2595,-0.122,administrative_state,Congress
10000,1947,US-1948-DISPLACED-PERSONS-ACT,1948,-1,0.3134,-0.0437,immigration_refugees,Congress
10000,1947,US-1948-MARSHALL-PLAN,1948,-1,0.4816,-0.103,foreign_aid_security,Congress
10000,1947,US-1948-SHELLEY,1948,-1,0.3253,-0.1618,civil_rights_housing,Supreme Court
10000,1947,US-1950-DPA,1950,-3,0.4264,-0.1404,industrial_policy_security,Congress
10000,1947,US-1950-INTERNAL-SECURITY,1950,-3,0.2372,-0.1308,security_civil_liberties,Congress
10000,1947,US-1951-DENNIS,1951,-4,0.3004,-0.1948,speech_security,Supreme Court
10000,1947,US-1956-BANK-HOLDING-COMPANY-ACT,1956,-9,0.3119,-0.1369,banking_finance,Congress
10000,1947,US-1957-YATES,1957,-10,0.2346,-0.1888,speech_security,Supreme Court
10000,1947,US-1942-EO9066,1942,5,0.3657,-0.12,civil_liberties_security_race,President
10000,1947,US-1947-TRUMAN-DOCTRINE,1947,0,0.3487,-0.1287,foreign_policy_security,Congress/President
10000,1947,US-1957-EO10730,1957,-10,0.3476,-0.1516,civil_rights_state_capacity,President
20000,1947,US-1937-JONES-LAUGHLIN,1937,10,0.3838,-0.2006,labor_state_capacity,Supreme Court
20000,1947,US-1937-WEST-COAST-HOTEL,1937,10,0.4351,-0.2552,labor,Supreme Court
20000,1947,US-1938-FDCA,1938,9,0.4495,-0.2651,consumer_health,Congress
20000,1947,US-1938-FLSA,1938,9,0.4951,-0.2267,labor,Congress
20000,1947,US-1941-EO8802,1941,6,0.3047,-0.1745,civil_rights,President
20000,1947,US-1942-WICKARD,1942,5,0.2997,-0.2203,state_capacity,Supreme Court
20000,1947,US-1944-GI-BILL,1944,3,0.5294,-0.1896,veterans_education_housing,Congress
20000,1947,US-1944-KOREMATSU,1944,3,0.4473,-0.1794,civil_liberties_security,Supreme Court
20000,1947,US-1946-EMPLOYMENT-ACT,1946,1,0.448,-0.1585,macroeconomic_governance,Congress
20000,1947,US-1947-NATIONAL-SECURITY-ACT,1947,0,0.3582,-0.1729,security_state,Congress
20000,1947,US-1947-TAFT-HARTLEY,1947,0,0.3928,-0.2228,labor,Congress
20000,1947,US-1948-EO9981,1948,-1,0.4403,-0.2005,civil_rights,President
20000,1947,US-1952-INA,1952,-5,0.3477,-0.2167,immigration,Congress
20000,1947,US-1952-YOUNGSTOWN,1952,-5,0.3265,-0.2398,executive_power,Supreme Court
20000,1947,US-1954-BROWN,1954,-7,0.3639,-0.2662,civil_rights,Supreme Court
20000,1947,US-1956-HIGHWAY,1956,-9,0.4752,-0.2074,infrastructure,Congress
20000,1947,US-1957-CIVIL-RIGHTS-ACT,1957,-10,0.4228,-0.2432,civil_rights_democracy,Congress
20000,1947,US-1939-HATCH-ACT,1939,8,0.4073,-0.255,civil_service_elections,Congress
20000,1947,US-1940-SELECTIVE-TRAINING,1940,7,0.328,-0.2171,military_state_capacity,Congress
20000,1947,US-1940-SMITH-ACT,1940,7,0.3053,-0.2111,security_civil_liberties_immigration,Congress
20000,1947,US-1941-DARBY,1941,6,0.4842,-0.2147,labor_state_capacity,Supreme Court
20000,1947,US-1941-LEND-LEASE,1941,6,0.2924,-0.2,foreign_policy_security,Congress
20000,1947,US-1942-EMERGENCY-PRICE-CONTROL,1942,5,0.4239,-0.2233,wartime_economic_control,Congress
20000,1947,US-1943-CHINESE-EXCLUSION-REPEAL,1943,4,0.2966,-0.1616,immigration_race_foreign_policy,Congress
20000,1947,US-1945-BRETTON-WOODS,1945,2,0.3778,-0.1871,international_economic_order,Congress
20000,1947,US-1945-UN-PARTICIPATION,1945,2,0.3012,-0.2093,foreign_policy_multilateralism,Congress
20000,1947,US-1946-APA,1946,1,0.3443,-0.231,administrative_state,Congress
20000,1947,US-1948-DISPLACED-PERSONS-ACT,1948,-1,0.3636,-0.0736,immigration_refugees,Congress
20000,1947,US-1948-MARSHALL-PLAN,1948,-1,0.4835,-0.1799,foreign_aid_security,Congress
20000,1947,US-1948-SHELLEY,1948,-1,0.3201,-0.269,civil_rights_housing,Supreme Court
20000,1947,US-1950-DPA,1950,-3,0.454,-0.2277,industrial_policy_security,Congress
20000,1947,US-1950-INTERNAL-SECURITY,1950,-3,0.2469,-0.2146,security_civil_liberties,Congress
20000,1947,US-1951-DENNIS,1951,-4,0.3497,-0.2779,speech_security,Supreme Court
20000,1947,US-1956-BANK-HOLDING-COMPANY-ACT,1956,-9,0.3205,-0.1958,banking_finance,Congress
20000,1947,US-1957-YATES,1957,-10,0.3278,-0.2977,speech_security,Supreme Court
20000,1947,US-1942-EO9066,1942,5,0.3693,-0.1988,civil_liberties_security_race,President
20000,1947,US-1947-TRUMAN-DOCTRINE,1947,0,0.3198,-0.2104,foreign_policy_security,Congress/President
20000,1947,US-1957-EO10730,1957,-10,0.3717,-0.2693,civil_rights_state_capacity,President
5000,1947,US-1937-JONES-LAUGHLIN,1937,10,0.3895,-0.0967,labor_state_capacity,Supreme Court
5000,1947,US-1937-WEST-COAST-HOTEL,1937,10,0.4575,-0.1316,labor,Supreme Court
5000,1947,US-1938-FDCA,1938,9,0.4823,-0.1194,consumer_health,Congress
5000,1947,US-1938-FLSA,1938,9,0.598,-0.1273,labor,Congress
5000,1947,US-1941-EO8802,1941,6,0.4239,-0.0915,civil_rights,President
5000,1947,US-1942-WICKARD,1942,5,0.3669,-0.1097,state_capacity,Supreme Court
5000,1947,US-1944-GI-BILL,1944,3,0.6234,-0.0922,veterans_education_housing,Congress
5000,1947,US-1944-KOREMATSU,1944,3,0.5593,-0.0877,civil_liberties_security,Supreme Court
5000,1947,US-1946-EMPLOYMENT-ACT,1946,1,0.5307,-0.0762,macroeconomic_governance,Congress
5000,1947,US-1947-NATIONAL-SECURITY-ACT,1947,0,0.4688,-0.0864,security_state,Congress
5000,1947,US-1947-TAFT-HARTLEY,1947,0,0.4357,-0.123,labor,Congress
5000,1947,US-1948-EO9981,1948,-1,0.549,-0.092,civil_rights,President
5000,1947,US-1952-INA,1952,-5,0.3972,-0.1166,immigration,Congress
5000,1947,US-1952-YOUNGSTOWN,1952,-5,0.3765,-0.1194,executive_power,Supreme Court
5000,1947,US-1954-BROWN,1954,-7,0.3771,-0.1343,civil_rights,Supreme Court
5000,1947,US-1956-HIGHWAY,1956,-9,0.5089,-0.1078,infrastructure,Congress
5000,1947,US-1957-CIVIL-RIGHTS-ACT,1957,-10,0.4458,-0.1074,civil_rights_democracy,Congress
5000,1947,US-1939-HATCH-ACT,1939,8,0.5116,-0.1255,civil_service_elections,Congress
5000,1947,US-1940-SELECTIVE-TRAINING,1940,7,0.4055,-0.1167,military_state_capacity,Congress
5000,1947,US-1940-SMITH-ACT,1940,7,0.2995,-0.0948,security_civil_liberties_immigration,Congress
5000,1947,US-1941-DARBY,1941,6,0.5287,-0.108,labor_state_capacity,Supreme Court
5000,1947,US-1941-LEND-LEASE,1941,6,0.3468,-0.0986,foreign_policy_security,Congress
5000,1947,US-1942-EMERGENCY-PRICE-CONTROL,1942,5,0.5419,-0.0996,wartime_economic_control,Congress
5000,1947,US-1943-CHINESE-EXCLUSION-REPEAL,1943,4,0.3111,-0.0764,immigration_race_foreign_policy,Congress
5000,1947,US-1945-BRETTON-WOODS,1945,2,0.4692,-0.0927,international_economic_order,Congress
5000,1947,US-1945-UN-PARTICIPATION,1945,2,0.3467,-0.1029,foreign_policy_multilateralism,Congress
5000,1947,US-1946-APA,1946,1,0.3175,-0.1004,administrative_state,Congress
5000,1947,US-1948-DISPLACED-PERSONS-ACT,1948,-1,0.3731,-0.0341,immigration_refugees,Congress
5000,1947,US-1948-MARSHALL-PLAN,1948,-1,0.6355,-0.0903,foreign_aid_security,Congress
5000,1947,US-1948-SHELLEY,1948,-1,0.4647,-0.1251,civil_rights_housing,Supreme Court
5000,1947,US-1950-DPA,1950,-3,0.5386,-0.1109,industrial_policy_security,Congress
5000,1947,US-1950-INTERNAL-SECURITY,1950,-3,0.3082,-0.1114,security_civil_liberties,Congress
5000,1947,US-1951-DENNIS,1951,-4,0.3637,-0.1544,speech_security,Supreme Court
5000,1947,US-1956-BANK-HOLDING-COMPANY-ACT,1956,-9,0.4097,-0.1143,banking_finance,Congress
5000,1947,US-1957-YATES,1957,-10,0.2623,-0.1867,speech_security,Supreme Court
5000,1947,US-1942-EO9066,1942,5,0.465,-0.0912,civil_liberties_security_race,President
5000,1947,US-1947-TRUMAN-DOCTRINE,1947,0,0.4868,-0.1112,foreign_policy_security,Congress/President
5000,1947,US-1957-EO10730,1957,-10,0.4227,-0.1185,civil_rights_state_capacity,President
10000,1948,US-1938-FDCA,1938,10,0.4772,-0.1798,consumer_health,Congress
10000,1948,US-1938-FLSA,1938,10,0.5542,-0.1727,labor,Congress
10000,1948,US-1941-EO8802,1941,7,0.3852,-0.1553,civil_rights,President
10000,1948,US-1942-WICKARD,1942,6,0.3478,-0.1628,state_capacity,Supreme Court
10000,1948,US-1944-GI-BILL,1944,4,0.5362,-0.1388,veterans_education_housing,Congress
10000,1948,US-1944-KOREMATSU,1944,4,0.4667,-0.1241,civil_liberties_security,Supreme Court
10000,1948,US-1946-EMPLOYMENT-ACT,1946,2,0.4939,-0.1175,macroeconomic_governance,Congress
10000,1948,US-1947-NATIONAL-SECURITY-ACT,1947,1,0.4452,-0.1304,security_state,Congress
10000,1948,US-1947-TAFT-HARTLEY,1947,1,0.4728,-0.1872,labor,Congress
10000,1948,US-1948-EO9981,1948,0,0.4728,-0.1573,civil_rights,President
10000,1948,US-1952-INA,1952,-4,0.3992,-0.153,immigration,Congress
10000,1948,US-1952-YOUNGSTOWN,1952,-4,0.3468,-0.1743,executive_power,Supreme Court
10000,1948,US-1954-BROWN,1954,-6,0.4177,-0.1955,civil_rights,Supreme Court
10000,1948,US-1956-HIGHWAY,1956,-8,0.4962,-0.1583,infrastructure,Congress
10000,1948,US-1957-CIVIL-RIGHTS-ACT,1957,-9,0.4158,-0.1587,civil_rights_democracy,Congress
10000,1948,US-1939-HATCH-ACT,1939,9,0.4765,-0.1885,civil_service_elections,Congress
10000,1948,US-1940-SELECTIVE-TRAINING,1940,8,0.3379,-0.1876,military_state_capacity,Congress
10000,1948,US-1940-SMITH-ACT,1940,8,0.3452,-0.1297,security_civil_liberties_immigration,Congress
10000,1948,US-1941-DARBY,1941,7,0.5366,-0.1483,labor_state_capacity,Supreme Court
10000,1948,US-1941-LEND-LEASE,1941,7,0.3076,-0.1595,foreign_policy_security,Congress
10000,1948,US-1942-EMERGENCY-PRICE-CONTROL,1942,6,0.5055,-0.1505,wartime_economic_control,Congress
10000,1948,US-1943-CHINESE-EXCLUSION-REPEAL,1943,5,0.3707,-0.1225,immigration_race_foreign_policy,Congress
10000,1948,US-1945-BRETTON-WOODS,1945,3,0.4131,-0.1423,international_economic_order,Congress
10000,1948,US-1945-UN-PARTICIPATION,1945,3,0.338,-0.1627,foreign_policy_multilateralism,Congress
10000,1948,US-1946-APA,1946,2,0.3275,-0.1508,administrative_state,Congress
10000,1948,US-1948-DISPLACED-PERSONS-ACT,1948,0,0.3881,-0.0452,immigration_refugees,Congress
10000,1948,US-1948-MARSHALL-PLAN,1948,0,0.5146,-0.119,foreign_aid_security,Congress
10000,1948,US-1948-SHELLEY,1948,0,0.4424,-0.1805,civil_rights_housing,Supreme Court
10000,1948,US-1950-DPA,1950,-2,0.4937,-0.1673,industrial_policy_security,Congress
10000,1948,US-1950-INTERNAL-SECURITY,1950,-2,0.3204,-0.1563,security_civil_liberties,Congress
10000,1948,US-1951-DENNIS,1951,-3,0.383,-0.2105,speech_security,Supreme Court
10000,1948,US-1956-BANK-HOLDING-COMPANY-ACT,1956,-8,0.4085,-0.1518,banking_finance,Congress
10000,1948,US-1957-YATES,1957,-9,0.3749,-0.2342,speech_security,Supreme Court
10000,1948,US-1958-NDEA,1958,-10,0.6806,-0.1188,education_science_security,Congress
10000,1948,US-1958-NASA-ACT,1958,-10,0.4538,-0.1703,science_space_state_capacity,Congress
10000,1948,US-1958-COOPER,1958,-10,0.3249,-0.2325,civil_rights_federalism,Supreme Court
10000,1948,US-1942-EO9066,1942,6,0.4087,-0.1376,civil_liberties_security_race,President
10000,1948,US-1947-TRUMAN-DOCTRINE,1947,1,0.3595,-0.1339,foreign_policy_security,Congress/President
10000,1948,US-1957-EO10730,1957,-9,0.4185,-0.1663,civil_rights_state_capacity,President
20000,1948,US-1938-FDCA,1938,10,0.4608,-0.213,consumer_health,Congress
20000,1948,US-1938-FLSA,1938,10,0.5187,-0.1897,labor,Congress
20000,1948,US-1941-EO8802,1941,7,0.3088,-0.1383,civil_rights,President
20000,1948,US-1942-WICKARD,1942,6,0.2758,-0.1762,state_capacity,Supreme Court
20000,1948,US-1944-GI-BILL,1944,4,0.5193,-0.1429,veterans_education_housing,Congress
20000,1948,US-1944-KOREMATSU,1944,4,0.4285,-0.1305,civil_liberties_security,Supreme Court
20000,1948,US-1946-EMPLOYMENT-ACT,1946,2,0.4399,-0.1215,macroeconomic_governance,Congress
20000,1948,US-1947-NATIONAL-SECURITY-ACT,1947,1,0.3603,-0.1458,security_state,Congress
20000,1948,US-1947-TAFT-HARTLEY,1947,1,0.4445,-0.189,labor,Congress
20000,1948,US-1948-EO9981,1948,0,0.4396,-0.1516,civil_rights,President
20000,1948,US-1952-INA,1952,-4,0.3537,-0.1631,immigration,Congress
20000,1948,US-1952-YOUNGSTOWN,1952,-4,0.3187,-0.1969,executive_power,Supreme Court
20000,1948,US-1954-BROWN,1954,-6,0.3913,-0.1849,civil_rights,Supreme Court
20000,1948,US-1956-HIGHWAY,1956,-8,0.4512,-0.1683,infrastructure,Congress
20000,1948,US-1957-CIVIL-RIGHTS-ACT,1957,-9,0.3983,-0.1907,civil_rights_democracy,Congress
20000,1948,US-1939-HATCH-ACT,1939,9,0.453,-0.2006,civil_service_elections,Congress
20000,1948,US-1940-SELECTIVE-TRAINING,1940,8,0.3057,-0.1769,military_state_capacity,Congress
20000,1948,US-1940-SMITH-ACT,1940,8,0.3058,-0.1268,security_civil_liberties_immigration,Congress
20000,1948,US-1941-DARBY,1941,7,0.4732,-0.1873,labor_state_capacity,Supreme Court
20000,1948,US-1941-LEND-LEASE,1941,7,0.2961,-0.1577,foreign_policy_security,Congress
20000,1948,US-1942-EMERGENCY-PRICE-CONTROL,1942,6,0.505,-0.1679,wartime_economic_control,Congress
20000,1948,US-1943-CHINESE-EXCLUSION-REPEAL,1943,5,0.3046,-0.1361,immigration_race_foreign_policy,Congress
20000,1948,US-1945-BRETTON-WOODS,1945,3,0.3458,-0.1478,international_economic_order,Congress
20000,1948,US-1945-UN-PARTICIPATION,1945,3,0.2696,-0.1718,foreign_policy_multilateralism,Congress
20000,1948,US-1946-APA,1946,2,0.3373,-0.176,administrative_state,Congress
20000,1948,US-1948-DISPLACED-PERSONS-ACT,1948,0,0.3699,-0.0501,immigration_refugees,Congress
20000,1948,US-1948-MARSHALL-PLAN,1948,0,0.5189,-0.1442,foreign_aid_security,Congress
20000,1948,US-1948-SHELLEY,1948,0,0.3501,-0.1837,civil_rights_housing,Supreme Court
20000,1948,US-1950-DPA,1950,-2,0.447,-0.1729,industrial_policy_security,Congress
20000,1948,US-1950-INTERNAL-SECURITY,1950,-2,0.2234,-0.1663,security_civil_liberties,Congress
20000,1948,US-1951-DENNIS,1951,-3,0.3382,-0.2301,speech_security,Supreme Court
20000,1948,US-1956-BANK-HOLDING-COMPANY-ACT,1956,-8,0.3644,-0.1585,banking_finance,Congress
20000,1948,US-1957-YATES,1957,-9,0.3671,-0.2442,speech_security,Supreme Court
20000,1948,US-1958-NDEA,1958,-10,0.6498,-0.1436,education_science_security,Congress
20000,1948,US-1958-NASA-ACT,1958,-10,0.4354,-0.188,science_space_state_capacity,Congress
20000,1948,US-1958-COOPER,1958,-10,0.3001,-0.2581,civil_rights_federalism,Supreme Court
20000,1948,US-1942-EO9066,1942,6,0.3653,-0.1525,civil_liberties_security_race,President
20000,1948,US-1947-TRUMAN-DOCTRINE,1947,1,0.3368,-0.1599,foreign_policy_security,Congress/President
20000,1948,US-1957-EO10730,1957,-9,0.3839,-0.2103,civil_rights_state_capacity,President
5000,1948,US-1938-FDCA,1938,10,0.4291,-0.1639,consumer_health,Congress
5000,1948,US-1938-FLSA,1938,10,0.5898,-0.1863,labor,Congress
5000,1948,US-1941-EO8802,1941,7,0.4453,-0.1614,civil_rights,President
5000,1948,US-1942-WICKARD,1942,6,0.3507,-0.1717,state_capacity,Supreme Court
5000,1948,US-1944-GI-BILL,1944,4,0.5584,-0.1488,veterans_education_housing,Congress
5000,1948,US-1944-KOREMATSU,1944,4,0.5195,-0.1392,civil_liberties_security,Supreme Court
5000,1948,US-1946-EMPLOYMENT-ACT,1946,2,0.5507,-0.1301,macroeconomic_governance,Congress
5000,1948,US-1947-NATIONAL-SECURITY-ACT,1947,1,0.4326,-0.1433,security_state,Congress
5000,1948,US-1947-TAFT-HARTLEY,1947,1,0.4378,-0.2052,labor,Congress
5000,1948,US-1948-EO9981,1948,0,0.4922,-0.1588,civil_rights,President
5000,1948,US-1952-INA,1952,-4,0.3959,-0.1701,immigration,Congress
5000,1948,US-1952-YOUNGSTOWN,1952,-4,0.4103,-0.1945,executive_power,Supreme Court
5000,1948,US-1954-BROWN,1954,-6,0.4184,-0.185,civil_rights,Supreme Court
5000,1948,US-1956-HIGHWAY,1956,-8,0.4987,-0.1622,infrastructure,Congress
5000,1948,US-1957-CIVIL-RIGHTS-ACT,1957,-9,0.4866,-0.1752,civil_rights_democracy,Congress
5000,1948,US-1939-HATCH-ACT,1939,9,0.4868,-0.1881,civil_service_elections,Congress
5000,1948,US-1940-SELECTIVE-TRAINING,1940,8,0.3892,-0.1884,military_state_capacity,Congress
5000,1948,US-1940-SMITH-ACT,1940,8,0.3482,-0.1376,security_civil_liberties_immigration,Congress
5000,1948,US-1941-DARBY,1941,7,0.5679,-0.1551,labor_state_capacity,Supreme Court
5000,1948,US-1941-LEND-LEASE,1941,7,0.3292,-0.1552,foreign_policy_security,Congress
5000,1948,US-1942-EMERGENCY-PRICE-CONTROL,1942,6,0.5628,-0.1556,wartime_economic_control,Congress
5000,1948,US-1943-CHINESE-EXCLUSION-REPEAL,1943,5,0.3974,-0.1274,immigration_race_foreign_policy,Congress
5000,1948,US-1945-BRETTON-WOODS,1945,3,0.4565,-0.1494,international_economic_order,Congress
5000,1948,US-1945-UN-PARTICIPATION,1945,3,0.3759,-0.1747,foreign_policy_multilateralism,Congress
5000,1948,US-1946-APA,1946,2,0.2983,-0.1548,administrative_state,Congress
5000,1948,US-1948-DISPLACED-PERSONS-ACT,1948,0,0.4065,-0.042,immigration_refugees,Congress
5000,1948,US-1948-MARSHALL-PLAN,1948,0,0.5564,-0.1313,foreign_aid_security,Congress
5000,1948,US-1948-SHELLEY,1948,0,0.4411,-0.1789,civil_rights_housing,Supreme Court
5000,1948,US-1950-DPA,1950,-2,0.527,-0.1772,industrial_policy_security,Congress
5000,1948,US-1950-INTERNAL-SECURITY,1950,-2,0.3749,-0.1909,security_civil_liberties,Congress
5000,1948,US-1951-DENNIS,1951,-3,0.3887,-0.2172,speech_security,Supreme Court
5000,1948,US-1956-BANK-HOLDING-COMPANY-ACT,1956,-8,0.3939,-0.1585,banking_finance,Congress
5000,1948,US-1957-YATES,1957,-9,0.3088,-0.2599,speech_security,Supreme Court
5000,1948,US-1958-NDEA,1958,-10,0.6922,-0.1419,education_science_security,Congress
5000,1948,US-1958-NASA-ACT,1958,-10,0.4999,-0.2045,science_space_state_capacity,Congress
5000,1948,US-1958-COOPER,1958,-10,0.3221,-0.2249,civil_rights_federalism,Supreme Court
5000,1948,US-1942-EO9066,1942,6,0.4775,-0.1518,civil_liberties_security_race,President
5000,1948,US-1947-TRUMAN-DOCTRINE,1947,1,0.4454,-0.1528,foreign_policy_security,Congress/President
5000,1948,US-1957-EO10730,1957,-9,0.4451,-0.169,civil_rights_state_capacity,President
10000,1949,US-1941-EO8802,1941,8,0.2616,-0.0851,civil_rights,President
10000,1949,US-1942-WICKARD,1942,7,0.1951,-0.1042,state_capacity,Supreme Court
10000,1949,US-1944-GI-BILL,1944,5,0.3565,-0.0852,veterans_education_housing,Congress
10000,1949,US-1944-KOREMATSU,1944,5,0.3702,-0.0707,civil_liberties_security,Supreme Court
10000,1949,US-1946-EMPLOYMENT-ACT,1946,3,0.267,-0.0727,macroeconomic_governance,Congress
10000,1949,US-1947-NATIONAL-SECURITY-ACT,1947,2,0.2784,-0.079,security_state,Congress
10000,1949,US-1947-TAFT-HARTLEY,1947,2,0.3332,-0.1417,labor,Congress
10000,1949,US-1948-EO9981,1948,1,0.334,-0.0933,civil_rights,President
10000,1949,US-1952-INA,1952,-3,0.2747,-0.1119,immigration,Congress
10000,1949,US-1952-YOUNGSTOWN,1952,-3,0.2194,-0.1231,executive_power,Supreme Court
10000,1949,US-1954-BROWN,1954,-5,0.2814,-0.141,civil_rights,Supreme Court
10000,1949,US-1956-HIGHWAY,1956,-7,0.336,-0.0951,infrastructure,Congress
10000,1949,US-1957-CIVIL-RIGHTS-ACT,1957,-8,0.2641,-0.1025,civil_rights_democracy,Congress
10000,1949,US-1939-HATCH-ACT,1939,10,0.3222,-0.1186,civil_service_elections,Congress
10000,1949,US-1940-SELECTIVE-TRAINING,1940,9,0.2347,-0.1156,military_state_capacity,Congress
10000,1949,US-1940-SMITH-ACT,1940,9,0.2163,-0.1028,security_civil_liberties_immigration,Congress
10000,1949,US-1941-DARBY,1941,8,0.3825,-0.0988,labor_state_capacity,Supreme Court
10000,1949,US-1941-LEND-LEASE,1941,8,0.1912,-0.1067,foreign_policy_security,Congress
10000,1949,US-1942-EMERGENCY-PRICE-CONTROL,1942,7,0.3859,-0.1035,wartime_economic_control,Congress
10000,1949,US-1943-CHINESE-EXCLUSION-REPEAL,1943,6,0.2026,-0.0716,immigration_race_foreign_policy,Congress
10000,1949,US-1945-BRETTON-WOODS,1945,4,0.2612,-0.0845,international_economic_order,Congress
10000,1949,US-1945-UN-PARTICIPATION,1945,4,0.1748,-0.1056,foreign_policy_multilateralism,Congress
10000,1949,US-1946-APA,1946,3,0.1988,-0.0917,administrative_state,Congress
10000,1949,US-1948-DISPLACED-PERSONS-ACT,1948,1,0.2462,-0.0256,immigration_refugees,Congress
10000,1949,US-1948-MARSHALL-PLAN,1948,1,0.4212,-0.0721,foreign_aid_security,Congress
10000,1949,US-1948-SHELLEY,1948,1,0.2572,-0.1274,civil_rights_housing,Supreme Court
10000,1949,US-1950-DPA,1950,-1,0.3617,-0.1081,industrial_policy_security,Congress
10000,1949,US-1950-INTERNAL-SECURITY,1950,-1,0.1585,-0.1047,security_civil_liberties,Congress
10000,1949,US-1951-DENNIS,1951,-2,0.2273,-0.147,speech_security,Supreme Court
10000,1949,US-1956-BANK-HOLDING-COMPANY-ACT,1956,-7,0.2717,-0.1044,banking_finance,Congress
10000,1949,US-1957-YATES,1957,-8,0.1739,-0.1598,speech_security,Supreme Court
10000,1949,US-1958-NDEA,1958,-9,0.4863,-0.0763,education_science_security,Congress
10000,1949,US-1958-NASA-ACT,1958,-9,0.3159,-0.1061,science_space_state_capacity,Congress
10000,1949,US-1958-COOPER,1958,-9,0.2053,-0.1539,civil_rights_federalism,Supreme Court
10000,1949,US-1942-EO9066,1942,7,0.3408,-0.087,civil_liberties_security_race,President
10000,1949,US-1947-TRUMAN-DOCTRINE,1947,2,0.3016,-0.0953,foreign_policy_security,Congress/President
10000,1949,US-1957-EO10730,1957,-8,0.3246,-0.1083,civil_rights_state_capacity,President
20000,1949,US-1941-EO8802,1941,8,0.4008,-0.1339,civil_rights,President
20000,1949,US-1942-WICKARD,1942,7,0.3134,-0.1747,state_capacity,Supreme Court
20000,1949,US-1944-GI-BILL,1944,5,0.5147,-0.1506,veterans_education_housing,Congress
20000,1949,US-1944-KOREMATSU,1944,5,0.5245,-0.1438,civil_liberties_security,Supreme Court
20000,1949,US-1946-EMPLOYMENT-ACT,1946,3,0.4807,-0.1197,macroeconomic_governance,Congress
20000,1949,US-1947-NATIONAL-SECURITY-ACT,1947,2,0.3992,-0.1546,security_state,Congress
20000,1949,US-1947-TAFT-HARTLEY,1947,2,0.427,-0.1935,labor,Congress
20000,1949,US-1948-EO9981,1948,1,0.5275,-0.1579,civil_rights,President
20000,1949,US-1952-INA,1952,-3,0.3912,-0.1685,immigration,Congress
20000,1949,US-1952-YOUNGSTOWN,1952,-3,0.3577,-0.1974,executive_power,Supreme Court
20000,1949,US-1954-BROWN,1954,-5,0.3411,-0.2047,civil_rights,Supreme Court
20000,1949,US-1956-HIGHWAY,1956,-7,0.4618,-0.1739,infrastructure,Congress
20000,1949,US-1957-CIVIL-RIGHTS-ACT,1957,-8,0.4338,-0.1975,civil_rights_democracy,Congress
20000,1949,US-1939-HATCH-ACT,1939,10,0.4493,-0.2097,civil_service_elections,Congress
20000,1949,US-1940-SELECTIVE-TRAINING,1940,9,0.402,-0.1814,military_state_capacity,Congress
20000,1949,US-1940-SMITH-ACT,1940,9,0.3418,-0.1405,security_civil_liberties_immigration,Congress
20000,1949,US-1941-DARBY,1941,8,0.4744,-0.1726,labor_state_capacity,Supreme Court
20000,1949,US-1941-LEND-LEASE,1941,8,0.366,-0.1636,foreign_policy_security,Congress
20000,1949,US-1942-EMERGENCY-PRICE-CONTROL,1942,7,0.515,-0.172,wartime_economic_control,Congress
20000,1949,US-1943-CHINESE-EXCLUSION-REPEAL,1943,6,0.3195,-0.1273,immigration_race_foreign_policy,Congress
20000,1949,US-1945-BRETTON-WOODS,1945,4,0.3734,-0.1599,international_economic_order,Congress
20000,1949,US-1945-UN-PARTICIPATION,1945,4,0.2803,-0.1724,foreign_policy_multilateralism,Congress
20000,1949,US-1946-APA,1946,3,0.3925,-0.1834,administrative_state,Congress
20000,1949,US-1948-DISPLACED-PERSONS-ACT,1948,1,0.3646,-0.0523,immigration_refugees,Congress
20000,1949,US-1948-MARSHALL-PLAN,1948,1,0.5376,-0.153,foreign_aid_security,Congress
20000,1949,US-1948-SHELLEY,1948,1,0.3169,-0.2021,civil_rights_housing,Supreme Court
20000,1949,US-1950-DPA,1950,-1,0.4847,-0.1905,industrial_policy_security,Congress
20000,1949,US-1950-INTERNAL-SECURITY,1950,-1,0.3036,-0.1633,security_civil_liberties,Congress
20000,1949,US-1951-DENNIS,1951,-2,0.3465,-0.2286,speech_security,Supreme Court
20000,1949,US-1956-BANK-HOLDING-COMPANY-ACT,1956,-7,0.3641,-0.1623,banking_finance,Congress
20000,1949,US-1957-YATES,1957,-8,0.3664,-0.2444,speech_security,Supreme Court
20000,1949,US-1958-NDEA,1958,-9,0.638,-0.151,education_science_security,Congress
20000,1949,US-1958-NASA-ACT,1958,-9,0.5065,-0.1897,science_space_state_capacity,Congress
20000,1949,US-1958-COOPER,1958,-9,0.306,-0.2305,civil_rights_federalism,Supreme Court
20000,1949,US-1942-EO9066,1942,7,0.4774,-0.1606,civil_liberties_security_race,President
20000,1949,US-1947-TRUMAN-DOCTRINE,1947,2,0.4028,-0.1577,foreign_policy_security,Congress/President
20000,1949,US-1957-EO10730,1957,-8,0.4454,-0.1911,civil_rights_state_capacity,President
5000,1949,US-1941-EO8802,1941,8,0.5602,-0.0752,civil_rights,President
5000,1949,US-1942-WICKARD,1942,7,0.417,-0.0854,state_capacity,Supreme Court
5000,1949,US-1944-GI-BILL,1944,5,0.6392,-0.0731,veterans_education_housing,Congress
5000,1949,US-1944-KOREMATSU,1944,5,0.6494,-0.0682,civil_liberties_security,Supreme Court
5000,1949,US-1946-EMPLOYMENT-ACT,1946,3,0.5778,-0.0626,macroeconomic_governance,Congress
5000,1949,US-1947-NATIONAL-SECURITY-ACT,1947,2,0.5853,-0.0694,security_state,Congress
5000,1949,US-1947-TAFT-HARTLEY,1947,2,0.5931,-0.103,labor,Congress
5000,1949,US-1948-EO9981,1948,1,0.6272,-0.0748,civil_rights,President
5000,1949,US-1952-INA,1952,-3,0.4827,-0.089,immigration,Congress
5000,1949,US-1952-YOUNGSTOWN,1952,-3,0.445,-0.0953,executive_power,Supreme Court
5000,1949,US-1954-BROWN,1954,-5,0.534,-0.0942,civil_rights,Supreme Court
5000,1949,US-1956-HIGHWAY,1956,-7,0.6208,-0.0779,infrastructure,Congress
5000,1949,US-1957-CIVIL-RIGHTS-ACT,1957,-8,0.5419,-0.0777,civil_rights_democracy,Congress
5000,1949,US-1939-HATCH-ACT,1939,10,0.6203,-0.0888,civil_service_elections,Congress
5000,1949,US-1940-SELECTIVE-TRAINING,1940,9,0.5028,-0.0915,military_state_capacity,Congress
5000,1949,US-1940-SMITH-ACT,1940,9,0.4675,-0.072,security_civil_liberties_immigration,Congress
5000,1949,US-1941-DARBY,1941,8,0.6037,-0.0796,labor_state_capacity,Supreme Court
5000,1949,US-1941-LEND-LEASE,1941,8,0.3847,-0.0785,foreign_policy_security,Congress
5000,1949,US-1942-EMERGENCY-PRICE-CONTROL,1942,7,0.6655,-0.0775,wartime_economic_control,Congress
5000,1949,US-1943-CHINESE-EXCLUSION-REPEAL,1943,6,0.4624,-0.059,immigration_race_foreign_policy,Congress
5000,1949,US-1945-BRETTON-WOODS,1945,4,0.5511,-0.0716,international_economic_order,Congress
5000,1949,US-1945-UN-PARTICIPATION,1945,4,0.4194,-0.0791,foreign_policy_multilateralism,Congress
5000,1949,US-1946-APA,1946,3,0.4461,-0.074,administrative_state,Congress
5000,1949,US-1948-DISPLACED-PERSONS-ACT,1948,1,0.4623,-0.0246,immigration_refugees,Congress
5000,1949,US-1948-MARSHALL-PLAN,1948,1,0.6235,-0.0668,foreign_aid_security,Congress
5000,1949,US-1948-SHELLEY,1948,1,0.5436,-0.096,civil_rights_housing,Supreme Court
5000,1949,US-1950-DPA,1950,-1,0.6075,-0.0814,industrial_policy_security,Congress
5000,1949,US-1950-INTERNAL-SECURITY,1950,-1,0.4906,-0.0856,security_civil_liberties,Congress
5000,1949,US-1951-DENNIS,1951,-2,0.4183,-0.1186,speech_security,Supreme Court
5000,1949,US-1956-BANK-HOLDING-COMPANY-ACT,1956,-7,0.5501,-0.0808,banking_finance,Congress
5000,1949,US-1957-YATES,1957,-8,0.3379,-0.1254,speech_security,Supreme Court
5000,1949,US-1958-NDEA,1958,-9,0.7322,-0.0704,education_science_security,Congress
5000,1949,US-1958-NASA-ACT,1958,-9,0.596,-0.0977,science_space_state_capacity,Congress
5000,1949,US-1958-COOPER,1958,-9,0.4469,-0.1195,civil_rights_federalism,Supreme Court
5000,1949,US-1942-EO9066,1942,7,0.5792,-0.0722,civil_liberties_security_race,President
5000,1949,US-1947-TRUMAN-DOCTRINE,1947,2,0.5448,-0.075,foreign_policy_security,Congress/President
5000,1949,US-1957-EO10730,1957,-8,0.4932,-0.0814,civil_rights_state_capacity,President
10000,1950,US-1941-EO8802,1941,9,0.3878,-0.1302,civil_rights,President
10000,1950,US-1942-WICKARD,1942,8,0.2926,-0.1583,state_capacity,Supreme Court
10000,1950,US-1944-GI-BILL,1944,6,0.5426,-0.1245,veterans_education_housing,Congress
10000,1950,US-1944-KOREMATSU,1944,6,0.5041,-0.1186,civil_liberties_security,Supreme Court
10000,1950,US-1946-EMPLOYMENT-ACT,1946,4,0.4862,-0.1062,macroeconomic_governance,Congress
10000,1950,US-1947-NATIONAL-SECURITY-ACT,1947,3,0.41,-0.117,security_state,Congress
10000,1950,US-1947-TAFT-HARTLEY,1947,3,0.4504,-0.1742,labor,Congress
10000,1950,US-1948-EO9981,1948,2,0.4646,-0.14,civil_rights,President
10000,1950,US-1952-INA,1952,-2,0.406,-0.1689,immigration,Congress
10000,1950,US-1952-YOUNGSTOWN,1952,-2,0.348,-0.164,executive_power,Supreme Court
10000,1950,US-1954-BROWN,1954,-4,0.3651,-0.1847,civil_rights,Supreme Court
10000,1950,US-1956-HIGHWAY,1956,-6,0.5103,-0.1404,infrastructure,Congress
10000,1950,US-1957-CIVIL-RIGHTS-ACT,1957,-7,0.4649,-0.1592,civil_rights_democracy,Congress
10000,1950,US-1940-SELECTIVE-TRAINING,1940,10,0.3715,-0.1622,military_state_capacity,Congress
10000,1950,US-1940-SMITH-ACT,1940,10,0.2922,-0.1398,security_civil_liberties_immigration,Congress
10000,1950,US-1941-DARBY,1941,9,0.5454,-0.1559,labor_state_capacity,Supreme Court
10000,1950,US-1941-LEND-LEASE,1941,9,0.2978,-0.141,foreign_policy_security,Congress
10000,1950,US-1942-EMERGENCY-PRICE-CONTROL,1942,8,0.506,-0.1486,wartime_economic_control,Congress
10000,1950,US-1943-CHINESE-EXCLUSION-REPEAL,1943,7,0.3396,-0.1169,immigration_race_foreign_policy,Congress
10000,1950,US-1945-BRETTON-WOODS,1945,5,0.3809,-0.131,international_economic_order,Congress
10000,1950,US-1945-UN-PARTICIPATION,1945,5,0.2954,-0.152,foreign_policy_multilateralism,Congress
10000,1950,US-1946-APA,1946,4,0.3157,-0.139,administrative_state,Congress
10000,1950,US-1948-DISPLACED-PERSONS-ACT,1948,2,0.4068,-0.041,immigration_refugees,Congress
10000,1950,US-1948-MARSHALL-PLAN,1948,2,0.5734,-0.1168,foreign_aid_security,Congress
10000,1950,US-1948-SHELLEY,1948,2,0.3594,-0.1864,civil_rights_housing,Supreme Court
10000,1950,US-1950-DPA,1950,0,0.5057,-0.1583,industrial_policy_security,Congress
10000,1950,US-1950-INTERNAL-SECURITY,1950,0,0.2814,-0.1465,security_civil_liberties,Congress
10000,1950,US-1951-DENNIS,1951,-1,0.364,-0.2208,speech_security,Supreme Court
10000,1950,US-1956-BANK-HOLDING-COMPANY-ACT,1956,-6,0.3707,-0.1427,banking_finance,Congress
10000,1950,US-1957-YATES,1957,-7,0.3106,-0.2398,speech_security,Supreme Court
10000,1950,US-1958-NDEA,1958,-8,0.7073,-0.1183,education_science_security,Congress
10000,1950,US-1958-NASA-ACT,1958,-8,0.4667,-0.1642,science_space_state_capacity,Congress
10000,1950,US-1958-COOPER,1958,-8,0.2885,-0.2225,civil_rights_federalism,Supreme Court
10000,1950,US-1942-EO9066,1942,8,0.4445,-0.1304,civil_liberties_security_race,President
10000,1950,US-1947-TRUMAN-DOCTRINE,1947,3,0.4181,-0.1517,foreign_policy_security,Congress/President
10000,1950,US-1957-EO10730,1957,-7,0.4616,-0.1538,civil_rights_state_capacity,President
20000,1950,US-1941-EO8802,1941,9,0.3177,-0.1549,civil_rights,President
20000,1950,US-1942-WICKARD,1942,8,0.2542,-0.2091,state_capacity,Supreme Court
20000,1950,US-1944-GI-BILL,1944,6,0.4929,-0.1663,veterans_education_housing,Congress
20000,1950,US-1944-KOREMATSU,1944,6,0.4157,-0.1756,civil_liberties_security,Supreme Court
20000,1950,US-1946-EMPLOYMENT-ACT,1946,4,0.4703,-0.1389,macroeconomic_governance,Congress
20000,1950,US-1947-NATIONAL-SECURITY-ACT,1947,3,0.3071,-0.1573,security_state,Congress
20000,1950,US-1947-TAFT-HARTLEY,1947,3,0.4112,-0.2147,labor,Congress
20000,1950,US-1948-EO9981,1948,2,0.4105,-0.1822,civil_rights,President
20000,1950,US-1952-INA,1952,-2,0.3638,-0.1918,immigration,Congress
20000,1950,US-1952-YOUNGSTOWN,1952,-2,0.2822,-0.2253,executive_power,Supreme Court
20000,1950,US-1954-BROWN,1954,-4,0.3369,-0.2544,civil_rights,Supreme Court
20000,1950,US-1956-HIGHWAY,1956,-6,0.421,-0.1892,infrastructure,Congress
20000,1950,US-1957-CIVIL-RIGHTS-ACT,1957,-7,0.4007,-0.2195,civil_rights_democracy,Congress
20000,1950,US-1940-SELECTIVE-TRAINING,1940,10,0.2848,-0.2004,military_state_capacity,Congress
20000,1950,US-1940-SMITH-ACT,1940,10,0.2791,-0.2161,security_civil_liberties_immigration,Congress
20000,1950,US-1941-DARBY,1941,9,0.4777,-0.1983,labor_state_capacity,Supreme Court
20000,1950,US-1941-LEND-LEASE,1941,9,0.24,-0.1823,foreign_policy_security,Congress
20000,1950,US-1942-EMERGENCY-PRICE-CONTROL,1942,8,0.4819,-0.1951,wartime_economic_control,Congress
20000,1950,US-1943-CHINESE-EXCLUSION-REPEAL,1943,7,0.2804,-0.1488,immigration_race_foreign_policy,Congress
20000,1950,US-1945-BRETTON-WOODS,1945,5,0.2896,-0.1684,international_economic_order,Congress
20000,1950,US-1945-UN-PARTICIPATION,1945,5,0.2499,-0.1896,foreign_policy_multilateralism,Congress
20000,1950,US-1946-APA,1946,4,0.3386,-0.2096,administrative_state,Congress
20000,1950,US-1948-DISPLACED-PERSONS-ACT,1948,2,0.3455,-0.0584,immigration_refugees,Congress
20000,1950,US-1948-MARSHALL-PLAN,1948,2,0.4389,-0.1651,foreign_aid_security,Congress
20000,1950,US-1948-SHELLEY,1948,2,0.2719,-0.2545,civil_rights_housing,Supreme Court
20000,1950,US-1950-DPA,1950,0,0.419,-0.2227,industrial_policy_security,Congress
20000,1950,US-1950-INTERNAL-SECURITY,1950,0,0.2906,-0.1966,security_civil_liberties,Congress
20000,1950,US-1951-DENNIS,1951,-1,0.3161,-0.2641,speech_security,Supreme Court
20000,1950,US-1956-BANK-HOLDING-COMPANY-ACT,1956,-6,0.3466,-0.183,banking_finance,Congress
20000,1950,US-1957-YATES,1957,-7,0.3404,-0.2692,speech_security,Supreme Court
20000,1950,US-1958-NDEA,1958,-8,0.6317,-0.1572,education_science_security,Congress
20000,1950,US-1958-NASA-ACT,1958,-8,0.4523,-0.2014,science_space_state_capacity,Congress
20000,1950,US-1958-COOPER,1958,-8,0.2736,-0.2464,civil_rights_federalism,Supreme Court
20000,1950,US-1942-EO9066,1942,8,0.3383,-0.1942,civil_liberties_security_race,President
20000,1950,US-1947-TRUMAN-DOCTRINE,1947,3,0.2959,-0.1957,foreign_policy_security,Congress/President
20000,1950,US-1957-EO10730,1957,-7,0.3373,-0.2151,civil_rights_state_capacity,President
5000,1950,US-1941-EO8802,1941,9,0.3451,-0.1518,civil_rights,President
5000,1950,US-1942-WICKARD,1942,8,0.2668,-0.1858,state_capacity,Supreme Court
5000,1950,US-1944-GI-BILL,1944,6,0.4351,-0.1503,veterans_education_housing,Congress
5000,1950,US-1944-KOREMATSU,1944,6,0.4557,-0.1378,civil_liberties_security,Supreme Court
5000,1950,US-1946-EMPLOYMENT-ACT,1946,4,0.4205,-0.1355,macroeconomic_governance,Congress
5000,1950,US-1947-NATIONAL-SECURITY-ACT,1947,3,0.332,-0.1438,security_state,Congress
5000,1950,US-1947-TAFT-HARTLEY,1947,3,0.3762,-0.2014,labor,Congress
5000,1950,US-1948-EO9981,1948,2,0.3908,-0.1533,civil_rights,President
5000,1950,US-1952-INA,1952,-2,0.3111,-0.178,immigration,Congress
5000,1950,US-1952-YOUNGSTOWN,1952,-2,0.3385,-0.1915,executive_power,Supreme Court
5000,1950,US-1954-BROWN,1954,-4,0.3409,-0.1931,civil_rights,Supreme Court
5000,1950,US-1956-HIGHWAY,1956,-6,0.4033,-0.1676,infrastructure,Congress
5000,1950,US-1957-CIVIL-RIGHTS-ACT,1957,-7,0.3666,-0.1845,civil_rights_democracy,Congress
5000,1950,US-1940-SELECTIVE-TRAINING,1940,10,0.2959,-0.1732,military_state_capacity,Congress
5000,1950,US-1940-SMITH-ACT,1940,10,0.2372,-0.1707,security_civil_liberties_immigration,Congress
5000,1950,US-1941-DARBY,1941,9,0.4918,-0.1698,labor_state_capacity,Supreme Court
5000,1950,US-1941-LEND-LEASE,1941,9,0.2394,-0.1518,foreign_policy_security,Congress
5000,1950,US-1942-EMERGENCY-PRICE-CONTROL,1942,8,0.4839,-0.1597,wartime_economic_control,Congress
5000,1950,US-1943-CHINESE-EXCLUSION-REPEAL,1943,7,0.3211,-0.1333,immigration_race_foreign_policy,Congress
5000,1950,US-1945-BRETTON-WOODS,1945,5,0.3393,-0.1467,international_economic_order,Congress
5000,1950,US-1945-UN-PARTICIPATION,1945,5,0.2587,-0.1676,foreign_policy_multilateralism,Congress
5000,1950,US-1946-APA,1946,4,0.2289,-0.1632,administrative_state,Congress
5000,1950,US-1948-DISPLACED-PERSONS-ACT,1948,2,0.3405,-0.0453,immigration_refugees,Congress
5000,1950,US-1948-MARSHALL-PLAN,1948,2,0.471,-0.1366,foreign_aid_security,Congress
5000,1950,US-1948-SHELLEY,1948,2,0.3399,-0.1855,civil_rights_housing,Supreme Court
5000,1950,US-1950-DPA,1950,0,0.42,-0.1834,industrial_policy_security,Congress
5000,1950,US-1950-INTERNAL-SECURITY,1950,0,0.2584,-0.1846,security_civil_liberties,Congress
5000,1950,US-1951-DENNIS,1951,-1,0.2861,-0.2273,speech_security,Supreme Court
5000,1950,US-1956-BANK-HOLDING-COMPANY-ACT,1956,-6,0.327,-0.1695,banking_finance,Congress
5000,1950,US-1957-YATES,1957,-7,0.1976,-0.2573,speech_security,Supreme Court
5000,1950,US-1958-NDEA,1958,-8,0.5442,-0.1531,education_science_security,Congress
5000,1950,US-1958-NASA-ACT,1958,-8,0.3466,-0.1997,science_space_state_capacity,Congress
5000,1950,US-1958-COOPER,1958,-8,0.2481,-0.2249,civil_rights_federalism,Supreme Court
5000,1950,US-1942-EO9066,1942,8,0.4009,-0.1452,civil_liberties_security_race,President
5000,1950,US-1947-TRUMAN-DOCTRINE,1947,3,0.3796,-0.1592,foreign_policy_security,Congress/President
5000,1950,US-1957-EO10730,1957,-7,0.3465,-0.1752,civil_rights_state_capacity,President
10000,1951,US-1941-EO8802,1941,10,0.3741,-0.1582,civil_rights,President
10000,1951,US-1942-WICKARD,1942,9,0.3026,-0.1943,state_capacity,Supreme Court
10000,1951,US-1944-GI-BILL,1944,7,0.5104,-0.1647,veterans_education_housing,Congress
10000,1951,US-1944-KOREMATSU,1944,7,0.4796,-0.1352,civil_liberties_security,Supreme Court
10000,1951,US-1946-EMPLOYMENT-ACT,1946,5,0.4227,-0.1322,macroeconomic_governance,Congress
10000,1951,US-1947-NATIONAL-SECURITY-ACT,1947,4,0.3552,-0.1652,security_state,Congress
10000,1951,US-1947-TAFT-HARTLEY,1947,4,0.3825,-0.2193,labor,Congress
10000,1951,US-1948-EO9981,1948,3,0.4331,-0.1697,civil_rights,President
10000,1951,US-1952-INA,1952,-1,0.3627,-0.1982,immigration,Congress
10000,1951,US-1952-YOUNGSTOWN,1952,-1,0.326,-0.2052,executive_power,Supreme Court
10000,1951,US-1954-BROWN,1954,-3,0.3617,-0.236,civil_rights,Supreme Court
10000,1951,US-1956-HIGHWAY,1956,-5,0.4619,-0.1826,infrastructure,Congress
10000,1951,US-1957-CIVIL-RIGHTS-ACT,1957,-6,0.4097,-0.1963,civil_rights_democracy,Congress
10000,1951,US-1961-MAPP,1961,-10,0.2345,-0.22,criminal_procedure,Supreme Court
10000,1951,US-1941-DARBY,1941,10,0.4905,-0.1834,labor_state_capacity,Supreme Court
10000,1951,US-1941-LEND-LEASE,1941,10,0.2757,-0.178,foreign_policy_security,Congress
10000,1951,US-1942-EMERGENCY-PRICE-CONTROL,1942,9,0.4619,-0.1871,wartime_economic_control,Congress
10000,1951,US-1943-CHINESE-EXCLUSION-REPEAL,1943,8,0.2825,-0.1443,immigration_race_foreign_policy,Congress
10000,1951,US-1945-BRETTON-WOODS,1945,6,0.3498,-0.1723,international_economic_order,Congress
10000,1951,US-1945-UN-PARTICIPATION,1945,6,0.2847,-0.1854,foreign_policy_multilateralism,Congress
10000,1951,US-1946-APA,1946,5,0.293,-0.1746,administrative_state,Congress
10000,1951,US-1948-DISPLACED-PERSONS-ACT,1948,3,0.3242,-0.0498,immigration_refugees,Congress
10000,1951,US-1948-MARSHALL-PLAN,1948,3,0.5005,-0.1495,foreign_aid_security,Congress
10000,1951,US-1948-SHELLEY,1948,3,0.3555,-0.2241,civil_rights_housing,Supreme Court
10000,1951,US-1950-DPA,1950,1,0.4721,-0.2005,industrial_policy_security,Congress
10000,1951,US-1950-INTERNAL-SECURITY,1950,1,0.2429,-0.1917,security_civil_liberties,Congress
10000,1951,US-1951-DENNIS,1951,0,0.3226,-0.2661,speech_security,Supreme Court
10000,1951,US-1956-BANK-HOLDING-COMPANY-ACT,1956,-5,0.3497,-0.1776,banking_finance,Congress
10000,1951,US-1957-YATES,1957,-6,0.2793,-0.2931,speech_security,Supreme Court
10000,1951,US-1958-NDEA,1958,-7,0.6109,-0.1698,education_science_security,Congress
10000,1951,US-1958-NASA-ACT,1958,-7,0.4353,-0.212,science_space_state_capacity,Congress
10000,1951,US-1958-COOPER,1958,-7,0.273,-0.2793,civil_rights_federalism,Supreme Court
10000,1951,US-1961-PEACE-CORPS,1961,-10,0.492,-0.2021,foreign_aid_civic_service,Congress/President
10000,1951,US-1942-EO9066,1942,9,0.4452,-0.1659,civil_liberties_security_race,President
10000,1951,US-1947-TRUMAN-DOCTRINE,1947,4,0.3952,-0.1938,foreign_policy_security,Congress/President
10000,1951,US-1957-EO10730,1957,-6,0.4435,-0.2164,civil_rights_state_capacity,President
20000,1951,US-1941-EO8802,1941,10,0.2726,-0.1456,civil_rights,President
20000,1951,US-1942-WICKARD,1942,9,0.2626,-0.1686,state_capacity,Supreme Court
20000,1951,US-1944-GI-BILL,1944,7,0.4586,-0.1592,veterans_education_housing,Congress
20000,1951,US-1944-KOREMATSU,1944,7,0.3837,-0.1588,civil_liberties_security,Supreme Court
20000,1951,US-1946-EMPLOYMENT-ACT,1946,5,0.4293,-0.1284,macroeconomic_governance,Congress
20000,1951,US-1947-NATIONAL-SECURITY-ACT,1947,4,0.3092,-0.1559,security_state,Congress
20000,1951,US-1947-TAFT-HARTLEY,1947,4,0.3461,-0.1702,labor,Congress
20000,1951,US-1948-EO9981,1948,3,0.3655,-0.1592,civil_rights,President
20000,1951,US-1952-INA,1952,-1,0.301,-0.1932,immigration,Congress
20000,1951,US-1952-YOUNGSTOWN,1952,-1,0.2774,-0.2118,executive_power,Supreme Court
20000,1951,US-1954-BROWN,1954,-3,0.2688,-0.2056,civil_rights,Supreme Court
20000,1951,US-1956-HIGHWAY,1956,-5,0.4295,-0.1783,infrastructure,Congress
20000,1951,US-1957-CIVIL-RIGHTS-ACT,1957,-6,0.3608,-0.2034,civil_rights_democracy,Congress
20000,1951,US-1961-MAPP,1961,-10,0.2379,-0.2009,criminal_procedure,Supreme Court
20000,1951,US-1941-DARBY,1941,10,0.4163,-0.1778,labor_state_capacity,Supreme Court
20000,1951,US-1941-LEND-LEASE,1941,10,0.248,-0.1795,foreign_policy_security,Congress
20000,1951,US-1942-EMERGENCY-PRICE-CONTROL,1942,9,0.4046,-0.1788,wartime_economic_control,Congress
20000,1951,US-1943-CHINESE-EXCLUSION-REPEAL,1943,8,0.2238,-0.1405,immigration_race_foreign_policy,Congress
20000,1951,US-1945-BRETTON-WOODS,1945,6,0.3151,-0.1673,international_economic_order,Congress
20000,1951,US-1945-UN-PARTICIPATION,1945,6,0.2397,-0.1951,foreign_policy_multilateralism,Congress
20000,1951,US-1946-APA,1946,5,0.304,-0.1823,administrative_state,Congress
20000,1951,US-1948-DISPLACED-PERSONS-ACT,1948,3,0.2469,-0.058,immigration_refugees,Congress
20000,1951,US-1948-MARSHALL-PLAN,1948,3,0.4395,-0.1473,foreign_aid_security,Congress
20000,1951,US-1948-SHELLEY,1948,3,0.2286,-0.224,civil_rights_housing,Supreme Court
20000,1951,US-1950-DPA,1950,1,0.382,-0.19,industrial_policy_security,Congress
20000,1951,US-1950-INTERNAL-SECURITY,1950,1,0.2148,-0.1809,security_civil_liberties,Congress
20000,1951,US-1951-DENNIS,1951,0,0.2447,-0.2498,speech_security,Supreme Court
20000,1951,US-1956-BANK-HOLDING-COMPANY-ACT,1956,-5,0.3034,-0.1497,banking_finance,Congress
20000,1951,US-1957-YATES,1957,-6,0.2786,-0.2557,speech_security,Supreme Court
20000,1951,US-1958-NDEA,1958,-7,0.5878,-0.1479,education_science_security,Congress
20000,1951,US-1958-NASA-ACT,1958,-7,0.3943,-0.201,science_space_state_capacity,Congress
20000,1951,US-1958-COOPER,1958,-7,0.2136,-0.2552,civil_rights_federalism,Supreme Court
20000,1951,US-1961-PEACE-CORPS,1961,-10,0.4135,-0.1987,foreign_aid_civic_service,Congress/President
20000,1951,US-1942-EO9066,1942,9,0.3072,-0.1917,civil_liberties_security_race,President
20000,1951,US-1947-TRUMAN-DOCTRINE,1947,4,0.2754,-0.1838,foreign_policy_security,Congress/President
20000,1951,US-1957-EO10730,1957,-6,0.3287,-0.2122,civil_rights_state_capacity,President
5000,1951,US-1941-EO8802,1941,10,0.3049,-0.1078,civil_rights,President
5000,1951,US-1942-WICKARD,1942,9,0.2957,-0.1252,state_capacity,Supreme Court
5000,1951,US-1944-GI-BILL,1944,7,0.4389,-0.1048,veterans_education_housing,Congress
5000,1951,US-1944-KOREMATSU,1944,7,0.444,-0.088,civil_liberties_security,Supreme Court
5000,1951,US-1946-EMPLOYMENT-ACT,1946,5,0.3805,-0.1016,macroeconomic_governance,Congress
5000,1951,US-1947-NATIONAL-SECURITY-ACT,1947,4,0.3393,-0.1011,security_state,Congress
5000,1951,US-1947-TAFT-HARTLEY,1947,4,0.3738,-0.1548,labor,Congress
5000,1951,US-1948-EO9981,1948,3,0.3754,-0.1062,civil_rights,President
5000,1951,US-1952-INA,1952,-1,0.319,-0.1209,immigration,Congress
5000,1951,US-1952-YOUNGSTOWN,1952,-1,0.2997,-0.1426,executive_power,Supreme Court
5000,1951,US-1954-BROWN,1954,-3,0.2812,-0.1332,civil_rights,Supreme Court
5000,1951,US-1956-HIGHWAY,1956,-5,0.369,-0.12,infrastructure,Congress
5000,1951,US-1957-CIVIL-RIGHTS-ACT,1957,-6,0.311,-0.1247,civil_rights_democracy,Congress
5000,1951,US-1961-MAPP,1961,-10,0.1959,-0.158,criminal_procedure,Supreme Court
5000,1951,US-1941-DARBY,1941,10,0.4597,-0.1182,labor_state_capacity,Supreme Court
5000,1951,US-1941-LEND-LEASE,1941,10,0.2445,-0.109,foreign_policy_security,Congress
5000,1951,US-1942-EMERGENCY-PRICE-CONTROL,1942,9,0.4859,-0.1146,wartime_economic_control,Congress
5000,1951,US-1943-CHINESE-EXCLUSION-REPEAL,1943,8,0.2869,-0.0867,immigration_race_foreign_policy,Congress
5000,1951,US-1945-BRETTON-WOODS,1945,6,0.3766,-0.1043,international_economic_order,Congress
5000,1951,US-1945-UN-PARTICIPATION,1945,6,0.2478,-0.1171,foreign_policy_multilateralism,Congress
5000,1951,US-1946-APA,1946,5,0.2353,-0.1113,administrative_state,Congress
5000,1951,US-1948-DISPLACED-PERSONS-ACT,1948,3,0.2885,-0.0322,immigration_refugees,Congress
5000,1951,US-1948-MARSHALL-PLAN,1948,3,0.4815,-0.0962,foreign_aid_security,Congress
5000,1951,US-1948-SHELLEY,1948,3,0.2816,-0.1301,civil_rights_housing,Supreme Court
5000,1951,US-1950-DPA,1950,1,0.3731,-0.1227,industrial_policy_security,Congress
5000,1951,US-1950-INTERNAL-SECURITY,1950,1,0.2461,-0.1207,security_civil_liberties,Congress
5000,1951,US-1951-DENNIS,1951,0,0.2497,-0.1598,speech_security,Supreme Court
5000,1951,US-1956-BANK-HOLDING-COMPANY-ACT,1956,-5,0.3453,-0.117,banking_finance,Congress
5000,1951,US-1957-YATES,1957,-6,0.2219,-0.1806,speech_security,Supreme Court
5000,1951,US-1958-NDEA,1958,-7,0.553,-0.1064,education_science_security,Congress
5000,1951,US-1958-NASA-ACT,1958,-7,0.317,-0.1344,science_space_state_capacity,Congress
5000,1951,US-1958-COOPER,1958,-7,0.2618,-0.1587,civil_rights_federalism,Supreme Court
5000,1951,US-1961-PEACE-CORPS,1961,-10,0.4609,-0.1224,foreign_aid_civic_service,Congress/President
5000,1951,US-1942-EO9066,1942,9,0.3954,-0.0996,civil_liberties_security_race,President
5000,1951,US-1947-TRUMAN-DOCTRINE,1947,4,0.4197,-0.1142,foreign_policy_security,Congress/President
5000,1951,US-1957-EO10730,1957,-6,0.3766,-0.1203,civil_rights_state_capacity,President
10000,1952,US-1942-WICKARD,1942,10,0.2684,-0.1884,state_capacity,Supreme Court
10000,1952,US-1944-GI-BILL,1944,8,0.4623,-0.1556,veterans_education_housing,Congress
10000,1952,US-1944-KOREMATSU,1944,8,0.4487,-0.1382,civil_liberties_security,Supreme Court
10000,1952,US-1946-EMPLOYMENT-ACT,1946,6,0.4205,-0.1332,macroeconomic_governance,Congress
10000,1952,US-1947-NATIONAL-SECURITY-ACT,1947,5,0.3359,-0.1501,security_state,Congress
10000,1952,US-1947-TAFT-HARTLEY,1947,5,0.3889,-0.2207,labor,Congress
10000,1952,US-1948-EO9981,1948,4,0.388,-0.1582,civil_rights,President
10000,1952,US-1952-INA,1952,0,0.2935,-0.1822,immigration,Congress
10000,1952,US-1952-YOUNGSTOWN,1952,0,0.3454,-0.2033,executive_power,Supreme Court
10000,1952,US-1954-BROWN,1954,-2,0.3331,-0.2227,civil_rights,Supreme Court
10000,1952,US-1956-HIGHWAY,1956,-4,0.4217,-0.1677,infrastructure,Congress
10000,1952,US-1957-CIVIL-RIGHTS-ACT,1957,-5,0.3051,-0.1852,civil_rights_democracy,Congress
10000,1952,US-1961-MAPP,1961,-9,0.2304,-0.2016,criminal_procedure,Supreme Court
10000,1952,US-1962-BAKER,1962,-10,0.2675,-0.1937,democracy,Supreme Court
10000,1952,US-1962-ENGEL,1962,-10,0.3651,-0.2059,religion_schools,Supreme Court
10000,1952,US-1962-KEFAUVER-HARRIS,1962,-10,0.2323,-0.1765,consumer_health,Congress
10000,1952,US-1942-EMERGENCY-PRICE-CONTROL,1942,10,0.4443,-0.1763,wartime_economic_control,Congress
10000,1952,US-1943-CHINESE-EXCLUSION-REPEAL,1943,9,0.2548,-0.1281,immigration_race_foreign_policy,Congress
10000,1952,US-1945-BRETTON-WOODS,1945,7,0.3011,-0.1564,international_economic_order,Congress
10000,1952,US-1945-UN-PARTICIPATION,1945,7,0.2359,-0.1781,foreign_policy_multilateralism,Congress
10000,1952,US-1946-APA,1946,6,0.2561,-0.1743,administrative_state,Congress
10000,1952,US-1948-DISPLACED-PERSONS-ACT,1948,4,0.294,-0.0476,immigration_refugees,Congress
10000,1952,US-1948-MARSHALL-PLAN,1948,4,0.4421,-0.137,foreign_aid_security,Congress
10000,1952,US-1948-SHELLEY,1948,4,0.3265,-0.2075,civil_rights_housing,Supreme Court
10000,1952,US-1950-DPA,1950,2,0.4531,-0.1897,industrial_policy_security,Congress
10000,1952,US-1950-INTERNAL-SECURITY,1950,2,0.2068,-0.1671,security_civil_liberties,Congress
10000,1952,US-1951-DENNIS,1951,1,0.2937,-0.2506,speech_security,Supreme Court
10000,1952,US-1956-BANK-HOLDING-COMPANY-ACT,1956,-4,0.3269,-0.174,banking_finance,Congress
10000,1952,US-1957-YATES,1957,-5,0.2373,-0.28,speech_security,Supreme Court
10000,1952,US-1958-NDEA,1958,-6,0.5622,-0.1483,education_science_security,Congress
10000,1952,US-1958-NASA-ACT,1958,-6,0.3839,-0.1989,science_space_state_capacity,Congress
10000,1952,US-1958-COOPER,1958,-6,0.2456,-0.272,civil_rights_federalism,Supreme Court
10000,1952,US-1961-PEACE-CORPS,1961,-9,0.4493,-0.1946,foreign_aid_civic_service,Congress/President
10000,1952,US-1942-EO9066,1942,10,0.3793,-0.1529,civil_liberties_security_race,President
10000,1952,US-1947-TRUMAN-DOCTRINE,1947,5,0.3331,-0.1661,foreign_policy_security,Congress/President
10000,1952,US-1957-EO10730,1957,-5,0.3803,-0.208,civil_rights_state_capacity,President
20000,1952,US-1942-WICKARD,1942,10,0.3155,-0.194,state_capacity,Supreme Court
20000,1952,US-1944-GI-BILL,1944,8,0.5632,-0.1621,veterans_education_housing,Congress
20000,1952,US-1944-KOREMATSU,1944,8,0.436,-0.1773,civil_liberties_security,Supreme Court
20000,1952,US-1946-EMPLOYMENT-ACT,1946,6,0.5242,-0.1416,macroeconomic_governance,Congress
20000,1952,US-1947-NATIONAL-SECURITY-ACT,1947,5,0.4099,-0.1643,security_state,Congress
20000,1952,US-1947-TAFT-HARTLEY,1947,5,0.3853,-0.1683,labor,Congress
20000,1952,US-1948-EO9981,1948,4,0.4882,-0.1794,civil_rights,President
20000,1952,US-1952-INA,1952,0,0.4012,-0.1932,immigration,Congress
20000,1952,US-1952-YOUNGSTOWN,1952,0,0.3032,-0.22,executive_power,Supreme Court
20000,1952,US-1954-BROWN,1954,-2,0.3131,-0.2226,civil_rights,Supreme Court
20000,1952,US-1956-HIGHWAY,1956,-4,0.5088,-0.1932,infrastructure,Congress
20000,1952,US-1957-CIVIL-RIGHTS-ACT,1957,-5,0.474,-0.2116,civil_rights_democracy,Congress
20000,1952,US-1961-MAPP,1961,-9,0.2681,-0.2227,criminal_procedure,Supreme Court
20000,1952,US-1962-BAKER,1962,-10,0.3073,-0.2275,democracy,Supreme Court
20000,1952,US-1962-ENGEL,1962,-10,0.4025,-0.2093,religion_schools,Supreme Court
20000,1952,US-1962-KEFAUVER-HARRIS,1962,-10,0.3147,-0.2136,consumer_health,Congress
20000,1952,US-1942-EMERGENCY-PRICE-CONTROL,1942,10,0.5197,-0.1825,wartime_economic_control,Congress
20000,1952,US-1943-CHINESE-EXCLUSION-REPEAL,1943,9,0.3199,-0.15,immigration_race_foreign_policy,Congress
20000,1952,US-1945-BRETTON-WOODS,1945,7,0.3894,-0.1734,international_economic_order,Congress
20000,1952,US-1945-UN-PARTICIPATION,1945,7,0.2913,-0.1966,foreign_policy_multilateralism,Congress
20000,1952,US-1946-APA,1946,6,0.3842,-0.2014,administrative_state,Congress
20000,1952,US-1948-DISPLACED-PERSONS-ACT,1948,4,0.3737,-0.0661,immigration_refugees,Congress
20000,1952,US-1948-MARSHALL-PLAN,1948,4,0.5434,-0.1615,foreign_aid_security,Congress
20000,1952,US-1948-SHELLEY,1948,4,0.2709,-0.228,civil_rights_housing,Supreme Court
20000,1952,US-1950-DPA,1950,2,0.4643,-0.21,industrial_policy_security,Congress
20000,1952,US-1950-INTERNAL-SECURITY,1950,2,0.3177,-0.1861,security_civil_liberties,Congress
20000,1952,US-1951-DENNIS,1951,1,0.3201,-0.2581,speech_security,Supreme Court
20000,1952,US-1956-BANK-HOLDING-COMPANY-ACT,1956,-4,0.3653,-0.1548,banking_finance,Congress
20000,1952,US-1957-YATES,1957,-5,0.3229,-0.2858,speech_security,Supreme Court
20000,1952,US-1958-NDEA,1958,-6,0.6706,-0.1589,education_science_security,Congress
20000,1952,US-1958-NASA-ACT,1958,-6,0.5217,-0.2067,science_space_state_capacity,Congress
20000,1952,US-1958-COOPER,1958,-6,0.2798,-0.2627,civil_rights_federalism,Supreme Court
20000,1952,US-1961-PEACE-CORPS,1961,-9,0.4941,-0.2109,foreign_aid_civic_service,Congress/President
20000,1952,US-1942-EO9066,1942,10,0.3775,-0.198,civil_liberties_security_race,President
20000,1952,US-1947-TRUMAN-DOCTRINE,1947,5,0.372,-0.1867,foreign_policy_security,Congress/President
20000,1952,US-1957-EO10730,1957,-5,0.3585,-0.2305,civil_rights_state_capacity,President
5000,1952,US-1942-WICKARD,1942,10,0.3153,-0.1345,state_capacity,Supreme Court
5000,1952,US-1944-GI-BILL,1944,8,0.5007,-0.1093,veterans_education_housing,Congress
5000,1952,US-1944-KOREMATSU,1944,8,0.5376,-0.1073,civil_liberties_security,Supreme Court
5000,1952,US-1946-EMPLOYMENT-ACT,1946,6,0.4813,-0.1031,macroeconomic_governance,Congress
5000,1952,US-1947-NATIONAL-SECURITY-ACT,1947,5,0.3796,-0.111,security_state,Congress
5000,1952,US-1947-TAFT-HARTLEY,1947,5,0.4386,-0.1643,labor,Congress
5000,1952,US-1948-EO9981,1948,4,0.444,-0.1211,civil_rights,President
5000,1952,US-1952-INA,1952,0,0.3682,-0.1317,immigration,Congress
5000,1952,US-1952-YOUNGSTOWN,1952,0,0.4483,-0.1507,executive_power,Supreme Court
5000,1952,US-1954-BROWN,1954,-2,0.3668,-0.1466,civil_rights,Supreme Court
5000,1952,US-1956-HIGHWAY,1956,-4,0.4378,-0.1185,infrastructure,Congress
5000,1952,US-1957-CIVIL-RIGHTS-ACT,1957,-5,0.3872,-0.1277,civil_rights_democracy,Congress
5000,1952,US-1961-MAPP,1961,-9,0.2674,-0.1639,criminal_procedure,Supreme Court
5000,1952,US-1962-BAKER,1962,-10,0.2968,-0.1453,democracy,Supreme Court
5000,1952,US-1962-ENGEL,1962,-10,0.3745,-0.1459,religion_schools,Supreme Court
5000,1952,US-1962-KEFAUVER-HARRIS,1962,-10,0.2969,-0.1137,consumer_health,Congress
5000,1952,US-1942-EMERGENCY-PRICE-CONTROL,1942,10,0.5316,-0.1244,wartime_economic_control,Congress
5000,1952,US-1943-CHINESE-EXCLUSION-REPEAL,1943,9,0.3947,-0.0885,immigration_race_foreign_policy,Congress
5000,1952,US-1945-BRETTON-WOODS,1945,7,0.4093,-0.1088,international_economic_order,Congress
5000,1952,US-1945-UN-PARTICIPATION,1945,7,0.297,-0.1166,foreign_policy_multilateralism,Congress
5000,1952,US-1946-APA,1946,6,0.2563,-0.1147,administrative_state,Congress
5000,1952,US-1948-DISPLACED-PERSONS-ACT,1948,4,0.3941,-0.0335,immigration_refugees,Congress
5000,1952,US-1948-MARSHALL-PLAN,1948,4,0.4876,-0.1003,foreign_aid_security,Congress
5000,1952,US-1948-SHELLEY,1948,4,0.4069,-0.1422,civil_rights_housing,Supreme Court
5000,1952,US-1950-DPA,1950,2,0.4774,-0.1314,industrial_policy_security,Congress
5000,1952,US-1950-INTERNAL-SECURITY,1950,2,0.3167,-0.1364,security_civil_liberties,Congress
5000,1952,US-1951-DENNIS,1951,1,0.3255,-0.1804,speech_security,Supreme Court
5000,1952,US-1956-BANK-HOLDING-COMPANY-ACT,1956,-4,0.4138,-0.1366,banking_finance,Congress
5000,1952,US-1957-YATES,1957,-5,0.2282,-0.2207,speech_security,Supreme Court
5000,1952,US-1958-NDEA,1958,-6,0.5483,-0.1083,education_science_security,Congress
5000,1952,US-1958-NASA-ACT,1958,-6,0.4013,-0.1505,science_space_state_capacity,Congress
5000,1952,US-1958-COOPER,1958,-6,0.3493,-0.1906,civil_rights_federalism,Supreme Court
5000,1952,US-1961-PEACE-CORPS,1961,-9,0.5187,-0.1364,foreign_aid_civic_service,Congress/President
5000,1952,US-1942-EO9066,1942,10,0.4972,-0.1177,civil_liberties_security_race,President
5000,1952,US-1947-TRUMAN-DOCTRINE,1947,5,0.4192,-0.1144,foreign_policy_security,Congress/President
5000,1952,US-1957-EO10730,1957,-5,0.4623,-0.1478,civil_rights_state_capacity,President
10000,1953,US-1944-GI-BILL,1944,9,0.5566,-0.1809,veterans_education_housing,Congress
10000,1953,US-1944-KOREMATSU,1944,9,0.5374,-0.1628,civil_liberties_security,Supreme Court
10000,1953,US-1946-EMPLOYMENT-ACT,1946,7,0.4436,-0.1699,macroeconomic_governance,Congress
10000,1953,US-1947-NATIONAL-SECURITY-ACT,1947,6,0.4532,-0.184,security_state,Congress
10000,1953,US-1947-TAFT-HARTLEY,1947,6,0.3857,-0.2437,labor,Congress
10000,1953,US-1948-EO9981,1948,5,0.4767,-0.1909,civil_rights,President
10000,1953,US-1952-INA,1952,1,0.3684,-0.2141,immigration,Congress
10000,1953,US-1952-YOUNGSTOWN,1952,1,0.3398,-0.2238,executive_power,Supreme Court
10000,1953,US-1954-BROWN,1954,-1,0.3825,-0.2386,civil_rights,Supreme Court
10000,1953,US-1956-HIGHWAY,1956,-3,0.4816,-0.2013,infrastructure,Congress
10000,1953,US-1957-CIVIL-RIGHTS-ACT,1957,-4,0.4008,-0.2171,civil_rights_democracy,Congress
10000,1953,US-1961-MAPP,1961,-8,0.2769,-0.2248,criminal_procedure,Supreme Court
10000,1953,US-1962-BAKER,1962,-9,0.2886,-0.2109,democracy,Supreme Court
10000,1953,US-1962-ENGEL,1962,-9,0.416,-0.2275,religion_schools,Supreme Court
10000,1953,US-1962-KEFAUVER-HARRIS,1962,-9,0.3382,-0.2206,consumer_health,Congress
10000,1953,US-1963-EQUAL-PAY,1963,-10,0.5041,-0.1969,gender_labor,Congress
10000,1953,US-1963-GIDEON,1963,-10,0.3697,-0.2098,criminal_procedure,Supreme Court
10000,1953,US-1943-CHINESE-EXCLUSION-REPEAL,1943,10,0.2877,-0.1534,immigration_race_foreign_policy,Congress
10000,1953,US-1945-BRETTON-WOODS,1945,8,0.4138,-0.1869,international_economic_order,Congress
10000,1953,US-1945-UN-PARTICIPATION,1945,8,0.302,-0.2058,foreign_policy_multilateralism,Congress
10000,1953,US-1946-APA,1946,7,0.2941,-0.2021,administrative_state,Congress
10000,1953,US-1948-DISPLACED-PERSONS-ACT,1948,5,0.3921,-0.0589,immigration_refugees,Congress
10000,1953,US-1948-MARSHALL-PLAN,1948,5,0.584,-0.1743,foreign_aid_security,Congress
10000,1953,US-1948-SHELLEY,1948,5,0.3513,-0.2243,civil_rights_housing,Supreme Court
10000,1953,US-1950-DPA,1950,3,0.5068,-0.2323,industrial_policy_security,Congress
10000,1953,US-1950-INTERNAL-SECURITY,1950,3,0.2722,-0.2042,security_civil_liberties,Congress
10000,1953,US-1951-DENNIS,1951,2,0.3356,-0.2671,speech_security,Supreme Court
10000,1953,US-1956-BANK-HOLDING-COMPANY-ACT,1956,-3,0.3449,-0.2042,banking_finance,Congress
10000,1953,US-1957-YATES,1957,-4,0.2571,-0.2787,speech_security,Supreme Court
10000,1953,US-1958-NDEA,1958,-5,0.6801,-0.1786,education_science_security,Congress
10000,1953,US-1958-NASA-ACT,1958,-5,0.449,-0.2305,science_space_state_capacity,Congress
10000,1953,US-1958-COOPER,1958,-5,0.3196,-0.2673,civil_rights_federalism,Supreme Court
10000,1953,US-1961-PEACE-CORPS,1961,-8,0.5732,-0.2222,foreign_aid_civic_service,Congress/President
10000,1953,US-1947-TRUMAN-DOCTRINE,1947,6,0.4447,-0.1907,foreign_policy_security,Congress/President
10000,1953,US-1957-EO10730,1957,-4,0.4344,-0.2197,civil_rights_state_capacity,President
10000,1953,US-1963-TEST-BAN-TREATY,1963,-10,0.4714,-0.2032,nuclear_arms_control,Congress/President
20000,1953,US-1944-GI-BILL,1944,9,0.4426,-0.1831,veterans_education_housing,Congress
20000,1953,US-1944-KOREMATSU,1944,9,0.3693,-0.1856,civil_liberties_security,Supreme Court
20000,1953,US-1946-EMPLOYMENT-ACT,1946,7,0.3374,-0.1733,macroeconomic_governance,Congress
20000,1953,US-1947-NATIONAL-SECURITY-ACT,1947,6,0.2881,-0.1861,security_state,Congress
20000,1953,US-1947-TAFT-HARTLEY,1947,6,0.2723,-0.2032,labor,Congress
20000,1953,US-1948-EO9981,1948,5,0.3351,-0.1811,civil_rights,President
20000,1953,US-1952-INA,1952,1,0.2749,-0.197,immigration,Congress
20000,1953,US-1952-YOUNGSTOWN,1952,1,0.2425,-0.2336,executive_power,Supreme Court
20000,1953,US-1954-BROWN,1954,-1,0.2574,-0.2186,civil_rights,Supreme Court
20000,1953,US-1956-HIGHWAY,1956,-3,0.3494,-0.2077,infrastructure,Congress
20000,1953,US-1957-CIVIL-RIGHTS-ACT,1957,-4,0.2888,-0.2225,civil_rights_democracy,Congress
20000,1953,US-1961-MAPP,1961,-8,0.2018,-0.2165,criminal_procedure,Supreme Court
20000,1953,US-1962-BAKER,1962,-9,0.1962,-0.218,democracy,Supreme Court
20000,1953,US-1962-ENGEL,1962,-9,0.3194,-0.2185,religion_schools,Supreme Court
20000,1953,US-1962-KEFAUVER-HARRIS,1962,-9,0.1841,-0.2336,consumer_health,Congress
20000,1953,US-1963-EQUAL-PAY,1963,-10,0.3595,-0.1656,gender_labor,Congress
20000,1953,US-1963-GIDEON,1963,-10,0.2805,-0.2217,criminal_procedure,Supreme Court
20000,1953,US-1943-CHINESE-EXCLUSION-REPEAL,1943,10,0.1998,-0.1719,immigration_race_foreign_policy,Congress
20000,1953,US-1945-BRETTON-WOODS,1945,8,0.2695,-0.186,international_economic_order,Congress
20000,1953,US-1945-UN-PARTICIPATION,1945,8,0.2074,-0.1932,foreign_policy_multilateralism,Congress
20000,1953,US-1946-APA,1946,7,0.2074,-0.2209,administrative_state,Congress
20000,1953,US-1948-DISPLACED-PERSONS-ACT,1948,5,0.2939,-0.0687,immigration_refugees,Congress
20000,1953,US-1948-MARSHALL-PLAN,1948,5,0.4026,-0.1863,foreign_aid_security,Congress
20000,1953,US-1948-SHELLEY,1948,5,0.2043,-0.2162,civil_rights_housing,Supreme Court
20000,1953,US-1950-DPA,1950,3,0.3475,-0.2233,industrial_policy_security,Congress
20000,1953,US-1950-INTERNAL-SECURITY,1950,3,0.1616,-0.1921,security_civil_liberties,Congress
20000,1953,US-1951-DENNIS,1951,2,0.2381,-0.2607,speech_security,Supreme Court
20000,1953,US-1956-BANK-HOLDING-COMPANY-ACT,1956,-3,0.2181,-0.1856,banking_finance,Congress
20000,1953,US-1957-YATES,1957,-4,0.2098,-0.2694,speech_security,Supreme Court
20000,1953,US-1958-NDEA,1958,-5,0.5591,-0.1763,education_science_security,Congress
20000,1953,US-1958-NASA-ACT,1958,-5,0.3349,-0.2276,science_space_state_capacity,Congress
20000,1953,US-1958-COOPER,1958,-5,0.2352,-0.2652,civil_rights_federalism,Supreme Court
20000,1953,US-1961-PEACE-CORPS,1961,-8,0.4222,-0.2265,foreign_aid_civic_service,Congress/President
20000,1953,US-1947-TRUMAN-DOCTRINE,1947,6,0.2461,-0.1852,foreign_policy_security,Congress/President
20000,1953,US-1957-EO10730,1957,-4,0.2582,-0.2374,civil_rights_state_capacity,President
20000,1953,US-1963-TEST-BAN-TREATY,1963,-10,0.2332,-0.1951,nuclear_arms_control,Congress/President
5000,1953,US-1944-GI-BILL,1944,9,0.5173,-0.0953,veterans_education_housing,Congress
5000,1953,US-1944-KOREMATSU,1944,9,0.4949,-0.0897,civil_liberties_security,Supreme Court
5000,1953,US-1946-EMPLOYMENT-ACT,1946,7,0.4525,-0.0747,macroeconomic_governance,Congress
5000,1953,US-1947-NATIONAL-SECURITY-ACT,1947,6,0.3987,-0.0806,security_state,Congress
5000,1953,US-1947-TAFT-HARTLEY,1947,6,0.4065,-0.1104,labor,Congress
5000,1953,US-1948-EO9981,1948,5,0.4614,-0.0945,civil_rights,President
5000,1953,US-1952-INA,1952,1,0.3813,-0.1008,immigration,Congress
5000,1953,US-1952-YOUNGSTOWN,1952,1,0.3578,-0.1162,executive_power,Supreme Court
5000,1953,US-1954-BROWN,1954,-1,0.3827,-0.1187,civil_rights,Supreme Court
5000,1953,US-1956-HIGHWAY,1956,-3,0.4134,-0.0913,infrastructure,Congress
5000,1953,US-1957-CIVIL-RIGHTS-ACT,1957,-4,0.4116,-0.0957,civil_rights_democracy,Congress
5000,1953,US-1961-MAPP,1961,-8,0.2924,-0.1229,criminal_procedure,Supreme Court
5000,1953,US-1962-BAKER,1962,-9,0.2848,-0.1074,democracy,Supreme Court
5000,1953,US-1962-ENGEL,1962,-9,0.4331,-0.1119,religion_schools,Supreme Court
5000,1953,US-1962-KEFAUVER-HARRIS,1962,-9,0.3738,-0.0971,consumer_health,Congress
5000,1953,US-1963-EQUAL-PAY,1963,-10,0.4864,-0.0883,gender_labor,Congress
5000,1953,US-1963-GIDEON,1963,-10,0.3862,-0.1236,criminal_procedure,Supreme Court
5000,1953,US-1943-CHINESE-EXCLUSION-REPEAL,1943,10,0.3115,-0.0713,immigration_race_foreign_policy,Congress
5000,1953,US-1945-BRETTON-WOODS,1945,8,0.4053,-0.0886,international_economic_order,Congress
5000,1953,US-1945-UN-PARTICIPATION,1945,8,0.3284,-0.0952,foreign_policy_multilateralism,Congress
5000,1953,US-1946-APA,1946,7,0.2797,-0.0908,administrative_state,Congress
5000,1953,US-1948-DISPLACED-PERSONS-ACT,1948,5,0.3849,-0.0291,immigration_refugees,Congress
5000,1953,US-1948-MARSHALL-PLAN,1948,5,0.5101,-0.0797,foreign_aid_security,Congress
5000,1953,US-1948-SHELLEY,1948,5,0.3924,-0.105,civil_rights_housing,Supreme Court
5000,1953,US-1950-DPA,1950,3,0.4447,-0.0989,industrial_policy_security,Congress
5000,1953,US-1950-INTERNAL-SECURITY,1950,3,0.3322,-0.0991,security_civil_liberties,Congress
5000,1953,US-1951-DENNIS,1951,2,0.3457,-0.1411,speech_security,Supreme Court
5000,1953,US-1956-BANK-HOLDING-COMPANY-ACT,1956,-3,0.3625,-0.104,banking_finance,Congress
5000,1953,US-1957-YATES,1957,-4,0.2388,-0.1732,speech_security,Supreme Court
5000,1953,US-1958-NDEA,1958,-5,0.6356,-0.0846,education_science_security,Congress
5000,1953,US-1958-NASA-ACT,1958,-5,0.4161,-0.116,science_space_state_capacity,Congress
5000,1953,US-1958-COOPER,1958,-5,0.3278,-0.143,civil_rights_federalism,Supreme Court
5000,1953,US-1961-PEACE-CORPS,1961,-8,0.5403,-0.1108,foreign_aid_civic_service,Congress/President
5000,1953,US-1947-TRUMAN-DOCTRINE,1947,6,0.4114,-0.0955,foreign_policy_security,Congress/President
5000,1953,US-1957-EO10730,1957,-4,0.392,-0.1034,civil_rights_state_capacity,President
5000,1953,US-1963-TEST-BAN-TREATY,1963,-10,0.4349,-0.0984,nuclear_arms_control,Congress/President
10000,1954,US-1944-GI-BILL,1944,10,0.5943,-0.1514,veterans_education_housing,Congress
10000,1954,US-1944-KOREMATSU,1944,10,0.5257,-0.1377,civil_liberties_security,Supreme Court
10000,1954,US-1946-EMPLOYMENT-ACT,1946,8,0.5575,-0.1361,macroeconomic_governance,Congress
10000,1954,US-1947-NATIONAL-SECURITY-ACT,1947,7,0.4299,-0.1403,security_state,Congress
10000,1954,US-1947-TAFT-HARTLEY,1947,7,0.4495,-0.1914,labor,Congress
10000,1954,US-1948-EO9981,1948,6,0.4934,-0.1563,civil_rights,President
10000,1954,US-1952-INA,1952,2,0.4683,-0.1727,immigration,Congress
10000,1954,US-1952-YOUNGSTOWN,1952,2,0.381,-0.1944,executive_power,Supreme Court
10000,1954,US-1954-BROWN,1954,0,0.3553,-0.1909,civil_rights,Supreme Court
10000,1954,US-1956-HIGHWAY,1956,-2,0.5478,-0.1577,infrastructure,Congress
10000,1954,US-1957-CIVIL-RIGHTS-ACT,1957,-3,0.486,-0.1829,civil_rights_democracy,Congress
10000,1954,US-1961-MAPP,1961,-7,0.2637,-0.1823,criminal_procedure,Supreme Court
10000,1954,US-1962-BAKER,1962,-8,0.3772,-0.1746,democracy,Supreme Court
10000,1954,US-1962-ENGEL,1962,-8,0.4003,-0.1881,religion_schools,Supreme Court
10000,1954,US-1962-KEFAUVER-HARRIS,1962,-8,0.3471,-0.1653,consumer_health,Congress
10000,1954,US-1963-EQUAL-PAY,1963,-9,0.4873,-0.1456,gender_labor,Congress
10000,1954,US-1963-GIDEON,1963,-9,0.4274,-0.1768,criminal_procedure,Supreme Court
10000,1954,US-1964-24TH-AMENDMENT,1964,-10,0.3979,-0.2059,democracy_civil_rights,constitutional_amendment
10000,1954,US-1964-CIVIL-RIGHTS-ACT,1964,-10,0.4196,-0.1902,civil_rights,Congress
10000,1954,US-1964-ECONOMIC-OPPORTUNITY,1964,-10,0.6494,-0.1713,poverty_social_policy,Congress
10000,1954,US-1964-HEART-ATLANTA,1964,-10,0.3641,-0.1903,civil_rights_state_capacity,Supreme Court
10000,1954,US-1964-NYT-SULLIVAN,1964,-10,0.4576,-0.1902,speech_press,Supreme Court
10000,1954,US-1964-REYNOLDS,1964,-10,0.4682,-0.1675,democracy,Supreme Court
10000,1954,US-1945-BRETTON-WOODS,1945,9,0.4227,-0.1385,international_economic_order,Congress
10000,1954,US-1945-UN-PARTICIPATION,1945,9,0.3576,-0.1614,foreign_policy_multilateralism,Congress
10000,1954,US-1946-APA,1946,8,0.3922,-0.17,administrative_state,Congress
10000,1954,US-1948-DISPLACED-PERSONS-ACT,1948,6,0.4031,-0.052,immigration_refugees,Congress
10000,1954,US-1948-MARSHALL-PLAN,1948,6,0.5866,-0.1351,foreign_aid_security,Congress
10000,1954,US-1948-SHELLEY,1948,6,0.3535,-0.1847,civil_rights_housing,Supreme Court
10000,1954,US-1950-DPA,1950,4,0.5397,-0.1865,industrial_policy_security,Congress
10000,1954,US-1950-INTERNAL-SECURITY,1950,4,0.3692,-0.1741,security_civil_liberties,Congress
10000,1954,US-1951-DENNIS,1951,3,0.3794,-0.2224,speech_security,Supreme Court
10000,1954,US-1956-BANK-HOLDING-COMPANY-ACT,1956,-2,0.3925,-0.1724,banking_finance,Congress
10000,1954,US-1957-YATES,1957,-3,0.3153,-0.2465,speech_security,Supreme Court
10000,1954,US-1958-NDEA,1958,-4,0.7155,-0.1451,education_science_security,Congress
10000,1954,US-1958-NASA-ACT,1958,-4,0.533,-0.192,science_space_state_capacity,Congress
10000,1954,US-1958-COOPER,1958,-4,0.3303,-0.2276,civil_rights_federalism,Supreme Court
10000,1954,US-1961-PEACE-CORPS,1961,-7,0.5656,-0.1722,foreign_aid_civic_service,Congress/President
10000,1954,US-1947-TRUMAN-DOCTRINE,1947,7,0.446,-0.1523,foreign_policy_security,Congress/President
10000,1954,US-1957-EO10730,1957,-3,0.4866,-0.1907,civil_rights_state_capacity,President
10000,1954,US-1963-TEST-BAN-TREATY,1963,-9,0.4747,-0.1507,nuclear_arms_control,Congress/President
10000,1954,US-1964-TONKIN-GULF,1964,-10,0.3316,-0.1466,war_powers_security,Congress
20000,1954,US-1944-GI-BILL,1944,10,0.4543,-0.1848,veterans_education_housing,Congress
20000,1954,US-1944-KOREMATSU,1944,10,0.4388,-0.2107,civil_liberties_security,Supreme Court
20000,1954,US-1946-EMPLOYMENT-ACT,1946,8,0.4416,-0.1669,macroeconomic_governance,Congress
20000,1954,US-1947-NATIONAL-SECURITY-ACT,1947,7,0.3448,-0.1793,security_state,Congress
20000,1954,US-1947-TAFT-HARTLEY,1947,7,0.3417,-0.204,labor,Congress
20000,1954,US-1948-EO9981,1948,6,0.3968,-0.1936,civil_rights,President
20000,1954,US-1952-INA,1952,2,0.3487,-0.2269,immigration,Congress
20000,1954,US-1952-YOUNGSTOWN,1952,2,0.2649,-0.2545,executive_power,Supreme Court
20000,1954,US-1954-BROWN,1954,0,0.2521,-0.2757,civil_rights,Supreme Court
20000,1954,US-1956-HIGHWAY,1956,-2,0.3828,-0.1989,infrastructure,Congress
20000,1954,US-1957-CIVIL-RIGHTS-ACT,1957,-3,0.3653,-0.2569,civil_rights_democracy,Congress
20000,1954,US-1961-MAPP,1961,-7,0.214,-0.2548,criminal_procedure,Supreme Court
20000,1954,US-1962-BAKER,1962,-8,0.2496,-0.2675,democracy,Supreme Court
20000,1954,US-1962-ENGEL,1962,-8,0.326,-0.2243,religion_schools,Supreme Court
20000,1954,US-1962-KEFAUVER-HARRIS,1962,-8,0.2338,-0.2397,consumer_health,Congress
20000,1954,US-1963-EQUAL-PAY,1963,-9,0.3726,-0.1888,gender_labor,Congress
20000,1954,US-1963-GIDEON,1963,-9,0.3154,-0.2232,criminal_procedure,Supreme Court
20000,1954,US-1964-24TH-AMENDMENT,1964,-10,0.2737,-0.2621,democracy_civil_rights,constitutional_amendment
20000,1954,US-1964-CIVIL-RIGHTS-ACT,1964,-10,0.3482,-0.207,civil_rights,Congress
20000,1954,US-1964-ECONOMIC-OPPORTUNITY,1964,-10,0.5148,-0.2165,poverty_social_policy,Congress
20000,1954,US-1964-HEART-ATLANTA,1964,-10,0.2782,-0.2237,civil_rights_state_capacity,Supreme Court
20000,1954,US-1964-NYT-SULLIVAN,1964,-10,0.324,-0.2685,speech_press,Supreme Court
20000,1954,US-1964-REYNOLDS,1964,-10,0.3322,-0.2155,democracy,Supreme Court
20000,1954,US-1945-BRETTON-WOODS,1945,9,0.3071,-0.2013,international_economic_order,Congress
20000,1954,US-1945-UN-PARTICIPATION,1945,9,0.2603,-0.2232,foreign_policy_multilateralism,Congress
20000,1954,US-1946-APA,1946,8,0.3056,-0.2379,administrative_state,Congress
20000,1954,US-1948-DISPLACED-PERSONS-ACT,1948,6,0.2862,-0.0759,immigration_refugees,Congress
20000,1954,US-1948-MARSHALL-PLAN,1948,6,0.4839,-0.1935,foreign_aid_security,Congress
20000,1954,US-1948-SHELLEY,1948,6,0.2055,-0.2846,civil_rights_housing,Supreme Court
20000,1954,US-1950-DPA,1950,4,0.42,-0.2412,industrial_policy_security,Congress
20000,1954,US-1950-INTERNAL-SECURITY,1950,4,0.2476,-0.2181,security_civil_liberties,Congress
20000,1954,US-1951-DENNIS,1951,3,0.2698,-0.2894,speech_security,Supreme Court
20000,1954,US-1956-BANK-HOLDING-COMPANY-ACT,1956,-2,0.2898,-0.2057,banking_finance,Congress
20000,1954,US-1957-YATES,1957,-3,0.2694,-0.3019,speech_security,Supreme Court
20000,1954,US-1958-NDEA,1958,-4,0.6047,-0.174,education_science_security,Congress
20000,1954,US-1958-NASA-ACT,1958,-4,0.4318,-0.232,science_space_state_capacity,Congress
20000,1954,US-1958-COOPER,1958,-4,0.2417,-0.2784,civil_rights_federalism,Supreme Court
20000,1954,US-1961-PEACE-CORPS,1961,-7,0.4441,-0.2367,foreign_aid_civic_service,Congress/President
20000,1954,US-1947-TRUMAN-DOCTRINE,1947,7,0.3247,-0.2308,foreign_policy_security,Congress/President
20000,1954,US-1957-EO10730,1957,-3,0.3292,-0.2458,civil_rights_state_capacity,President
20000,1954,US-1963-TEST-BAN-TREATY,1963,-9,0.3452,-0.2192,nuclear_arms_control,Congress/President
20000,1954,US-1964-TONKIN-GULF,1964,-10,0.2499,-0.197,war_powers_security,Congress
5000,1954,US-1944-GI-BILL,1944,10,0.4534,-0.1377,veterans_education_housing,Congress
5000,1954,US-1944-KOREMATSU,1944,10,0.4638,-0.1295,civil_liberties_security,Supreme Court
5000,1954,US-1946-EMPLOYMENT-ACT,1946,8,0.4662,-0.1265,macroeconomic_governance,Congress
5000,1954,US-1947-NATIONAL-SECURITY-ACT,1947,7,0.3652,-0.1307,security_state,Congress
5000,1954,US-1947-TAFT-HARTLEY,1947,7,0.3279,-0.1938,labor,Congress
5000,1954,US-1948-EO9981,1948,6,0.3647,-0.1412,civil_rights,President
5000,1954,US-1952-INA,1952,2,0.2929,-0.1574,immigration,Congress
5000,1954,US-1952-YOUNGSTOWN,1952,2,0.3443,-0.1721,executive_power,Supreme Court
5000,1954,US-1954-BROWN,1954,0,0.2717,-0.1877,civil_rights,Supreme Court
5000,1954,US-1956-HIGHWAY,1956,-2,0.4081,-0.1528,infrastructure,Congress
5000,1954,US-1957-CIVIL-RIGHTS-ACT,1957,-3,0.3649,-0.16,civil_rights_democracy,Congress
5000,1954,US-1961-MAPP,1961,-7,0.1797,-0.1885,criminal_procedure,Supreme Court
5000,1954,US-1962-BAKER,1962,-8,0.2574,-0.1668,democracy,Supreme Court
5000,1954,US-1962-ENGEL,1962,-8,0.297,-0.1776,religion_schools,Supreme Court
5000,1954,US-1962-KEFAUVER-HARRIS,1962,-8,0.2993,-0.1243,consumer_health,Congress
5000,1954,US-1963-EQUAL-PAY,1963,-9,0.4379,-0.13,gender_labor,Congress
5000,1954,US-1963-GIDEON,1963,-9,0.332,-0.1752,criminal_procedure,Supreme Court
5000,1954,US-1964-24TH-AMENDMENT,1964,-10,0.2986,-0.1901,democracy_civil_rights,constitutional_amendment
5000,1954,US-1964-CIVIL-RIGHTS-ACT,1964,-10,0.3513,-0.1925,civil_rights,Congress
5000,1954,US-1964-ECONOMIC-OPPORTUNITY,1964,-10,0.4705,-0.152,poverty_social_policy,Congress
5000,1954,US-1964-HEART-ATLANTA,1964,-10,0.2657,-0.1951,civil_rights_state_capacity,Supreme Court
5000,1954,US-1964-NYT-SULLIVAN,1964,-10,0.4172,-0.1661,speech_press,Supreme Court
5000,1954,US-1964-REYNOLDS,1964,-10,0.3441,-0.1535,democracy,Supreme Court
5000,1954,US-1945-BRETTON-WOODS,1945,9,0.357,-0.1319,international_economic_order,Congress
5000,1954,US-1945-UN-PARTICIPATION,1945,9,0.2946,-0.1511,foreign_policy_multilateralism,Congress
5000,1954,US-1946-APA,1946,8,0.2574,-0.1432,administrative_state,Congress
5000,1954,US-1948-DISPLACED-PERSONS-ACT,1948,6,0.2663,-0.0432,immigration_refugees,Congress
5000,1954,US-1948-MARSHALL-PLAN,1948,6,0.47,-0.1251,foreign_aid_security,Congress
5000,1954,US-1948-SHELLEY,1948,6,0.3183,-0.1745,civil_rights_housing,Supreme Court
5000,1954,US-1950-DPA,1950,4,0.4016,-0.1608,industrial_policy_security,Congress
5000,1954,US-1950-INTERNAL-SECURITY,1950,4,0.2821,-0.15,security_civil_liberties,Congress
5000,1954,US-1951-DENNIS,1951,3,0.3189,-0.2147,speech_security,Supreme Court
5000,1954,US-1956-BANK-HOLDING-COMPANY-ACT,1956,-2,0.2823,-0.1568,banking_finance,Congress
5000,1954,US-1957-YATES,1957,-3,0.1983,-0.2563,speech_security,Supreme Court
5000,1954,US-1958-NDEA,1958,-4,0.5613,-0.1322,education_science_security,Congress
5000,1954,US-1958-NASA-ACT,1958,-4,0.366,-0.1848,science_space_state_capacity,Congress
5000,1954,US-1958-COOPER,1958,-4,0.2308,-0.2212,civil_rights_federalism,Supreme Court
5000,1954,US-1961-PEACE-CORPS,1961,-7,0.4646,-0.167,foreign_aid_civic_service,Congress/President
5000,1954,US-1947-TRUMAN-DOCTRINE,1947,7,0.3778,-0.1512,foreign_policy_security,Congress/President
5000,1954,US-1957-EO10730,1957,-3,0.3455,-0.1666,civil_rights_state_capacity,President
5000,1954,US-1963-TEST-BAN-TREATY,1963,-9,0.3552,-0.1314,nuclear_arms_control,Congress/President
5000,1954,US-1964-TONKIN-GULF,1964,-10,0.2293,-0.1235,war_powers_security,Congress
10000,1955,US-1946-EMPLOYMENT-ACT,1946,9,0.4749,-0.1068,macroeconomic_governance,Congress
10000,1955,US-1947-NATIONAL-SECURITY-ACT,1947,8,0.4056,-0.1257,security_state,Congress
10000,1955,US-1947-TAFT-HARTLEY,1947,8,0.3517,-0.182,labor,Congress
10000,1955,US-1948-EO9981,1948,7,0.4546,-0.1351,civil_rights,President
10000,1955,US-1952-INA,1952,3,0.3681,-0.1579,immigration,Congress
10000,1955,US-1952-YOUNGSTOWN,1952,3,0.3581,-0.1765,executive_power,Supreme Court
10000,1955,US-1954-BROWN,1954,1,0.344,-0.1978,civil_rights,Supreme Court
10000,1955,US-1956-HIGHWAY,1956,-1,0.4624,-0.1411,infrastructure,Congress
10000,1955,US-1957-CIVIL-RIGHTS-ACT,1957,-2,0.4027,-0.1586,civil_rights_democracy,Congress
10000,1955,US-1961-MAPP,1961,-6,0.2123,-0.1965,criminal_procedure,Supreme Court
10000,1955,US-1962-BAKER,1962,-7,0.272,-0.1624,democracy,Supreme Court
10000,1955,US-1962-ENGEL,1962,-7,0.3776,-0.175,religion_schools,Supreme Court
10000,1955,US-1962-KEFAUVER-HARRIS,1962,-7,0.2694,-0.1475,consumer_health,Congress
10000,1955,US-1963-EQUAL-PAY,1963,-8,0.4885,-0.1293,gender_labor,Congress
10000,1955,US-1963-GIDEON,1963,-8,0.3649,-0.153,criminal_procedure,Supreme Court
10000,1955,US-1964-24TH-AMENDMENT,1964,-9,0.3419,-0.1855,democracy_civil_rights,constitutional_amendment
10000,1955,US-1964-CIVIL-RIGHTS-ACT,1964,-9,0.3292,-0.1483,civil_rights,Congress
10000,1955,US-1964-ECONOMIC-OPPORTUNITY,1964,-9,0.5586,-0.1493,poverty_social_policy,Congress
10000,1955,US-1964-HEART-ATLANTA,1964,-9,0.3217,-0.1566,civil_rights_state_capacity,Supreme Court
10000,1955,US-1964-NYT-SULLIVAN,1964,-9,0.3638,-0.1919,speech_press,Supreme Court
10000,1955,US-1964-REYNOLDS,1964,-9,0.3981,-0.1566,democracy,Supreme Court
10000,1955,US-1965-ESEA,1965,-10,0.4716,-0.1279,education,Congress
10000,1955,US-1965-GRISWOLD,1965,-10,0.3607,-0.1975,privacy_family,Supreme Court
10000,1955,US-1965-HART-CELLER,1965,-10,0.3221,-0.1337,immigration,Congress
10000,1955,US-1965-MEDICARE-MEDICAID,1965,-10,0.5312,-0.1279,health_social_insurance,Congress
10000,1955,US-1965-VRA,1965,-10,0.3342,-0.103,democracy_civil_rights,Congress
10000,1955,US-1945-BRETTON-WOODS,1945,10,0.376,-0.1332,international_economic_order,Congress
10000,1955,US-1945-UN-PARTICIPATION,1945,10,0.3095,-0.1535,foreign_policy_multilateralism,Congress
10000,1955,US-1946-APA,1946,9,0.2772,-0.134,administrative_state,Congress
10000,1955,US-1948-DISPLACED-PERSONS-ACT,1948,7,0.3846,-0.0426,immigration_refugees,Congress
10000,1955,US-1948-MARSHALL-PLAN,1948,7,0.5336,-0.1222,foreign_aid_security,Congress
10000,1955,US-1948-SHELLEY,1948,7,0.3392,-0.1921,civil_rights_housing,Supreme Court
10000,1955,US-1950-DPA,1950,5,0.4775,-0.1585,industrial_policy_security,Congress
10000,1955,US-1950-INTERNAL-SECURITY,1950,5,0.2581,-0.1465,security_civil_liberties,Congress
10000,1955,US-1951-DENNIS,1951,4,0.2997,-0.2297,speech_security,Supreme Court
10000,1955,US-1956-BANK-HOLDING-COMPANY-ACT,1956,-1,0.2893,-0.1451,banking_finance,Congress
10000,1955,US-1957-YATES,1957,-2,0.2645,-0.2519,speech_security,Supreme Court
10000,1955,US-1958-NDEA,1958,-3,0.6413,-0.1305,education_science_security,Congress
10000,1955,US-1958-NASA-ACT,1958,-3,0.4629,-0.1661,science_space_state_capacity,Congress
10000,1955,US-1958-COOPER,1958,-3,0.2858,-0.2212,civil_rights_federalism,Supreme Court
10000,1955,US-1961-PEACE-CORPS,1961,-6,0.5392,-0.1711,foreign_aid_civic_service,Congress/President
10000,1955,US-1947-TRUMAN-DOCTRINE,1947,8,0.3611,-0.1451,foreign_policy_security,Congress/President
10000,1955,US-1957-EO10730,1957,-2,0.4026,-0.1759,civil_rights_state_capacity,President
10000,1955,US-1963-TEST-BAN-TREATY,1963,-8,0.3716,-0.1653,nuclear_arms_control,Congress/President
10000,1955,US-1964-TONKIN-GULF,1964,-9,0.2523,-0.1242,war_powers_security,Congress
20000,1955,US-1946-EMPLOYMENT-ACT,1946,9,0.4855,-0.1186,macroeconomic_governance,Congress
20000,1955,US-1947-NATIONAL-SECURITY-ACT,1947,8,0.3825,-0.1412,security_state,Congress
20000,1955,US-1947-TAFT-HARTLEY,1947,8,0.414,-0.1781,labor,Congress
20000,1955,US-1948-EO9981,1948,7,0.4435,-0.1476,civil_rights,President
20000,1955,US-1952-INA,1952,3,0.4293,-0.1736,immigration,Congress
20000,1955,US-1952-YOUNGSTOWN,1952,3,0.3252,-0.1911,executive_power,Supreme Court
20000,1955,US-1954-BROWN,1954,1,0.3294,-0.1911,civil_rights,Supreme Court
20000,1955,US-1956-HIGHWAY,1956,-1,0.4381,-0.1586,infrastructure,Congress
20000,1955,US-1957-CIVIL-RIGHTS-ACT,1957,-2,0.4161,-0.1959,civil_rights_democracy,Congress
20000,1955,US-1961-MAPP,1961,-6,0.3142,-0.1775,criminal_procedure,Supreme Court
20000,1955,US-1962-BAKER,1962,-7,0.3344,-0.1847,democracy,Supreme Court
20000,1955,US-1962-ENGEL,1962,-7,0.4302,-0.184,religion_schools,Supreme Court
20000,1955,US-1962-KEFAUVER-HARRIS,1962,-7,0.3779,-0.1653,consumer_health,Congress
20000,1955,US-1963-EQUAL-PAY,1963,-8,0.4653,-0.1488,gender_labor,Congress
20000,1955,US-1963-GIDEON,1963,-8,0.4115,-0.1791,criminal_procedure,Supreme Court
20000,1955,US-1964-24TH-AMENDMENT,1964,-9,0.3441,-0.1862,democracy_civil_rights,constitutional_amendment
20000,1955,US-1964-CIVIL-RIGHTS-ACT,1964,-9,0.4212,-0.1502,civil_rights,Congress
20000,1955,US-1964-ECONOMIC-OPPORTUNITY,1964,-9,0.5341,-0.1796,poverty_social_policy,Congress
20000,1955,US-1964-HEART-ATLANTA,1964,-9,0.3245,-0.1588,civil_rights_state_capacity,Supreme Court
20000,1955,US-1964-NYT-SULLIVAN,1964,-9,0.4432,-0.2081,speech_press,Supreme Court
20000,1955,US-1964-REYNOLDS,1964,-9,0.4552,-0.1766,democracy,Supreme Court
20000,1955,US-1965-ESEA,1965,-10,0.513,-0.1328,education,Congress
20000,1955,US-1965-GRISWOLD,1965,-10,0.4039,-0.2057,privacy_family,Supreme Court
20000,1955,US-1965-HART-CELLER,1965,-10,0.3744,-0.1456,immigration,Congress
20000,1955,US-1965-MEDICARE-MEDICAID,1965,-10,0.4991,-0.1564,health_social_insurance,Congress
20000,1955,US-1965-VRA,1965,-10,0.3553,-0.1049,democracy_civil_rights,Congress
20000,1955,US-1945-BRETTON-WOODS,1945,10,0.3756,-0.1585,international_economic_order,Congress
20000,1955,US-1945-UN-PARTICIPATION,1945,10,0.2769,-0.168,foreign_policy_multilateralism,Congress
20000,1955,US-1946-APA,1946,9,0.3843,-0.1659,administrative_state,Congress
20000,1955,US-1948-DISPLACED-PERSONS-ACT,1948,7,0.3762,-0.0502,immigration_refugees,Congress
20000,1955,US-1948-MARSHALL-PLAN,1948,7,0.522,-0.1509,foreign_aid_security,Congress
20000,1955,US-1948-SHELLEY,1948,7,0.2794,-0.1998,civil_rights_housing,Supreme Court
20000,1955,US-1950-DPA,1950,5,0.4155,-0.1684,industrial_policy_security,Congress
20000,1955,US-1950-INTERNAL-SECURITY,1950,5,0.2878,-0.1553,security_civil_liberties,Congress
20000,1955,US-1951-DENNIS,1951,4,0.3484,-0.2318,speech_security,Supreme Court
20000,1955,US-1956-BANK-HOLDING-COMPANY-ACT,1956,-1,0.3535,-0.1506,banking_finance,Congress
20000,1955,US-1957-YATES,1957,-2,0.3978,-0.2363,speech_security,Supreme Court
20000,1955,US-1958-NDEA,1958,-3,0.6443,-0.1435,education_science_security,Congress
20000,1955,US-1958-NASA-ACT,1958,-3,0.4569,-0.1798,science_space_state_capacity,Congress
20000,1955,US-1958-COOPER,1958,-3,0.3243,-0.2179,civil_rights_federalism,Supreme Court
20000,1955,US-1961-PEACE-CORPS,1961,-6,0.4713,-0.1945,foreign_aid_civic_service,Congress/President
20000,1955,US-1947-TRUMAN-DOCTRINE,1947,8,0.3511,-0.1686,foreign_policy_security,Congress/President
20000,1955,US-1957-EO10730,1957,-2,0.3411,-0.1896,civil_rights_state_capacity,President
20000,1955,US-1963-TEST-BAN-TREATY,1963,-8,0.3155,-0.169,nuclear_arms_control,Congress/President
20000,1955,US-1964-TONKIN-GULF,1964,-9,0.2608,-0.1491,war_powers_security,Congress
5000,1955,US-1946-EMPLOYMENT-ACT,1946,9,0.5097,-0.1077,macroeconomic_governance,Congress
5000,1955,US-1947-NATIONAL-SECURITY-ACT,1947,8,0.4313,-0.1126,security_state,Congress
5000,1955,US-1947-TAFT-HARTLEY,1947,8,0.4488,-0.1464,labor,Congress
5000,1955,US-1948-EO9981,1948,7,0.4966,-0.1262,civil_rights,President
5000,1955,US-1952-INA,1952,3,0.4327,-0.1394,immigration,Congress
5000,1955,US-1952-YOUNGSTOWN,1952,3,0.4243,-0.1417,executive_power,Supreme Court
5000,1955,US-1954-BROWN,1954,1,0.3547,-0.1438,civil_rights,Supreme Court
5000,1955,US-1956-HIGHWAY,1956,-1,0.4783,-0.127,infrastructure,Congress
5000,1955,US-1957-CIVIL-RIGHTS-ACT,1957,-2,0.4339,-0.1377,civil_rights_democracy,Congress
5000,1955,US-1961-MAPP,1961,-6,0.2983,-0.1578,criminal_procedure,Supreme Court
5000,1955,US-1962-BAKER,1962,-7,0.3571,-0.1395,democracy,Supreme Court
5000,1955,US-1962-ENGEL,1962,-7,0.3992,-0.1383,religion_schools,Supreme Court
5000,1955,US-1962-KEFAUVER-HARRIS,1962,-7,0.4225,-0.1236,consumer_health,Congress
5000,1955,US-1963-EQUAL-PAY,1963,-8,0.5345,-0.1245,gender_labor,Congress
5000,1955,US-1963-GIDEON,1963,-8,0.4389,-0.1446,criminal_procedure,Supreme Court
5000,1955,US-1964-24TH-AMENDMENT,1964,-9,0.3745,-0.1493,democracy_civil_rights,constitutional_amendment
5000,1955,US-1964-CIVIL-RIGHTS-ACT,1964,-9,0.4478,-0.1351,civil_rights,Congress
5000,1955,US-1964-ECONOMIC-OPPORTUNITY,1964,-9,0.5122,-0.1381,poverty_social_policy,Congress
5000,1955,US-1964-HEART-ATLANTA,1964,-9,0.37,-0.1426,civil_rights_state_capacity,Supreme Court
5000,1955,US-1964-NYT-SULLIVAN,1964,-9,0.4966,-0.1513,speech_press,Supreme Court
5000,1955,US-1964-REYNOLDS,1964,-9,0.4588,-0.1317,democracy,Supreme Court
5000,1955,US-1965-ESEA,1965,-10,0.5112,-0.1215,education,Congress
5000,1955,US-1965-GRISWOLD,1965,-10,0.4545,-0.1457,privacy_family,Supreme Court
5000,1955,US-1965-HART-CELLER,1965,-10,0.3714,-0.1198,immigration,Congress
5000,1955,US-1965-MEDICARE-MEDICAID,1965,-10,0.5482,-0.122,health_social_insurance,Congress
5000,1955,US-1965-VRA,1965,-10,0.4095,-0.1086,democracy_civil_rights,Congress
5000,1955,US-1945-BRETTON-WOODS,1945,10,0.4081,-0.1157,international_economic_order,Congress
5000,1955,US-1945-UN-PARTICIPATION,1945,10,0.3417,-0.1244,foreign_policy_multilateralism,Congress
5000,1955,US-1946-APA,1946,9,0.3312,-0.1267,administrative_state,Congress
5000,1955,US-1948-DISPLACED-PERSONS-ACT,1948,7,0.3583,-0.0346,immigration_refugees,Congress
5000,1955,US-1948-MARSHALL-PLAN,1948,7,0.5718,-0.1169,foreign_aid_security,Congress
5000,1955,US-1948-SHELLEY,1948,7,0.3953,-0.1512,civil_rights_housing,Supreme Court
5000,1955,US-1950-DPA,1950,5,0.4771,-0.1392,industrial_policy_security,Congress
5000,1955,US-1950-INTERNAL-SECURITY,1950,5,0.3497,-0.1464,security_civil_liberties,Congress
5000,1955,US-1951-DENNIS,1951,4,0.3993,-0.1775,speech_security,Supreme Court
5000,1955,US-1956-BANK-HOLDING-COMPANY-ACT,1956,-1,0.4324,-0.1344,banking_finance,Congress
5000,1955,US-1957-YATES,1957,-2,0.2736,-0.2046,speech_security,Supreme Court
5000,1955,US-1958-NDEA,1958,-3,0.6089,-0.1278,education_science_security,Congress
5000,1955,US-1958-NASA-ACT,1958,-3,0.4557,-0.1529,science_space_state_capacity,Congress
5000,1955,US-1958-COOPER,1958,-3,0.3807,-0.1731,civil_rights_federalism,Supreme Court
5000,1955,US-1961-PEACE-CORPS,1961,-6,0.5797,-0.1446,foreign_aid_civic_service,Congress/President
5000,1955,US-1947-TRUMAN-DOCTRINE,1947,8,0.4861,-0.1219,foreign_policy_security,Congress/President
5000,1955,US-1957-EO10730,1957,-2,0.4346,-0.1416,civil_rights_state_capacity,President
5000,1955,US-1963-TEST-BAN-TREATY,1963,-8,0.474,-0.13,nuclear_arms_control,Congress/President
5000,1955,US-1964-TONKIN-GULF,1964,-9,0.3011,-0.1099,war_powers_security,Congress
10000,1956,US-1946-EMPLOYMENT-ACT,1946,10,0.3097,-0.1158,macroeconomic_governance,Congress
10000,1956,US-1947-NATIONAL-SECURITY-ACT,1947,9,0.3037,-0.1224,security_state,Congress
10000,1956,US-1947-TAFT-HARTLEY,1947,9,0.2297,-0.1873,labor,Congress
10000,1956,US-1948-EO9981,1948,8,0.3451,-0.1465,civil_rights,President
10000,1956,US-1952-INA,1952,4,0.207,-0.1593,immigration,Congress
10000,1956,US-1952-YOUNGSTOWN,1952,4,0.2597,-0.1827,executive_power,Supreme Court
10000,1956,US-1954-BROWN,1954,2,0.2271,-0.1877,civil_rights,Supreme Court
10000,1956,US-1956-HIGHWAY,1956,0,0.3433,-0.1517,infrastructure,Congress
10000,1956,US-1957-CIVIL-RIGHTS-ACT,1957,-1,0.2663,-0.1672,civil_rights_democracy,Congress
10000,1956,US-1961-MAPP,1961,-5,0.133,-0.1879,criminal_procedure,Supreme Court
10000,1956,US-1962-BAKER,1962,-6,0.1723,-0.1688,democracy,Supreme Court
10000,1956,US-1962-ENGEL,1962,-6,0.2062,-0.1827,religion_schools,Supreme Court
10000,1956,US-1962-KEFAUVER-HARRIS,1962,-6,0.1629,-0.1516,consumer_health,Congress
10000,1956,US-1963-EQUAL-PAY,1963,-7,0.3327,-0.1333,gender_labor,Congress
10000,1956,US-1963-GIDEON,1963,-7,0.2092,-0.1717,criminal_procedure,Supreme Court
10000,1956,US-1964-24TH-AMENDMENT,1964,-8,0.2391,-0.1867,democracy_civil_rights,constitutional_amendment
10000,1956,US-1964-CIVIL-RIGHTS-ACT,1964,-8,0.241,-0.1481,civil_rights,Congress
10000,1956,US-1964-ECONOMIC-OPPORTUNITY,1964,-8,0.4509,-0.1545,poverty_social_policy,Congress
10000,1956,US-1964-HEART-ATLANTA,1964,-8,0.2287,-0.1722,civil_rights_state_capacity,Supreme Court
10000,1956,US-1964-NYT-SULLIVAN,1964,-8,0.2086,-0.1692,speech_press,Supreme Court
10000,1956,US-1964-REYNOLDS,1964,-8,0.2311,-0.1629,democracy,Supreme Court
10000,1956,US-1965-ESEA,1965,-9,0.3275,-0.1339,education,Congress
10000,1956,US-1965-GRISWOLD,1965,-9,0.2679,-0.1954,privacy_family,Supreme Court
10000,1956,US-1965-HART-CELLER,1965,-9,0.2059,-0.1414,immigration,Congress
10000,1956,US-1965-MEDICARE-MEDICAID,1965,-9,0.3772,-0.1434,health_social_insurance,Congress
10000,1956,US-1965-VRA,1965,-9,0.2076,-0.0955,democracy_civil_rights,Congress
10000,1956,US-1966-FOIA,1966,-10,0.2402,-0.1733,transparency,Congress
10000,1956,US-1966-HARPER,1966,-10,0.2851,-0.2098,democracy_civil_rights,Supreme Court
10000,1956,US-1966-MIRANDA,1966,-10,0.2558,-0.1622,criminal_procedure,Supreme Court
10000,1956,US-1946-APA,1946,10,0.1868,-0.1423,administrative_state,Congress
10000,1956,US-1948-DISPLACED-PERSONS-ACT,1948,8,0.2324,-0.0385,immigration_refugees,Congress
10000,1956,US-1948-MARSHALL-PLAN,1948,8,0.4109,-0.1247,foreign_aid_security,Congress
10000,1956,US-1948-SHELLEY,1948,8,0.2167,-0.1825,civil_rights_housing,Supreme Court
10000,1956,US-1950-DPA,1950,6,0.3741,-0.1677,industrial_policy_security,Congress
10000,1956,US-1950-INTERNAL-SECURITY,1950,6,0.1585,-0.1588,security_civil_liberties,Congress
10000,1956,US-1951-DENNIS,1951,5,0.2188,-0.2292,speech_security,Supreme Court
10000,1956,US-1956-BANK-HOLDING-COMPANY-ACT,1956,0,0.1886,-0.1491,banking_finance,Congress
10000,1956,US-1957-YATES,1957,-1,0.1358,-0.2403,speech_security,Supreme Court
10000,1956,US-1958-NDEA,1958,-2,0.5158,-0.1326,education_science_security,Congress
10000,1956,US-1958-NASA-ACT,1958,-2,0.3347,-0.1773,science_space_state_capacity,Congress
10000,1956,US-1958-COOPER,1958,-2,0.1784,-0.2212,civil_rights_federalism,Supreme Court
10000,1956,US-1961-PEACE-CORPS,1961,-5,0.4333,-0.1815,foreign_aid_civic_service,Congress/President
10000,1956,US-1947-TRUMAN-DOCTRINE,1947,9,0.2745,-0.1499,foreign_policy_security,Congress/President
10000,1956,US-1957-EO10730,1957,-1,0.3245,-0.1759,civil_rights_state_capacity,President
10000,1956,US-1963-TEST-BAN-TREATY,1963,-7,0.3289,-0.1596,nuclear_arms_control,Congress/President
10000,1956,US-1964-TONKIN-GULF,1964,-8,0.1662,-0.1311,war_powers_security,Congress
20000,1956,US-1946-EMPLOYMENT-ACT,1946,10,0.3719,-0.1812,macroeconomic_governance,Congress
20000,1956,US-1947-NATIONAL-SECURITY-ACT,1947,9,0.3683,-0.1941,security_state,Congress
20000,1956,US-1947-TAFT-HARTLEY,1947,9,0.273,-0.2453,labor,Congress
20000,1956,US-1948-EO9981,1948,8,0.4005,-0.2127,civil_rights,President
20000,1956,US-1952-INA,1952,4,0.2886,-0.2432,immigration,Congress
20000,1956,US-1952-YOUNGSTOWN,1952,4,0.2239,-0.2612,executive_power,Supreme Court
20000,1956,US-1954-BROWN,1954,2,0.2497,-0.263,civil_rights,Supreme Court
20000,1956,US-1956-HIGHWAY,1956,0,0.4028,-0.2171,infrastructure,Congress
20000,1956,US-1957-CIVIL-RIGHTS-ACT,1957,-1,0.3639,-0.258,civil_rights_democracy,Congress
20000,1956,US-1961-MAPP,1961,-5,0.1923,-0.2583,criminal_procedure,Supreme Court
20000,1956,US-1962-BAKER,1962,-6,0.2082,-0.2556,democracy,Supreme Court
20000,1956,US-1962-ENGEL,1962,-6,0.2795,-0.2485,religion_schools,Supreme Court
20000,1956,US-1962-KEFAUVER-HARRIS,1962,-6,0.2088,-0.2515,consumer_health,Congress
20000,1956,US-1963-EQUAL-PAY,1963,-7,0.3684,-0.2185,gender_labor,Congress
20000,1956,US-1963-GIDEON,1963,-7,0.3262,-0.2266,criminal_procedure,Supreme Court
20000,1956,US-1964-24TH-AMENDMENT,1964,-8,0.3109,-0.2488,democracy_civil_rights,constitutional_amendment
20000,1956,US-1964-CIVIL-RIGHTS-ACT,1964,-8,0.3036,-0.2145,civil_rights,Congress
20000,1956,US-1964-ECONOMIC-OPPORTUNITY,1964,-8,0.5366,-0.2391,poverty_social_policy,Congress
20000,1956,US-1964-HEART-ATLANTA,1964,-8,0.2415,-0.24,civil_rights_state_capacity,Supreme Court
20000,1956,US-1964-NYT-SULLIVAN,1964,-8,0.2674,-0.2698,speech_press,Supreme Court
20000,1956,US-1964-REYNOLDS,1964,-8,0.3216,-0.2401,democracy,Supreme Court
20000,1956,US-1965-ESEA,1965,-9,0.4159,-0.2042,education,Congress
20000,1956,US-1965-GRISWOLD,1965,-9,0.3095,-0.2758,privacy_family,Supreme Court
20000,1956,US-1965-HART-CELLER,1965,-9,0.2762,-0.2149,immigration,Congress
20000,1956,US-1965-MEDICARE-MEDICAID,1965,-9,0.4596,-0.206,health_social_insurance,Congress
20000,1956,US-1965-VRA,1965,-9,0.2985,-0.1568,democracy_civil_rights,Congress
20000,1956,US-1966-FOIA,1966,-10,0.288,-0.2537,transparency,Congress
20000,1956,US-1966-HARPER,1966,-10,0.2991,-0.2819,democracy_civil_rights,Supreme Court
20000,1956,US-1966-MIRANDA,1966,-10,0.3259,-0.2211,criminal_procedure,Supreme Court
20000,1956,US-1946-APA,1946,10,0.2766,-0.2347,administrative_state,Congress
20000,1956,US-1948-DISPLACED-PERSONS-ACT,1948,8,0.297,-0.0681,immigration_refugees,Congress
20000,1956,US-1948-MARSHALL-PLAN,1948,8,0.4697,-0.1967,foreign_aid_security,Congress
20000,1956,US-1948-SHELLEY,1948,8,0.1817,-0.2666,civil_rights_housing,Supreme Court
20000,1956,US-1950-DPA,1950,6,0.3999,-0.2461,industrial_policy_security,Congress
20000,1956,US-1950-INTERNAL-SECURITY,1950,6,0.1822,-0.2349,security_civil_liberties,Congress
20000,1956,US-1951-DENNIS,1951,5,0.2105,-0.3036,speech_security,Supreme Court
20000,1956,US-1956-BANK-HOLDING-COMPANY-ACT,1956,0,0.2166,-0.2013,banking_finance,Congress
20000,1956,US-1957-YATES,1957,-1,0.2027,-0.305,speech_security,Supreme Court
20000,1956,US-1958-NDEA,1958,-2,0.598,-0.1934,education_science_security,Congress
20000,1956,US-1958-NASA-ACT,1958,-2,0.4607,-0.2504,science_space_state_capacity,Congress
20000,1956,US-1958-COOPER,1958,-2,0.2094,-0.2925,civil_rights_federalism,Supreme Court
20000,1956,US-1961-PEACE-CORPS,1961,-5,0.4749,-0.2502,foreign_aid_civic_service,Congress/President
20000,1956,US-1947-TRUMAN-DOCTRINE,1947,9,0.2578,-0.2295,foreign_policy_security,Congress/President
20000,1956,US-1957-EO10730,1957,-1,0.2811,-0.277,civil_rights_state_capacity,President
20000,1956,US-1963-TEST-BAN-TREATY,1963,-7,0.3263,-0.2335,nuclear_arms_control,Congress/President
20000,1956,US-1964-TONKIN-GULF,1964,-8,0.1758,-0.2066,war_powers_security,Congress
5000,1956,US-1946-EMPLOYMENT-ACT,1946,10,0.4081,-0.1316,macroeconomic_governance,Congress
5000,1956,US-1947-NATIONAL-SECURITY-ACT,1947,9,0.2915,-0.1268,security_state,Congress
5000,1956,US-1947-TAFT-HARTLEY,1947,9,0.2563,-0.1758,labor,Congress
5000,1956,US-1948-EO9981,1948,8,0.2967,-0.1448,civil_rights,President
5000,1956,US-1952-INA,1952,4,0.221,-0.15,immigration,Congress
5000,1956,US-1952-YOUNGSTOWN,1952,4,0.2246,-0.1751,executive_power,Supreme Court
5000,1956,US-1954-BROWN,1954,2,0.2111,-0.1595,civil_rights,Supreme Court
5000,1956,US-1956-HIGHWAY,1956,0,0.3299,-0.1543,infrastructure,Congress
5000,1956,US-1957-CIVIL-RIGHTS-ACT,1957,-1,0.3006,-0.1549,civil_rights_democracy,Congress
5000,1956,US-1961-MAPP,1961,-5,0.1058,-0.1764,criminal_procedure,Supreme Court
5000,1956,US-1962-BAKER,1962,-6,0.1684,-0.1653,democracy,Supreme Court
5000,1956,US-1962-ENGEL,1962,-6,0.1999,-0.1678,religion_schools,Supreme Court
5000,1956,US-1962-KEFAUVER-HARRIS,1962,-6,0.2039,-0.1398,consumer_health,Congress
5000,1956,US-1963-EQUAL-PAY,1963,-7,0.3154,-0.1371,gender_labor,Congress
5000,1956,US-1963-GIDEON,1963,-7,0.2246,-0.177,criminal_procedure,Supreme Court
5000,1956,US-1964-24TH-AMENDMENT,1964,-8,0.2229,-0.1747,democracy_civil_rights,constitutional_amendment
5000,1956,US-1964-CIVIL-RIGHTS-ACT,1964,-8,0.2791,-0.16,civil_rights,Congress
5000,1956,US-1964-ECONOMIC-OPPORTUNITY,1964,-8,0.3658,-0.1448,poverty_social_policy,Congress
5000,1956,US-1964-HEART-ATLANTA,1964,-8,0.2064,-0.1711,civil_rights_state_capacity,Supreme Court
5000,1956,US-1964-NYT-SULLIVAN,1964,-8,0.2426,-0.1602,speech_press,Supreme Court
5000,1956,US-1964-REYNOLDS,1964,-8,0.225,-0.1556,democracy,Supreme Court
5000,1956,US-1965-ESEA,1965,-9,0.3125,-0.1395,education,Congress
5000,1956,US-1965-GRISWOLD,1965,-9,0.2077,-0.1694,privacy_family,Supreme Court
5000,1956,US-1965-HART-CELLER,1965,-9,0.1925,-0.1409,immigration,Congress
5000,1956,US-1965-MEDICARE-MEDICAID,1965,-9,0.3832,-0.144,health_social_insurance,Congress
5000,1956,US-1965-VRA,1965,-9,0.2106,-0.1264,democracy_civil_rights,Congress
5000,1956,US-1966-FOIA,1966,-10,0.2179,-0.1673,transparency,Congress
5000,1956,US-1966-HARPER,1966,-10,0.3104,-0.1832,democracy_civil_rights,Supreme Court
5000,1956,US-1966-MIRANDA,1966,-10,0.2701,-0.1591,criminal_procedure,Supreme Court
5000,1956,US-1946-APA,1946,10,0.191,-0.1459,administrative_state,Congress
5000,1956,US-1948-DISPLACED-PERSONS-ACT,1948,8,0.2154,-0.0391,immigration_refugees,Congress
5000,1956,US-1948-MARSHALL-PLAN,1948,8,0.3769,-0.1229,foreign_aid_security,Congress
5000,1956,US-1948-SHELLEY,1948,8,0.2298,-0.1548,civil_rights_housing,Supreme Court
5000,1956,US-1950-DPA,1950,6,0.3166,-0.1642,industrial_policy_security,Congress
5000,1956,US-1950-INTERNAL-SECURITY,1950,6,0.2455,-0.1566,security_civil_liberties,Congress
5000,1956,US-1951-DENNIS,1951,5,0.2365,-0.1852,speech_security,Supreme Court
5000,1956,US-1956-BANK-HOLDING-COMPANY-ACT,1956,0,0.2318,-0.1593,banking_finance,Congress
5000,1956,US-1957-YATES,1957,-1,0.1408,-0.2169,speech_security,Supreme Court
5000,1956,US-1958-NDEA,1958,-2,0.4734,-0.1317,education_science_security,Congress
5000,1956,US-1958-NASA-ACT,1958,-2,0.3275,-0.1782,science_space_state_capacity,Congress
5000,1956,US-1958-COOPER,1958,-2,0.1683,-0.1804,civil_rights_federalism,Supreme Court
5000,1956,US-1961-PEACE-CORPS,1961,-5,0.3877,-0.1564,foreign_aid_civic_service,Congress/President
5000,1956,US-1947-TRUMAN-DOCTRINE,1947,9,0.2674,-0.1303,foreign_policy_security,Congress/President
5000,1956,US-1957-EO10730,1957,-1,0.2827,-0.1518,civil_rights_state_capacity,President
5000,1956,US-1963-TEST-BAN-TREATY,1963,-7,0.317,-0.1381,nuclear_arms_control,Congress/President
5000,1956,US-1964-TONKIN-GULF,1964,-8,0.1721,-0.1302,war_powers_security,Congress
10000,1957,US-1947-NATIONAL-SECURITY-ACT,1947,10,0.3326,-0.1386,security_state,Congress
10000,1957,US-1947-TAFT-HARTLEY,1947,10,0.2999,-0.2138,labor,Congress
10000,1957,US-1948-EO9981,1948,9,0.3878,-0.1447,civil_rights,President
10000,1957,US-1952-INA,1952,5,0.2415,-0.1677,immigration,Congress
10000,1957,US-1952-YOUNGSTOWN,1952,5,0.2836,-0.2017,executive_power,Supreme Court
10000,1957,US-1954-BROWN,1954,3,0.2576,-0.1986,civil_rights,Supreme Court
10000,1957,US-1956-HIGHWAY,1956,1,0.4136,-0.1644,infrastructure,Congress
10000,1957,US-1957-CIVIL-RIGHTS-ACT,1957,0,0.3416,-0.1827,civil_rights_democracy,Congress
10000,1957,US-1961-MAPP,1961,-4,0.1635,-0.2132,criminal_procedure,Supreme Court
10000,1957,US-1962-BAKER,1962,-5,0.2018,-0.1853,democracy,Supreme Court
10000,1957,US-1962-ENGEL,1962,-5,0.2998,-0.2011,religion_schools,Supreme Court
10000,1957,US-1962-KEFAUVER-HARRIS,1962,-5,0.2185,-0.1636,consumer_health,Congress
10000,1957,US-1963-EQUAL-PAY,1963,-6,0.377,-0.13,gender_labor,Congress
10000,1957,US-1963-GIDEON,1963,-6,0.2992,-0.1722,criminal_procedure,Supreme Court
10000,1957,US-1964-24TH-AMENDMENT,1964,-7,0.3262,-0.2126,democracy_civil_rights,constitutional_amendment
10000,1957,US-1964-CIVIL-RIGHTS-ACT,1964,-7,0.2371,-0.1831,civil_rights,Congress
10000,1957,US-1964-ECONOMIC-OPPORTUNITY,1964,-7,0.5209,-0.1719,poverty_social_policy,Congress
10000,1957,US-1964-HEART-ATLANTA,1964,-7,0.2316,-0.1897,civil_rights_state_capacity,Supreme Court
10000,1957,US-1964-NYT-SULLIVAN,1964,-7,0.2818,-0.1992,speech_press,Supreme Court
10000,1957,US-1964-REYNOLDS,1964,-7,0.3424,-0.16,democracy,Supreme Court
10000,1957,US-1965-ESEA,1965,-8,0.4003,-0.1474,education,Congress
10000,1957,US-1965-GRISWOLD,1965,-8,0.3404,-0.206,privacy_family,Supreme Court
10000,1957,US-1965-HART-CELLER,1965,-8,0.2331,-0.1544,immigration,Congress
10000,1957,US-1965-MEDICARE-MEDICAID,1965,-8,0.4819,-0.1347,health_social_insurance,Congress
10000,1957,US-1965-VRA,1965,-8,0.2423,-0.1285,democracy_civil_rights,Congress
10000,1957,US-1966-FOIA,1966,-9,0.2908,-0.1943,transparency,Congress
10000,1957,US-1966-HARPER,1966,-9,0.3716,-0.2377,democracy_civil_rights,Supreme Court
10000,1957,US-1966-MIRANDA,1966,-9,0.32,-0.1877,criminal_procedure,Supreme Court
10000,1957,US-1967-KATZ,1967,-10,0.2421,-0.2702,privacy_surveillance,Supreme Court
10000,1957,US-1967-LOVING,1967,-10,0.2557,-0.2284,civil_rights_family,Supreme Court
10000,1957,US-1948-DISPLACED-PERSONS-ACT,1948,9,0.248,-0.0498,immigration_refugees,Congress
10000,1957,US-1948-MARSHALL-PLAN,1948,9,0.4724,-0.1405,foreign_aid_security,Congress
10000,1957,US-1948-SHELLEY,1948,9,0.282,-0.1944,civil_rights_housing,Supreme Court
10000,1957,US-1950-DPA,1950,7,0.4061,-0.1943,industrial_policy_security,Congress
10000,1957,US-1950-INTERNAL-SECURITY,1950,7,0.2021,-0.1771,security_civil_liberties,Congress
10000,1957,US-1951-DENNIS,1951,6,0.2477,-0.2597,speech_security,Supreme Court
10000,1957,US-1956-BANK-HOLDING-COMPANY-ACT,1956,1,0.2459,-0.1722,banking_finance,Congress
10000,1957,US-1957-YATES,1957,0,0.1507,-0.2782,speech_security,Supreme Court
10000,1957,US-1958-NDEA,1958,-1,0.5222,-0.1473,education_science_security,Congress
10000,1957,US-1958-NASA-ACT,1958,-1,0.4005,-0.1918,science_space_state_capacity,Congress
10000,1957,US-1958-COOPER,1958,-1,0.2266,-0.2419,civil_rights_federalism,Supreme Court
10000,1957,US-1961-PEACE-CORPS,1961,-4,0.4831,-0.1939,foreign_aid_civic_service,Congress/President
10000,1957,US-1947-TRUMAN-DOCTRINE,1947,10,0.3332,-0.1681,foreign_policy_security,Congress/President
10000,1957,US-1957-EO10730,1957,0,0.3343,-0.2155,civil_rights_state_capacity,President
10000,1957,US-1963-TEST-BAN-TREATY,1963,-6,0.3493,-0.1739,nuclear_arms_control,Congress/President
10000,1957,US-1964-TONKIN-GULF,1964,-7,0.1642,-0.162,war_powers_security,Congress
10000,1957,US-1967-ADEA,1967,-10,0.2952,-0.1449,civil_rights_labor_age,Congress
20000,1957,US-1947-NATIONAL-SECURITY-ACT,1947,10,0.3172,-0.1542,security_state,Congress
20000,1957,US-1947-TAFT-HARTLEY,1947,10,0.3086,-0.2048,labor,Congress
20000,1957,US-1948-EO9981,1948,9,0.4369,-0.1463,civil_rights,President
20000,1957,US-1952-INA,1952,5,0.2606,-0.2064,immigration,Congress
20000,1957,US-1952-YOUNGSTOWN,1952,5,0.2554,-0.211,executive_power,Supreme Court
20000,1957,US-1954-BROWN,1954,3,0.2777,-0.2334,civil_rights,Supreme Court
20000,1957,US-1956-HIGHWAY,1956,1,0.4428,-0.176,infrastructure,Congress
20000,1957,US-1957-CIVIL-RIGHTS-ACT,1957,0,0.3583,-0.2268,civil_rights_democracy,Congress
20000,1957,US-1961-MAPP,1961,-4,0.1653,-0.2101,criminal_procedure,Supreme Court
20000,1957,US-1962-BAKER,1962,-5,0.1963,-0.2222,democracy,Supreme Court
20000,1957,US-1962-ENGEL,1962,-5,0.3645,-0.2068,religion_schools,Supreme Court
20000,1957,US-1962-KEFAUVER-HARRIS,1962,-5,0.1727,-0.2085,consumer_health,Congress
20000,1957,US-1963-EQUAL-PAY,1963,-6,0.3925,-0.1464,gender_labor,Congress
20000,1957,US-1963-GIDEON,1963,-6,0.2768,-0.1857,criminal_procedure,Supreme Court
20000,1957,US-1964-24TH-AMENDMENT,1964,-7,0.355,-0.23,democracy_civil_rights,constitutional_amendment
20000,1957,US-1964-CIVIL-RIGHTS-ACT,1964,-7,0.3169,-0.1423,civil_rights,Congress
20000,1957,US-1964-ECONOMIC-OPPORTUNITY,1964,-7,0.5965,-0.1807,poverty_social_policy,Congress
20000,1957,US-1964-HEART-ATLANTA,1964,-7,0.2859,-0.1616,civil_rights_state_capacity,Supreme Court
20000,1957,US-1964-NYT-SULLIVAN,1964,-7,0.3119,-0.2255,speech_press,Supreme Court
20000,1957,US-1964-REYNOLDS,1964,-7,0.3151,-0.1941,democracy,Supreme Court
20000,1957,US-1965-ESEA,1965,-8,0.445,-0.1405,education,Congress
20000,1957,US-1965-GRISWOLD,1965,-8,0.3444,-0.2217,privacy_family,Supreme Court
20000,1957,US-1965-HART-CELLER,1965,-8,0.284,-0.1842,immigration,Congress
20000,1957,US-1965-MEDICARE-MEDICAID,1965,-8,0.4439,-0.1448,health_social_insurance,Congress
20000,1957,US-1965-VRA,1965,-8,0.2418,-0.1054,democracy_civil_rights,Congress
20000,1957,US-1966-FOIA,1966,-9,0.3431,-0.1901,transparency,Congress
20000,1957,US-1966-HARPER,1966,-9,0.3716,-0.2577,democracy_civil_rights,Supreme Court
20000,1957,US-1966-MIRANDA,1966,-9,0.3082,-0.1788,criminal_procedure,Supreme Court
20000,1957,US-1967-KATZ,1967,-10,0.2543,-0.254,privacy_surveillance,Supreme Court
20000,1957,US-1967-LOVING,1967,-10,0.2493,-0.2656,civil_rights_family,Supreme Court
20000,1957,US-1948-DISPLACED-PERSONS-ACT,1948,9,0.2569,-0.0503,immigration_refugees,Congress
20000,1957,US-1948-MARSHALL-PLAN,1948,9,0.5022,-0.1533,foreign_aid_security,Congress
20000,1957,US-1948-SHELLEY,1948,9,0.2433,-0.2449,civil_rights_housing,Supreme Court
20000,1957,US-1950-DPA,1950,7,0.4521,-0.2052,industrial_policy_security,Congress
20000,1957,US-1950-INTERNAL-SECURITY,1950,7,0.2131,-0.1929,security_civil_liberties,Congress
20000,1957,US-1951-DENNIS,1951,6,0.2266,-0.2819,speech_security,Supreme Court
20000,1957,US-1956-BANK-HOLDING-COMPANY-ACT,1956,1,0.2474,-0.1675,banking_finance,Congress
20000,1957,US-1957-YATES,1957,0,0.178,-0.2805,speech_security,Supreme Court
20000,1957,US-1958-NDEA,1958,-1,0.6019,-0.1456,education_science_security,Congress
20000,1957,US-1958-NASA-ACT,1958,-1,0.443,-0.2071,science_space_state_capacity,Congress
20000,1957,US-1958-COOPER,1958,-1,0.2024,-0.2685,civil_rights_federalism,Supreme Court
20000,1957,US-1961-PEACE-CORPS,1961,-4,0.4898,-0.2121,foreign_aid_civic_service,Congress/President
20000,1957,US-1947-TRUMAN-DOCTRINE,1947,10,0.3523,-0.1786,foreign_policy_security,Congress/President
20000,1957,US-1957-EO10730,1957,0,0.3013,-0.2546,civil_rights_state_capacity,President
20000,1957,US-1963-TEST-BAN-TREATY,1963,-6,0.384,-0.1917,nuclear_arms_control,Congress/President
20000,1957,US-1964-TONKIN-GULF,1964,-7,0.1636,-0.1882,war_powers_security,Congress
20000,1957,US-1967-ADEA,1967,-10,0.2704,-0.1414,civil_rights_labor_age,Congress
5000,1957,US-1947-NATIONAL-SECURITY-ACT,1947,10,0.2828,-0.1184,security_state,Congress
5000,1957,US-1947-TAFT-HARTLEY,1947,10,0.3316,-0.1621,labor,Congress
5000,1957,US-1948-EO9981,1948,9,0.2793,-0.1263,civil_rights,President
5000,1957,US-1952-INA,1952,5,0.2491,-0.146,immigration,Congress
5000,1957,US-1952-YOUNGSTOWN,1952,5,0.2927,-0.1693,executive_power,Supreme Court
5000,1957,US-1954-BROWN,1954,3,0.2716,-0.153,civil_rights,Supreme Court
5000,1957,US-1956-HIGHWAY,1956,1,0.3219,-0.1347,infrastructure,Congress
5000,1957,US-1957-CIVIL-RIGHTS-ACT,1957,0,0.2989,-0.1382,civil_rights_democracy,Congress
5000,1957,US-1961-MAPP,1961,-4,0.1914,-0.1805,criminal_procedure,Supreme Court
5000,1957,US-1962-BAKER,1962,-5,0.2142,-0.1487,democracy,Supreme Court
5000,1957,US-1962-ENGEL,1962,-5,0.2733,-0.1549,religion_schools,Supreme Court
5000,1957,US-1962-KEFAUVER-HARRIS,1962,-5,0.272,-0.1211,consumer_health,Congress
5000,1957,US-1963-EQUAL-PAY,1963,-6,0.38,-0.1188,gender_labor,Congress
5000,1957,US-1963-GIDEON,1963,-6,0.2903,-0.161,criminal_procedure,Supreme Court
5000,1957,US-1964-24TH-AMENDMENT,1964,-7,0.2657,-0.1548,democracy_civil_rights,constitutional_amendment
5000,1957,US-1964-CIVIL-RIGHTS-ACT,1964,-7,0.3595,-0.1605,civil_rights,Congress
5000,1957,US-1964-ECONOMIC-OPPORTUNITY,1964,-7,0.3873,-0.1402,poverty_social_policy,Congress
5000,1957,US-1964-HEART-ATLANTA,1964,-7,0.2547,-0.1683,civil_rights_state_capacity,Supreme Court
5000,1957,US-1964-NYT-SULLIVAN,1964,-7,0.3827,-0.1468,speech_press,Supreme Court
5000,1957,US-1964-REYNOLDS,1964,-7,0.2771,-0.1396,democracy,Supreme Court
5000,1957,US-1965-ESEA,1965,-8,0.3673,-0.1284,education,Congress
5000,1957,US-1965-GRISWOLD,1965,-8,0.3064,-0.1557,privacy_family,Supreme Court
5000,1957,US-1965-HART-CELLER,1965,-8,0.2352,-0.1342,immigration,Congress
5000,1957,US-1965-MEDICARE-MEDICAID,1965,-8,0.4415,-0.1251,health_social_insurance,Congress
5000,1957,US-1965-VRA,1965,-8,0.297,-0.1109,democracy_civil_rights,Congress
5000,1957,US-1966-FOIA,1966,-9,0.2641,-0.1492,transparency,Congress
5000,1957,US-1966-HARPER,1966,-9,0.3868,-0.1819,democracy_civil_rights,Supreme Court
5000,1957,US-1966-MIRANDA,1966,-9,0.3716,-0.1596,criminal_procedure,Supreme Court
5000,1957,US-1967-KATZ,1967,-10,0.2357,-0.2223,privacy_surveillance,Supreme Court
5000,1957,US-1967-LOVING,1967,-10,0.2998,-0.1664,civil_rights_family,Supreme Court
5000,1957,US-1948-DISPLACED-PERSONS-ACT,1948,9,0.2895,-0.0405,immigration_refugees,Congress
5000,1957,US-1948-MARSHALL-PLAN,1948,9,0.4303,-0.1213,foreign_aid_security,Congress
5000,1957,US-1948-SHELLEY,1948,9,0.3346,-0.1491,civil_rights_housing,Supreme Court
5000,1957,US-1950-DPA,1950,7,0.3173,-0.145,industrial_policy_security,Congress
5000,1957,US-1950-INTERNAL-SECURITY,1950,7,0.2367,-0.1436,security_civil_liberties,Congress
5000,1957,US-1951-DENNIS,1951,6,0.2207,-0.1864,speech_security,Supreme Court
5000,1957,US-1956-BANK-HOLDING-COMPANY-ACT,1956,1,0.2801,-0.15,banking_finance,Congress
5000,1957,US-1957-YATES,1957,0,0.1508,-0.2345,speech_security,Supreme Court
5000,1957,US-1958-NDEA,1958,-1,0.4764,-0.1275,education_science_security,Congress
5000,1957,US-1958-NASA-ACT,1958,-1,0.308,-0.1594,science_space_state_capacity,Congress
5000,1957,US-1958-COOPER,1958,-1,0.2276,-0.205,civil_rights_federalism,Supreme Court
5000,1957,US-1961-PEACE-CORPS,1961,-4,0.421,-0.1593,foreign_aid_civic_service,Congress/President
5000,1957,US-1947-TRUMAN-DOCTRINE,1947,10,0.3487,-0.1279,foreign_policy_security,Congress/President
5000,1957,US-1957-EO10730,1957,0,0.3225,-0.1645,civil_rights_state_capacity,President
5000,1957,US-1963-TEST-BAN-TREATY,1963,-6,0.3371,-0.131,nuclear_arms_control,Congress/President
5000,1957,US-1964-TONKIN-GULF,1964,-7,0.1545,-0.118,war_powers_security,Congress
5000,1957,US-1967-ADEA,1967,-10,0.3624,-0.1446,civil_rights_labor_age,Congress
10000,1958,US-1948-EO9981,1948,10,0.3782,-0.1574,civil_rights,President
10000,1958,US-1952-INA,1952,6,0.3242,-0.1947,immigration,Congress
10000,1958,US-1952-YOUNGSTOWN,1952,6,0.3207,-0.1972,executive_power,Supreme Court
10000,1958,US-1954-BROWN,1954,4,0.3054,-0.2157,civil_rights,Supreme Court
10000,1958,US-1956-HIGHWAY,1956,2,0.4305,-0.1738,infrastructure,Congress
10000,1958,US-1957-CIVIL-RIGHTS-ACT,1957,1,0.3667,-0.1888,civil_rights_democracy,Congress
10000,1958,US-1961-MAPP,1961,-3,0.2344,-0.2136,criminal_procedure,Supreme Court
10000,1958,US-1962-BAKER,1962,-4,0.2961,-0.21,democracy,Supreme Court
10000,1958,US-1962-ENGEL,1962,-4,0.3589,-0.2059,religion_schools,Supreme Court
10000,1958,US-1962-KEFAUVER-HARRIS,1962,-4,0.2659,-0.1908,consumer_health,Congress
10000,1958,US-1963-EQUAL-PAY,1963,-5,0.5022,-0.1645,gender_labor,Congress
10000,1958,US-1963-GIDEON,1963,-5,0.3895,-0.1885,criminal_procedure,Supreme Court
10000,1958,US-1964-24TH-AMENDMENT,1964,-6,0.3295,-0.2217,democracy_civil_rights,constitutional_amendment
10000,1958,US-1964-CIVIL-RIGHTS-ACT,1964,-6,0.3312,-0.1723,civil_rights,Congress
10000,1958,US-1964-ECONOMIC-OPPORTUNITY,1964,-6,0.5098,-0.176,poverty_social_policy,Congress
10000,1958,US-1964-HEART-ATLANTA,1964,-6,0.312,-0.1874,civil_rights_state_capacity,Supreme Court
10000,1958,US-1964-NYT-SULLIVAN,1964,-6,0.3508,-0.2136,speech_press,Supreme Court
10000,1958,US-1964-REYNOLDS,1964,-6,0.4073,-0.1902,democracy,Supreme Court
10000,1958,US-1965-ESEA,1965,-7,0.4254,-0.1597,education,Congress
10000,1958,US-1965-GRISWOLD,1965,-7,0.3984,-0.2205,privacy_family,Supreme Court
10000,1958,US-1965-HART-CELLER,1965,-7,0.317,-0.1725,immigration,Congress
10000,1958,US-1965-MEDICARE-MEDICAID,1965,-7,0.4798,-0.1561,health_social_insurance,Congress
10000,1958,US-1965-VRA,1965,-7,0.3252,-0.1224,democracy_civil_rights,Congress
10000,1958,US-1966-FOIA,1966,-8,0.3654,-0.1965,transparency,Congress
10000,1958,US-1966-HARPER,1966,-8,0.3921,-0.25,democracy_civil_rights,Supreme Court
10000,1958,US-1966-MIRANDA,1966,-8,0.3705,-0.2002,criminal_procedure,Supreme Court
10000,1958,US-1967-KATZ,1967,-9,0.2522,-0.2662,privacy_surveillance,Supreme Court
10000,1958,US-1967-LOVING,1967,-9,0.3141,-0.2377,civil_rights_family,Supreme Court
10000,1958,US-1968-FAIR-HOUSING,1968,-10,0.3096,-0.1913,civil_rights_housing,Congress
10000,1958,US-1968-GUN-CONTROL,1968,-10,0.2752,-0.2178,guns_crime,Congress
10000,1958,US-1968-TERRY,1968,-10,0.3903,-0.2285,criminal_procedure_policing,Supreme Court
10000,1958,US-1948-DISPLACED-PERSONS-ACT,1948,10,0.3348,-0.0467,immigration_refugees,Congress
10000,1958,US-1948-MARSHALL-PLAN,1948,10,0.4794,-0.1403,foreign_aid_security,Congress
10000,1958,US-1948-SHELLEY,1948,10,0.318,-0.2266,civil_rights_housing,Supreme Court
10000,1958,US-1950-DPA,1950,8,0.4259,-0.1882,industrial_policy_security,Congress
10000,1958,US-1950-INTERNAL-SECURITY,1950,8,0.2548,-0.1792,security_civil_liberties,Congress
10000,1958,US-1951-DENNIS,1951,7,0.3105,-0.2661,speech_security,Supreme Court
10000,1958,US-1956-BANK-HOLDING-COMPANY-ACT,1956,2,0.3207,-0.1742,banking_finance,Congress
10000,1958,US-1957-YATES,1957,1,0.2257,-0.2926,speech_security,Supreme Court
10000,1958,US-1958-NDEA,1958,0,0.5897,-0.1474,education_science_security,Congress
10000,1958,US-1958-NASA-ACT,1958,0,0.4072,-0.1904,science_space_state_capacity,Congress
10000,1958,US-1958-COOPER,1958,0,0.2755,-0.2495,civil_rights_federalism,Supreme Court
10000,1958,US-1961-PEACE-CORPS,1961,-3,0.4861,-0.1884,foreign_aid_civic_service,Congress/President
10000,1958,US-1968-OMNIBUS-CRIME-CONTROL,1968,-10,0.3418,-0.2185,criminal_justice_surveillance,Congress
10000,1958,US-1968-TRUTH-IN-LENDING,1968,-10,0.3483,-0.1504,consumer_credit,Congress
10000,1958,US-1957-EO10730,1957,1,0.3584,-0.1918,civil_rights_state_capacity,President
10000,1958,US-1963-TEST-BAN-TREATY,1963,-5,0.335,-0.176,nuclear_arms_control,Congress/President
10000,1958,US-1964-TONKIN-GULF,1964,-6,0.2238,-0.1512,war_powers_security,Congress
10000,1958,US-1967-ADEA,1967,-9,0.3724,-0.1598,civil_rights_labor_age,Congress
20000,1958,US-1948-EO9981,1948,10,0.4902,-0.1622,civil_rights,President
20000,1958,US-1952-INA,1952,6,0.369,-0.1936,immigration,Congress
20000,1958,US-1952-YOUNGSTOWN,1952,6,0.3497,-0.1871,executive_power,Supreme Court
20000,1958,US-1954-BROWN,1954,4,0.3518,-0.2083,civil_rights,Supreme Court
20000,1958,US-1956-HIGHWAY,1956,2,0.4925,-0.1766,infrastructure,Congress
20000,1958,US-1957-CIVIL-RIGHTS-ACT,1957,1,0.4447,-0.2075,civil_rights_democracy,Congress
20000,1958,US-1961-MAPP,1961,-3,0.277,-0.2063,criminal_procedure,Supreme Court
20000,1958,US-1962-BAKER,1962,-4,0.3169,-0.2102,democracy,Supreme Court
20000,1958,US-1962-ENGEL,1962,-4,0.4331,-0.1994,religion_schools,Supreme Court
20000,1958,US-1962-KEFAUVER-HARRIS,1962,-4,0.2379,-0.1933,consumer_health,Congress
20000,1958,US-1963-EQUAL-PAY,1963,-5,0.5171,-0.1557,gender_labor,Congress
20000,1958,US-1963-GIDEON,1963,-5,0.4307,-0.1768,criminal_procedure,Supreme Court
20000,1958,US-1964-24TH-AMENDMENT,1964,-6,0.4141,-0.211,democracy_civil_rights,constitutional_amendment
20000,1958,US-1964-CIVIL-RIGHTS-ACT,1964,-6,0.4226,-0.1456,civil_rights,Congress
20000,1958,US-1964-ECONOMIC-OPPORTUNITY,1964,-6,0.6139,-0.1832,poverty_social_policy,Congress
20000,1958,US-1964-HEART-ATLANTA,1964,-6,0.3626,-0.1645,civil_rights_state_capacity,Supreme Court
20000,1958,US-1964-NYT-SULLIVAN,1964,-6,0.4226,-0.2004,speech_press,Supreme Court
20000,1958,US-1964-REYNOLDS,1964,-6,0.4301,-0.2021,democracy,Supreme Court
20000,1958,US-1965-ESEA,1965,-7,0.454,-0.1508,education,Congress
20000,1958,US-1965-GRISWOLD,1965,-7,0.4977,-0.2046,privacy_family,Supreme Court
20000,1958,US-1965-HART-CELLER,1965,-7,0.3525,-0.1785,immigration,Congress
20000,1958,US-1965-MEDICARE-MEDICAID,1965,-7,0.4982,-0.1502,health_social_insurance,Congress
20000,1958,US-1965-VRA,1965,-7,0.3023,-0.1106,democracy_civil_rights,Congress
20000,1958,US-1966-FOIA,1966,-8,0.4647,-0.1733,transparency,Congress
20000,1958,US-1966-HARPER,1966,-8,0.4525,-0.2372,democracy_civil_rights,Supreme Court
20000,1958,US-1966-MIRANDA,1966,-8,0.4629,-0.1749,criminal_procedure,Supreme Court
20000,1958,US-1967-KATZ,1967,-9,0.2962,-0.2244,privacy_surveillance,Supreme Court
20000,1958,US-1967-LOVING,1967,-9,0.3145,-0.2296,civil_rights_family,Supreme Court
20000,1958,US-1968-FAIR-HOUSING,1968,-10,0.3279,-0.1632,civil_rights_housing,Congress
20000,1958,US-1968-GUN-CONTROL,1968,-10,0.2552,-0.1941,guns_crime,Congress
20000,1958,US-1968-TERRY,1968,-10,0.4619,-0.2277,criminal_procedure_policing,Supreme Court
20000,1958,US-1948-DISPLACED-PERSONS-ACT,1948,10,0.4007,-0.0522,immigration_refugees,Congress
20000,1958,US-1948-MARSHALL-PLAN,1948,10,0.5523,-0.1487,foreign_aid_security,Congress
20000,1958,US-1948-SHELLEY,1948,10,0.3149,-0.2228,civil_rights_housing,Supreme Court
20000,1958,US-1950-DPA,1950,8,0.4996,-0.1817,industrial_policy_security,Congress
20000,1958,US-1950-INTERNAL-SECURITY,1950,8,0.2518,-0.1738,security_civil_liberties,Congress
20000,1958,US-1951-DENNIS,1951,7,0.3431,-0.2544,speech_security,Supreme Court
20000,1958,US-1956-BANK-HOLDING-COMPANY-ACT,1956,2,0.2934,-0.1419,banking_finance,Congress
20000,1958,US-1957-YATES,1957,1,0.2688,-0.2717,speech_security,Supreme Court
20000,1958,US-1958-NDEA,1958,0,0.6955,-0.1444,education_science_security,Congress
20000,1958,US-1958-NASA-ACT,1958,0,0.5304,-0.1991,science_space_state_capacity,Congress
20000,1958,US-1958-COOPER,1958,0,0.2721,-0.2362,civil_rights_federalism,Supreme Court
20000,1958,US-1961-PEACE-CORPS,1961,-3,0.5608,-0.1981,foreign_aid_civic_service,Congress/President
20000,1958,US-1968-OMNIBUS-CRIME-CONTROL,1968,-10,0.3283,-0.2137,criminal_justice_surveillance,Congress
20000,1958,US-1968-TRUTH-IN-LENDING,1968,-10,0.3263,-0.1239,consumer_credit,Congress
20000,1958,US-1957-EO10730,1957,1,0.3283,-0.2086,civil_rights_state_capacity,President
20000,1958,US-1963-TEST-BAN-TREATY,1963,-5,0.3896,-0.1815,nuclear_arms_control,Congress/President
20000,1958,US-1964-TONKIN-GULF,1964,-6,0.2397,-0.157,war_powers_security,Congress
20000,1958,US-1967-ADEA,1967,-9,0.372,-0.1465,civil_rights_labor_age,Congress
5000,1958,US-1948-EO9981,1948,10,0.3867,-0.1828,civil_rights,President
5000,1958,US-1952-INA,1952,6,0.3046,-0.189,immigration,Congress
5000,1958,US-1952-YOUNGSTOWN,1952,6,0.3708,-0.2203,executive_power,Supreme Court
5000,1958,US-1954-BROWN,1954,4,0.3217,-0.2065,civil_rights,Supreme Court
5000,1958,US-1956-HIGHWAY,1956,2,0.4299,-0.1889,infrastructure,Congress
5000,1958,US-1957-CIVIL-RIGHTS-ACT,1957,1,0.4122,-0.1878,civil_rights_democracy,Congress
5000,1958,US-1961-MAPP,1961,-3,0.1812,-0.237,criminal_procedure,Supreme Court
5000,1958,US-1962-BAKER,1962,-4,0.3116,-0.2023,democracy,Supreme Court
5000,1958,US-1962-ENGEL,1962,-4,0.3388,-0.2097,religion_schools,Supreme Court
5000,1958,US-1962-KEFAUVER-HARRIS,1962,-4,0.3052,-0.1552,consumer_health,Congress
5000,1958,US-1963-EQUAL-PAY,1963,-5,0.4618,-0.1688,gender_labor,Congress
5000,1958,US-1963-GIDEON,1963,-5,0.3617,-0.214,criminal_procedure,Supreme Court
5000,1958,US-1964-24TH-AMENDMENT,1964,-6,0.323,-0.2209,democracy_civil_rights,constitutional_amendment
5000,1958,US-1964-CIVIL-RIGHTS-ACT,1964,-6,0.3396,-0.2141,civil_rights,Congress
5000,1958,US-1964-ECONOMIC-OPPORTUNITY,1964,-6,0.4744,-0.1893,poverty_social_policy,Congress
5000,1958,US-1964-HEART-ATLANTA,1964,-6,0.3267,-0.2198,civil_rights_state_capacity,Supreme Court
5000,1958,US-1964-NYT-SULLIVAN,1964,-6,0.4153,-0.2093,speech_press,Supreme Court
5000,1958,US-1964-REYNOLDS,1964,-6,0.3847,-0.1909,democracy,Supreme Court
5000,1958,US-1965-ESEA,1965,-7,0.4186,-0.1776,education,Congress
5000,1958,US-1965-GRISWOLD,1965,-7,0.3676,-0.2243,privacy_family,Supreme Court
5000,1958,US-1965-HART-CELLER,1965,-7,0.2627,-0.1746,immigration,Congress
5000,1958,US-1965-MEDICARE-MEDICAID,1965,-7,0.5179,-0.1781,health_social_insurance,Congress
5000,1958,US-1965-VRA,1965,-7,0.3423,-0.1607,democracy_civil_rights,Congress
5000,1958,US-1966-FOIA,1966,-8,0.3051,-0.1985,transparency,Congress
5000,1958,US-1966-HARPER,1966,-8,0.4347,-0.2378,democracy_civil_rights,Supreme Court
5000,1958,US-1966-MIRANDA,1966,-8,0.4287,-0.2137,criminal_procedure,Supreme Court
5000,1958,US-1967-KATZ,1967,-9,0.31,-0.2755,privacy_surveillance,Supreme Court
5000,1958,US-1967-LOVING,1967,-9,0.3654,-0.2143,civil_rights_family,Supreme Court
5000,1958,US-1968-FAIR-HOUSING,1968,-10,0.3529,-0.2134,civil_rights_housing,Congress
5000,1958,US-1968-GUN-CONTROL,1968,-10,0.2918,-0.2061,guns_crime,Congress
5000,1958,US-1968-TERRY,1968,-10,0.4259,-0.2321,criminal_procedure_policing,Supreme Court
5000,1958,US-1948-DISPLACED-PERSONS-ACT,1948,10,0.3103,-0.0547,immigration_refugees,Congress
5000,1958,US-1948-MARSHALL-PLAN,1948,10,0.4952,-0.162,foreign_aid_security,Congress
5000,1958,US-1948-SHELLEY,1948,10,0.3887,-0.2084,civil_rights_housing,Supreme Court
5000,1958,US-1950-DPA,1950,8,0.4403,-0.2054,industrial_policy_security,Congress
5000,1958,US-1950-INTERNAL-SECURITY,1950,8,0.254,-0.1891,security_civil_liberties,Congress
5000,1958,US-1951-DENNIS,1951,7,0.3426,-0.2489,speech_security,Supreme Court
5000,1958,US-1956-BANK-HOLDING-COMPANY-ACT,1956,2,0.3409,-0.1884,banking_finance,Congress
5000,1958,US-1957-YATES,1957,1,0.1953,-0.2923,speech_security,Supreme Court
5000,1958,US-1958-NDEA,1958,0,0.5842,-0.1731,education_science_security,Congress
5000,1958,US-1958-NASA-ACT,1958,0,0.3966,-0.2183,science_space_state_capacity,Congress
5000,1958,US-1958-COOPER,1958,0,0.2564,-0.2446,civil_rights_federalism,Supreme Court
5000,1958,US-1961-PEACE-CORPS,1961,-3,0.5343,-0.2031,foreign_aid_civic_service,Congress/President
5000,1958,US-1968-OMNIBUS-CRIME-CONTROL,1968,-10,0.3578,-0.2215,criminal_justice_surveillance,Congress
5000,1958,US-1968-TRUTH-IN-LENDING,1968,-10,0.3933,-0.1351,consumer_credit,Congress
5000,1958,US-1957-EO10730,1957,1,0.3719,-0.2037,civil_rights_state_capacity,President
5000,1958,US-1963-TEST-BAN-TREATY,1963,-5,0.3937,-0.1732,nuclear_arms_control,Congress/President
5000,1958,US-1964-TONKIN-GULF,1964,-6,0.2243,-0.161,war_powers_security,Congress
5000,1958,US-1967-ADEA,1967,-9,0.3618,-0.1857,civil_rights_labor_age,Congress
10000,1959,US-1952-INA,1952,7,0.2576,-0.207,immigration,Congress
10000,1959,US-1952-YOUNGSTOWN,1952,7,0.302,-0.1928,executive_power,Supreme Court
10000,1959,US-1954-BROWN,1954,5,0.2711,-0.2158,civil_rights,Supreme Court
10000,1959,US-1956-HIGHWAY,1956,3,0.4103,-0.1911,infrastructure,Congress
10000,1959,US-1957-CIVIL-RIGHTS-ACT,1957,2,0.3642,-0.1947,civil_rights_democracy,Congress
10000,1959,US-1961-MAPP,1961,-2,0.1714,-0.2246,criminal_procedure,Supreme Court
10000,1959,US-1962-BAKER,1962,-3,0.2267,-0.2105,democracy,Supreme Court
10000,1959,US-1962-ENGEL,1962,-3,0.3236,-0.2139,religion_schools,Supreme Court
10000,1959,US-1962-KEFAUVER-HARRIS,1962,-3,0.2446,-0.1915,consumer_health,Congress
10000,1959,US-1963-EQUAL-PAY,1963,-4,0.4279,-0.1864,gender_labor,Congress
10000,1959,US-1963-GIDEON,1963,-4,0.3304,-0.1989,criminal_procedure,Supreme Court
10000,1959,US-1964-24TH-AMENDMENT,1964,-5,0.2964,-0.2267,democracy_civil_rights,constitutional_amendment
10000,1959,US-1964-CIVIL-RIGHTS-ACT,1964,-5,0.2733,-0.1916,civil_rights,Congress
10000,1959,US-1964-ECONOMIC-OPPORTUNITY,1964,-5,0.4847,-0.1926,poverty_social_policy,Congress
10000,1959,US-1964-HEART-ATLANTA,1964,-5,0.2677,-0.207,civil_rights_state_capacity,Supreme Court
10000,1959,US-1964-NYT-SULLIVAN,1964,-5,0.2856,-0.2206,speech_press,Supreme Court
10000,1959,US-1964-REYNOLDS,1964,-5,0.3475,-0.2075,democracy,Supreme Court
10000,1959,US-1965-ESEA,1965,-6,0.4283,-0.1793,education,Congress
10000,1959,US-1965-GRISWOLD,1965,-6,0.344,-0.2416,privacy_family,Supreme Court
10000,1959,US-1965-HART-CELLER,1965,-6,0.2624,-0.1873,immigration,Congress
10000,1959,US-1965-MEDICARE-MEDICAID,1965,-6,0.4734,-0.1733,health_social_insurance,Congress
10000,1959,US-1965-VRA,1965,-6,0.2743,-0.136,democracy_civil_rights,Congress
10000,1959,US-1966-FOIA,1966,-7,0.34,-0.2322,transparency,Congress
10000,1959,US-1966-HARPER,1966,-7,0.3606,-0.2447,democracy_civil_rights,Supreme Court
10000,1959,US-1966-MIRANDA,1966,-7,0.3414,-0.2055,criminal_procedure,Supreme Court
10000,1959,US-1967-KATZ,1967,-8,0.2192,-0.2717,privacy_surveillance,Supreme Court
10000,1959,US-1967-LOVING,1967,-8,0.2612,-0.2338,civil_rights_family,Supreme Court
10000,1959,US-1968-FAIR-HOUSING,1968,-9,0.2664,-0.1945,civil_rights_housing,Congress
10000,1959,US-1968-GUN-CONTROL,1968,-9,0.2327,-0.218,guns_crime,Congress
10000,1959,US-1968-TERRY,1968,-9,0.3417,-0.2407,criminal_procedure_policing,Supreme Court
10000,1959,US-1969-BRANDENBURG,1969,-10,0.1731,-0.2126,speech,Supreme Court
10000,1959,US-1969-NEPA,1969,-10,0.2667,-0.1758,environment,Congress
10000,1959,US-1969-TINKER,1969,-10,0.3303,-0.1358,speech_schools,Supreme Court
10000,1959,US-1950-DPA,1950,9,0.3818,-0.196,industrial_policy_security,Congress
10000,1959,US-1950-INTERNAL-SECURITY,1950,9,0.1904,-0.1759,security_civil_liberties,Congress
10000,1959,US-1951-DENNIS,1951,8,0.2732,-0.2645,speech_security,Supreme Court
10000,1959,US-1956-BANK-HOLDING-COMPANY-ACT,1956,3,0.2498,-0.1846,banking_finance,Congress
10000,1959,US-1957-YATES,1957,2,0.2218,-0.2825,speech_security,Supreme Court
10000,1959,US-1958-NDEA,1958,1,0.5705,-0.1681,education_science_security,Congress
10000,1959,US-1958-NASA-ACT,1958,1,0.3694,-0.2117,science_space_state_capacity,Congress
10000,1959,US-1958-COOPER,1958,1,0.2389,-0.2517,civil_rights_federalism,Supreme Court
10000,1959,US-1961-PEACE-CORPS,1961,-2,0.4548,-0.2107,foreign_aid_civic_service,Congress/President
10000,1959,US-1968-OMNIBUS-CRIME-CONTROL,1968,-9,0.3198,-0.221,criminal_justice_surveillance,Congress
10000,1959,US-1968-TRUTH-IN-LENDING,1968,-9,0.2919,-0.1503,consumer_credit,Congress
10000,1959,US-1957-EO10730,1957,2,0.3366,-0.1949,civil_rights_state_capacity,President
10000,1959,US-1963-TEST-BAN-TREATY,1963,-4,0.3388,-0.1831,nuclear_arms_control,Congress/President
10000,1959,US-1964-TONKIN-GULF,1964,-5,0.196,-0.1603,war_powers_security,Congress
10000,1959,US-1967-ADEA,1967,-8,0.3378,-0.1783,civil_rights_labor_age,Congress
20000,1959,US-1952-INA,1952,7,0.3452,-0.2536,immigration,Congress
20000,1959,US-1952-YOUNGSTOWN,1952,7,0.3563,-0.2566,executive_power,Supreme Court
20000,1959,US-1954-BROWN,1954,5,0.3575,-0.2809,civil_rights,Supreme Court
20000,1959,US-1956-HIGHWAY,1956,3,0.4823,-0.236,infrastructure,Congress
20000,1959,US-1957-CIVIL-RIGHTS-ACT,1957,2,0.4595,-0.263,civil_rights_democracy,Congress
20000,1959,US-1961-MAPP,1961,-2,0.3137,-0.275,criminal_procedure,Supreme Court
20000,1959,US-1962-BAKER,1962,-3,0.3388,-0.2676,democracy,Supreme Court
20000,1959,US-1962-ENGEL,1962,-3,0.4683,-0.2634,religion_schools,Supreme Court
20000,1959,US-1962-KEFAUVER-HARRIS,1962,-3,0.3722,-0.2833,consumer_health,Congress
20000,1959,US-1963-EQUAL-PAY,1963,-4,0.5086,-0.2293,gender_labor,Congress
20000,1959,US-1963-GIDEON,1963,-4,0.4262,-0.2534,criminal_procedure,Supreme Court
20000,1959,US-1964-24TH-AMENDMENT,1964,-5,0.3827,-0.2775,democracy_civil_rights,constitutional_amendment
20000,1959,US-1964-CIVIL-RIGHTS-ACT,1964,-5,0.4304,-0.2187,civil_rights,Congress
20000,1959,US-1964-ECONOMIC-OPPORTUNITY,1964,-5,0.6391,-0.2489,poverty_social_policy,Congress
20000,1959,US-1964-HEART-ATLANTA,1964,-5,0.3428,-0.2541,civil_rights_state_capacity,Supreme Court
20000,1959,US-1964-NYT-SULLIVAN,1964,-5,0.4433,-0.279,speech_press,Supreme Court
20000,1959,US-1964-REYNOLDS,1964,-5,0.4365,-0.2598,democracy,Supreme Court
20000,1959,US-1965-ESEA,1965,-6,0.5468,-0.2152,education,Congress
20000,1959,US-1965-GRISWOLD,1965,-6,0.4439,-0.2951,privacy_family,Supreme Court
20000,1959,US-1965-HART-CELLER,1965,-6,0.3632,-0.2341,immigration,Congress
20000,1959,US-1965-MEDICARE-MEDICAID,1965,-6,0.5399,-0.2208,health_social_insurance,Congress
20000,1959,US-1965-VRA,1965,-6,0.3725,-0.1587,democracy_civil_rights,Congress
20000,1959,US-1966-FOIA,1966,-7,0.5014,-0.267,transparency,Congress
20000,1959,US-1966-HARPER,1966,-7,0.4366,-0.2983,democracy_civil_rights,Supreme Court
20000,1959,US-1966-MIRANDA,1966,-7,0.5103,-0.2255,criminal_procedure,Supreme Court
20000,1959,US-1967-KATZ,1967,-8,0.2967,-0.3105,privacy_surveillance,Supreme Court
20000,1959,US-1967-LOVING,1967,-8,0.3258,-0.3054,civil_rights_family,Supreme Court
20000,1959,US-1968-FAIR-HOUSING,1968,-9,0.3937,-0.222,civil_rights_housing,Congress
20000,1959,US-1968-GUN-CONTROL,1968,-9,0.3367,-0.2604,guns_crime,Congress
20000,1959,US-1968-TERRY,1968,-9,0.4617,-0.2964,criminal_procedure_policing,Supreme Court
20000,1959,US-1969-BRANDENBURG,1969,-10,0.2969,-0.2339,speech,Supreme Court
20000,1959,US-1969-NEPA,1969,-10,0.3914,-0.2309,environment,Congress
20000,1959,US-1969-TINKER,1969,-10,0.4416,-0.1304,speech_schools,Supreme Court
20000,1959,US-1950-DPA,1950,9,0.4934,-0.248,industrial_policy_security,Congress
20000,1959,US-1950-INTERNAL-SECURITY,1950,9,0.2963,-0.2321,security_civil_liberties,Congress
20000,1959,US-1951-DENNIS,1951,8,0.3443,-0.3275,speech_security,Supreme Court
20000,1959,US-1956-BANK-HOLDING-COMPANY-ACT,1956,3,0.36,-0.2074,banking_finance,Congress
20000,1959,US-1957-YATES,1957,2,0.3614,-0.3172,speech_security,Supreme Court
20000,1959,US-1958-NDEA,1958,1,0.6494,-0.2023,education_science_security,Congress
20000,1959,US-1958-NASA-ACT,1958,1,0.5178,-0.2612,science_space_state_capacity,Congress
20000,1959,US-1958-COOPER,1958,1,0.3254,-0.2926,civil_rights_federalism,Supreme Court
20000,1959,US-1961-PEACE-CORPS,1961,-2,0.5533,-0.2519,foreign_aid_civic_service,Congress/President
20000,1959,US-1968-OMNIBUS-CRIME-CONTROL,1968,-9,0.3501,-0.2752,criminal_justice_surveillance,Congress
20000,1959,US-1968-TRUTH-IN-LENDING,1968,-9,0.462,-0.1887,consumer_credit,Congress
20000,1959,US-1957-EO10730,1957,2,0.3761,-0.267,civil_rights_state_capacity,President
20000,1959,US-1963-TEST-BAN-TREATY,1963,-4,0.3779,-0.2306,nuclear_arms_control,Congress/President
20000,1959,US-1964-TONKIN-GULF,1964,-5,0.2705,-0.2081,war_powers_security,Congress
20000,1959,US-1967-ADEA,1967,-8,0.3993,-0.2074,civil_rights_labor_age,Congress
5000,1959,US-1952-INA,1952,7,0.21,-0.1793,immigration,Congress
5000,1959,US-1952-YOUNGSTOWN,1952,7,0.2505,-0.1749,executive_power,Supreme Court
5000,1959,US-1954-BROWN,1954,5,0.2292,-0.1844,civil_rights,Supreme Court
5000,1959,US-1956-HIGHWAY,1956,3,0.2969,-0.1669,infrastructure,Congress
5000,1959,US-1957-CIVIL-RIGHTS-ACT,1957,2,0.2931,-0.1745,civil_rights_democracy,Congress
5000,1959,US-1961-MAPP,1961,-2,0.1254,-0.2119,criminal_procedure,Supreme Court
5000,1959,US-1962-BAKER,1962,-3,0.1735,-0.1856,democracy,Supreme Court
5000,1959,US-1962-ENGEL,1962,-3,0.2363,-0.1917,religion_schools,Supreme Court
5000,1959,US-1962-KEFAUVER-HARRIS,1962,-3,0.2149,-0.1508,consumer_health,Congress
5000,1959,US-1963-EQUAL-PAY,1963,-4,0.3423,-0.1585,gender_labor,Congress
5000,1959,US-1963-GIDEON,1963,-4,0.2329,-0.2029,criminal_procedure,Supreme Court
5000,1959,US-1964-24TH-AMENDMENT,1964,-5,0.208,-0.199,democracy_civil_rights,constitutional_amendment
5000,1959,US-1964-CIVIL-RIGHTS-ACT,1964,-5,0.2749,-0.1974,civil_rights,Congress
5000,1959,US-1964-ECONOMIC-OPPORTUNITY,1964,-5,0.355,-0.1714,poverty_social_policy,Congress
5000,1959,US-1964-HEART-ATLANTA,1964,-5,0.2126,-0.2059,civil_rights_state_capacity,Supreme Court
5000,1959,US-1964-NYT-SULLIVAN,1964,-5,0.2494,-0.1839,speech_press,Supreme Court
5000,1959,US-1964-REYNOLDS,1964,-5,0.2688,-0.18,democracy,Supreme Court
5000,1959,US-1965-ESEA,1965,-6,0.3402,-0.1653,education,Congress
5000,1959,US-1965-GRISWOLD,1965,-6,0.2609,-0.2021,privacy_family,Supreme Court
5000,1959,US-1965-HART-CELLER,1965,-6,0.1925,-0.1727,immigration,Congress
5000,1959,US-1965-MEDICARE-MEDICAID,1965,-6,0.371,-0.163,health_social_insurance,Congress
5000,1959,US-1965-VRA,1965,-6,0.2117,-0.1505,democracy_civil_rights,Congress
5000,1959,US-1966-FOIA,1966,-7,0.21,-0.1835,transparency,Congress
5000,1959,US-1966-HARPER,1966,-7,0.3313,-0.2168,democracy_civil_rights,Supreme Court
5000,1959,US-1966-MIRANDA,1966,-7,0.3342,-0.1838,criminal_procedure,Supreme Court
5000,1959,US-1967-KATZ,1967,-8,0.191,-0.2422,privacy_surveillance,Supreme Court
5000,1959,US-1967-LOVING,1967,-8,0.2375,-0.2039,civil_rights_family,Supreme Court
5000,1959,US-1968-FAIR-HOUSING,1968,-9,0.2701,-0.1989,civil_rights_housing,Congress
5000,1959,US-1968-GUN-CONTROL,1968,-9,0.218,-0.1878,guns_crime,Congress
5000,1959,US-1968-TERRY,1968,-9,0.3262,-0.2099,criminal_procedure_policing,Supreme Court
5000,1959,US-1969-BRANDENBURG,1969,-10,0.1666,-0.1872,speech,Supreme Court
5000,1959,US-1969-NEPA,1969,-10,0.2515,-0.1556,environment,Congress
5000,1959,US-1969-TINKER,1969,-10,0.2422,-0.1516,speech_schools,Supreme Court
5000,1959,US-1950-DPA,1950,9,0.2785,-0.1703,industrial_policy_security,Congress
5000,1959,US-1950-INTERNAL-SECURITY,1950,9,0.2014,-0.1715,security_civil_liberties,Congress
5000,1959,US-1951-DENNIS,1951,8,0.2198,-0.2328,speech_security,Supreme Court
5000,1959,US-1956-BANK-HOLDING-COMPANY-ACT,1956,3,0.2398,-0.1753,banking_finance,Congress
5000,1959,US-1957-YATES,1957,2,0.1615,-0.2618,speech_security,Supreme Court
5000,1959,US-1958-NDEA,1958,1,0.4656,-0.1523,education_science_security,Congress
5000,1959,US-1958-NASA-ACT,1958,1,0.2689,-0.1961,science_space_state_capacity,Congress
5000,1959,US-1958-COOPER,1958,1,0.1947,-0.224,civil_rights_federalism,Supreme Court
5000,1959,US-1961-PEACE-CORPS,1961,-2,0.396,-0.1797,foreign_aid_civic_service,Congress/President
5000,1959,US-1968-OMNIBUS-CRIME-CONTROL,1968,-9,0.2498,-0.1953,criminal_justice_surveillance,Congress
5000,1959,US-1968-TRUTH-IN-LENDING,1968,-9,0.2874,-0.1238,consumer_credit,Congress
5000,1959,US-1957-EO10730,1957,2,0.2984,-0.1756,civil_rights_state_capacity,President
5000,1959,US-1963-TEST-BAN-TREATY,1963,-4,0.3463,-0.1559,nuclear_arms_control,Congress/President
5000,1959,US-1964-TONKIN-GULF,1964,-5,0.1721,-0.1397,war_powers_security,Congress
5000,1959,US-1967-ADEA,1967,-8,0.2883,-0.1877,civil_rights_labor_age,Congress
10000,1960,US-1952-INA,1952,8,0.3598,-0.1918,immigration,Congress
10000,1960,US-1952-YOUNGSTOWN,1952,8,0.3958,-0.2106,executive_power,Supreme Court
10000,1960,US-1954-BROWN,1954,6,0.3516,-0.2145,civil_rights,Supreme Court
10000,1960,US-1956-HIGHWAY,1956,4,0.5041,-0.1886,infrastructure,Congress
10000,1960,US-1957-CIVIL-RIGHTS-ACT,1957,3,0.365,-0.1961,civil_rights_democracy,Congress
10000,1960,US-1961-MAPP,1961,-1,0.3004,-0.2174,criminal_procedure,Supreme Court
10000,1960,US-1962-BAKER,1962,-2,0.3913,-0.1933,democracy,Supreme Court
10000,1960,US-1962-ENGEL,1962,-2,0.4358,-0.2083,religion_schools,Supreme Court
10000,1960,US-1962-KEFAUVER-HARRIS,1962,-2,0.3951,-0.2011,consumer_health,Congress
10000,1960,US-1963-EQUAL-PAY,1963,-3,0.5112,-0.1745,gender_labor,Congress
10000,1960,US-1963-GIDEON,1963,-3,0.4921,-0.1804,criminal_procedure,Supreme Court
10000,1960,US-1964-24TH-AMENDMENT,1964,-4,0.3713,-0.2162,democracy_civil_rights,constitutional_amendment
10000,1960,US-1964-CIVIL-RIGHTS-ACT,1964,-4,0.3932,-0.1626,civil_rights,Congress
10000,1960,US-1964-ECONOMIC-OPPORTUNITY,1964,-4,0.5671,-0.1884,poverty_social_policy,Congress
10000,1960,US-1964-HEART-ATLANTA,1964,-4,0.369,-0.1802,civil_rights_state_capacity,Supreme Court
10000,1960,US-1964-NYT-SULLIVAN,1964,-4,0.4703,-0.206,speech_press,Supreme Court
10000,1960,US-1964-REYNOLDS,1964,-4,0.4973,-0.2103,democracy,Supreme Court
10000,1960,US-1965-ESEA,1965,-5,0.546,-0.1745,education,Congress
10000,1960,US-1965-GRISWOLD,1965,-5,0.4238,-0.2268,privacy_family,Supreme Court
10000,1960,US-1965-HART-CELLER,1965,-5,0.3355,-0.1805,immigration,Congress
10000,1960,US-1965-MEDICARE-MEDICAID,1965,-5,0.5802,-0.1598,health_social_insurance,Congress
10000,1960,US-1965-VRA,1965,-5,0.4144,-0.1349,democracy_civil_rights,Congress
10000,1960,US-1966-FOIA,1966,-6,0.4535,-0.207,transparency,Congress
10000,1960,US-1966-HARPER,1966,-6,0.4116,-0.2455,democracy_civil_rights,Supreme Court
10000,1960,US-1966-MIRANDA,1966,-6,0.4519,-0.2001,criminal_procedure,Supreme Court
10000,1960,US-1967-KATZ,1967,-7,0.3048,-0.2726,privacy_surveillance,Supreme Court
10000,1960,US-1967-LOVING,1967,-7,0.3507,-0.2345,civil_rights_family,Supreme Court
10000,1960,US-1968-FAIR-HOUSING,1968,-8,0.3984,-0.1746,civil_rights_housing,Congress
10000,1960,US-1968-GUN-CONTROL,1968,-8,0.365,-0.2157,guns_crime,Congress
10000,1960,US-1968-TERRY,1968,-8,0.5226,-0.25,criminal_procedure_policing,Supreme Court
10000,1960,US-1969-BRANDENBURG,1969,-9,0.3139,-0.1992,speech,Supreme Court
10000,1960,US-1969-NEPA,1969,-9,0.3987,-0.1753,environment,Congress
10000,1960,US-1969-TINKER,1969,-9,0.4392,-0.1272,speech_schools,Supreme Court
10000,1960,US-1970-CLEAN-AIR,1970,-10,0.4318,-0.2227,environment,Congress
10000,1960,US-1970-CSA,1970,-10,0.4215,-0.1924,drug_policy,Congress
10000,1960,US-1970-OSHA,1970,-10,0.5565,-0.2092,labor_health,Congress
10000,1960,US-1950-DPA,1950,10,0.4893,-0.2015,industrial_policy_security,Congress
10000,1960,US-1950-INTERNAL-SECURITY,1950,10,0.2761,-0.1894,security_civil_liberties,Congress
10000,1960,US-1951-DENNIS,1951,9,0.374,-0.2513,speech_security,Supreme Court
10000,1960,US-1956-BANK-HOLDING-COMPANY-ACT,1956,4,0.409,-0.1883,banking_finance,Congress
10000,1960,US-1957-YATES,1957,3,0.3318,-0.2622,speech_security,Supreme Court
10000,1960,US-1958-NDEA,1958,2,0.6079,-0.1671,education_science_security,Congress
10000,1960,US-1958-NASA-ACT,1958,2,0.4513,-0.2023,science_space_state_capacity,Congress
10000,1960,US-1958-COOPER,1958,2,0.3844,-0.2437,civil_rights_federalism,Supreme Court
10000,1960,US-1961-PEACE-CORPS,1961,-1,0.5144,-0.2025,foreign_aid_civic_service,Congress/President
10000,1960,US-1968-OMNIBUS-CRIME-CONTROL,1968,-8,0.4073,-0.2218,criminal_justice_surveillance,Congress
10000,1960,US-1968-TRUTH-IN-LENDING,1968,-8,0.4636,-0.1542,consumer_credit,Congress
10000,1960,US-1970-FCRA,1970,-10,0.5141,-0.1805,privacy_credit,Congress
10000,1960,US-1957-EO10730,1957,3,0.4347,-0.2038,civil_rights_state_capacity,President
10000,1960,US-1963-TEST-BAN-TREATY,1963,-3,0.4448,-0.1855,nuclear_arms_control,Congress/President
10000,1960,US-1964-TONKIN-GULF,1964,-4,0.2859,-0.1615,war_powers_security,Congress
10000,1960,US-1967-ADEA,1967,-7,0.3881,-0.1511,civil_rights_labor_age,Congress
10000,1960,US-1970-BANK-SECRECY,1970,-10,0.4333,-0.1972,finance_surveillance,Congress
20000,1960,US-1952-INA,1952,8,0.4581,-0.2514,immigration,Congress
20000,1960,US-1952-YOUNGSTOWN,1952,8,0.4552,-0.2594,executive_power,Supreme Court
20000,1960,US-1954-BROWN,1954,6,0.421,-0.2804,civil_rights,Supreme Court
20000,1960,US-1956-HIGHWAY,1956,4,0.5533,-0.2113,infrastructure,Congress
20000,1960,US-1957-CIVIL-RIGHTS-ACT,1957,3,0.5527,-0.2732,civil_rights_democracy,Congress
20000,1960,US-1961-MAPP,1961,-1,0.4011,-0.2547,criminal_procedure,Supreme Court
20000,1960,US-1962-BAKER,1962,-2,0.4383,-0.2498,democracy,Supreme Court
20000,1960,US-1962-ENGEL,1962,-2,0.5212,-0.2416,religion_schools,Supreme Court
20000,1960,US-1962-KEFAUVER-HARRIS,1962,-2,0.4937,-0.2771,consumer_health,Congress
20000,1960,US-1963-EQUAL-PAY,1963,-3,0.5718,-0.2099,gender_labor,Congress
20000,1960,US-1963-GIDEON,1963,-3,0.5601,-0.2156,criminal_procedure,Supreme Court
20000,1960,US-1964-24TH-AMENDMENT,1964,-4,0.4699,-0.2602,democracy_civil_rights,constitutional_amendment
20000,1960,US-1964-CIVIL-RIGHTS-ACT,1964,-4,0.515,-0.191,civil_rights,Congress
20000,1960,US-1964-ECONOMIC-OPPORTUNITY,1964,-4,0.6659,-0.2201,poverty_social_policy,Congress
20000,1960,US-1964-HEART-ATLANTA,1964,-4,0.4265,-0.205,civil_rights_state_capacity,Supreme Court
20000,1960,US-1964-NYT-SULLIVAN,1964,-4,0.5201,-0.2507,speech_press,Supreme Court
20000,1960,US-1964-REYNOLDS,1964,-4,0.58,-0.244,democracy,Supreme Court
20000,1960,US-1965-ESEA,1965,-5,0.6017,-0.1794,education,Congress
20000,1960,US-1965-GRISWOLD,1965,-5,0.467,-0.2608,privacy_family,Supreme Court
20000,1960,US-1965-HART-CELLER,1965,-5,0.445,-0.2257,immigration,Congress
20000,1960,US-1965-MEDICARE-MEDICAID,1965,-5,0.6165,-0.1828,health_social_insurance,Congress
20000,1960,US-1965-VRA,1965,-5,0.4611,-0.1433,democracy_civil_rights,Congress
20000,1960,US-1966-FOIA,1966,-6,0.5477,-0.2422,transparency,Congress
20000,1960,US-1966-HARPER,1966,-6,0.4818,-0.2903,democracy_civil_rights,Supreme Court
20000,1960,US-1966-MIRANDA,1966,-6,0.556,-0.2317,criminal_procedure,Supreme Court
20000,1960,US-1967-KATZ,1967,-7,0.3614,-0.3084,privacy_surveillance,Supreme Court
20000,1960,US-1967-LOVING,1967,-7,0.3964,-0.3024,civil_rights_family,Supreme Court
20000,1960,US-1968-FAIR-HOUSING,1968,-8,0.479,-0.1895,civil_rights_housing,Congress
20000,1960,US-1968-GUN-CONTROL,1968,-8,0.4493,-0.2559,guns_crime,Congress
20000,1960,US-1968-TERRY,1968,-8,0.5488,-0.2975,criminal_procedure_policing,Supreme Court
20000,1960,US-1969-BRANDENBURG,1969,-9,0.3709,-0.2255,speech,Supreme Court
20000,1960,US-1969-NEPA,1969,-9,0.4707,-0.2028,environment,Congress
20000,1960,US-1969-TINKER,1969,-9,0.4714,-0.1097,speech_schools,Supreme Court
20000,1960,US-1970-CLEAN-AIR,1970,-10,0.5431,-0.2797,environment,Congress
20000,1960,US-1970-CSA,1970,-10,0.503,-0.23,drug_policy,Congress
20000,1960,US-1970-OSHA,1970,-10,0.6463,-0.251,labor_health,Congress
20000,1960,US-1950-DPA,1950,10,0.5587,-0.2426,industrial_policy_security,Congress
20000,1960,US-1950-INTERNAL-SECURITY,1950,10,0.4302,-0.264,security_civil_liberties,Congress
20000,1960,US-1951-DENNIS,1951,9,0.4509,-0.3231,speech_security,Supreme Court
20000,1960,US-1956-BANK-HOLDING-COMPANY-ACT,1956,4,0.4635,-0.2093,banking_finance,Congress
20000,1960,US-1957-YATES,1957,3,0.4477,-0.3193,speech_security,Supreme Court
20000,1960,US-1958-NDEA,1958,2,0.7257,-0.1749,education_science_security,Congress
20000,1960,US-1958-NASA-ACT,1958,2,0.5777,-0.2423,science_space_state_capacity,Congress
20000,1960,US-1958-COOPER,1958,2,0.4354,-0.2921,civil_rights_federalism,Supreme Court
20000,1960,US-1961-PEACE-CORPS,1961,-1,0.5879,-0.2338,foreign_aid_civic_service,Congress/President
20000,1960,US-1968-OMNIBUS-CRIME-CONTROL,1968,-8,0.4998,-0.2662,criminal_justice_surveillance,Congress
20000,1960,US-1968-TRUTH-IN-LENDING,1968,-8,0.5385,-0.1778,consumer_credit,Congress
20000,1960,US-1970-FCRA,1970,-10,0.6329,-0.2365,privacy_credit,Congress
20000,1960,US-1957-EO10730,1957,3,0.4747,-0.2806,civil_rights_state_capacity,President
20000,1960,US-1963-TEST-BAN-TREATY,1963,-3,0.4743,-0.2253,nuclear_arms_control,Congress/President
20000,1960,US-1964-TONKIN-GULF,1964,-4,0.3734,-0.2056,war_powers_security,Congress
20000,1960,US-1967-ADEA,1967,-7,0.486,-0.1694,civil_rights_labor_age,Congress
20000,1960,US-1970-BANK-SECRECY,1970,-10,0.5522,-0.2552,finance_surveillance,Congress
5000,1960,US-1952-INA,1952,8,0.2666,-0.1513,immigration,Congress
5000,1960,US-1952-YOUNGSTOWN,1952,8,0.2688,-0.157,executive_power,Supreme Court
5000,1960,US-1954-BROWN,1954,6,0.2163,-0.1403,civil_rights,Supreme Court
5000,1960,US-1956-HIGHWAY,1956,4,0.3192,-0.1365,infrastructure,Congress
5000,1960,US-1957-CIVIL-RIGHTS-ACT,1957,3,0.271,-0.1395,civil_rights_democracy,Congress
5000,1960,US-1961-MAPP,1961,-1,0.1467,-0.1699,criminal_procedure,Supreme Court
5000,1960,US-1962-BAKER,1962,-2,0.2102,-0.1509,democracy,Supreme Court
5000,1960,US-1962-ENGEL,1962,-2,0.2345,-0.1532,religion_schools,Supreme Court
5000,1960,US-1962-KEFAUVER-HARRIS,1962,-2,0.245,-0.1359,consumer_health,Congress
5000,1960,US-1963-EQUAL-PAY,1963,-3,0.3203,-0.1208,gender_labor,Congress
5000,1960,US-1963-GIDEON,1963,-3,0.2759,-0.1685,criminal_procedure,Supreme Court
5000,1960,US-1964-24TH-AMENDMENT,1964,-4,0.2207,-0.1478,democracy_civil_rights,constitutional_amendment
5000,1960,US-1964-CIVIL-RIGHTS-ACT,1964,-4,0.2994,-0.1479,civil_rights,Congress
5000,1960,US-1964-ECONOMIC-OPPORTUNITY,1964,-4,0.3648,-0.1407,poverty_social_policy,Congress
5000,1960,US-1964-HEART-ATLANTA,1964,-4,0.2214,-0.1442,civil_rights_state_capacity,Supreme Court
5000,1960,US-1964-NYT-SULLIVAN,1964,-4,0.3415,-0.155,speech_press,Supreme Court
5000,1960,US-1964-REYNOLDS,1964,-4,0.255,-0.1445,democracy,Supreme Court
5000,1960,US-1965-ESEA,1965,-5,0.3568,-0.1227,education,Congress
5000,1960,US-1965-GRISWOLD,1965,-5,0.2661,-0.1629,privacy_family,Supreme Court
5000,1960,US-1965-HART-CELLER,1965,-5,0.2039,-0.1399,immigration,Congress
5000,1960,US-1965-MEDICARE-MEDICAID,1965,-5,0.4524,-0.1252,health_social_insurance,Congress
5000,1960,US-1965-VRA,1965,-5,0.225,-0.0968,democracy_civil_rights,Congress
5000,1960,US-1966-FOIA,1966,-6,0.2627,-0.1459,transparency,Congress
5000,1960,US-1966-HARPER,1966,-6,0.2979,-0.167,democracy_civil_rights,Supreme Court
5000,1960,US-1966-MIRANDA,1966,-6,0.3736,-0.1653,criminal_procedure,Supreme Court
5000,1960,US-1967-KATZ,1967,-7,0.2011,-0.214,privacy_surveillance,Supreme Court
5000,1960,US-1967-LOVING,1967,-7,0.2522,-0.1612,civil_rights_family,Supreme Court
5000,1960,US-1968-FAIR-HOUSING,1968,-8,0.2963,-0.1454,civil_rights_housing,Congress
5000,1960,US-1968-GUN-CONTROL,1968,-8,0.2175,-0.1489,guns_crime,Congress
5000,1960,US-1968-TERRY,1968,-8,0.3386,-0.1799,criminal_procedure_policing,Supreme Court
5000,1960,US-1969-BRANDENBURG,1969,-9,0.1756,-0.1419,speech,Supreme Court
5000,1960,US-1969-NEPA,1969,-9,0.2653,-0.1321,environment,Congress
5000,1960,US-1969-TINKER,1969,-9,0.2893,-0.1078,speech_schools,Supreme Court
5000,1960,US-1970-CLEAN-AIR,1970,-10,0.2662,-0.1688,environment,Congress
5000,1960,US-1970-CSA,1970,-10,0.2844,-0.1346,drug_policy,Congress
5000,1960,US-1970-OSHA,1970,-10,0.3621,-0.1387,labor_health,Congress
5000,1960,US-1950-DPA,1950,10,0.302,-0.1368,industrial_policy_security,Congress
5000,1960,US-1950-INTERNAL-SECURITY,1950,10,0.2209,-0.1491,security_civil_liberties,Congress
5000,1960,US-1951-DENNIS,1951,9,0.254,-0.1905,speech_security,Supreme Court
5000,1960,US-1956-BANK-HOLDING-COMPANY-ACT,1956,4,0.2586,-0.137,banking_finance,Congress
5000,1960,US-1957-YATES,1957,3,0.1531,-0.2281,speech_security,Supreme Court
5000,1960,US-1958-NDEA,1958,2,0.4545,-0.1231,education_science_security,Congress
5000,1960,US-1958-NASA-ACT,1958,2,0.2682,-0.1586,science_space_state_capacity,Congress
5000,1960,US-1958-COOPER,1958,2,0.2123,-0.2032,civil_rights_federalism,Supreme Court
5000,1960,US-1961-PEACE-CORPS,1961,-1,0.4173,-0.1533,foreign_aid_civic_service,Congress/President
5000,1960,US-1968-OMNIBUS-CRIME-CONTROL,1968,-8,0.2533,-0.1665,criminal_justice_surveillance,Congress
5000,1960,US-1968-TRUTH-IN-LENDING,1968,-8,0.3595,-0.1051,consumer_credit,Congress
5000,1960,US-1970-FCRA,1970,-10,0.3248,-0.1334,privacy_credit,Congress
5000,1960,US-1957-EO10730,1957,3,0.2949,-0.162,civil_rights_state_capacity,President
5000,1960,US-1963-TEST-BAN-TREATY,1963,-3,0.3684,-0.1431,nuclear_arms_control,Congress/President
5000,1960,US-1964-TONKIN-GULF,1964,-4,0.1683,-0.1172,war_powers_security,Congress
5000,1960,US-1967-ADEA,1967,-7,0.2687,-0.1371,civil_rights_labor_age,Congress
5000,1960,US-1970-BANK-SECRECY,1970,-10,0.298,-0.1484,finance_surveillance,Congress
10000,1961,US-1952-INA,1952,9,0.2717,-0.2408,immigration,Congress
10000,1961,US-1952-YOUNGSTOWN,1952,9,0.2877,-0.2592,executive_power,Supreme Court
10000,1961,US-1954-BROWN,1954,7,0.2751,-0.2631,civil_rights,Supreme Court
10000,1961,US-1956-HIGHWAY,1956,5,0.4128,-0.2366,infrastructure,Congress
10000,1961,US-1957-CIVIL-RIGHTS-ACT,1957,4,0.3582,-0.2422,civil_rights_democracy,Congress
10000,1961,US-1961-MAPP,1961,0,0.2075,-0.2376,criminal_procedure,Supreme Court
10000,1961,US-1962-BAKER,1962,-1,0.2993,-0.2405,democracy,Supreme Court
10000,1961,US-1962-ENGEL,1962,-1,0.3579,-0.2533,religion_schools,Supreme Court
10000,1961,US-1962-KEFAUVER-HARRIS,1962,-1,0.2797,-0.2281,consumer_health,Congress
10000,1961,US-1963-EQUAL-PAY,1963,-2,0.4663,-0.2206,gender_labor,Congress
10000,1961,US-1963-GIDEON,1963,-2,0.395,-0.2577,criminal_procedure,Supreme Court
10000,1961,US-1964-24TH-AMENDMENT,1964,-3,0.2947,-0.2695,democracy_civil_rights,constitutional_amendment
10000,1961,US-1964-CIVIL-RIGHTS-ACT,1964,-3,0.3276,-0.2664,civil_rights,Congress
10000,1961,US-1964-ECONOMIC-OPPORTUNITY,1964,-3,0.4854,-0.2507,poverty_social_policy,Congress
10000,1961,US-1964-HEART-ATLANTA,1964,-3,0.2948,-0.2655,civil_rights_state_capacity,Supreme Court
10000,1961,US-1964-NYT-SULLIVAN,1964,-3,0.412,-0.2472,speech_press,Supreme Court
10000,1961,US-1964-REYNOLDS,1964,-3,0.3714,-0.2511,democracy,Supreme Court
10000,1961,US-1965-ESEA,1965,-4,0.4226,-0.2312,education,Congress
10000,1961,US-1965-GRISWOLD,1965,-4,0.3639,-0.2685,privacy_family,Supreme Court
10000,1961,US-1965-HART-CELLER,1965,-4,0.2434,-0.2203,immigration,Congress
10000,1961,US-1965-MEDICARE-MEDICAID,1965,-4,0.4686,-0.2317,health_social_insurance,Congress
10000,1961,US-1965-VRA,1965,-4,0.2583,-0.1884,democracy_civil_rights,Congress
10000,1961,US-1966-FOIA,1966,-5,0.4369,-0.2649,transparency,Congress
10000,1961,US-1966-HARPER,1966,-5,0.4025,-0.2964,democracy_civil_rights,Supreme Court
10000,1961,US-1966-MIRANDA,1966,-5,0.3679,-0.2235,criminal_procedure,Supreme Court
10000,1961,US-1967-KATZ,1967,-6,0.2547,-0.3083,privacy_surveillance,Supreme Court
10000,1961,US-1967-LOVING,1967,-6,0.3055,-0.2741,civil_rights_family,Supreme Court
10000,1961,US-1968-FAIR-HOUSING,1968,-7,0.3651,-0.257,civil_rights_housing,Congress
10000,1961,US-1968-GUN-CONTROL,1968,-7,0.3194,-0.2646,guns_crime,Congress
10000,1961,US-1968-TERRY,1968,-7,0.3995,-0.288,criminal_procedure_policing,Supreme Court
10000,1961,US-1969-BRANDENBURG,1969,-8,0.1761,-0.2429,speech,Supreme Court
10000,1961,US-1969-NEPA,1969,-8,0.2782,-0.2095,environment,Congress
10000,1961,US-1969-TINKER,1969,-8,0.303,-0.1522,speech_schools,Supreme Court
10000,1961,US-1970-CLEAN-AIR,1970,-9,0.4306,-0.2885,environment,Congress
10000,1961,US-1970-CSA,1970,-9,0.3799,-0.2204,drug_policy,Congress
10000,1961,US-1970-OSHA,1970,-9,0.4839,-0.2545,labor_health,Congress
10000,1961,US-1971-26TH,1971,-10,0.4749,-0.2413,democracy_youth,constitutional_amendment
10000,1961,US-1971-FECA,1971,-10,0.3685,-0.2479,campaign_finance,Congress
10000,1961,US-1971-LEMON,1971,-10,0.2995,-0.2684,religion,Supreme Court
10000,1961,US-1971-PENTAGON-PAPERS,1971,-10,0.1689,-0.2258,speech_security,Supreme Court
10000,1961,US-1951-DENNIS,1951,10,0.3039,-0.308,speech_security,Supreme Court
10000,1961,US-1956-BANK-HOLDING-COMPANY-ACT,1956,5,0.3353,-0.2344,banking_finance,Congress
10000,1961,US-1957-YATES,1957,4,0.2451,-0.3205,speech_security,Supreme Court
10000,1961,US-1958-NDEA,1958,3,0.5662,-0.2087,education_science_security,Congress
10000,1961,US-1958-NASA-ACT,1958,3,0.3995,-0.2646,science_space_state_capacity,Congress
10000,1961,US-1958-COOPER,1958,3,0.2851,-0.3096,civil_rights_federalism,Supreme Court
10000,1961,US-1961-PEACE-CORPS,1961,0,0.4445,-0.2518,foreign_aid_civic_service,Congress/President
10000,1961,US-1968-OMNIBUS-CRIME-CONTROL,1968,-7,0.3411,-0.269,criminal_justice_surveillance,Congress
10000,1961,US-1968-TRUTH-IN-LENDING,1968,-7,0.4074,-0.1678,consumer_credit,Congress
10000,1961,US-1970-FCRA,1970,-9,0.4575,-0.2241,privacy_credit,Congress
10000,1961,US-1957-EO10730,1957,4,0.3085,-0.2639,civil_rights_state_capacity,President
10000,1961,US-1963-TEST-BAN-TREATY,1963,-2,0.3232,-0.2295,nuclear_arms_control,Congress/President
10000,1961,US-1964-TONKIN-GULF,1964,-3,0.1875,-0.2107,war_powers_security,Congress
10000,1961,US-1967-ADEA,1967,-6,0.2714,-0.2259,civil_rights_labor_age,Congress
10000,1961,US-1970-BANK-SECRECY,1970,-9,0.3703,-0.2514,finance_surveillance,Congress
10000,1961,US-1971-ANCSA,1971,-10,0.2769,-0.2018,native_policy_land,Congress
20000,1961,US-1952-INA,1952,9,0.4734,-0.2265,immigration,Congress
20000,1961,US-1952-YOUNGSTOWN,1952,9,0.4677,-0.228,executive_power,Supreme Court
20000,1961,US-1954-BROWN,1954,7,0.4472,-0.2356,civil_rights,Supreme Court
20000,1961,US-1956-HIGHWAY,1956,5,0.5741,-0.222,infrastructure,Congress
20000,1961,US-1957-CIVIL-RIGHTS-ACT,1957,4,0.5714,-0.2536,civil_rights_democracy,Congress
20000,1961,US-1961-MAPP,1961,0,0.3911,-0.2093,criminal_procedure,Supreme Court
20000,1961,US-1962-BAKER,1962,-1,0.4504,-0.2207,democracy,Supreme Court
20000,1961,US-1962-ENGEL,1962,-1,0.5267,-0.2226,religion_schools,Supreme Court
20000,1961,US-1962-KEFAUVER-HARRIS,1962,-1,0.4962,-0.2313,consumer_health,Congress
20000,1961,US-1963-EQUAL-PAY,1963,-2,0.5769,-0.218,gender_labor,Congress
20000,1961,US-1963-GIDEON,1963,-2,0.5277,-0.2254,criminal_procedure,Supreme Court
20000,1961,US-1964-24TH-AMENDMENT,1964,-3,0.5044,-0.2319,democracy_civil_rights,constitutional_amendment
20000,1961,US-1964-CIVIL-RIGHTS-ACT,1964,-3,0.529,-0.1736,civil_rights,Congress
20000,1961,US-1964-ECONOMIC-OPPORTUNITY,1964,-3,0.6575,-0.2322,poverty_social_policy,Congress
20000,1961,US-1964-HEART-ATLANTA,1964,-3,0.4515,-0.1938,civil_rights_state_capacity,Supreme Court
20000,1961,US-1964-NYT-SULLIVAN,1964,-3,0.5496,-0.2132,speech_press,Supreme Court
20000,1961,US-1964-REYNOLDS,1964,-3,0.5902,-0.2473,democracy,Supreme Court
20000,1961,US-1965-ESEA,1965,-4,0.6438,-0.2068,education,Congress
20000,1961,US-1965-GRISWOLD,1965,-4,0.4846,-0.2369,privacy_family,Supreme Court
20000,1961,US-1965-HART-CELLER,1965,-4,0.4427,-0.2025,immigration,Congress
20000,1961,US-1965-MEDICARE-MEDICAID,1965,-4,0.6344,-0.206,health_social_insurance,Congress
20000,1961,US-1965-VRA,1965,-4,0.4739,-0.1273,democracy_civil_rights,Congress
20000,1961,US-1966-FOIA,1966,-5,0.5698,-0.2192,transparency,Congress
20000,1961,US-1966-HARPER,1966,-5,0.5475,-0.2706,democracy_civil_rights,Supreme Court
20000,1961,US-1966-MIRANDA,1966,-5,0.5381,-0.1724,criminal_procedure,Supreme Court
20000,1961,US-1967-KATZ,1967,-6,0.3507,-0.243,privacy_surveillance,Supreme Court
20000,1961,US-1967-LOVING,1967,-6,0.4274,-0.254,civil_rights_family,Supreme Court
20000,1961,US-1968-FAIR-HOUSING,1968,-7,0.5137,-0.1753,civil_rights_housing,Congress
20000,1961,US-1968-GUN-CONTROL,1968,-7,0.4999,-0.2283,guns_crime,Congress
20000,1961,US-1968-TERRY,1968,-7,0.5272,-0.2361,criminal_procedure_policing,Supreme Court
20000,1961,US-1969-BRANDENBURG,1969,-8,0.3366,-0.1985,speech,Supreme Court
20000,1961,US-1969-NEPA,1969,-8,0.4735,-0.2003,environment,Congress
20000,1961,US-1969-TINKER,1969,-8,0.4936,-0.0916,speech_schools,Supreme Court
20000,1961,US-1970-CLEAN-AIR,1970,-9,0.6004,-0.2607,environment,Congress
20000,1961,US-1970-CSA,1970,-9,0.4988,-0.1881,drug_policy,Congress
20000,1961,US-1970-OSHA,1970,-9,0.6432,-0.2338,labor_health,Congress
20000,1961,US-1971-26TH,1971,-10,0.6133,-0.2294,democracy_youth,constitutional_amendment
20000,1961,US-1971-FECA,1971,-10,0.5391,-0.2096,campaign_finance,Congress
20000,1961,US-1971-LEMON,1971,-10,0.465,-0.2363,religion,Supreme Court
20000,1961,US-1971-PENTAGON-PAPERS,1971,-10,0.3825,-0.209,speech_security,Supreme Court
20000,1961,US-1951-DENNIS,1951,10,0.4351,-0.2558,speech_security,Supreme Court
20000,1961,US-1956-BANK-HOLDING-COMPANY-ACT,1956,5,0.4885,-0.1917,banking_finance,Congress
20000,1961,US-1957-YATES,1957,4,0.4502,-0.2742,speech_security,Supreme Court
20000,1961,US-1958-NDEA,1958,3,0.7245,-0.1915,education_science_security,Congress
20000,1961,US-1958-NASA-ACT,1958,3,0.5983,-0.2416,science_space_state_capacity,Congress
20000,1961,US-1958-COOPER,1958,3,0.4381,-0.2549,civil_rights_federalism,Supreme Court
20000,1961,US-1961-PEACE-CORPS,1961,0,0.557,-0.231,foreign_aid_civic_service,Congress/President
20000,1961,US-1968-OMNIBUS-CRIME-CONTROL,1968,-7,0.5185,-0.2429,criminal_justice_surveillance,Congress
20000,1961,US-1968-TRUTH-IN-LENDING,1968,-7,0.5508,-0.1664,consumer_credit,Congress
20000,1961,US-1970-FCRA,1970,-9,0.6463,-0.2053,privacy_credit,Congress
20000,1961,US-1957-EO10730,1957,4,0.4734,-0.2307,civil_rights_state_capacity,President
20000,1961,US-1963-TEST-BAN-TREATY,1963,-2,0.4696,-0.2077,nuclear_arms_control,Congress/President
20000,1961,US-1964-TONKIN-GULF,1964,-3,0.381,-0.1914,war_powers_security,Congress
20000,1961,US-1967-ADEA,1967,-6,0.4724,-0.1811,civil_rights_labor_age,Congress
20000,1961,US-1970-BANK-SECRECY,1970,-9,0.535,-0.2277,finance_surveillance,Congress
20000,1961,US-1971-ANCSA,1971,-10,0.5156,-0.1953,native_policy_land,Congress
5000,1961,US-1952-INA,1952,9,0.3616,-0.1892,immigration,Congress
5000,1961,US-1952-YOUNGSTOWN,1952,9,0.3482,-0.1892,executive_power,Supreme Court
5000,1961,US-1954-BROWN,1954,7,0.3389,-0.1853,civil_rights,Supreme Court
5000,1961,US-1956-HIGHWAY,1956,5,0.4411,-0.1665,infrastructure,Congress
5000,1961,US-1957-CIVIL-RIGHTS-ACT,1957,4,0.4397,-0.1737,civil_rights_democracy,Congress
5000,1961,US-1961-MAPP,1961,0,0.2141,-0.1821,criminal_procedure,Supreme Court
5000,1961,US-1962-BAKER,1962,-1,0.3079,-0.1787,democracy,Supreme Court
5000,1961,US-1962-ENGEL,1962,-1,0.3445,-0.1854,religion_schools,Supreme Court
5000,1961,US-1962-KEFAUVER-HARRIS,1962,-1,0.3636,-0.1514,consumer_health,Congress
5000,1961,US-1963-EQUAL-PAY,1963,-2,0.4643,-0.1456,gender_labor,Congress
5000,1961,US-1963-GIDEON,1963,-2,0.3751,-0.1898,criminal_procedure,Supreme Court
5000,1961,US-1964-24TH-AMENDMENT,1964,-3,0.3357,-0.2008,democracy_civil_rights,constitutional_amendment
5000,1961,US-1964-CIVIL-RIGHTS-ACT,1964,-3,0.4445,-0.2004,civil_rights,Congress
5000,1961,US-1964-ECONOMIC-OPPORTUNITY,1964,-3,0.5274,-0.1789,poverty_social_policy,Congress
5000,1961,US-1964-HEART-ATLANTA,1964,-3,0.3453,-0.1976,civil_rights_state_capacity,Supreme Court
5000,1961,US-1964-NYT-SULLIVAN,1964,-3,0.4532,-0.1835,speech_press,Supreme Court
5000,1961,US-1964-REYNOLDS,1964,-3,0.4256,-0.1738,democracy,Supreme Court
5000,1961,US-1965-ESEA,1965,-4,0.4377,-0.1615,education,Congress
5000,1961,US-1965-GRISWOLD,1965,-4,0.3897,-0.1859,privacy_family,Supreme Court
5000,1961,US-1965-HART-CELLER,1965,-4,0.3058,-0.1715,immigration,Congress
5000,1961,US-1965-MEDICARE-MEDICAID,1965,-4,0.5183,-0.1545,health_social_insurance,Congress
5000,1961,US-1965-VRA,1965,-4,0.3385,-0.1705,democracy_civil_rights,Congress
5000,1961,US-1966-FOIA,1966,-5,0.365,-0.1784,transparency,Congress
5000,1961,US-1966-HARPER,1966,-5,0.4301,-0.2096,democracy_civil_rights,Supreme Court
5000,1961,US-1966-MIRANDA,1966,-5,0.4592,-0.1785,criminal_procedure,Supreme Court
5000,1961,US-1967-KATZ,1967,-6,0.3172,-0.2493,privacy_surveillance,Supreme Court
5000,1961,US-1967-LOVING,1967,-6,0.3577,-0.1912,civil_rights_family,Supreme Court
5000,1961,US-1968-FAIR-HOUSING,1968,-7,0.4551,-0.1949,civil_rights_housing,Congress
5000,1961,US-1968-GUN-CONTROL,1968,-7,0.3641,-0.1874,guns_crime,Congress
5000,1961,US-1968-TERRY,1968,-7,0.4684,-0.1993,criminal_procedure_policing,Supreme Court
5000,1961,US-1969-BRANDENBURG,1969,-8,0.2615,-0.1633,speech,Supreme Court
5000,1961,US-1969-NEPA,1969,-8,0.362,-0.1513,environment,Congress
5000,1961,US-1969-TINKER,1969,-8,0.3575,-0.1411,speech_schools,Supreme Court
5000,1961,US-1970-CLEAN-AIR,1970,-9,0.4775,-0.2049,environment,Congress
5000,1961,US-1970-CSA,1970,-9,0.448,-0.1646,drug_policy,Congress
5000,1961,US-1970-OSHA,1970,-9,0.5167,-0.1753,labor_health,Congress
5000,1961,US-1971-26TH,1971,-10,0.5577,-0.163,democracy_youth,constitutional_amendment
5000,1961,US-1971-FECA,1971,-10,0.4435,-0.1838,campaign_finance,Congress
5000,1961,US-1971-LEMON,1971,-10,0.3413,-0.2072,religion,Supreme Court
5000,1961,US-1971-PENTAGON-PAPERS,1971,-10,0.1825,-0.1421,speech_security,Supreme Court
5000,1961,US-1951-DENNIS,1951,10,0.3518,-0.2162,speech_security,Supreme Court
5000,1961,US-1956-BANK-HOLDING-COMPANY-ACT,1956,5,0.3613,-0.1733,banking_finance,Congress
5000,1961,US-1957-YATES,1957,4,0.2279,-0.2476,speech_security,Supreme Court
5000,1961,US-1958-NDEA,1958,3,0.6055,-0.1449,education_science_security,Congress
5000,1961,US-1958-NASA-ACT,1958,3,0.4606,-0.203,science_space_state_capacity,Congress
5000,1961,US-1958-COOPER,1958,3,0.3153,-0.2312,civil_rights_federalism,Supreme Court
5000,1961,US-1961-PEACE-CORPS,1961,0,0.5399,-0.1821,foreign_aid_civic_service,Congress/President
5000,1961,US-1968-OMNIBUS-CRIME-CONTROL,1968,-7,0.3925,-0.1866,criminal_justice_surveillance,Congress
5000,1961,US-1968-TRUTH-IN-LENDING,1968,-7,0.4465,-0.1226,consumer_credit,Congress
5000,1961,US-1970-FCRA,1970,-9,0.4941,-0.1599,privacy_credit,Congress
5000,1961,US-1957-EO10730,1957,4,0.4235,-0.1906,civil_rights_state_capacity,President
5000,1961,US-1963-TEST-BAN-TREATY,1963,-2,0.4442,-0.1707,nuclear_arms_control,Congress/President
5000,1961,US-1964-TONKIN-GULF,1964,-3,0.2374,-0.1547,war_powers_security,Congress
5000,1961,US-1967-ADEA,1967,-6,0.381,-0.1746,civil_rights_labor_age,Congress
5000,1961,US-1970-BANK-SECRECY,1970,-9,0.4168,-0.1784,finance_surveillance,Congress
5000,1961,US-1971-ANCSA,1971,-10,0.3452,-0.1542,native_policy_land,Congress
10000,1962,US-1952-INA,1952,10,0.272,-0.1816,immigration,Congress
10000,1962,US-1952-YOUNGSTOWN,1952,10,0.2745,-0.1787,executive_power,Supreme Court
10000,1962,US-1954-BROWN,1954,8,0.2896,-0.1861,civil_rights,Supreme Court
10000,1962,US-1956-HIGHWAY,1956,6,0.4298,-0.1558,infrastructure,Congress
10000,1962,US-1957-CIVIL-RIGHTS-ACT,1957,5,0.3428,-0.1754,civil_rights_democracy,Congress
10000,1962,US-1961-MAPP,1961,1,0.1549,-0.1806,criminal_procedure,Supreme Court
10000,1962,US-1962-BAKER,1962,0,0.2638,-0.1672,democracy,Supreme Court
10000,1962,US-1962-ENGEL,1962,0,0.3261,-0.1906,religion_schools,Supreme Court
10000,1962,US-1962-KEFAUVER-HARRIS,1962,0,0.2419,-0.16,consumer_health,Congress
10000,1962,US-1963-EQUAL-PAY,1963,-1,0.4618,-0.1442,gender_labor,Congress
10000,1962,US-1963-GIDEON,1963,-1,0.3455,-0.1662,criminal_procedure,Supreme Court
10000,1962,US-1964-24TH-AMENDMENT,1964,-2,0.293,-0.1886,democracy_civil_rights,constitutional_amendment
10000,1962,US-1964-CIVIL-RIGHTS-ACT,1964,-2,0.2807,-0.14,civil_rights,Congress
10000,1962,US-1964-ECONOMIC-OPPORTUNITY,1964,-2,0.5423,-0.1559,poverty_social_policy,Congress
10000,1962,US-1964-HEART-ATLANTA,1964,-2,0.2624,-0.1585,civil_rights_state_capacity,Supreme Court
10000,1962,US-1964-NYT-SULLIVAN,1964,-2,0.3201,-0.1808,speech_press,Supreme Court
10000,1962,US-1964-REYNOLDS,1964,-2,0.4204,-0.177,democracy,Supreme Court
10000,1962,US-1965-ESEA,1965,-3,0.4552,-0.1311,education,Congress
10000,1962,US-1965-GRISWOLD,1965,-3,0.3395,-0.1976,privacy_family,Supreme Court
10000,1962,US-1965-HART-CELLER,1965,-3,0.2646,-0.1584,immigration,Congress
10000,1962,US-1965-MEDICARE-MEDICAID,1965,-3,0.5044,-0.1505,health_social_insurance,Congress
10000,1962,US-1965-VRA,1965,-3,0.2765,-0.0966,democracy_civil_rights,Congress
10000,1962,US-1966-FOIA,1966,-4,0.3615,-0.1808,transparency,Congress
10000,1962,US-1966-HARPER,1966,-4,0.3631,-0.2211,democracy_civil_rights,Supreme Court
10000,1962,US-1966-MIRANDA,1966,-4,0.3722,-0.1834,criminal_procedure,Supreme Court
10000,1962,US-1967-KATZ,1967,-5,0.2199,-0.2307,privacy_surveillance,Supreme Court
10000,1962,US-1967-LOVING,1967,-5,0.2774,-0.2089,civil_rights_family,Supreme Court
10000,1962,US-1968-FAIR-HOUSING,1968,-6,0.3044,-0.1363,civil_rights_housing,Congress
10000,1962,US-1968-GUN-CONTROL,1968,-6,0.2707,-0.1936,guns_crime,Congress
10000,1962,US-1968-TERRY,1968,-6,0.3892,-0.2146,criminal_procedure_policing,Supreme Court
10000,1962,US-1969-BRANDENBURG,1969,-7,0.1806,-0.1761,speech,Supreme Court
10000,1962,US-1969-NEPA,1969,-7,0.2967,-0.1429,environment,Congress
10000,1962,US-1969-TINKER,1969,-7,0.2955,-0.0938,speech_schools,Supreme Court
10000,1962,US-1970-CLEAN-AIR,1970,-8,0.3608,-0.2097,environment,Congress
10000,1962,US-1970-CSA,1970,-8,0.3554,-0.1549,drug_policy,Congress
10000,1962,US-1970-OSHA,1970,-8,0.4483,-0.1818,labor_health,Congress
10000,1962,US-1971-26TH,1971,-9,0.5298,-0.1766,democracy_youth,constitutional_amendment
10000,1962,US-1971-FECA,1971,-9,0.3356,-0.184,campaign_finance,Congress
10000,1962,US-1971-LEMON,1971,-9,0.2846,-0.1932,religion,Supreme Court
10000,1962,US-1971-PENTAGON-PAPERS,1971,-9,0.1365,-0.158,speech_security,Supreme Court
10000,1962,US-1972-CLEAN-WATER,1972,-10,0.2933,-0.1015,environment,Congress
10000,1962,US-1972-FURMAN,1972,-10,0.2901,-0.1984,criminal_justice,Supreme Court
10000,1962,US-1972-TITLE-IX,1972,-10,0.3225,-0.12,gender_education,Congress
10000,1962,US-1972-YODER,1972,-10,0.3589,-0.1884,religion_education,Supreme Court
10000,1962,US-1956-BANK-HOLDING-COMPANY-ACT,1956,6,0.2872,-0.1663,banking_finance,Congress
10000,1962,US-1957-YATES,1957,5,0.1886,-0.2428,speech_security,Supreme Court
10000,1962,US-1958-NDEA,1958,4,0.5956,-0.133,education_science_security,Congress
10000,1962,US-1958-NASA-ACT,1958,4,0.4101,-0.1801,science_space_state_capacity,Congress
10000,1962,US-1958-COOPER,1958,4,0.2177,-0.2221,civil_rights_federalism,Supreme Court
10000,1962,US-1961-PEACE-CORPS,1961,1,0.4739,-0.1772,foreign_aid_civic_service,Congress/President
10000,1962,US-1968-OMNIBUS-CRIME-CONTROL,1968,-6,0.3338,-0.1968,criminal_justice_surveillance,Congress
10000,1962,US-1968-TRUTH-IN-LENDING,1968,-6,0.3266,-0.1294,consumer_credit,Congress
10000,1962,US-1970-FCRA,1970,-8,0.4284,-0.1612,privacy_credit,Congress
10000,1962,US-1972-CPSA,1972,-10,0.4096,-0.1665,consumer_safety,Congress
10000,1962,US-1957-EO10730,1957,5,0.3638,-0.1705,civil_rights_state_capacity,President
10000,1962,US-1963-TEST-BAN-TREATY,1963,-1,0.353,-0.1548,nuclear_arms_control,Congress/President
10000,1962,US-1964-TONKIN-GULF,1964,-2,0.218,-0.142,war_powers_security,Congress
10000,1962,US-1967-ADEA,1967,-5,0.3465,-0.1229,civil_rights_labor_age,Congress
10000,1962,US-1970-BANK-SECRECY,1970,-8,0.3434,-0.1817,finance_surveillance,Congress
10000,1962,US-1971-ANCSA,1971,-9,0.2667,-0.1305,native_policy_land,Congress
20000,1962,US-1952-INA,1952,10,0.3695,-0.2267,immigration,Congress
20000,1962,US-1952-YOUNGSTOWN,1952,10,0.3485,-0.2203,executive_power,Supreme Court
20000,1962,US-1954-BROWN,1954,8,0.3354,-0.2222,civil_rights,Supreme Court
20000,1962,US-1956-HIGHWAY,1956,6,0.4631,-0.2028,infrastructure,Congress
20000,1962,US-1957-CIVIL-RIGHTS-ACT,1957,5,0.4831,-0.2384,civil_rights_democracy,Congress
20000,1962,US-1961-MAPP,1961,1,0.2611,-0.2239,criminal_procedure,Supreme Court
20000,1962,US-1962-BAKER,1962,0,0.3074,-0.2302,democracy,Supreme Court
20000,1962,US-1962-ENGEL,1962,0,0.4468,-0.2187,religion_schools,Supreme Court
20000,1962,US-1962-KEFAUVER-HARRIS,1962,0,0.3701,-0.2243,consumer_health,Congress
20000,1962,US-1963-EQUAL-PAY,1963,-1,0.4861,-0.1817,gender_labor,Congress
20000,1962,US-1963-GIDEON,1963,-1,0.3998,-0.2058,criminal_procedure,Supreme Court
20000,1962,US-1964-24TH-AMENDMENT,1964,-2,0.42,-0.2358,democracy_civil_rights,constitutional_amendment
20000,1962,US-1964-CIVIL-RIGHTS-ACT,1964,-2,0.4149,-0.1681,civil_rights,Congress
20000,1962,US-1964-ECONOMIC-OPPORTUNITY,1964,-2,0.5892,-0.2115,poverty_social_policy,Congress
20000,1962,US-1964-HEART-ATLANTA,1964,-2,0.3417,-0.1861,civil_rights_state_capacity,Supreme Court
20000,1962,US-1964-NYT-SULLIVAN,1964,-2,0.3914,-0.2327,speech_press,Supreme Court
20000,1962,US-1964-REYNOLDS,1964,-2,0.4662,-0.2268,democracy,Supreme Court
20000,1962,US-1965-ESEA,1965,-3,0.5252,-0.1779,education,Congress
20000,1962,US-1965-GRISWOLD,1965,-3,0.3647,-0.2296,privacy_family,Supreme Court
20000,1962,US-1965-HART-CELLER,1965,-3,0.3431,-0.2051,immigration,Congress
20000,1962,US-1965-MEDICARE-MEDICAID,1965,-3,0.5295,-0.1819,health_social_insurance,Congress
20000,1962,US-1965-VRA,1965,-3,0.3563,-0.1307,democracy_civil_rights,Congress
20000,1962,US-1966-FOIA,1966,-4,0.4494,-0.2154,transparency,Congress
20000,1962,US-1966-HARPER,1966,-4,0.4501,-0.26,democracy_civil_rights,Supreme Court
20000,1962,US-1966-MIRANDA,1966,-4,0.493,-0.196,criminal_procedure,Supreme Court
20000,1962,US-1967-KATZ,1967,-5,0.3021,-0.2514,privacy_surveillance,Supreme Court
20000,1962,US-1967-LOVING,1967,-5,0.2832,-0.2505,civil_rights_family,Supreme Court
20000,1962,US-1968-FAIR-HOUSING,1968,-6,0.3684,-0.1652,civil_rights_housing,Congress
20000,1962,US-1968-GUN-CONTROL,1968,-6,0.3398,-0.2369,guns_crime,Congress
20000,1962,US-1968-TERRY,1968,-6,0.4423,-0.2519,criminal_procedure_policing,Supreme Court
20000,1962,US-1969-BRANDENBURG,1969,-7,0.2397,-0.2206,speech,Supreme Court
20000,1962,US-1969-NEPA,1969,-7,0.3531,-0.2006,environment,Congress
20000,1962,US-1969-TINKER,1969,-7,0.3686,-0.0945,speech_schools,Supreme Court
20000,1962,US-1970-CLEAN-AIR,1970,-8,0.4648,-0.2547,environment,Congress
20000,1962,US-1970-CSA,1970,-8,0.4145,-0.1933,drug_policy,Congress
20000,1962,US-1970-OSHA,1970,-8,0.5433,-0.222,labor_health,Congress
20000,1962,US-1971-26TH,1971,-9,0.5698,-0.2063,democracy_youth,constitutional_amendment
20000,1962,US-1971-FECA,1971,-9,0.405,-0.217,campaign_finance,Congress
20000,1962,US-1971-LEMON,1971,-9,0.3825,-0.2303,religion,Supreme Court
20000,1962,US-1971-PENTAGON-PAPERS,1971,-9,0.2772,-0.2215,speech_security,Supreme Court
20000,1962,US-1972-CLEAN-WATER,1972,-10,0.3794,-0.1345,environment,Congress
20000,1962,US-1972-FURMAN,1972,-10,0.3304,-0.2449,criminal_justice,Supreme Court
20000,1962,US-1972-TITLE-IX,1972,-10,0.354,-0.1488,gender_education,Congress
20000,1962,US-1972-YODER,1972,-10,0.4167,-0.2449,religion_education,Supreme Court
20000,1962,US-1956-BANK-HOLDING-COMPANY-ACT,1956,6,0.3456,-0.1839,banking_finance,Congress
20000,1962,US-1957-YATES,1957,5,0.336,-0.2773,speech_security,Supreme Court
20000,1962,US-1958-NDEA,1958,4,0.6487,-0.1727,education_science_security,Congress
20000,1962,US-1958-NASA-ACT,1958,4,0.5179,-0.2178,science_space_state_capacity,Congress
20000,1962,US-1958-COOPER,1958,4,0.294,-0.2557,civil_rights_federalism,Supreme Court
20000,1962,US-1961-PEACE-CORPS,1961,1,0.5397,-0.2232,foreign_aid_civic_service,Congress/President
20000,1962,US-1968-OMNIBUS-CRIME-CONTROL,1968,-6,0.3822,-0.2496,criminal_justice_surveillance,Congress
20000,1962,US-1968-TRUTH-IN-LENDING,1968,-6,0.4015,-0.1575,consumer_credit,Congress
20000,1962,US-1970-FCRA,1970,-8,0.5485,-0.2034,privacy_credit,Congress
20000,1962,US-1972-CPSA,1972,-10,0.4781,-0.2069,consumer_safety,Congress
20000,1962,US-1957-EO10730,1957,5,0.389,-0.2346,civil_rights_state_capacity,President
20000,1962,US-1963-TEST-BAN-TREATY,1963,-1,0.4145,-0.1993,nuclear_arms_control,Congress/President
20000,1962,US-1964-TONKIN-GULF,1964,-2,0.305,-0.191,war_powers_security,Congress
20000,1962,US-1967-ADEA,1967,-5,0.4267,-0.1756,civil_rights_labor_age,Congress
20000,1962,US-1970-BANK-SECRECY,1970,-8,0.4574,-0.2308,finance_surveillance,Congress
20000,1962,US-1971-ANCSA,1971,-9,0.3993,-0.1805,native_policy_land,Congress
5000,1962,US-1952-INA,1952,10,0.3541,-0.1518,immigration,Congress
5000,1962,US-1952-YOUNGSTOWN,1952,10,0.3671,-0.1544,executive_power,Supreme Court
5000,1962,US-1954-BROWN,1954,8,0.316,-0.1567,civil_rights,Supreme Court
5000,1962,US-1956-HIGHWAY,1956,6,0.4175,-0.1271,infrastructure,Congress
5000,1962,US-1957-CIVIL-RIGHTS-ACT,1957,5,0.3923,-0.1481,civil_rights_democracy,Congress
5000,1962,US-1961-MAPP,1961,1,0.1978,-0.1867,criminal_procedure,Supreme Court
5000,1962,US-1962-BAKER,1962,0,0.2827,-0.1463,democracy,Supreme Court
5000,1962,US-1962-ENGEL,1962,0,0.3191,-0.1474,religion_schools,Supreme Court
5000,1962,US-1962-KEFAUVER-HARRIS,1962,0,0.3296,-0.1128,consumer_health,Congress
5000,1962,US-1963-EQUAL-PAY,1963,-1,0.4966,-0.1272,gender_labor,Congress
5000,1962,US-1963-GIDEON,1963,-1,0.3481,-0.1449,criminal_procedure,Supreme Court
5000,1962,US-1964-24TH-AMENDMENT,1964,-2,0.3213,-0.1718,democracy_civil_rights,constitutional_amendment
5000,1962,US-1964-CIVIL-RIGHTS-ACT,1964,-2,0.4086,-0.1407,civil_rights,Congress
5000,1962,US-1964-ECONOMIC-OPPORTUNITY,1964,-2,0.4706,-0.132,poverty_social_policy,Congress
5000,1962,US-1964-HEART-ATLANTA,1964,-2,0.3362,-0.1511,civil_rights_state_capacity,Supreme Court
5000,1962,US-1964-NYT-SULLIVAN,1964,-2,0.3474,-0.1574,speech_press,Supreme Court
5000,1962,US-1964-REYNOLDS,1964,-2,0.4206,-0.1479,democracy,Supreme Court
5000,1962,US-1965-ESEA,1965,-3,0.4253,-0.1202,education,Congress
5000,1962,US-1965-GRISWOLD,1965,-3,0.3601,-0.1661,privacy_family,Supreme Court
5000,1962,US-1965-HART-CELLER,1965,-3,0.3186,-0.133,immigration,Congress
5000,1962,US-1965-MEDICARE-MEDICAID,1965,-3,0.5155,-0.122,health_social_insurance,Congress
5000,1962,US-1965-VRA,1965,-3,0.3232,-0.1078,democracy_civil_rights,Congress
5000,1962,US-1966-FOIA,1966,-4,0.3319,-0.1532,transparency,Congress
5000,1962,US-1966-HARPER,1966,-4,0.391,-0.1921,democracy_civil_rights,Supreme Court
5000,1962,US-1966-MIRANDA,1966,-4,0.4411,-0.1578,criminal_procedure,Supreme Court
5000,1962,US-1967-KATZ,1967,-5,0.2959,-0.2252,privacy_surveillance,Supreme Court
5000,1962,US-1967-LOVING,1967,-5,0.339,-0.1745,civil_rights_family,Supreme Court
5000,1962,US-1968-FAIR-HOUSING,1968,-6,0.4405,-0.1436,civil_rights_housing,Congress
5000,1962,US-1968-GUN-CONTROL,1968,-6,0.3545,-0.1593,guns_crime,Congress
5000,1962,US-1968-TERRY,1968,-6,0.434,-0.1785,criminal_procedure_policing,Supreme Court
5000,1962,US-1969-BRANDENBURG,1969,-7,0.236,-0.1505,speech,Supreme Court
5000,1962,US-1969-NEPA,1969,-7,0.3195,-0.1162,environment,Congress
5000,1962,US-1969-TINKER,1969,-7,0.3559,-0.1051,speech_schools,Supreme Court
5000,1962,US-1970-CLEAN-AIR,1970,-8,0.3907,-0.1734,environment,Congress
5000,1962,US-1970-CSA,1970,-8,0.4552,-0.15,drug_policy,Congress
5000,1962,US-1970-OSHA,1970,-8,0.497,-0.1414,labor_health,Congress
5000,1962,US-1971-26TH,1971,-9,0.5293,-0.1526,democracy_youth,constitutional_amendment
5000,1962,US-1971-FECA,1971,-9,0.3856,-0.1587,campaign_finance,Congress
5000,1962,US-1971-LEMON,1971,-9,0.3196,-0.1643,religion,Supreme Court
5000,1962,US-1971-PENTAGON-PAPERS,1971,-9,0.198,-0.12,speech_security,Supreme Court
5000,1962,US-1972-CLEAN-WATER,1972,-10,0.3312,-0.0912,environment,Congress
5000,1962,US-1972-FURMAN,1972,-10,0.3648,-0.167,criminal_justice,Supreme Court
5000,1962,US-1972-TITLE-IX,1972,-10,0.3701,-0.1118,gender_education,Congress
5000,1962,US-1972-YODER,1972,-10,0.3376,-0.1506,religion_education,Supreme Court
5000,1962,US-1956-BANK-HOLDING-COMPANY-ACT,1956,6,0.3639,-0.1517,banking_finance,Congress
5000,1962,US-1957-YATES,1957,5,0.2075,-0.2147,speech_security,Supreme Court
5000,1962,US-1958-NDEA,1958,4,0.5564,-0.1194,education_science_security,Congress
5000,1962,US-1958-NASA-ACT,1958,4,0.3977,-0.1592,science_space_state_capacity,Congress
5000,1962,US-1958-COOPER,1958,4,0.2845,-0.1859,civil_rights_federalism,Supreme Court
5000,1962,US-1961-PEACE-CORPS,1961,1,0.5314,-0.1469,foreign_aid_civic_service,Congress/President
5000,1962,US-1968-OMNIBUS-CRIME-CONTROL,1968,-6,0.3871,-0.1707,criminal_justice_surveillance,Congress
5000,1962,US-1968-TRUTH-IN-LENDING,1968,-6,0.433,-0.1075,consumer_credit,Congress
5000,1962,US-1970-FCRA,1970,-8,0.4703,-0.1401,privacy_credit,Congress
5000,1962,US-1972-CPSA,1972,-10,0.4375,-0.1395,consumer_safety,Congress
5000,1962,US-1957-EO10730,1957,5,0.4074,-0.1317,civil_rights_state_capacity,President
5000,1962,US-1963-TEST-BAN-TREATY,1963,-1,0.427,-0.1294,nuclear_arms_control,Congress/President
5000,1962,US-1964-TONKIN-GULF,1964,-2,0.2681,-0.1142,war_powers_security,Congress
5000,1962,US-1967-ADEA,1967,-5,0.37,-0.136,civil_rights_labor_age,Congress
5000,1962,US-1970-BANK-SECRECY,1970,-8,0.4409,-0.1485,finance_surveillance,Congress
5000,1962,US-1971-ANCSA,1971,-9,0.3399,-0.1164,native_policy_land,Congress
10000,1963,US-1954-BROWN,1954,9,0.374,-0.1653,civil_rights,Supreme Court
10000,1963,US-1956-HIGHWAY,1956,7,0.4155,-0.1368,infrastructure,Congress
10000,1963,US-1957-CIVIL-RIGHTS-ACT,1957,6,0.3147,-0.1585,civil_rights_democracy,Congress
10000,1963,US-1961-MAPP,1961,2,0.2587,-0.1588,criminal_procedure,Supreme Court
10000,1963,US-1962-BAKER,1962,1,0.3257,-0.1576,democracy,Supreme Court
10000,1963,US-1962-ENGEL,1962,1,0.3919,-0.166,religion_schools,Supreme Court
10000,1963,US-1962-KEFAUVER-HARRIS,1962,1,0.3033,-0.1441,consumer_health,Congress
10000,1963,US-1963-EQUAL-PAY,1963,0,0.4982,-0.1311,gender_labor,Congress
10000,1963,US-1963-GIDEON,1963,0,0.3998,-0.1529,criminal_procedure,Supreme Court
10000,1963,US-1964-24TH-AMENDMENT,1964,-1,0.3153,-0.1734,democracy_civil_rights,constitutional_amendment
10000,1963,US-1964-CIVIL-RIGHTS-ACT,1964,-1,0.3252,-0.1469,civil_rights,Congress
10000,1963,US-1964-ECONOMIC-OPPORTUNITY,1964,-1,0.5247,-0.1563,poverty_social_policy,Congress
10000,1963,US-1964-HEART-ATLANTA,1964,-1,0.3286,-0.1647,civil_rights_state_capacity,Supreme Court
10000,1963,US-1964-NYT-SULLIVAN,1964,-1,0.4198,-0.1756,speech_press,Supreme Court
10000,1963,US-1964-REYNOLDS,1964,-1,0.4567,-0.1575,democracy,Supreme Court
10000,1963,US-1965-ESEA,1965,-2,0.4561,-0.1301,education,Congress
10000,1963,US-1965-GRISWOLD,1965,-2,0.4235,-0.1848,privacy_family,Supreme Court
10000,1963,US-1965-HART-CELLER,1965,-2,0.2987,-0.145,immigration,Congress
10000,1963,US-1965-MEDICARE-MEDICAID,1965,-2,0.5144,-0.131,health_social_insurance,Congress
10000,1963,US-1965-VRA,1965,-2,0.3422,-0.1243,democracy_civil_rights,Congress
10000,1963,US-1966-FOIA,1966,-3,0.4446,-0.1615,transparency,Congress
10000,1963,US-1966-HARPER,1966,-3,0.469,-0.2076,democracy_civil_rights,Supreme Court
10000,1963,US-1966-MIRANDA,1966,-3,0.4581,-0.1453,criminal_procedure,Supreme Court
10000,1963,US-1967-KATZ,1967,-4,0.2509,-0.2184,privacy_surveillance,Supreme Court
10000,1963,US-1967-LOVING,1967,-4,0.3817,-0.1839,civil_rights_family,Supreme Court
10000,1963,US-1968-FAIR-HOUSING,1968,-5,0.3343,-0.1372,civil_rights_housing,Congress
10000,1963,US-1968-GUN-CONTROL,1968,-5,0.3245,-0.1651,guns_crime,Congress
10000,1963,US-1968-TERRY,1968,-5,0.4844,-0.1975,criminal_procedure_policing,Supreme Court
10000,1963,US-1969-BRANDENBURG,1969,-6,0.2841,-0.1662,speech,Supreme Court
10000,1963,US-1969-NEPA,1969,-6,0.3644,-0.1345,environment,Congress
10000,1963,US-1969-TINKER,1969,-6,0.454,-0.107,speech_schools,Supreme Court
10000,1963,US-1970-CLEAN-AIR,1970,-7,0.4415,-0.1878,environment,Congress
10000,1963,US-1970-CSA,1970,-7,0.3637,-0.1339,drug_policy,Congress
10000,1963,US-1970-OSHA,1970,-7,0.5042,-0.1593,labor_health,Congress
10000,1963,US-1971-26TH,1971,-8,0.5207,-0.151,democracy_youth,constitutional_amendment
10000,1963,US-1971-FECA,1971,-8,0.4073,-0.1577,campaign_finance,Congress
10000,1963,US-1971-LEMON,1971,-8,0.3696,-0.1803,religion,Supreme Court
10000,1963,US-1971-PENTAGON-PAPERS,1971,-8,0.195,-0.14,speech_security,Supreme Court
10000,1963,US-1972-CLEAN-WATER,1972,-9,0.3191,-0.1084,environment,Congress
10000,1963,US-1972-FURMAN,1972,-9,0.3538,-0.174,criminal_justice,Supreme Court
10000,1963,US-1972-TITLE-IX,1972,-9,0.4367,-0.1184,gender_education,Congress
10000,1963,US-1972-YODER,1972,-9,0.4357,-0.1763,religion_education,Supreme Court
10000,1963,US-1973-ESA,1973,-10,0.4154,-0.1221,environment,Congress
10000,1963,US-1973-REHABILITATION,1973,-10,0.3124,-0.1097,disability_rights,Congress
10000,1963,US-1973-RODRIGUEZ,1973,-10,0.3988,-0.1601,education_equality,Supreme Court
10000,1963,US-1973-ROE,1973,-10,0.4075,-0.148,privacy_family,Supreme Court
10000,1963,US-1973-WAR-POWERS,1973,-10,0.268,-0.1467,executive_power_security,Congress
10000,1963,US-1956-BANK-HOLDING-COMPANY-ACT,1956,7,0.3641,-0.1438,banking_finance,Congress
10000,1963,US-1957-YATES,1957,6,0.2667,-0.2447,speech_security,Supreme Court
10000,1963,US-1958-NDEA,1958,5,0.5919,-0.1244,education_science_security,Congress
10000,1963,US-1958-NASA-ACT,1958,5,0.3944,-0.1687,science_space_state_capacity,Congress
10000,1963,US-1958-COOPER,1958,5,0.3195,-0.2156,civil_rights_federalism,Supreme Court
10000,1963,US-1961-PEACE-CORPS,1961,2,0.4468,-0.1686,foreign_aid_civic_service,Congress/President
10000,1963,US-1968-OMNIBUS-CRIME-CONTROL,1968,-5,0.3532,-0.1817,criminal_justice_surveillance,Congress
10000,1963,US-1968-TRUTH-IN-LENDING,1968,-5,0.4261,-0.0993,consumer_credit,Congress
10000,1963,US-1970-FCRA,1970,-7,0.525,-0.1336,privacy_credit,Congress
10000,1963,US-1972-CPSA,1972,-9,0.4324,-0.1487,consumer_safety,Congress
10000,1963,US-1957-EO10730,1957,6,0.3978,-0.1609,civil_rights_state_capacity,President
10000,1963,US-1963-TEST-BAN-TREATY,1963,0,0.3618,-0.1491,nuclear_arms_control,Congress/President
10000,1963,US-1964-TONKIN-GULF,1964,-1,0.2284,-0.1306,war_powers_security,Congress
10000,1963,US-1967-ADEA,1967,-4,0.3908,-0.1269,civil_rights_labor_age,Congress
10000,1963,US-1970-BANK-SECRECY,1970,-7,0.3727,-0.1514,finance_surveillance,Congress
10000,1963,US-1971-ANCSA,1971,-8,0.3134,-0.1205,native_policy_land,Congress
20000,1963,US-1954-BROWN,1954,9,0.3619,-0.2553,civil_rights,Supreme Court
20000,1963,US-1956-HIGHWAY,1956,7,0.519,-0.2441,infrastructure,Congress
20000,1963,US-1957-CIVIL-RIGHTS-ACT,1957,6,0.4655,-0.2624,civil_rights_democracy,Congress
20000,1963,US-1961-MAPP,1961,2,0.2913,-0.2552,criminal_procedure,Supreme Court
20000,1963,US-1962-BAKER,1962,1,0.3742,-0.248,democracy,Supreme Court
20000,1963,US-1962-ENGEL,1962,1,0.5066,-0.257,religion_schools,Supreme Court
20000,1963,US-1962-KEFAUVER-HARRIS,1962,1,0.406,-0.2637,consumer_health,Congress
20000,1963,US-1963-EQUAL-PAY,1963,0,0.5179,-0.2167,gender_labor,Congress
20000,1963,US-1963-GIDEON,1963,0,0.4391,-0.2275,criminal_procedure,Supreme Court
20000,1963,US-1964-24TH-AMENDMENT,1964,-1,0.4166,-0.2763,democracy_civil_rights,constitutional_amendment
20000,1963,US-1964-CIVIL-RIGHTS-ACT,1964,-1,0.4901,-0.1753,civil_rights,Congress
20000,1963,US-1964-ECONOMIC-OPPORTUNITY,1964,-1,0.6567,-0.2302,poverty_social_policy,Congress
20000,1963,US-1964-HEART-ATLANTA,1964,-1,0.4029,-0.2113,civil_rights_state_capacity,Supreme Court
20000,1963,US-1964-NYT-SULLIVAN,1964,-1,0.4545,-0.2383,speech_press,Supreme Court
20000,1963,US-1964-REYNOLDS,1964,-1,0.4882,-0.2558,democracy,Supreme Court
20000,1963,US-1965-ESEA,1965,-2,0.584,-0.2081,education,Congress
20000,1963,US-1965-GRISWOLD,1965,-2,0.4775,-0.2684,privacy_family,Supreme Court
20000,1963,US-1965-HART-CELLER,1965,-2,0.3484,-0.2442,immigration,Congress
20000,1963,US-1965-MEDICARE-MEDICAID,1965,-2,0.5726,-0.1897,health_social_insurance,Congress
20000,1963,US-1965-VRA,1965,-2,0.3994,-0.138,democracy_civil_rights,Congress
20000,1963,US-1966-FOIA,1966,-3,0.4921,-0.2486,transparency,Congress
20000,1963,US-1966-HARPER,1966,-3,0.4209,-0.2848,democracy_civil_rights,Supreme Court
20000,1963,US-1966-MIRANDA,1966,-3,0.4851,-0.1899,criminal_procedure,Supreme Court
20000,1963,US-1967-KATZ,1967,-4,0.3249,-0.2927,privacy_surveillance,Supreme Court
20000,1963,US-1967-LOVING,1967,-4,0.3613,-0.2785,civil_rights_family,Supreme Court
20000,1963,US-1968-FAIR-HOUSING,1968,-5,0.4344,-0.1873,civil_rights_housing,Congress
20000,1963,US-1968-GUN-CONTROL,1968,-5,0.4004,-0.2533,guns_crime,Congress
20000,1963,US-1968-TERRY,1968,-5,0.4782,-0.2682,criminal_procedure_policing,Supreme Court
20000,1963,US-1969-BRANDENBURG,1969,-6,0.2941,-0.2345,speech,Supreme Court
20000,1963,US-1969-NEPA,1969,-6,0.3902,-0.2114,environment,Congress
20000,1963,US-1969-TINKER,1969,-6,0.4951,-0.1391,speech_schools,Supreme Court
20000,1963,US-1970-CLEAN-AIR,1970,-7,0.5172,-0.2846,environment,Congress
20000,1963,US-1970-CSA,1970,-7,0.4292,-0.2152,drug_policy,Congress
20000,1963,US-1970-OSHA,1970,-7,0.597,-0.2417,labor_health,Congress
20000,1963,US-1971-26TH,1971,-8,0.5576,-0.2476,democracy_youth,constitutional_amendment
20000,1963,US-1971-FECA,1971,-8,0.4509,-0.2312,campaign_finance,Congress
20000,1963,US-1971-LEMON,1971,-8,0.4251,-0.2674,religion,Supreme Court
20000,1963,US-1971-PENTAGON-PAPERS,1971,-8,0.3234,-0.2438,speech_security,Supreme Court
20000,1963,US-1972-CLEAN-WATER,1972,-9,0.4281,-0.1685,environment,Congress
20000,1963,US-1972-FURMAN,1972,-9,0.3104,-0.2707,criminal_justice,Supreme Court
20000,1963,US-1972-TITLE-IX,1972,-9,0.4752,-0.1608,gender_education,Congress
20000,1963,US-1972-YODER,1972,-9,0.4559,-0.2677,religion_education,Supreme Court
20000,1963,US-1973-ESA,1973,-10,0.477,-0.1978,environment,Congress
20000,1963,US-1973-REHABILITATION,1973,-10,0.3867,-0.1122,disability_rights,Congress
20000,1963,US-1973-RODRIGUEZ,1973,-10,0.3435,-0.2563,education_equality,Supreme Court
20000,1963,US-1973-ROE,1973,-10,0.4957,-0.204,privacy_family,Supreme Court
20000,1963,US-1973-WAR-POWERS,1973,-10,0.3937,-0.241,executive_power_security,Congress
20000,1963,US-1956-BANK-HOLDING-COMPANY-ACT,1956,7,0.4404,-0.2129,banking_finance,Congress
20000,1963,US-1957-YATES,1957,6,0.3123,-0.2968,speech_security,Supreme Court
20000,1963,US-1958-NDEA,1958,5,0.6778,-0.196,education_science_security,Congress
20000,1963,US-1958-NASA-ACT,1958,5,0.5677,-0.2381,science_space_state_capacity,Congress
20000,1963,US-1958-COOPER,1958,5,0.3802,-0.2872,civil_rights_federalism,Supreme Court
20000,1963,US-1961-PEACE-CORPS,1961,2,0.5504,-0.2345,foreign_aid_civic_service,Congress/President
20000,1963,US-1968-OMNIBUS-CRIME-CONTROL,1968,-5,0.4143,-0.2638,criminal_justice_surveillance,Congress
20000,1963,US-1968-TRUTH-IN-LENDING,1968,-5,0.4651,-0.1797,consumer_credit,Congress
20000,1963,US-1970-FCRA,1970,-7,0.5867,-0.2176,privacy_credit,Congress
20000,1963,US-1972-CPSA,1972,-9,0.5021,-0.242,consumer_safety,Congress
20000,1963,US-1957-EO10730,1957,6,0.405,-0.2483,civil_rights_state_capacity,President
20000,1963,US-1963-TEST-BAN-TREATY,1963,0,0.4137,-0.2212,nuclear_arms_control,Congress/President
20000,1963,US-1964-TONKIN-GULF,1964,-1,0.3456,-0.2152,war_powers_security,Congress
20000,1963,US-1967-ADEA,1967,-4,0.4461,-0.1734,civil_rights_labor_age,Congress
20000,1963,US-1970-BANK-SECRECY,1970,-7,0.4599,-0.2284,finance_surveillance,Congress
20000,1963,US-1971-ANCSA,1971,-8,0.4103,-0.1992,native_policy_land,Congress
5000,1963,US-1954-BROWN,1954,9,0.3726,-0.1513,civil_rights,Supreme Court
5000,1963,US-1956-HIGHWAY,1956,7,0.4662,-0.1423,infrastructure,Congress
5000,1963,US-1957-CIVIL-RIGHTS-ACT,1957,6,0.4161,-0.1448,civil_rights_democracy,Congress
5000,1963,US-1961-MAPP,1961,2,0.2341,-0.1603,criminal_procedure,Supreme Court
5000,1963,US-1962-BAKER,1962,1,0.3411,-0.1418,democracy,Supreme Court
5000,1963,US-1962-ENGEL,1962,1,0.4119,-0.1586,religion_schools,Supreme Court
5000,1963,US-1962-KEFAUVER-HARRIS,1962,1,0.3523,-0.1288,consumer_health,Congress
5000,1963,US-1963-EQUAL-PAY,1963,0,0.5549,-0.1237,gender_labor,Congress
5000,1963,US-1963-GIDEON,1963,0,0.3893,-0.1555,criminal_procedure,Supreme Court
5000,1963,US-1964-24TH-AMENDMENT,1964,-1,0.3551,-0.1631,democracy_civil_rights,constitutional_amendment
5000,1963,US-1964-CIVIL-RIGHTS-ACT,1964,-1,0.4541,-0.1446,civil_rights,Congress
5000,1963,US-1964-ECONOMIC-OPPORTUNITY,1964,-1,0.5556,-0.1516,poverty_social_policy,Congress
5000,1963,US-1964-HEART-ATLANTA,1964,-1,0.3916,-0.1582,civil_rights_state_capacity,Supreme Court
5000,1963,US-1964-NYT-SULLIVAN,1964,-1,0.4558,-0.1552,speech_press,Supreme Court
5000,1963,US-1964-REYNOLDS,1964,-1,0.4546,-0.1465,democracy,Supreme Court
5000,1963,US-1965-ESEA,1965,-2,0.4683,-0.1371,education,Congress
5000,1963,US-1965-GRISWOLD,1965,-2,0.4339,-0.1596,privacy_family,Supreme Court
5000,1963,US-1965-HART-CELLER,1965,-2,0.3345,-0.1378,immigration,Congress
5000,1963,US-1965-MEDICARE-MEDICAID,1965,-2,0.5698,-0.1327,health_social_insurance,Congress
5000,1963,US-1965-VRA,1965,-2,0.3814,-0.1187,democracy_civil_rights,Congress
5000,1963,US-1966-FOIA,1966,-3,0.3706,-0.1462,transparency,Congress
5000,1963,US-1966-HARPER,1966,-3,0.4644,-0.1894,democracy_civil_rights,Supreme Court
5000,1963,US-1966-MIRANDA,1966,-3,0.5345,-0.1374,criminal_procedure,Supreme Court
5000,1963,US-1967-KATZ,1967,-4,0.3324,-0.2122,privacy_surveillance,Supreme Court
5000,1963,US-1967-LOVING,1967,-4,0.4096,-0.1613,civil_rights_family,Supreme Court
5000,1963,US-1968-FAIR-HOUSING,1968,-5,0.4573,-0.1415,civil_rights_housing,Congress
5000,1963,US-1968-GUN-CONTROL,1968,-5,0.3922,-0.1629,guns_crime,Congress
5000,1963,US-1968-TERRY,1968,-5,0.5213,-0.1797,criminal_procedure_policing,Supreme Court
5000,1963,US-1969-BRANDENBURG,1969,-6,0.2832,-0.1578,speech,Supreme Court
5000,1963,US-1969-NEPA,1969,-6,0.3718,-0.1213,environment,Congress
5000,1963,US-1969-TINKER,1969,-6,0.4107,-0.0952,speech_schools,Supreme Court
5000,1963,US-1970-CLEAN-AIR,1970,-7,0.4906,-0.1899,environment,Congress
5000,1963,US-1970-CSA,1970,-7,0.4872,-0.1392,drug_policy,Congress
5000,1963,US-1970-OSHA,1970,-7,0.5762,-0.15,labor_health,Congress
5000,1963,US-1971-26TH,1971,-8,0.5939,-0.1441,democracy_youth,constitutional_amendment
5000,1963,US-1971-FECA,1971,-8,0.4656,-0.1577,campaign_finance,Congress
5000,1963,US-1971-LEMON,1971,-8,0.3839,-0.1786,religion,Supreme Court
5000,1963,US-1971-PENTAGON-PAPERS,1971,-8,0.1766,-0.1207,speech_security,Supreme Court
5000,1963,US-1972-CLEAN-WATER,1972,-9,0.3416,-0.1007,environment,Congress
5000,1963,US-1972-FURMAN,1972,-9,0.4115,-0.166,criminal_justice,Supreme Court
5000,1963,US-1972-TITLE-IX,1972,-9,0.4831,-0.123,gender_education,Congress
5000,1963,US-1972-YODER,1972,-9,0.4515,-0.1648,religion_education,Supreme Court
5000,1963,US-1973-ESA,1973,-10,0.4212,-0.112,environment,Congress
5000,1963,US-1973-REHABILITATION,1973,-10,0.3377,-0.1065,disability_rights,Congress
5000,1963,US-1973-RODRIGUEZ,1973,-10,0.4046,-0.1405,education_equality,Supreme Court
5000,1963,US-1973-ROE,1973,-10,0.4302,-0.1347,privacy_family,Supreme Court
5000,1963,US-1973-WAR-POWERS,1973,-10,0.3126,-0.1255,executive_power_security,Congress
5000,1963,US-1956-BANK-HOLDING-COMPANY-ACT,1956,7,0.3928,-0.1482,banking_finance,Congress
5000,1963,US-1957-YATES,1957,6,0.2662,-0.245,speech_security,Supreme Court
5000,1963,US-1958-NDEA,1958,5,0.6258,-0.1308,education_science_security,Congress
5000,1963,US-1958-NASA-ACT,1958,5,0.4194,-0.1703,science_space_state_capacity,Congress
5000,1963,US-1958-COOPER,1958,5,0.3239,-0.1998,civil_rights_federalism,Supreme Court
5000,1963,US-1961-PEACE-CORPS,1961,2,0.5298,-0.1544,foreign_aid_civic_service,Congress/President
5000,1963,US-1968-OMNIBUS-CRIME-CONTROL,1968,-5,0.4341,-0.1768,criminal_justice_surveillance,Congress
5000,1963,US-1968-TRUTH-IN-LENDING,1968,-5,0.4708,-0.0933,consumer_credit,Congress
5000,1963,US-1970-FCRA,1970,-7,0.5235,-0.1306,privacy_credit,Congress
5000,1963,US-1972-CPSA,1972,-9,0.4711,-0.1428,consumer_safety,Congress
5000,1963,US-1957-EO10730,1957,6,0.4457,-0.1387,civil_rights_state_capacity,President
5000,1963,US-1963-TEST-BAN-TREATY,1963,0,0.48,-0.1366,nuclear_arms_control,Congress/President
5000,1963,US-1964-TONKIN-GULF,1964,-1,0.2808,-0.1184,war_powers_security,Congress
5000,1963,US-1967-ADEA,1967,-4,0.4594,-0.1254,civil_rights_labor_age,Congress
5000,1963,US-1970-BANK-SECRECY,1970,-7,0.4474,-0.1352,finance_surveillance,Congress
5000,1963,US-1971-ANCSA,1971,-8,0.3519,-0.12,native_policy_land,Congress
10000,1964,US-1954-BROWN,1954,10,0.2972,-0.2088,civil_rights,Supreme Court
10000,1964,US-1956-HIGHWAY,1956,8,0.4402,-0.1664,infrastructure,Congress
10000,1964,US-1957-CIVIL-RIGHTS-ACT,1957,7,0.3865,-0.1958,civil_rights_democracy,Congress
10000,1964,US-1961-MAPP,1961,3,0.2062,-0.1908,criminal_procedure,Supreme Court
10000,1964,US-1962-BAKER,1962,2,0.307,-0.1852,democracy,Supreme Court
10000,1964,US-1962-ENGEL,1962,2,0.406,-0.1972,religion_schools,Supreme Court
10000,1964,US-1962-KEFAUVER-HARRIS,1962,2,0.2881,-0.1782,consumer_health,Congress
10000,1964,US-1963-EQUAL-PAY,1963,1,0.4467,-0.1706,gender_labor,Congress
10000,1964,US-1963-GIDEON,1963,1,0.3703,-0.1731,criminal_procedure,Supreme Court
10000,1964,US-1964-24TH-AMENDMENT,1964,0,0.3158,-0.2133,democracy_civil_rights,constitutional_amendment
10000,1964,US-1964-CIVIL-RIGHTS-ACT,1964,0,0.3244,-0.1846,civil_rights,Congress
10000,1964,US-1964-ECONOMIC-OPPORTUNITY,1964,0,0.5752,-0.1779,poverty_social_policy,Congress
10000,1964,US-1964-HEART-ATLANTA,1964,0,0.3284,-0.1861,civil_rights_state_capacity,Supreme Court
10000,1964,US-1964-NYT-SULLIVAN,1964,0,0.3759,-0.1903,speech_press,Supreme Court
10000,1964,US-1964-REYNOLDS,1964,0,0.4084,-0.2025,democracy,Supreme Court
10000,1964,US-1965-ESEA,1965,-1,0.4764,-0.1587,education,Congress
10000,1964,US-1965-GRISWOLD,1965,-1,0.3858,-0.2048,privacy_family,Supreme Court
10000,1964,US-1965-HART-CELLER,1965,-1,0.2728,-0.1909,immigration,Congress
10000,1964,US-1965-MEDICARE-MEDICAID,1965,-1,0.5048,-0.1531,health_social_insurance,Congress
10000,1964,US-1965-VRA,1965,-1,0.2634,-0.1286,democracy_civil_rights,Congress
10000,1964,US-1966-FOIA,1966,-2,0.4041,-0.1894,transparency,Congress
10000,1964,US-1966-HARPER,1966,-2,0.3792,-0.2402,democracy_civil_rights,Supreme Court
10000,1964,US-1966-MIRANDA,1966,-2,0.4014,-0.1701,criminal_procedure,Supreme Court
10000,1964,US-1967-KATZ,1967,-3,0.2305,-0.2437,privacy_surveillance,Supreme Court
10000,1964,US-1967-LOVING,1967,-3,0.2839,-0.22,civil_rights_family,Supreme Court
10000,1964,US-1968-FAIR-HOUSING,1968,-4,0.3102,-0.1756,civil_rights_housing,Congress
10000,1964,US-1968-GUN-CONTROL,1968,-4,0.2703,-0.2022,guns_crime,Congress
10000,1964,US-1968-TERRY,1968,-4,0.4231,-0.2237,criminal_procedure_policing,Supreme Court
10000,1964,US-1969-BRANDENBURG,1969,-5,0.1959,-0.1783,speech,Supreme Court
10000,1964,US-1969-NEPA,1969,-5,0.2964,-0.1576,environment,Congress
10000,1964,US-1969-TINKER,1969,-5,0.3989,-0.1056,speech_schools,Supreme Court
10000,1964,US-1970-CLEAN-AIR,1970,-6,0.4051,-0.2272,environment,Congress
10000,1964,US-1970-CSA,1970,-6,0.3292,-0.1636,drug_policy,Congress
10000,1964,US-1970-OSHA,1970,-6,0.4502,-0.1969,labor_health,Congress
10000,1964,US-1971-26TH,1971,-7,0.5424,-0.198,democracy_youth,constitutional_amendment
10000,1964,US-1971-FECA,1971,-7,0.3351,-0.1961,campaign_finance,Congress
10000,1964,US-1971-LEMON,1971,-7,0.351,-0.2078,religion,Supreme Court
10000,1964,US-1971-PENTAGON-PAPERS,1971,-7,0.1987,-0.1759,speech_security,Supreme Court
10000,1964,US-1972-CLEAN-WATER,1972,-8,0.2787,-0.1226,environment,Congress
10000,1964,US-1972-FURMAN,1972,-8,0.2972,-0.2172,criminal_justice,Supreme Court
10000,1964,US-1972-TITLE-IX,1972,-8,0.3785,-0.1531,gender_education,Congress
10000,1964,US-1972-YODER,1972,-8,0.4059,-0.209,religion_education,Supreme Court
10000,1964,US-1973-ESA,1973,-9,0.3672,-0.1492,environment,Congress
10000,1964,US-1973-REHABILITATION,1973,-9,0.2607,-0.12,disability_rights,Congress
10000,1964,US-1973-RODRIGUEZ,1973,-9,0.3115,-0.1881,education_equality,Supreme Court
10000,1964,US-1973-ROE,1973,-9,0.3984,-0.1702,privacy_family,Supreme Court
10000,1964,US-1973-WAR-POWERS,1973,-9,0.2763,-0.1836,executive_power_security,Congress
10000,1964,US-1974-ECOA,1974,-10,0.4085,-0.1548,credit_civil_rights,Congress
10000,1964,US-1974-ERISA,1974,-10,0.3811,-0.1919,labor_benefits,Congress
10000,1964,US-1974-MILLIKEN,1974,-10,0.2509,-0.2639,civil_rights_education,Supreme Court
10000,1964,US-1974-PRIVACY-ACT,1974,-10,0.4613,-0.1882,privacy_governance,Congress
10000,1964,US-1956-BANK-HOLDING-COMPANY-ACT,1956,8,0.289,-0.1809,banking_finance,Congress
10000,1964,US-1957-YATES,1957,7,0.2233,-0.2555,speech_security,Supreme Court
10000,1964,US-1958-NDEA,1958,6,0.6404,-0.1544,education_science_security,Congress
10000,1964,US-1958-NASA-ACT,1958,6,0.4305,-0.2073,science_space_state_capacity,Congress
10000,1964,US-1958-COOPER,1958,6,0.2707,-0.2483,civil_rights_federalism,Supreme Court
10000,1964,US-1961-PEACE-CORPS,1961,3,0.4913,-0.1941,foreign_aid_civic_service,Congress/President
10000,1964,US-1968-OMNIBUS-CRIME-CONTROL,1968,-4,0.3303,-0.2046,criminal_justice_surveillance,Congress
10000,1964,US-1968-TRUTH-IN-LENDING,1968,-4,0.2931,-0.1327,consumer_credit,Congress
10000,1964,US-1970-FCRA,1970,-6,0.4435,-0.1706,privacy_credit,Congress
10000,1964,US-1972-CPSA,1972,-8,0.3903,-0.1784,consumer_safety,Congress
10000,1964,US-1957-EO10730,1957,7,0.365,-0.1863,civil_rights_state_capacity,President
10000,1964,US-1963-TEST-BAN-TREATY,1963,1,0.3889,-0.1604,nuclear_arms_control,Congress/President
10000,1964,US-1964-TONKIN-GULF,1964,0,0.2592,-0.1488,war_powers_security,Congress
10000,1964,US-1967-ADEA,1967,-3,0.3659,-0.1594,civil_rights_labor_age,Congress
10000,1964,US-1970-BANK-SECRECY,1970,-6,0.3577,-0.1794,finance_surveillance,Congress
10000,1964,US-1971-ANCSA,1971,-7,0.3051,-0.1474,native_policy_land,Congress
20000,1964,US-1954-BROWN,1954,10,0.5167,-0.2192,civil_rights,Supreme Court
20000,1964,US-1956-HIGHWAY,1956,8,0.6468,-0.1983,infrastructure,Congress
20000,1964,US-1957-CIVIL-RIGHTS-ACT,1957,7,0.6854,-0.234,civil_rights_democracy,Congress
20000,1964,US-1961-MAPP,1961,3,0.4728,-0.1747,criminal_procedure,Supreme Court
20000,1964,US-1962-BAKER,1962,2,0.5036,-0.1992,democracy,Supreme Court
20000,1964,US-1962-ENGEL,1962,2,0.6766,-0.2173,religion_schools,Supreme Court
20000,1964,US-1962-KEFAUVER-HARRIS,1962,2,0.5613,-0.2205,consumer_health,Congress
20000,1964,US-1963-EQUAL-PAY,1963,1,0.674,-0.1634,gender_labor,Congress
20000,1964,US-1963-GIDEON,1963,1,0.6254,-0.1926,criminal_procedure,Supreme Court
20000,1964,US-1964-24TH-AMENDMENT,1964,0,0.6134,-0.228,democracy_civil_rights,constitutional_amendment
20000,1964,US-1964-CIVIL-RIGHTS-ACT,1964,0,0.6111,-0.1768,civil_rights,Congress
20000,1964,US-1964-ECONOMIC-OPPORTUNITY,1964,0,0.7748,-0.2165,poverty_social_policy,Congress
20000,1964,US-1964-HEART-ATLANTA,1964,0,0.5365,-0.1794,civil_rights_state_capacity,Supreme Court
20000,1964,US-1964-NYT-SULLIVAN,1964,0,0.6165,-0.2102,speech_press,Supreme Court
20000,1964,US-1964-REYNOLDS,1964,0,0.6567,-0.2174,democracy,Supreme Court
20000,1964,US-1965-ESEA,1965,-1,0.6967,-0.1669,education,Congress
20000,1964,US-1965-GRISWOLD,1965,-1,0.6072,-0.2207,privacy_family,Supreme Court
20000,1964,US-1965-HART-CELLER,1965,-1,0.4839,-0.2018,immigration,Congress
20000,1964,US-1965-MEDICARE-MEDICAID,1965,-1,0.7016,-0.1686,health_social_insurance,Congress
20000,1964,US-1965-VRA,1965,-1,0.5229,-0.1117,democracy_civil_rights,Congress
20000,1964,US-1966-FOIA,1966,-2,0.6588,-0.188,transparency,Congress
20000,1964,US-1966-HARPER,1966,-2,0.6292,-0.2617,democracy_civil_rights,Supreme Court
20000,1964,US-1966-MIRANDA,1966,-2,0.638,-0.1511,criminal_procedure,Supreme Court
20000,1964,US-1967-KATZ,1967,-3,0.4271,-0.2474,privacy_surveillance,Supreme Court
20000,1964,US-1967-LOVING,1967,-3,0.4845,-0.2403,civil_rights_family,Supreme Court
20000,1964,US-1968-FAIR-HOUSING,1968,-4,0.5877,-0.173,civil_rights_housing,Congress
20000,1964,US-1968-GUN-CONTROL,1968,-4,0.5469,-0.2358,guns_crime,Congress
20000,1964,US-1968-TERRY,1968,-4,0.6491,-0.2464,criminal_procedure_policing,Supreme Court
20000,1964,US-1969-BRANDENBURG,1969,-5,0.455,-0.1847,speech,Supreme Court
20000,1964,US-1969-NEPA,1969,-5,0.5905,-0.1666,environment,Congress
20000,1964,US-1969-TINKER,1969,-5,0.6202,-0.0934,speech_schools,Supreme Court
20000,1964,US-1970-CLEAN-AIR,1970,-6,0.6687,-0.2488,environment,Congress
20000,1964,US-1970-CSA,1970,-6,0.5946,-0.1599,drug_policy,Congress
20000,1964,US-1970-OSHA,1970,-6,0.7228,-0.2253,labor_health,Congress
20000,1964,US-1971-26TH,1971,-7,0.7299,-0.1964,democracy_youth,constitutional_amendment
20000,1964,US-1971-FECA,1971,-7,0.6014,-0.2034,campaign_finance,Congress
20000,1964,US-1971-LEMON,1971,-7,0.57,-0.2117,religion,Supreme Court
20000,1964,US-1971-PENTAGON-PAPERS,1971,-7,0.4819,-0.211,speech_security,Supreme Court
20000,1964,US-1972-CLEAN-WATER,1972,-8,0.5726,-0.1283,environment,Congress
20000,1964,US-1972-FURMAN,1972,-8,0.5207,-0.243,criminal_justice,Supreme Court
20000,1964,US-1972-TITLE-IX,1972,-8,0.5897,-0.136,gender_education,Congress
20000,1964,US-1972-YODER,1972,-8,0.6164,-0.2165,religion_education,Supreme Court
20000,1964,US-1973-ESA,1973,-9,0.6408,-0.1583,environment,Congress
20000,1964,US-1973-REHABILITATION,1973,-9,0.5581,-0.1068,disability_rights,Congress
20000,1964,US-1973-RODRIGUEZ,1973,-9,0.4959,-0.1958,education_equality,Supreme Court
20000,1964,US-1973-ROE,1973,-9,0.6425,-0.1682,privacy_family,Supreme Court
20000,1964,US-1973-WAR-POWERS,1973,-9,0.5496,-0.2038,executive_power_security,Congress
20000,1964,US-1974-ECOA,1974,-10,0.6204,-0.1492,credit_civil_rights,Congress
20000,1964,US-1974-ERISA,1974,-10,0.6859,-0.1986,labor_benefits,Congress
20000,1964,US-1974-MILLIKEN,1974,-10,0.476,-0.257,civil_rights_education,Supreme Court
20000,1964,US-1974-PRIVACY-ACT,1974,-10,0.7092,-0.157,privacy_governance,Congress
20000,1964,US-1956-BANK-HOLDING-COMPANY-ACT,1956,8,0.5391,-0.187,banking_finance,Congress
20000,1964,US-1957-YATES,1957,7,0.5635,-0.2651,speech_security,Supreme Court
20000,1964,US-1958-NDEA,1958,6,0.7834,-0.1662,education_science_security,Congress
20000,1964,US-1958-NASA-ACT,1958,6,0.6971,-0.2335,science_space_state_capacity,Congress
20000,1964,US-1958-COOPER,1958,6,0.4928,-0.2619,civil_rights_federalism,Supreme Court
20000,1964,US-1961-PEACE-CORPS,1961,3,0.6881,-0.2221,foreign_aid_civic_service,Congress/President
20000,1964,US-1968-OMNIBUS-CRIME-CONTROL,1968,-4,0.5823,-0.2389,criminal_justice_surveillance,Congress
20000,1964,US-1968-TRUTH-IN-LENDING,1968,-4,0.6008,-0.1285,consumer_credit,Congress
20000,1964,US-1970-FCRA,1970,-6,0.7321,-0.1924,privacy_credit,Congress
20000,1964,US-1972-CPSA,1972,-8,0.6541,-0.2075,consumer_safety,Congress
20000,1964,US-1957-EO10730,1957,7,0.6132,-0.2348,civil_rights_state_capacity,President
20000,1964,US-1963-TEST-BAN-TREATY,1963,1,0.6376,-0.1984,nuclear_arms_control,Congress/President
20000,1964,US-1964-TONKIN-GULF,1964,0,0.521,-0.1901,war_powers_security,Congress
20000,1964,US-1967-ADEA,1967,-3,0.597,-0.1469,civil_rights_labor_age,Congress
20000,1964,US-1970-BANK-SECRECY,1970,-6,0.6356,-0.2063,finance_surveillance,Congress
20000,1964,US-1971-ANCSA,1971,-7,0.5642,-0.1696,native_policy_land,Congress
5000,1964,US-1954-BROWN,1954,10,0.3226,-0.1517,civil_rights,Supreme Court
5000,1964,US-1956-HIGHWAY,1956,8,0.4375,-0.1453,infrastructure,Congress
5000,1964,US-1957-CIVIL-RIGHTS-ACT,1957,7,0.39,-0.1449,civil_rights_democracy,Congress
5000,1964,US-1961-MAPP,1961,3,0.2195,-0.1734,criminal_procedure,Supreme Court
5000,1964,US-1962-BAKER,1962,2,0.3041,-0.1574,democracy,Supreme Court
5000,1964,US-1962-ENGEL,1962,2,0.3295,-0.1553,religion_schools,Supreme Court
5000,1964,US-1962-KEFAUVER-HARRIS,1962,2,0.3551,-0.1297,consumer_health,Congress
5000,1964,US-1963-EQUAL-PAY,1963,1,0.4425,-0.1284,gender_labor,Congress
5000,1964,US-1963-GIDEON,1963,1,0.3555,-0.1521,criminal_procedure,Supreme Court
5000,1964,US-1964-24TH-AMENDMENT,1964,0,0.3256,-0.16,democracy_civil_rights,constitutional_amendment
5000,1964,US-1964-CIVIL-RIGHTS-ACT,1964,0,0.4078,-0.1518,civil_rights,Congress
5000,1964,US-1964-ECONOMIC-OPPORTUNITY,1964,0,0.553,-0.1472,poverty_social_policy,Congress
5000,1964,US-1964-HEART-ATLANTA,1964,0,0.3591,-0.1546,civil_rights_state_capacity,Supreme Court
5000,1964,US-1964-NYT-SULLIVAN,1964,0,0.4249,-0.1544,speech_press,Supreme Court
5000,1964,US-1964-REYNOLDS,1964,0,0.3845,-0.1574,democracy,Supreme Court
5000,1964,US-1965-ESEA,1965,-1,0.4848,-0.138,education,Congress
5000,1964,US-1965-GRISWOLD,1965,-1,0.3937,-0.1587,privacy_family,Supreme Court
5000,1964,US-1965-HART-CELLER,1965,-1,0.2915,-0.1478,immigration,Congress
5000,1964,US-1965-MEDICARE-MEDICAID,1965,-1,0.5116,-0.1318,health_social_insurance,Congress
5000,1964,US-1965-VRA,1965,-1,0.3561,-0.1307,democracy_civil_rights,Congress
5000,1964,US-1966-FOIA,1966,-2,0.3182,-0.1519,transparency,Congress
5000,1964,US-1966-HARPER,1966,-2,0.4296,-0.1833,democracy_civil_rights,Supreme Court
5000,1964,US-1966-MIRANDA,1966,-2,0.4445,-0.1456,criminal_procedure,Supreme Court
5000,1964,US-1967-KATZ,1967,-3,0.3121,-0.2092,privacy_surveillance,Supreme Court
5000,1964,US-1967-LOVING,1967,-3,0.3578,-0.161,civil_rights_family,Supreme Court
5000,1964,US-1968-FAIR-HOUSING,1968,-4,0.4106,-0.1533,civil_rights_housing,Congress
5000,1964,US-1968-GUN-CONTROL,1968,-4,0.3435,-0.1565,guns_crime,Congress
5000,1964,US-1968-TERRY,1968,-4,0.4536,-0.1699,criminal_procedure_policing,Supreme Court
5000,1964,US-1969-BRANDENBURG,1969,-5,0.3071,-0.1472,speech,Supreme Court
5000,1964,US-1969-NEPA,1969,-5,0.3561,-0.1342,environment,Congress
5000,1964,US-1969-TINKER,1969,-5,0.3642,-0.1119,speech_schools,Supreme Court
5000,1964,US-1970-CLEAN-AIR,1970,-6,0.4047,-0.1822,environment,Congress
5000,1964,US-1970-CSA,1970,-6,0.4446,-0.1452,drug_policy,Congress
5000,1964,US-1970-OSHA,1970,-6,0.4949,-0.1454,labor_health,Congress
5000,1964,US-1971-26TH,1971,-7,0.5405,-0.1523,democracy_youth,constitutional_amendment
5000,1964,US-1971-FECA,1971,-7,0.4162,-0.1564,campaign_finance,Congress
5000,1964,US-1971-LEMON,1971,-7,0.3292,-0.1712,religion,Supreme Court
5000,1964,US-1971-PENTAGON-PAPERS,1971,-7,0.1888,-0.125,speech_security,Supreme Court
5000,1964,US-1972-CLEAN-WATER,1972,-8,0.3163,-0.1033,environment,Congress
5000,1964,US-1972-FURMAN,1972,-8,0.3794,-0.1655,criminal_justice,Supreme Court
5000,1964,US-1972-TITLE-IX,1972,-8,0.3882,-0.1259,gender_education,Congress
5000,1964,US-1972-YODER,1972,-8,0.3577,-0.1546,religion_education,Supreme Court
5000,1964,US-1973-ESA,1973,-9,0.3924,-0.1196,environment,Congress
5000,1964,US-1973-REHABILITATION,1973,-9,0.293,-0.1089,disability_rights,Congress
5000,1964,US-1973-RODRIGUEZ,1973,-9,0.3817,-0.1411,education_equality,Supreme Court
5000,1964,US-1973-ROE,1973,-9,0.4055,-0.1281,privacy_family,Supreme Court
5000,1964,US-1973-WAR-POWERS,1973,-9,0.2489,-0.1281,executive_power_security,Congress
5000,1964,US-1974-ECOA,1974,-10,0.4344,-0.1277,credit_civil_rights,Congress
5000,1964,US-1974-ERISA,1974,-10,0.455,-0.1461,labor_benefits,Congress
5000,1964,US-1974-MILLIKEN,1974,-10,0.2503,-0.2135,civil_rights_education,Supreme Court
5000,1964,US-1974-PRIVACY-ACT,1974,-10,0.402,-0.1554,privacy_governance,Congress
5000,1964,US-1956-BANK-HOLDING-COMPANY-ACT,1956,8,0.3613,-0.1514,banking_finance,Congress
5000,1964,US-1957-YATES,1957,7,0.2252,-0.2245,speech_security,Supreme Court
5000,1964,US-1958-NDEA,1958,6,0.5768,-0.1337,education_science_security,Congress
5000,1964,US-1958-NASA-ACT,1958,6,0.397,-0.1699,science_space_state_capacity,Congress
5000,1964,US-1958-COOPER,1958,6,0.271,-0.1912,civil_rights_federalism,Supreme Court
5000,1964,US-1961-PEACE-CORPS,1961,3,0.5486,-0.1501,foreign_aid_civic_service,Congress/President
5000,1964,US-1968-OMNIBUS-CRIME-CONTROL,1968,-4,0.4081,-0.1583,criminal_justice_surveillance,Congress
5000,1964,US-1968-TRUTH-IN-LENDING,1968,-4,0.4212,-0.1063,consumer_credit,Congress
5000,1964,US-1970-FCRA,1970,-6,0.4452,-0.1397,privacy_credit,Congress
5000,1964,US-1972-CPSA,1972,-8,0.4439,-0.1472,consumer_safety,Congress
5000,1964,US-1957-EO10730,1957,7,0.3859,-0.154,civil_rights_state_capacity,President
5000,1964,US-1963-TEST-BAN-TREATY,1963,1,0.4105,-0.1332,nuclear_arms_control,Congress/President
5000,1964,US-1964-TONKIN-GULF,1964,0,0.2867,-0.1149,war_powers_security,Congress
5000,1964,US-1967-ADEA,1967,-3,0.4293,-0.1321,civil_rights_labor_age,Congress
5000,1964,US-1970-BANK-SECRECY,1970,-6,0.4234,-0.1466,finance_surveillance,Congress
5000,1964,US-1971-ANCSA,1971,-7,0.3222,-0.1351,native_policy_land,Congress
10000,1965,US-1956-HIGHWAY,1956,9,0.4432,-0.2216,infrastructure,Congress
10000,1965,US-1957-CIVIL-RIGHTS-ACT,1957,8,0.3278,-0.228,civil_rights_democracy,Congress
10000,1965,US-1961-MAPP,1961,4,0.1563,-0.2214,criminal_procedure,Supreme Court
10000,1965,US-1962-BAKER,1962,3,0.264,-0.2286,democracy,Supreme Court
10000,1965,US-1962-ENGEL,1962,3,0.326,-0.228,religion_schools,Supreme Court
10000,1965,US-1962-KEFAUVER-HARRIS,1962,3,0.2226,-0.2205,consumer_health,Congress
10000,1965,US-1963-EQUAL-PAY,1963,2,0.4183,-0.1783,gender_labor,Congress
10000,1965,US-1963-GIDEON,1963,2,0.2913,-0.209,criminal_procedure,Supreme Court
10000,1965,US-1964-24TH-AMENDMENT,1964,1,0.2563,-0.2488,democracy_civil_rights,constitutional_amendment
10000,1965,US-1964-CIVIL-RIGHTS-ACT,1964,1,0.289,-0.1918,civil_rights,Congress
10000,1965,US-1964-ECONOMIC-OPPORTUNITY,1964,1,0.5597,-0.2214,poverty_social_policy,Congress
10000,1965,US-1964-HEART-ATLANTA,1964,1,0.2483,-0.2148,civil_rights_state_capacity,Supreme Court
10000,1965,US-1964-NYT-SULLIVAN,1964,1,0.274,-0.2277,speech_press,Supreme Court
10000,1965,US-1964-REYNOLDS,1964,1,0.3451,-0.2254,democracy,Supreme Court
10000,1965,US-1965-ESEA,1965,0,0.4663,-0.1943,education,Congress
10000,1965,US-1965-GRISWOLD,1965,0,0.3149,-0.2436,privacy_family,Supreme Court
10000,1965,US-1965-HART-CELLER,1965,0,0.2597,-0.1879,immigration,Congress
10000,1965,US-1965-MEDICARE-MEDICAID,1965,0,0.4708,-0.1898,health_social_insurance,Congress
10000,1965,US-1965-VRA,1965,0,0.2581,-0.1456,democracy_civil_rights,Congress
10000,1965,US-1966-FOIA,1966,-1,0.3158,-0.2419,transparency,Congress
10000,1965,US-1966-HARPER,1966,-1,0.3344,-0.2822,democracy_civil_rights,Supreme Court
10000,1965,US-1966-MIRANDA,1966,-1,0.3222,-0.1979,criminal_procedure,Supreme Court
10000,1965,US-1967-KATZ,1967,-2,0.2056,-0.3015,privacy_surveillance,Supreme Court
10000,1965,US-1967-LOVING,1967,-2,0.2351,-0.2467,civil_rights_family,Supreme Court
10000,1965,US-1968-FAIR-HOUSING,1968,-3,0.3241,-0.1952,civil_rights_housing,Congress
10000,1965,US-1968-GUN-CONTROL,1968,-3,0.2729,-0.2512,guns_crime,Congress
10000,1965,US-1968-TERRY,1968,-3,0.3618,-0.2655,criminal_procedure_policing,Supreme Court
10000,1965,US-1969-BRANDENBURG,1969,-4,0.1532,-0.2175,speech,Supreme Court
10000,1965,US-1969-NEPA,1969,-4,0.2617,-0.1898,environment,Congress
10000,1965,US-1969-TINKER,1969,-4,0.325,-0.1501,speech_schools,Supreme Court
10000,1965,US-1970-CLEAN-AIR,1970,-5,0.4114,-0.2739,environment,Congress
10000,1965,US-1970-CSA,1970,-5,0.3427,-0.1993,drug_policy,Congress
10000,1965,US-1970-OSHA,1970,-5,0.4702,-0.2313,labor_health,Congress
10000,1965,US-1971-26TH,1971,-6,0.4657,-0.2111,democracy_youth,constitutional_amendment
10000,1965,US-1971-FECA,1971,-6,0.336,-0.225,campaign_finance,Congress
10000,1965,US-1971-LEMON,1971,-6,0.2715,-0.2416,religion,Supreme Court
10000,1965,US-1971-PENTAGON-PAPERS,1971,-6,0.1574,-0.1946,speech_security,Supreme Court
10000,1965,US-1972-CLEAN-WATER,1972,-7,0.2763,-0.1492,environment,Congress
10000,1965,US-1972-FURMAN,1972,-7,0.2834,-0.2525,criminal_justice,Supreme Court
10000,1965,US-1972-TITLE-IX,1972,-7,0.3165,-0.1603,gender_education,Congress
10000,1965,US-1972-YODER,1972,-7,0.3011,-0.2405,religion_education,Supreme Court
10000,1965,US-1973-ESA,1973,-8,0.3593,-0.1723,environment,Congress
10000,1965,US-1973-REHABILITATION,1973,-8,0.231,-0.1401,disability_rights,Congress
10000,1965,US-1973-RODRIGUEZ,1973,-8,0.2962,-0.2164,education_equality,Supreme Court
10000,1965,US-1973-ROE,1973,-8,0.2667,-0.2032,privacy_family,Supreme Court
10000,1965,US-1973-WAR-POWERS,1973,-8,0.2204,-0.2092,executive_power_security,Congress
10000,1965,US-1974-ECOA,1974,-9,0.3521,-0.1515,credit_civil_rights,Congress
10000,1965,US-1974-ERISA,1974,-9,0.4094,-0.2258,labor_benefits,Congress
10000,1965,US-1974-MILLIKEN,1974,-9,0.2026,-0.3077,civil_rights_education,Supreme Court
10000,1965,US-1974-PRIVACY-ACT,1974,-9,0.3735,-0.2201,privacy_governance,Congress
10000,1965,US-1975-IDEA,1975,-10,0.4538,-0.0744,disability_education,Congress
10000,1965,US-1975-ISDEAA,1975,-10,0.2746,-0.1984,native_policy,Congress
10000,1965,US-1956-BANK-HOLDING-COMPANY-ACT,1956,9,0.3132,-0.2134,banking_finance,Congress
10000,1965,US-1957-YATES,1957,8,0.2241,-0.2983,speech_security,Supreme Court
10000,1965,US-1958-NDEA,1958,7,0.6422,-0.1801,education_science_security,Congress
10000,1965,US-1958-NASA-ACT,1958,7,0.4046,-0.2409,science_space_state_capacity,Congress
10000,1965,US-1958-COOPER,1958,7,0.2357,-0.2856,civil_rights_federalism,Supreme Court
10000,1965,US-1961-PEACE-CORPS,1961,4,0.5002,-0.2185,foreign_aid_civic_service,Congress/President
10000,1965,US-1968-OMNIBUS-CRIME-CONTROL,1968,-3,0.3403,-0.2537,criminal_justice_surveillance,Congress
10000,1965,US-1968-TRUTH-IN-LENDING,1968,-3,0.3273,-0.1443,consumer_credit,Congress
10000,1965,US-1970-FCRA,1970,-5,0.4491,-0.2087,privacy_credit,Congress
10000,1965,US-1972-CPSA,1972,-7,0.4336,-0.2255,consumer_safety,Congress
10000,1965,US-1975-EPCA,1975,-10,0.4029,-0.2014,energy_state_capacity,Congress
10000,1965,US-1957-EO10730,1957,8,0.356,-0.2389,civil_rights_state_capacity,President
10000,1965,US-1963-TEST-BAN-TREATY,1963,2,0.3691,-0.2189,nuclear_arms_control,Congress/President
10000,1965,US-1964-TONKIN-GULF,1964,1,0.2176,-0.1908,war_powers_security,Congress
10000,1965,US-1967-ADEA,1967,-2,0.3218,-0.1617,civil_rights_labor_age,Congress
10000,1965,US-1970-BANK-SECRECY,1970,-5,0.328,-0.2196,finance_surveillance,Congress
10000,1965,US-1971-ANCSA,1971,-6,0.2618,-0.1665,native_policy_land,Congress
20000,1965,US-1956-HIGHWAY,1956,9,0.5932,-0.1837,infrastructure,Congress
20000,1965,US-1957-CIVIL-RIGHTS-ACT,1957,8,0.5181,-0.2076,civil_rights_democracy,Congress
20000,1965,US-1961-MAPP,1961,4,0.3931,-0.1894,criminal_procedure,Supreme Court
20000,1965,US-1962-BAKER,1962,3,0.4508,-0.1995,democracy,Supreme Court
20000,1965,US-1962-ENGEL,1962,3,0.5667,-0.1908,religion_schools,Supreme Court
20000,1965,US-1962-KEFAUVER-HARRIS,1962,3,0.4316,-0.1923,consumer_health,Congress
20000,1965,US-1963-EQUAL-PAY,1963,2,0.5429,-0.1498,gender_labor,Congress
20000,1965,US-1963-GIDEON,1963,2,0.5028,-0.1783,criminal_procedure,Supreme Court
20000,1965,US-1964-24TH-AMENDMENT,1964,1,0.45,-0.2109,democracy_civil_rights,constitutional_amendment
20000,1965,US-1964-CIVIL-RIGHTS-ACT,1964,1,0.5097,-0.1368,civil_rights,Congress
20000,1965,US-1964-ECONOMIC-OPPORTUNITY,1964,1,0.6998,-0.1926,poverty_social_policy,Congress
20000,1965,US-1964-HEART-ATLANTA,1964,1,0.4312,-0.1604,civil_rights_state_capacity,Supreme Court
20000,1965,US-1964-NYT-SULLIVAN,1964,1,0.5106,-0.193,speech_press,Supreme Court
20000,1965,US-1964-REYNOLDS,1964,1,0.5511,-0.1961,democracy,Supreme Court
20000,1965,US-1965-ESEA,1965,0,0.6456,-0.1488,education,Congress
20000,1965,US-1965-GRISWOLD,1965,0,0.4944,-0.2122,privacy_family,Supreme Court
20000,1965,US-1965-HART-CELLER,1965,0,0.4637,-0.1664,immigration,Congress
20000,1965,US-1965-MEDICARE-MEDICAID,1965,0,0.623,-0.1452,health_social_insurance,Congress
20000,1965,US-1965-VRA,1965,0,0.4454,-0.0976,democracy_civil_rights,Congress
20000,1965,US-1966-FOIA,1966,-1,0.5604,-0.1945,transparency,Congress
20000,1965,US-1966-HARPER,1966,-1,0.4837,-0.2368,democracy_civil_rights,Supreme Court
20000,1965,US-1966-MIRANDA,1966,-1,0.5235,-0.165,criminal_procedure,Supreme Court
20000,1965,US-1967-KATZ,1967,-2,0.2962,-0.2118,privacy_surveillance,Supreme Court
20000,1965,US-1967-LOVING,1967,-2,0.3898,-0.2129,civil_rights_family,Supreme Court
20000,1965,US-1968-FAIR-HOUSING,1968,-3,0.4991,-0.1374,civil_rights_housing,Congress
20000,1965,US-1968-GUN-CONTROL,1968,-3,0.4636,-0.19,guns_crime,Congress
20000,1965,US-1968-TERRY,1968,-3,0.541,-0.2391,criminal_procedure_policing,Supreme Court
20000,1965,US-1969-BRANDENBURG,1969,-4,0.3549,-0.1721,speech,Supreme Court
20000,1965,US-1969-NEPA,1969,-4,0.4994,-0.15,environment,Congress
20000,1965,US-1969-TINKER,1969,-4,0.5137,-0.0721,speech_schools,Supreme Court
20000,1965,US-1970-CLEAN-AIR,1970,-5,0.5791,-0.2273,environment,Congress
20000,1965,US-1970-CSA,1970,-5,0.5021,-0.1444,drug_policy,Congress
20000,1965,US-1970-OSHA,1970,-5,0.6401,-0.1968,labor_health,Congress
20000,1965,US-1971-26TH,1971,-6,0.6249,-0.1838,democracy_youth,constitutional_amendment
20000,1965,US-1971-FECA,1971,-6,0.5355,-0.1723,campaign_finance,Congress
20000,1965,US-1971-LEMON,1971,-6,0.4564,-0.1949,religion,Supreme Court
20000,1965,US-1971-PENTAGON-PAPERS,1971,-6,0.3621,-0.1716,speech_security,Supreme Court
20000,1965,US-1972-CLEAN-WATER,1972,-7,0.4559,-0.115,environment,Congress
20000,1965,US-1972-FURMAN,1972,-7,0.3983,-0.213,criminal_justice,Supreme Court
20000,1965,US-1972-TITLE-IX,1972,-7,0.5239,-0.1069,gender_education,Congress
20000,1965,US-1972-YODER,1972,-7,0.5164,-0.2107,religion_education,Supreme Court
20000,1965,US-1973-ESA,1973,-8,0.5941,-0.1371,environment,Congress
20000,1965,US-1973-REHABILITATION,1973,-8,0.4703,-0.0755,disability_rights,Congress
20000,1965,US-1973-RODRIGUEZ,1973,-8,0.4127,-0.1784,education_equality,Supreme Court
20000,1965,US-1973-ROE,1973,-8,0.5047,-0.1519,privacy_family,Supreme Court
20000,1965,US-1973-WAR-POWERS,1973,-8,0.4118,-0.1607,executive_power_security,Congress
20000,1965,US-1974-ECOA,1974,-9,0.5657,-0.1372,credit_civil_rights,Congress
20000,1965,US-1974-ERISA,1974,-9,0.6315,-0.1678,labor_benefits,Congress
20000,1965,US-1974-MILLIKEN,1974,-9,0.4117,-0.2737,civil_rights_education,Supreme Court
20000,1965,US-1974-PRIVACY-ACT,1974,-9,0.6118,-0.177,privacy_governance,Congress
20000,1965,US-1975-IDEA,1975,-10,0.6631,-0.0383,disability_education,Congress
20000,1965,US-1975-ISDEAA,1975,-10,0.5363,-0.1614,native_policy,Congress
20000,1965,US-1956-BANK-HOLDING-COMPANY-ACT,1956,9,0.4971,-0.1493,banking_finance,Congress
20000,1965,US-1957-YATES,1957,8,0.455,-0.2569,speech_security,Supreme Court
20000,1965,US-1958-NDEA,1958,7,0.7436,-0.1384,education_science_security,Congress
20000,1965,US-1958-NASA-ACT,1958,7,0.5829,-0.193,science_space_state_capacity,Congress
20000,1965,US-1958-COOPER,1958,7,0.4177,-0.2507,civil_rights_federalism,Supreme Court
20000,1965,US-1961-PEACE-CORPS,1961,4,0.5887,-0.192,foreign_aid_civic_service,Congress/President
20000,1965,US-1968-OMNIBUS-CRIME-CONTROL,1968,-3,0.5193,-0.2074,criminal_justice_surveillance,Congress
20000,1965,US-1968-TRUTH-IN-LENDING,1968,-3,0.5215,-0.1068,consumer_credit,Congress
20000,1965,US-1970-FCRA,1970,-5,0.6478,-0.1743,privacy_credit,Congress
20000,1965,US-1972-CPSA,1972,-7,0.5825,-0.1816,consumer_safety,Congress
20000,1965,US-1975-EPCA,1975,-10,0.5696,-0.1533,energy_state_capacity,Congress
20000,1965,US-1957-EO10730,1957,8,0.4668,-0.2455,civil_rights_state_capacity,President
20000,1965,US-1963-TEST-BAN-TREATY,1963,2,0.4564,-0.1925,nuclear_arms_control,Congress/President
20000,1965,US-1964-TONKIN-GULF,1964,1,0.3579,-0.1627,war_powers_security,Congress
20000,1965,US-1967-ADEA,1967,-2,0.5099,-0.1215,civil_rights_labor_age,Congress
20000,1965,US-1970-BANK-SECRECY,1970,-5,0.5129,-0.1881,finance_surveillance,Congress
20000,1965,US-1971-ANCSA,1971,-6,0.4937,-0.1475,native_policy_land,Congress
5000,1965,US-1956-HIGHWAY,1956,9,0.5207,-0.1811,infrastructure,Congress
5000,1965,US-1957-CIVIL-RIGHTS-ACT,1957,8,0.496,-0.1855,civil_rights_democracy,Congress
5000,1965,US-1961-MAPP,1961,4,0.2897,-0.1942,criminal_procedure,Supreme Court
5000,1965,US-1962-BAKER,1962,3,0.3533,-0.1898,democracy,Supreme Court
5000,1965,US-1962-ENGEL,1962,3,0.4717,-0.1986,religion_schools,Supreme Court
5000,1965,US-1962-KEFAUVER-HARRIS,1962,3,0.3873,-0.1599,consumer_health,Congress
5000,1965,US-1963-EQUAL-PAY,1963,2,0.5524,-0.1636,gender_labor,Congress
5000,1965,US-1963-GIDEON,1963,2,0.4245,-0.1902,criminal_procedure,Supreme Court
5000,1965,US-1964-24TH-AMENDMENT,1964,1,0.4077,-0.2097,democracy_civil_rights,constitutional_amendment
5000,1965,US-1964-CIVIL-RIGHTS-ACT,1964,1,0.4655,-0.2053,civil_rights,Congress
5000,1965,US-1964-ECONOMIC-OPPORTUNITY,1964,1,0.6235,-0.1895,poverty_social_policy,Congress
5000,1965,US-1964-HEART-ATLANTA,1964,1,0.4126,-0.2135,civil_rights_state_capacity,Supreme Court
5000,1965,US-1964-NYT-SULLIVAN,1964,1,0.4991,-0.1783,speech_press,Supreme Court
5000,1965,US-1964-REYNOLDS,1964,1,0.4633,-0.2019,democracy,Supreme Court
5000,1965,US-1965-ESEA,1965,0,0.5559,-0.1741,education,Congress
5000,1965,US-1965-GRISWOLD,1965,0,0.4631,-0.2006,privacy_family,Supreme Court
5000,1965,US-1965-HART-CELLER,1965,0,0.3436,-0.1728,immigration,Congress
5000,1965,US-1965-MEDICARE-MEDICAID,1965,0,0.6092,-0.1679,health_social_insurance,Congress
5000,1965,US-1965-VRA,1965,0,0.4228,-0.166,democracy_civil_rights,Congress
5000,1965,US-1966-FOIA,1966,-1,0.4318,-0.1821,transparency,Congress
5000,1965,US-1966-HARPER,1966,-1,0.4979,-0.2275,democracy_civil_rights,Supreme Court
5000,1965,US-1966-MIRANDA,1966,-1,0.4999,-0.173,criminal_procedure,Supreme Court
5000,1965,US-1967-KATZ,1967,-2,0.344,-0.2424,privacy_surveillance,Supreme Court
5000,1965,US-1967-LOVING,1967,-2,0.4218,-0.2093,civil_rights_family,Supreme Court
5000,1965,US-1968-FAIR-HOUSING,1968,-3,0.5066,-0.203,civil_rights_housing,Congress
5000,1965,US-1968-GUN-CONTROL,1968,-3,0.4242,-0.1994,guns_crime,Congress
5000,1965,US-1968-TERRY,1968,-3,0.4856,-0.2088,criminal_procedure_policing,Supreme Court
5000,1965,US-1969-BRANDENBURG,1969,-4,0.2976,-0.1787,speech,Supreme Court
5000,1965,US-1969-NEPA,1969,-4,0.4051,-0.1584,environment,Congress
5000,1965,US-1969-TINKER,1969,-4,0.4446,-0.1352,speech_schools,Supreme Court
5000,1965,US-1970-CLEAN-AIR,1970,-5,0.4904,-0.231,environment,Congress
5000,1965,US-1970-CSA,1970,-5,0.5282,-0.1761,drug_policy,Congress
5000,1965,US-1970-OSHA,1970,-5,0.5757,-0.1911,labor_health,Congress
5000,1965,US-1971-26TH,1971,-6,0.6186,-0.1757,democracy_youth,constitutional_amendment
5000,1965,US-1971-FECA,1971,-6,0.4895,-0.186,campaign_finance,Congress
5000,1965,US-1971-LEMON,1971,-6,0.3918,-0.2114,religion,Supreme Court
5000,1965,US-1971-PENTAGON-PAPERS,1971,-6,0.2226,-0.1441,speech_security,Supreme Court
5000,1965,US-1972-CLEAN-WATER,1972,-7,0.3795,-0.124,environment,Congress
5000,1965,US-1972-FURMAN,1972,-7,0.4251,-0.2053,criminal_justice,Supreme Court
5000,1965,US-1972-TITLE-IX,1972,-7,0.499,-0.1732,gender_education,Congress
5000,1965,US-1972-YODER,1972,-7,0.4435,-0.1972,religion_education,Supreme Court
5000,1965,US-1973-ESA,1973,-8,0.4606,-0.1462,environment,Congress
5000,1965,US-1973-REHABILITATION,1973,-8,0.3888,-0.1352,disability_rights,Congress
5000,1965,US-1973-RODRIGUEZ,1973,-8,0.4506,-0.1802,education_equality,Supreme Court
5000,1965,US-1973-ROE,1973,-8,0.4459,-0.1621,privacy_family,Supreme Court
5000,1965,US-1973-WAR-POWERS,1973,-8,0.3432,-0.1689,executive_power_security,Congress
5000,1965,US-1974-ECOA,1974,-9,0.5295,-0.1616,credit_civil_rights,Congress
5000,1965,US-1974-ERISA,1974,-9,0.5251,-0.1811,labor_benefits,Congress
5000,1965,US-1974-MILLIKEN,1974,-9,0.2927,-0.2524,civil_rights_education,Supreme Court
5000,1965,US-1974-PRIVACY-ACT,1974,-9,0.484,-0.1681,privacy_governance,Congress
5000,1965,US-1975-IDEA,1975,-10,0.5945,-0.0743,disability_education,Congress
5000,1965,US-1975-ISDEAA,1975,-10,0.3409,-0.1718,native_policy,Congress
5000,1965,US-1956-BANK-HOLDING-COMPANY-ACT,1956,9,0.4454,-0.1851,banking_finance,Congress
5000,1965,US-1957-YATES,1957,8,0.2869,-0.2719,speech_security,Supreme Court
5000,1965,US-1958-NDEA,1958,7,0.7098,-0.1647,education_science_security,Congress
5000,1965,US-1958-NASA-ACT,1958,7,0.5001,-0.2114,science_space_state_capacity,Congress
5000,1965,US-1958-COOPER,1958,7,0.3571,-0.2387,civil_rights_federalism,Supreme Court
5000,1965,US-1961-PEACE-CORPS,1961,4,0.6236,-0.1848,foreign_aid_civic_service,Congress/President
5000,1965,US-1968-OMNIBUS-CRIME-CONTROL,1968,-3,0.4556,-0.1986,criminal_justice_surveillance,Congress
5000,1965,US-1968-TRUTH-IN-LENDING,1968,-3,0.4875,-0.1234,consumer_credit,Congress
5000,1965,US-1970-FCRA,1970,-5,0.5346,-0.174,privacy_credit,Congress
5000,1965,US-1972-CPSA,1972,-7,0.5005,-0.1822,consumer_safety,Congress
5000,1965,US-1975-EPCA,1975,-10,0.4867,-0.164,energy_state_capacity,Congress
5000,1965,US-1957-EO10730,1957,8,0.4862,-0.1881,civil_rights_state_capacity,President
5000,1965,US-1963-TEST-BAN-TREATY,1963,2,0.5035,-0.1638,nuclear_arms_control,Congress/President
5000,1965,US-1964-TONKIN-GULF,1964,1,0.3046,-0.1439,war_powers_security,Congress
5000,1965,US-1967-ADEA,1967,-2,0.4573,-0.1751,civil_rights_labor_age,Congress
5000,1965,US-1970-BANK-SECRECY,1970,-5,0.4481,-0.1754,finance_surveillance,Congress
5000,1965,US-1971-ANCSA,1971,-6,0.3511,-0.1447,native_policy_land,Congress
10000,1966,US-1956-HIGHWAY,1956,10,0.3364,-0.189,infrastructure,Congress
10000,1966,US-1957-CIVIL-RIGHTS-ACT,1957,9,0.2341,-0.2056,civil_rights_democracy,Congress
10000,1966,US-1961-MAPP,1961,5,0.1271,-0.1974,criminal_procedure,Supreme Court
10000,1966,US-1962-BAKER,1962,4,0.1989,-0.1968,democracy,Supreme Court
10000,1966,US-1962-ENGEL,1962,4,0.2278,-0.2069,religion_schools,Supreme Court
10000,1966,US-1962-KEFAUVER-HARRIS,1962,4,0.1633,-0.1883,consumer_health,Congress
10000,1966,US-1963-EQUAL-PAY,1963,3,0.3338,-0.177,gender_labor,Congress
10000,1966,US-1963-GIDEON,1963,3,0.2406,-0.1714,criminal_procedure,Supreme Court
10000,1966,US-1964-24TH-AMENDMENT,1964,2,0.2045,-0.2226,democracy_civil_rights,constitutional_amendment
10000,1966,US-1964-CIVIL-RIGHTS-ACT,1964,2,0.2521,-0.1752,civil_rights,Congress
10000,1966,US-1964-ECONOMIC-OPPORTUNITY,1964,2,0.4501,-0.1866,poverty_social_policy,Congress
10000,1966,US-1964-HEART-ATLANTA,1964,2,0.2013,-0.1953,civil_rights_state_capacity,Supreme Court
10000,1966,US-1964-NYT-SULLIVAN,1964,2,0.2233,-0.204,speech_press,Supreme Court
10000,1966,US-1964-REYNOLDS,1964,2,0.2603,-0.2063,democracy,Supreme Court
10000,1966,US-1965-ESEA,1965,1,0.3318,-0.1725,education,Congress
10000,1966,US-1965-GRISWOLD,1965,1,0.275,-0.2127,privacy_family,Supreme Court
10000,1966,US-1965-HART-CELLER,1965,1,0.2174,-0.184,immigration,Congress
10000,1966,US-1965-MEDICARE-MEDICAID,1965,1,0.3776,-0.1666,health_social_insurance,Congress
10000,1966,US-1965-VRA,1965,1,0.2164,-0.1482,democracy_civil_rights,Congress
10000,1966,US-1966-FOIA,1966,0,0.2773,-0.1978,transparency,Congress
10000,1966,US-1966-HARPER,1966,0,0.2135,-0.2544,democracy_civil_rights,Supreme Court
10000,1966,US-1966-MIRANDA,1966,0,0.248,-0.1851,criminal_procedure,Supreme Court
10000,1966,US-1967-KATZ,1967,-1,0.1673,-0.2624,privacy_surveillance,Supreme Court
10000,1966,US-1967-LOVING,1967,-1,0.1676,-0.232,civil_rights_family,Supreme Court
10000,1966,US-1968-FAIR-HOUSING,1968,-2,0.2421,-0.1747,civil_rights_housing,Congress
10000,1966,US-1968-GUN-CONTROL,1968,-2,0.2041,-0.2082,guns_crime,Congress
10000,1966,US-1968-TERRY,1968,-2,0.2775,-0.2238,criminal_procedure_policing,Supreme Court
10000,1966,US-1969-BRANDENBURG,1969,-3,0.1241,-0.1921,speech,Supreme Court
10000,1966,US-1969-NEPA,1969,-3,0.2116,-0.1672,environment,Congress
10000,1966,US-1969-TINKER,1969,-3,0.2612,-0.1349,speech_schools,Supreme Court
10000,1966,US-1970-CLEAN-AIR,1970,-4,0.3145,-0.2324,environment,Congress
10000,1966,US-1970-CSA,1970,-4,0.2493,-0.1765,drug_policy,Congress
10000,1966,US-1970-OSHA,1970,-4,0.3475,-0.204,labor_health,Congress
10000,1966,US-1971-26TH,1971,-5,0.3811,-0.1977,democracy_youth,constitutional_amendment
10000,1966,US-1971-FECA,1971,-5,0.257,-0.2132,campaign_finance,Congress
10000,1966,US-1971-LEMON,1971,-5,0.1901,-0.211,religion,Supreme Court
10000,1966,US-1971-PENTAGON-PAPERS,1971,-5,0.1041,-0.1842,speech_security,Supreme Court
10000,1966,US-1972-CLEAN-WATER,1972,-6,0.2054,-0.1433,environment,Congress
10000,1966,US-1972-FURMAN,1972,-6,0.1637,-0.2292,criminal_justice,Supreme Court
10000,1966,US-1972-TITLE-IX,1972,-6,0.2478,-0.1478,gender_education,Congress
10000,1966,US-1972-YODER,1972,-6,0.2484,-0.1957,religion_education,Supreme Court
10000,1966,US-1973-ESA,1973,-7,0.2617,-0.1537,environment,Congress
10000,1966,US-1973-REHABILITATION,1973,-7,0.1785,-0.1089,disability_rights,Congress
10000,1966,US-1973-RODRIGUEZ,1973,-7,0.1731,-0.2143,education_equality,Supreme Court
10000,1966,US-1973-ROE,1973,-7,0.2586,-0.1696,privacy_family,Supreme Court
10000,1966,US-1973-WAR-POWERS,1973,-7,0.173,-0.1941,executive_power_security,Congress
10000,1966,US-1974-ECOA,1974,-8,0.2985,-0.1489,credit_civil_rights,Congress
10000,1966,US-1974-ERISA,1974,-8,0.3204,-0.186,labor_benefits,Congress
10000,1966,US-1974-MILLIKEN,1974,-8,0.1559,-0.2666,civil_rights_education,Supreme Court
10000,1966,US-1974-PRIVACY-ACT,1974,-8,0.314,-0.2075,privacy_governance,Congress
10000,1966,US-1975-IDEA,1975,-9,0.3891,-0.0528,disability_education,Congress
10000,1966,US-1975-ISDEAA,1975,-9,0.2219,-0.1802,native_policy,Congress
10000,1966,US-1976-BUCKLEY,1976,-10,0.1673,-0.2607,campaign_finance,Supreme Court
10000,1966,US-1976-GREGG,1976,-10,0.3161,-0.1816,criminal_justice,Supreme Court
10000,1966,US-1976-TSCA,1976,-10,0.2598,-0.2127,environment_consumer,Congress
10000,1966,US-1956-BANK-HOLDING-COMPANY-ACT,1956,10,0.2292,-0.1811,banking_finance,Congress
10000,1966,US-1957-YATES,1957,9,0.1281,-0.2528,speech_security,Supreme Court
10000,1966,US-1958-NDEA,1958,8,0.4907,-0.1645,education_science_security,Congress
10000,1966,US-1958-NASA-ACT,1958,8,0.292,-0.2065,science_space_state_capacity,Congress
10000,1966,US-1958-COOPER,1958,8,0.1906,-0.2377,civil_rights_federalism,Supreme Court
10000,1966,US-1961-PEACE-CORPS,1961,5,0.3246,-0.1994,foreign_aid_civic_service,Congress/President
10000,1966,US-1968-OMNIBUS-CRIME-CONTROL,1968,-2,0.2297,-0.2181,criminal_justice_surveillance,Congress
10000,1966,US-1968-TRUTH-IN-LENDING,1968,-2,0.2528,-0.1439,consumer_credit,Congress
10000,1966,US-1970-FCRA,1970,-4,0.3137,-0.1787,privacy_credit,Congress
10000,1966,US-1972-CPSA,1972,-6,0.3083,-0.1862,consumer_safety,Congress
10000,1966,US-1975-EPCA,1975,-9,0.3115,-0.1764,energy_state_capacity,Congress
10000,1966,US-1957-EO10730,1957,9,0.2745,-0.1896,civil_rights_state_capacity,President
10000,1966,US-1963-TEST-BAN-TREATY,1963,3,0.2511,-0.1769,nuclear_arms_control,Congress/President
10000,1966,US-1964-TONKIN-GULF,1964,2,0.1329,-0.1662,war_powers_security,Congress
10000,1966,US-1967-ADEA,1967,-1,0.2302,-0.1574,civil_rights_labor_age,Congress
10000,1966,US-1970-BANK-SECRECY,1970,-4,0.2302,-0.191,finance_surveillance,Congress
10000,1966,US-1971-ANCSA,1971,-5,0.2086,-0.1562,native_policy_land,Congress
20000,1966,US-1956-HIGHWAY,1956,10,0.5593,-0.1909,infrastructure,Congress
20000,1966,US-1957-CIVIL-RIGHTS-ACT,1957,9,0.5022,-0.2415,civil_rights_democracy,Congress
20000,1966,US-1961-MAPP,1961,5,0.3723,-0.1877,criminal_procedure,Supreme Court
20000,1966,US-1962-BAKER,1962,4,0.4262,-0.2019,democracy,Supreme Court
20000,1966,US-1962-ENGEL,1962,4,0.5011,-0.2209,religion_schools,Supreme Court
20000,1966,US-1962-KEFAUVER-HARRIS,1962,4,0.4054,-0.2122,consumer_health,Congress
20000,1966,US-1963-EQUAL-PAY,1963,3,0.5189,-0.1798,gender_labor,Congress
20000,1966,US-1963-GIDEON,1963,3,0.5081,-0.1726,criminal_procedure,Supreme Court
20000,1966,US-1964-24TH-AMENDMENT,1964,2,0.4017,-0.2258,democracy_civil_rights,constitutional_amendment
20000,1966,US-1964-CIVIL-RIGHTS-ACT,1964,2,0.4964,-0.1511,civil_rights,Congress
20000,1966,US-1964-ECONOMIC-OPPORTUNITY,1964,2,0.6197,-0.1978,poverty_social_policy,Congress
20000,1966,US-1964-HEART-ATLANTA,1964,2,0.3673,-0.1618,civil_rights_state_capacity,Supreme Court
20000,1966,US-1964-NYT-SULLIVAN,1964,2,0.4761,-0.1857,speech_press,Supreme Court
20000,1966,US-1964-REYNOLDS,1964,2,0.4822,-0.2241,democracy,Supreme Court
20000,1966,US-1965-ESEA,1965,1,0.5795,-0.1614,education,Congress
20000,1966,US-1965-GRISWOLD,1965,1,0.4677,-0.2261,privacy_family,Supreme Court
20000,1966,US-1965-HART-CELLER,1965,1,0.4179,-0.1955,immigration,Congress
20000,1966,US-1965-MEDICARE-MEDICAID,1965,1,0.5517,-0.1679,health_social_insurance,Congress
20000,1966,US-1965-VRA,1965,1,0.4212,-0.0893,democracy_civil_rights,Congress
20000,1966,US-1966-FOIA,1966,0,0.5153,-0.1891,transparency,Congress
20000,1966,US-1966-HARPER,1966,0,0.4451,-0.2405,democracy_civil_rights,Supreme Court
20000,1966,US-1966-MIRANDA,1966,0,0.4916,-0.1505,criminal_procedure,Supreme Court
20000,1966,US-1967-KATZ,1967,-1,0.2725,-0.2215,privacy_surveillance,Supreme Court
20000,1966,US-1967-LOVING,1967,-1,0.3513,-0.2358,civil_rights_family,Supreme Court
20000,1966,US-1968-FAIR-HOUSING,1968,-2,0.4464,-0.1425,civil_rights_housing,Congress
20000,1966,US-1968-GUN-CONTROL,1968,-2,0.4149,-0.2109,guns_crime,Congress
20000,1966,US-1968-TERRY,1968,-2,0.4594,-0.2243,criminal_procedure_policing,Supreme Court
20000,1966,US-1969-BRANDENBURG,1969,-3,0.3156,-0.1723,speech,Supreme Court
20000,1966,US-1969-NEPA,1969,-3,0.4564,-0.1556,environment,Congress
20000,1966,US-1969-TINKER,1969,-3,0.4409,-0.0816,speech_schools,Supreme Court
20000,1966,US-1970-CLEAN-AIR,1970,-4,0.5113,-0.2504,environment,Congress
20000,1966,US-1970-CSA,1970,-4,0.4593,-0.1566,drug_policy,Congress
20000,1966,US-1970-OSHA,1970,-4,0.5807,-0.213,labor_health,Congress
20000,1966,US-1971-26TH,1971,-5,0.5688,-0.202,democracy_youth,constitutional_amendment
20000,1966,US-1971-FECA,1971,-5,0.4674,-0.1917,campaign_finance,Congress
20000,1966,US-1971-LEMON,1971,-5,0.4063,-0.2053,religion,Supreme Court
20000,1966,US-1971-PENTAGON-PAPERS,1971,-5,0.3085,-0.1808,speech_security,Supreme Court
20000,1966,US-1972-CLEAN-WATER,1972,-6,0.4324,-0.1234,environment,Congress
20000,1966,US-1972-FURMAN,1972,-6,0.3495,-0.2231,criminal_justice,Supreme Court
20000,1966,US-1972-TITLE-IX,1972,-6,0.4382,-0.1175,gender_education,Congress
20000,1966,US-1972-YODER,1972,-6,0.481,-0.2106,religion_education,Supreme Court
20000,1966,US-1973-ESA,1973,-7,0.5007,-0.151,environment,Congress
20000,1966,US-1973-REHABILITATION,1973,-7,0.3855,-0.0896,disability_rights,Congress
20000,1966,US-1973-RODRIGUEZ,1973,-7,0.3339,-0.1981,education_equality,Supreme Court
20000,1966,US-1973-ROE,1973,-7,0.4792,-0.1525,privacy_family,Supreme Court
20000,1966,US-1973-WAR-POWERS,1973,-7,0.3796,-0.2085,executive_power_security,Congress
20000,1966,US-1974-ECOA,1974,-8,0.5041,-0.1597,credit_civil_rights,Congress
20000,1966,US-1974-ERISA,1974,-8,0.571,-0.1917,labor_benefits,Congress
20000,1966,US-1974-MILLIKEN,1974,-8,0.3735,-0.2534,civil_rights_education,Supreme Court
20000,1966,US-1974-PRIVACY-ACT,1974,-8,0.5475,-0.1526,privacy_governance,Congress
20000,1966,US-1975-IDEA,1975,-9,0.6212,-0.0394,disability_education,Congress
20000,1966,US-1975-ISDEAA,1975,-9,0.4524,-0.185,native_policy,Congress
20000,1966,US-1976-BUCKLEY,1976,-10,0.3808,-0.2151,campaign_finance,Supreme Court
20000,1966,US-1976-GREGG,1976,-10,0.5675,-0.2046,criminal_justice,Supreme Court
20000,1966,US-1976-TSCA,1976,-10,0.4294,-0.1947,environment_consumer,Congress
20000,1966,US-1956-BANK-HOLDING-COMPANY-ACT,1956,10,0.44,-0.1637,banking_finance,Congress
20000,1966,US-1957-YATES,1957,9,0.4001,-0.2591,speech_security,Supreme Court
20000,1966,US-1958-NDEA,1958,8,0.7308,-0.1634,education_science_security,Congress
20000,1966,US-1958-NASA-ACT,1958,8,0.5562,-0.2104,science_space_state_capacity,Congress
20000,1966,US-1958-COOPER,1958,8,0.3649,-0.239,civil_rights_federalism,Supreme Court
20000,1966,US-1961-PEACE-CORPS,1961,5,0.5217,-0.2084,foreign_aid_civic_service,Congress/President
20000,1966,US-1968-OMNIBUS-CRIME-CONTROL,1968,-2,0.4685,-0.2241,criminal_justice_surveillance,Congress
20000,1966,US-1968-TRUTH-IN-LENDING,1968,-2,0.5106,-0.1242,consumer_credit,Congress
20000,1966,US-1970-FCRA,1970,-4,0.6098,-0.1856,privacy_credit,Congress
20000,1966,US-1972-CPSA,1972,-6,0.508,-0.1798,consumer_safety,Congress
20000,1966,US-1975-EPCA,1975,-9,0.5479,-0.1844,energy_state_capacity,Congress
20000,1966,US-1957-EO10730,1957,9,0.4126,-0.2182,civil_rights_state_capacity,President
20000,1966,US-1963-TEST-BAN-TREATY,1963,3,0.4103,-0.1885,nuclear_arms_control,Congress/President
20000,1966,US-1964-TONKIN-GULF,1964,2,0.3009,-0.1749,war_powers_security,Congress
20000,1966,US-1967-ADEA,1967,-1,0.4331,-0.1362,civil_rights_labor_age,Congress
20000,1966,US-1970-BANK-SECRECY,1970,-4,0.461,-0.1987,finance_surveillance,Congress
20000,1966,US-1971-ANCSA,1971,-5,0.4791,-0.1694,native_policy_land,Congress
5000,1966,US-1956-HIGHWAY,1956,10,0.4702,-0.1802,infrastructure,Congress
5000,1966,US-1957-CIVIL-RIGHTS-ACT,1957,9,0.3954,-0.1851,civil_rights_democracy,Congress
5000,1966,US-1961-MAPP,1961,5,0.2108,-0.1871,criminal_procedure,Supreme Court
5000,1966,US-1962-BAKER,1962,4,0.3194,-0.1753,democracy,Supreme Court
5000,1966,US-1962-ENGEL,1962,4,0.315,-0.182,religion_schools,Supreme Court
5000,1966,US-1962-KEFAUVER-HARRIS,1962,4,0.3742,-0.147,consumer_health,Congress
5000,1966,US-1963-EQUAL-PAY,1963,3,0.4672,-0.1489,gender_labor,Congress
5000,1966,US-1963-GIDEON,1963,3,0.3847,-0.1847,criminal_procedure,Supreme Court
5000,1966,US-1964-24TH-AMENDMENT,1964,2,0.3324,-0.2031,democracy_civil_rights,constitutional_amendment
5000,1966,US-1964-CIVIL-RIGHTS-ACT,1964,2,0.4287,-0.2005,civil_rights,Congress
5000,1966,US-1964-ECONOMIC-OPPORTUNITY,1964,2,0.5212,-0.1658,poverty_social_policy,Congress
5000,1966,US-1964-HEART-ATLANTA,1964,2,0.3208,-0.1992,civil_rights_state_capacity,Supreme Court
5000,1966,US-1964-NYT-SULLIVAN,1964,2,0.3993,-0.1763,speech_press,Supreme Court
5000,1966,US-1964-REYNOLDS,1964,2,0.401,-0.1799,democracy,Supreme Court
5000,1966,US-1965-ESEA,1965,1,0.4626,-0.1591,education,Congress
5000,1966,US-1965-GRISWOLD,1965,1,0.3766,-0.1979,privacy_family,Supreme Court
5000,1966,US-1965-HART-CELLER,1965,1,0.2946,-0.1731,immigration,Congress
5000,1966,US-1965-MEDICARE-MEDICAID,1965,1,0.5381,-0.1584,health_social_insurance,Congress
5000,1966,US-1965-VRA,1965,1,0.3821,-0.145,democracy_civil_rights,Congress
5000,1966,US-1966-FOIA,1966,0,0.3707,-0.1688,transparency,Congress
5000,1966,US-1966-HARPER,1966,0,0.3662,-0.2167,democracy_civil_rights,Supreme Court
5000,1966,US-1966-MIRANDA,1966,0,0.4491,-0.1639,criminal_procedure,Supreme Court
5000,1966,US-1967-KATZ,1967,-1,0.3368,-0.2431,privacy_surveillance,Supreme Court
5000,1966,US-1967-LOVING,1967,-1,0.3132,-0.204,civil_rights_family,Supreme Court
5000,1966,US-1968-FAIR-HOUSING,1968,-2,0.4309,-0.1881,civil_rights_housing,Congress
5000,1966,US-1968-GUN-CONTROL,1968,-2,0.3954,-0.187,guns_crime,Congress
5000,1966,US-1968-TERRY,1968,-2,0.4503,-0.2002,criminal_procedure_policing,Supreme Court
5000,1966,US-1969-BRANDENBURG,1969,-3,0.2748,-0.168,speech,Supreme Court
5000,1966,US-1969-NEPA,1969,-3,0.376,-0.1448,environment,Congress
5000,1966,US-1969-TINKER,1969,-3,0.364,-0.1213,speech_schools,Supreme Court
5000,1966,US-1970-CLEAN-AIR,1970,-4,0.4253,-0.2156,environment,Congress
5000,1966,US-1970-CSA,1970,-4,0.4405,-0.1712,drug_policy,Congress
5000,1966,US-1970-OSHA,1970,-4,0.5117,-0.1776,labor_health,Congress
5000,1966,US-1971-26TH,1971,-5,0.5077,-0.1683,democracy_youth,constitutional_amendment
5000,1966,US-1971-FECA,1971,-5,0.4482,-0.1817,campaign_finance,Congress
5000,1966,US-1971-LEMON,1971,-5,0.3134,-0.2073,religion,Supreme Court
5000,1966,US-1971-PENTAGON-PAPERS,1971,-5,0.2177,-0.1529,speech_security,Supreme Court
5000,1966,US-1972-CLEAN-WATER,1972,-6,0.3275,-0.1303,environment,Congress
5000,1966,US-1972-FURMAN,1972,-6,0.2914,-0.198,criminal_justice,Supreme Court
5000,1966,US-1972-TITLE-IX,1972,-6,0.376,-0.1482,gender_education,Congress
5000,1966,US-1972-YODER,1972,-6,0.3279,-0.1787,religion_education,Supreme Court
5000,1966,US-1973-ESA,1973,-7,0.3986,-0.1269,environment,Congress
5000,1966,US-1973-REHABILITATION,1973,-7,0.309,-0.1262,disability_rights,Congress
5000,1966,US-1973-RODRIGUEZ,1973,-7,0.3383,-0.1735,education_equality,Supreme Court
5000,1966,US-1973-ROE,1973,-7,0.4277,-0.1458,privacy_family,Supreme Court
5000,1966,US-1973-WAR-POWERS,1973,-7,0.3291,-0.1674,executive_power_security,Congress
5000,1966,US-1974-ECOA,1974,-8,0.4482,-0.142,credit_civil_rights,Congress
5000,1966,US-1974-ERISA,1974,-8,0.5169,-0.167,labor_benefits,Congress
5000,1966,US-1974-MILLIKEN,1974,-8,0.271,-0.2295,civil_rights_education,Supreme Court
5000,1966,US-1974-PRIVACY-ACT,1974,-8,0.4438,-0.1678,privacy_governance,Congress
5000,1966,US-1975-IDEA,1975,-9,0.5252,-0.0706,disability_education,Congress
5000,1966,US-1975-ISDEAA,1975,-9,0.3439,-0.1623,native_policy,Congress
5000,1966,US-1976-BUCKLEY,1976,-10,0.3148,-0.232,campaign_finance,Supreme Court
5000,1966,US-1976-GREGG,1976,-10,0.4175,-0.1653,criminal_justice,Supreme Court
5000,1966,US-1976-TSCA,1976,-10,0.3866,-0.1874,environment_consumer,Congress
5000,1966,US-1956-BANK-HOLDING-COMPANY-ACT,1956,10,0.4087,-0.1758,banking_finance,Congress
5000,1966,US-1957-YATES,1957,9,0.2214,-0.2395,speech_security,Supreme Court
5000,1966,US-1958-NDEA,1958,8,0.5409,-0.1469,education_science_security,Congress
5000,1966,US-1958-NASA-ACT,1958,8,0.3911,-0.2043,science_space_state_capacity,Congress
5000,1966,US-1958-COOPER,1958,8,0.3162,-0.2178,civil_rights_federalism,Supreme Court
5000,1966,US-1961-PEACE-CORPS,1961,5,0.492,-0.1818,foreign_aid_civic_service,Congress/President
5000,1966,US-1968-OMNIBUS-CRIME-CONTROL,1968,-2,0.3814,-0.1903,criminal_justice_surveillance,Congress
5000,1966,US-1968-TRUTH-IN-LENDING,1968,-2,0.4718,-0.1156,consumer_credit,Congress
5000,1966,US-1970-FCRA,1970,-4,0.454,-0.1542,privacy_credit,Congress
5000,1966,US-1972-CPSA,1972,-6,0.4042,-0.1762,consumer_safety,Congress
5000,1966,US-1975-EPCA,1975,-9,0.4371,-0.1507,energy_state_capacity,Congress
5000,1966,US-1957-EO10730,1957,9,0.3978,-0.1768,civil_rights_state_capacity,President
5000,1966,US-1963-TEST-BAN-TREATY,1963,3,0.4384,-0.1537,nuclear_arms_control,Congress/President
5000,1966,US-1964-TONKIN-GULF,1964,2,0.2736,-0.1523,war_powers_security,Congress
5000,1966,US-1967-ADEA,1967,-1,0.3623,-0.1686,civil_rights_labor_age,Congress
5000,1966,US-1970-BANK-SECRECY,1970,-4,0.404,-0.1711,finance_surveillance,Congress
5000,1966,US-1971-ANCSA,1971,-5,0.3379,-0.1547,native_policy_land,Congress
10000,1967,US-1957-CIVIL-RIGHTS-ACT,1957,10,0.3602,-0.1594,civil_rights_democracy,Congress
10000,1967,US-1961-MAPP,1961,6,0.1724,-0.1603,criminal_procedure,Supreme Court
10000,1967,US-1962-BAKER,1962,5,0.2695,-0.161,democracy,Supreme Court
10000,1967,US-1962-ENGEL,1962,5,0.345,-0.167,religion_schools,Supreme Court
10000,1967,US-1962-KEFAUVER-HARRIS,1962,5,0.2125,-0.1403,consumer_health,Congress
10000,1967,US-1963-EQUAL-PAY,1963,4,0.4549,-0.133,gender_labor,Congress
10000,1967,US-1963-GIDEON,1963,4,0.3498,-0.1641,criminal_procedure,Supreme Court
10000,1967,US-1964-24TH-AMENDMENT,1964,3,0.2986,-0.1646,democracy_civil_rights,constitutional_amendment
10000,1967,US-1964-CIVIL-RIGHTS-ACT,1964,3,0.3067,-0.1399,civil_rights,Congress
10000,1967,US-1964-ECONOMIC-OPPORTUNITY,1964,3,0.5996,-0.1547,poverty_social_policy,Congress
10000,1967,US-1964-HEART-ATLANTA,1964,3,0.2981,-0.1378,civil_rights_state_capacity,Supreme Court
10000,1967,US-1964-NYT-SULLIVAN,1964,3,0.2827,-0.1651,speech_press,Supreme Court
10000,1967,US-1964-REYNOLDS,1964,3,0.3868,-0.1543,democracy,Supreme Court
10000,1967,US-1965-ESEA,1965,2,0.4631,-0.1302,education,Congress
10000,1967,US-1965-GRISWOLD,1965,2,0.3767,-0.1797,privacy_family,Supreme Court
10000,1967,US-1965-HART-CELLER,1965,2,0.2647,-0.1516,immigration,Congress
10000,1967,US-1965-MEDICARE-MEDICAID,1965,2,0.5482,-0.1442,health_social_insurance,Congress
10000,1967,US-1965-VRA,1965,2,0.3005,-0.0981,democracy_civil_rights,Congress
10000,1967,US-1966-FOIA,1966,1,0.3405,-0.1561,transparency,Congress
10000,1967,US-1966-HARPER,1966,1,0.3578,-0.1993,democracy_civil_rights,Supreme Court
10000,1967,US-1966-MIRANDA,1966,1,0.3102,-0.1485,criminal_procedure,Supreme Court
10000,1967,US-1967-KATZ,1967,0,0.2131,-0.2188,privacy_surveillance,Supreme Court
10000,1967,US-1967-LOVING,1967,0,0.2728,-0.192,civil_rights_family,Supreme Court
10000,1967,US-1968-FAIR-HOUSING,1968,-1,0.3059,-0.1393,civil_rights_housing,Congress
10000,1967,US-1968-GUN-CONTROL,1968,-1,0.2631,-0.1766,guns_crime,Congress
10000,1967,US-1968-TERRY,1968,-1,0.3807,-0.1854,criminal_procedure_policing,Supreme Court
10000,1967,US-1969-BRANDENBURG,1969,-2,0.1748,-0.1576,speech,Supreme Court
10000,1967,US-1969-NEPA,1969,-2,0.2864,-0.1348,environment,Congress
10000,1967,US-1969-TINKER,1969,-2,0.3565,-0.0848,speech_schools,Supreme Court
10000,1967,US-1970-CLEAN-AIR,1970,-3,0.4249,-0.204,environment,Congress
10000,1967,US-1970-CSA,1970,-3,0.3518,-0.1384,drug_policy,Congress
10000,1967,US-1970-OSHA,1970,-3,0.4409,-0.1587,labor_health,Congress
10000,1967,US-1971-26TH,1971,-4,0.5108,-0.149,democracy_youth,constitutional_amendment
10000,1967,US-1971-FECA,1971,-4,0.3463,-0.1621,campaign_finance,Congress
10000,1967,US-1971-LEMON,1971,-4,0.2881,-0.1851,religion,Supreme Court
10000,1967,US-1971-PENTAGON-PAPERS,1971,-4,0.1502,-0.1332,speech_security,Supreme Court
10000,1967,US-1972-CLEAN-WATER,1972,-5,0.2847,-0.1058,environment,Congress
10000,1967,US-1972-FURMAN,1972,-5,0.2887,-0.1804,criminal_justice,Supreme Court
10000,1967,US-1972-TITLE-IX,1972,-5,0.3521,-0.1078,gender_education,Congress
10000,1967,US-1972-YODER,1972,-5,0.38,-0.1569,religion_education,Supreme Court
10000,1967,US-1973-ESA,1973,-6,0.3378,-0.1215,environment,Congress
10000,1967,US-1973-REHABILITATION,1973,-6,0.2347,-0.0895,disability_rights,Congress
10000,1967,US-1973-RODRIGUEZ,1973,-6,0.3007,-0.1487,education_equality,Supreme Court
10000,1967,US-1973-ROE,1973,-6,0.2909,-0.1496,privacy_family,Supreme Court
10000,1967,US-1973-WAR-POWERS,1973,-6,0.2372,-0.1497,executive_power_security,Congress
10000,1967,US-1974-ECOA,1974,-7,0.3588,-0.1215,credit_civil_rights,Congress
10000,1967,US-1974-ERISA,1974,-7,0.4219,-0.1578,labor_benefits,Congress
10000,1967,US-1974-MILLIKEN,1974,-7,0.2172,-0.2312,civil_rights_education,Supreme Court
10000,1967,US-1974-PRIVACY-ACT,1974,-7,0.4125,-0.1483,privacy_governance,Congress
10000,1967,US-1975-IDEA,1975,-8,0.5096,-0.037,disability_education,Congress
10000,1967,US-1975-ISDEAA,1975,-8,0.2962,-0.1454,native_policy,Congress
10000,1967,US-1976-BUCKLEY,1976,-9,0.2901,-0.2168,campaign_finance,Supreme Court
10000,1967,US-1976-GREGG,1976,-9,0.4239,-0.1564,criminal_justice,Supreme Court
10000,1967,US-1976-TSCA,1976,-9,0.3971,-0.1613,environment_consumer,Congress
10000,1967,US-1977-CRA,1977,-10,0.5113,-0.1379,housing_credit,Congress
10000,1967,US-1977-FED-DUAL-MANDATE,1977,-10,0.5333,-0.1216,macroeconomic_governance,Congress
10000,1967,US-1957-YATES,1957,10,0.1906,-0.2395,speech_security,Supreme Court
10000,1967,US-1958-NDEA,1958,9,0.6438,-0.135,education_science_security,Congress
10000,1967,US-1958-NASA-ACT,1958,9,0.4384,-0.1752,science_space_state_capacity,Congress
10000,1967,US-1958-COOPER,1958,9,0.234,-0.231,civil_rights_federalism,Supreme Court
10000,1967,US-1961-PEACE-CORPS,1961,6,0.4902,-0.1757,foreign_aid_civic_service,Congress/President
10000,1967,US-1968-OMNIBUS-CRIME-CONTROL,1968,-1,0.3609,-0.1852,criminal_justice_surveillance,Congress
10000,1967,US-1968-TRUTH-IN-LENDING,1968,-1,0.2993,-0.104,consumer_credit,Congress
10000,1967,US-1970-FCRA,1970,-3,0.4178,-0.1534,privacy_credit,Congress
10000,1967,US-1972-CPSA,1972,-5,0.3779,-0.149,consumer_safety,Congress
10000,1967,US-1975-EPCA,1975,-8,0.4358,-0.1403,energy_state_capacity,Congress
10000,1967,US-1957-EO10730,1957,10,0.4222,-0.1668,civil_rights_state_capacity,President
10000,1967,US-1963-TEST-BAN-TREATY,1963,4,0.3883,-0.1506,nuclear_arms_control,Congress/President
10000,1967,US-1964-TONKIN-GULF,1964,3,0.24,-0.1334,war_powers_security,Congress
10000,1967,US-1967-ADEA,1967,0,0.3375,-0.1216,civil_rights_labor_age,Congress
10000,1967,US-1970-BANK-SECRECY,1970,-3,0.3368,-0.1449,finance_surveillance,Congress
10000,1967,US-1971-ANCSA,1971,-4,0.3067,-0.1378,native_policy_land,Congress
20000,1967,US-1957-CIVIL-RIGHTS-ACT,1957,10,0.3777,-0.2369,civil_rights_democracy,Congress
20000,1967,US-1961-MAPP,1961,6,0.2605,-0.2083,criminal_procedure,Supreme Court
20000,1967,US-1962-BAKER,1962,5,0.3402,-0.2247,democracy,Supreme Court
20000,1967,US-1962-ENGEL,1962,5,0.3803,-0.2153,religion_schools,Supreme Court
20000,1967,US-1962-KEFAUVER-HARRIS,1962,5,0.3374,-0.2187,consumer_health,Congress
20000,1967,US-1963-EQUAL-PAY,1963,4,0.4088,-0.186,gender_labor,Congress
20000,1967,US-1963-GIDEON,1963,4,0.3333,-0.2169,criminal_procedure,Supreme Court
20000,1967,US-1964-24TH-AMENDMENT,1964,3,0.3444,-0.2268,democracy_civil_rights,constitutional_amendment
20000,1967,US-1964-CIVIL-RIGHTS-ACT,1964,3,0.3643,-0.1929,civil_rights,Congress
20000,1967,US-1964-ECONOMIC-OPPORTUNITY,1964,3,0.6063,-0.2075,poverty_social_policy,Congress
20000,1967,US-1964-HEART-ATLANTA,1964,3,0.3057,-0.1886,civil_rights_state_capacity,Supreme Court
20000,1967,US-1964-NYT-SULLIVAN,1964,3,0.3704,-0.2209,speech_press,Supreme Court
20000,1967,US-1964-REYNOLDS,1964,3,0.4395,-0.2105,democracy,Supreme Court
20000,1967,US-1965-ESEA,1965,2,0.4831,-0.1694,education,Congress
20000,1967,US-1965-GRISWOLD,1965,2,0.3801,-0.2223,privacy_family,Supreme Court
20000,1967,US-1965-HART-CELLER,1965,2,0.3051,-0.2032,immigration,Congress
20000,1967,US-1965-MEDICARE-MEDICAID,1965,2,0.4885,-0.1873,health_social_insurance,Congress
20000,1967,US-1965-VRA,1965,2,0.3656,-0.1114,democracy_civil_rights,Congress
20000,1967,US-1966-FOIA,1966,1,0.4218,-0.2157,transparency,Congress
20000,1967,US-1966-HARPER,1966,1,0.3613,-0.2545,democracy_civil_rights,Supreme Court
20000,1967,US-1966-MIRANDA,1966,1,0.3633,-0.1659,criminal_procedure,Supreme Court
20000,1967,US-1967-KATZ,1967,0,0.2339,-0.2495,privacy_surveillance,Supreme Court
20000,1967,US-1967-LOVING,1967,0,0.2881,-0.2538,civil_rights_family,Supreme Court
20000,1967,US-1968-FAIR-HOUSING,1968,-1,0.3417,-0.177,civil_rights_housing,Congress
20000,1967,US-1968-GUN-CONTROL,1968,-1,0.3178,-0.2255,guns_crime,Congress
20000,1967,US-1968-TERRY,1968,-1,0.3895,-0.2398,criminal_procedure_policing,Supreme Court
20000,1967,US-1969-BRANDENBURG,1969,-2,0.2435,-0.1914,speech,Supreme Court
20000,1967,US-1969-NEPA,1969,-2,0.3454,-0.188,environment,Congress
20000,1967,US-1969-TINKER,1969,-2,0.3566,-0.0779,speech_schools,Supreme Court
20000,1967,US-1970-CLEAN-AIR,1970,-3,0.445,-0.2564,environment,Congress
20000,1967,US-1970-CSA,1970,-3,0.3522,-0.1721,drug_policy,Congress
20000,1967,US-1970-OSHA,1970,-3,0.5004,-0.2154,labor_health,Congress
20000,1967,US-1971-26TH,1971,-4,0.4829,-0.2093,democracy_youth,constitutional_amendment
20000,1967,US-1971-FECA,1971,-4,0.38,-0.2079,campaign_finance,Congress
20000,1967,US-1971-LEMON,1971,-4,0.3079,-0.2357,religion,Supreme Court
20000,1967,US-1971-PENTAGON-PAPERS,1971,-4,0.2708,-0.2085,speech_security,Supreme Court
20000,1967,US-1972-CLEAN-WATER,1972,-5,0.3552,-0.1347,environment,Congress
20000,1967,US-1972-FURMAN,1972,-5,0.3121,-0.2529,criminal_justice,Supreme Court
20000,1967,US-1972-TITLE-IX,1972,-5,0.3626,-0.1384,gender_education,Congress
20000,1967,US-1972-YODER,1972,-5,0.3382,-0.2189,religion_education,Supreme Court
20000,1967,US-1973-ESA,1973,-6,0.4113,-0.1547,environment,Congress
20000,1967,US-1973-REHABILITATION,1973,-6,0.3209,-0.1053,disability_rights,Congress
20000,1967,US-1973-RODRIGUEZ,1973,-6,0.2984,-0.2094,education_equality,Supreme Court
20000,1967,US-1973-ROE,1973,-6,0.3826,-0.1708,privacy_family,Supreme Court
20000,1967,US-1973-WAR-POWERS,1973,-6,0.2874,-0.1945,executive_power_security,Congress
20000,1967,US-1974-ECOA,1974,-7,0.3759,-0.1739,credit_civil_rights,Congress
20000,1967,US-1974-ERISA,1974,-7,0.4763,-0.2004,labor_benefits,Congress
20000,1967,US-1974-MILLIKEN,1974,-7,0.2933,-0.2863,civil_rights_education,Supreme Court
20000,1967,US-1974-PRIVACY-ACT,1974,-7,0.4576,-0.179,privacy_governance,Congress
20000,1967,US-1975-IDEA,1975,-8,0.513,-0.0521,disability_education,Congress
20000,1967,US-1975-ISDEAA,1975,-8,0.3616,-0.1931,native_policy,Congress
20000,1967,US-1976-BUCKLEY,1976,-9,0.2986,-0.2461,campaign_finance,Supreme Court
20000,1967,US-1976-GREGG,1976,-9,0.488,-0.2173,criminal_justice,Supreme Court
20000,1967,US-1976-TSCA,1976,-9,0.3843,-0.2107,environment_consumer,Congress
20000,1967,US-1977-CRA,1977,-10,0.5132,-0.1992,housing_credit,Congress
20000,1967,US-1977-FED-DUAL-MANDATE,1977,-10,0.5334,-0.174,macroeconomic_governance,Congress
20000,1967,US-1957-YATES,1957,10,0.2719,-0.273,speech_security,Supreme Court
20000,1967,US-1958-NDEA,1958,9,0.6142,-0.1747,education_science_security,Congress
20000,1967,US-1958-NASA-ACT,1958,9,0.4717,-0.2284,science_space_state_capacity,Congress
20000,1967,US-1958-COOPER,1958,9,0.2627,-0.2713,civil_rights_federalism,Supreme Court
20000,1967,US-1961-PEACE-CORPS,1961,6,0.4695,-0.2281,foreign_aid_civic_service,Congress/President
20000,1967,US-1968-OMNIBUS-CRIME-CONTROL,1968,-1,0.3605,-0.2393,criminal_justice_surveillance,Congress
20000,1967,US-1968-TRUTH-IN-LENDING,1968,-1,0.3698,-0.1416,consumer_credit,Congress
20000,1967,US-1970-FCRA,1970,-3,0.5049,-0.2056,privacy_credit,Congress
20000,1967,US-1972-CPSA,1972,-5,0.4443,-0.2017,consumer_safety,Congress
20000,1967,US-1975-EPCA,1975,-8,0.4494,-0.1948,energy_state_capacity,Congress
20000,1967,US-1957-EO10730,1957,10,0.3622,-0.244,civil_rights_state_capacity,President
20000,1967,US-1963-TEST-BAN-TREATY,1963,4,0.3525,-0.1957,nuclear_arms_control,Congress/President
20000,1967,US-1964-TONKIN-GULF,1964,3,0.2498,-0.1977,war_powers_security,Congress
20000,1967,US-1967-ADEA,1967,0,0.3611,-0.1776,civil_rights_labor_age,Congress
20000,1967,US-1970-BANK-SECRECY,1970,-3,0.3473,-0.2063,finance_surveillance,Congress
20000,1967,US-1971-ANCSA,1971,-4,0.3892,-0.1769,native_policy_land,Congress
5000,1967,US-1957-CIVIL-RIGHTS-ACT,1957,10,0.3191,-0.1912,civil_rights_democracy,Congress
5000,1967,US-1961-MAPP,1961,6,0.1667,-0.2094,criminal_procedure,Supreme Court
5000,1967,US-1962-BAKER,1962,5,0.2518,-0.1923,democracy,Supreme Court
5000,1967,US-1962-ENGEL,1962,5,0.2886,-0.1939,religion_schools,Supreme Court
5000,1967,US-1962-KEFAUVER-HARRIS,1962,5,0.2737,-0.1515,consumer_health,Congress
5000,1967,US-1963-EQUAL-PAY,1963,4,0.3973,-0.1784,gender_labor,Congress
5000,1967,US-1963-GIDEON,1963,4,0.2852,-0.2029,criminal_procedure,Supreme Court
5000,1967,US-1964-24TH-AMENDMENT,1964,3,0.2505,-0.2079,democracy_civil_rights,constitutional_amendment
5000,1967,US-1964-CIVIL-RIGHTS-ACT,1964,3,0.3586,-0.1956,civil_rights,Congress
5000,1967,US-1964-ECONOMIC-OPPORTUNITY,1964,3,0.4947,-0.1875,poverty_social_policy,Congress
5000,1967,US-1964-HEART-ATLANTA,1964,3,0.2638,-0.2062,civil_rights_state_capacity,Supreme Court
5000,1967,US-1964-NYT-SULLIVAN,1964,3,0.3302,-0.1922,speech_press,Supreme Court
5000,1967,US-1964-REYNOLDS,1964,3,0.3235,-0.1931,democracy,Supreme Court
5000,1967,US-1965-ESEA,1965,2,0.3843,-0.1699,education,Congress
5000,1967,US-1965-GRISWOLD,1965,2,0.3196,-0.2006,privacy_family,Supreme Court
5000,1967,US-1965-HART-CELLER,1965,2,0.2603,-0.1847,immigration,Congress
5000,1967,US-1965-MEDICARE-MEDICAID,1965,2,0.4535,-0.1838,health_social_insurance,Congress
5000,1967,US-1965-VRA,1965,2,0.3053,-0.1618,democracy_civil_rights,Congress
5000,1967,US-1966-FOIA,1966,1,0.3061,-0.191,transparency,Congress
5000,1967,US-1966-HARPER,1966,1,0.353,-0.2176,democracy_civil_rights,Supreme Court
5000,1967,US-1966-MIRANDA,1966,1,0.3753,-0.1874,criminal_procedure,Supreme Court
5000,1967,US-1967-KATZ,1967,0,0.229,-0.2483,privacy_surveillance,Supreme Court
5000,1967,US-1967-LOVING,1967,0,0.2947,-0.2099,civil_rights_family,Supreme Court
5000,1967,US-1968-FAIR-HOUSING,1968,-1,0.3637,-0.192,civil_rights_housing,Congress
5000,1967,US-1968-GUN-CONTROL,1968,-1,0.2934,-0.1963,guns_crime,Congress
5000,1967,US-1968-TERRY,1968,-1,0.3439,-0.2076,criminal_procedure_policing,Supreme Court
5000,1967,US-1969-BRANDENBURG,1969,-2,0.222,-0.1757,speech,Supreme Court
5000,1967,US-1969-NEPA,1969,-2,0.2869,-0.1615,environment,Congress
5000,1967,US-1969-TINKER,1969,-2,0.3015,-0.1269,speech_schools,Supreme Court
5000,1967,US-1970-CLEAN-AIR,1970,-3,0.3491,-0.237,environment,Congress
5000,1967,US-1970-CSA,1970,-3,0.3792,-0.1872,drug_policy,Congress
5000,1967,US-1970-OSHA,1970,-3,0.4355,-0.1899,labor_health,Congress
5000,1967,US-1971-26TH,1971,-4,0.4519,-0.1894,democracy_youth,constitutional_amendment
5000,1967,US-1971-FECA,1971,-4,0.359,-0.195,campaign_finance,Congress
5000,1967,US-1971-LEMON,1971,-4,0.2688,-0.2131,religion,Supreme Court
5000,1967,US-1971-PENTAGON-PAPERS,1971,-4,0.1398,-0.1508,speech_security,Supreme Court
5000,1967,US-1972-CLEAN-WATER,1972,-5,0.2444,-0.1297,environment,Congress
5000,1967,US-1972-FURMAN,1972,-5,0.3173,-0.2005,criminal_justice,Supreme Court
5000,1967,US-1972-TITLE-IX,1972,-5,0.3493,-0.163,gender_education,Congress
5000,1967,US-1972-YODER,1972,-5,0.2885,-0.1841,religion_education,Supreme Court
5000,1967,US-1973-ESA,1973,-6,0.3111,-0.1474,environment,Congress
5000,1967,US-1973-REHABILITATION,1973,-6,0.2858,-0.1279,disability_rights,Congress
5000,1967,US-1973-RODRIGUEZ,1973,-6,0.3004,-0.179,education_equality,Supreme Court
5000,1967,US-1973-ROE,1973,-6,0.3294,-0.1733,privacy_family,Supreme Court
5000,1967,US-1973-WAR-POWERS,1973,-6,0.2143,-0.1752,executive_power_security,Congress
5000,1967,US-1974-ECOA,1974,-7,0.3571,-0.162,credit_civil_rights,Congress
5000,1967,US-1974-ERISA,1974,-7,0.413,-0.1883,labor_benefits,Congress
5000,1967,US-1974-MILLIKEN,1974,-7,0.2006,-0.2387,civil_rights_education,Supreme Court
5000,1967,US-1974-PRIVACY-ACT,1974,-7,0.347,-0.1932,privacy_governance,Congress
5000,1967,US-1975-IDEA,1975,-8,0.4284,-0.0726,disability_education,Congress
5000,1967,US-1975-ISDEAA,1975,-8,0.2443,-0.1793,native_policy,Congress
5000,1967,US-1976-BUCKLEY,1976,-9,0.2607,-0.2367,campaign_finance,Supreme Court
5000,1967,US-1976-GREGG,1976,-9,0.3794,-0.1844,criminal_justice,Supreme Court
5000,1967,US-1976-TSCA,1976,-9,0.321,-0.1953,environment_consumer,Congress
5000,1967,US-1977-CRA,1977,-10,0.5148,-0.1601,housing_credit,Congress
5000,1967,US-1977-FED-DUAL-MANDATE,1977,-10,0.5064,-0.1526,macroeconomic_governance,Congress
5000,1967,US-1957-YATES,1957,10,0.1708,-0.2612,speech_security,Supreme Court
5000,1967,US-1958-NDEA,1958,9,0.5572,-0.1737,education_science_security,Congress
5000,1967,US-1958-NASA-ACT,1958,9,0.3612,-0.2175,science_space_state_capacity,Congress
5000,1967,US-1958-COOPER,1958,9,0.2436,-0.2263,civil_rights_federalism,Supreme Court
5000,1967,US-1961-PEACE-CORPS,1961,6,0.4163,-0.1971,foreign_aid_civic_service,Congress/President
5000,1967,US-1968-OMNIBUS-CRIME-CONTROL,1968,-1,0.3186,-0.2106,criminal_justice_surveillance,Congress
5000,1967,US-1968-TRUTH-IN-LENDING,1968,-1,0.3884,-0.1344,consumer_credit,Congress
5000,1967,US-1970-FCRA,1970,-3,0.4054,-0.1815,privacy_credit,Congress
5000,1967,US-1972-CPSA,1972,-5,0.3646,-0.1789,consumer_safety,Congress
5000,1967,US-1975-EPCA,1975,-8,0.3961,-0.166,energy_state_capacity,Congress
5000,1967,US-1957-EO10730,1957,10,0.3498,-0.1929,civil_rights_state_capacity,President
5000,1967,US-1963-TEST-BAN-TREATY,1963,4,0.3424,-0.1723,nuclear_arms_control,Congress/President
5000,1967,US-1964-TONKIN-GULF,1964,3,0.2248,-0.1582,war_powers_security,Congress
5000,1967,US-1967-ADEA,1967,0,0.3735,-0.1846,civil_rights_labor_age,Congress
5000,1967,US-1970-BANK-SECRECY,1970,-3,0.3499,-0.1835,finance_surveillance,Congress
5000,1967,US-1971-ANCSA,1971,-4,0.3056,-0.1749,native_policy_land,Congress
10000,1968,US-1961-MAPP,1961,7,0.2391,-0.1869,criminal_procedure,Supreme Court
10000,1968,US-1962-BAKER,1962,6,0.3046,-0.1952,democracy,Supreme Court
10000,1968,US-1962-ENGEL,1962,6,0.3406,-0.201,religion_schools,Supreme Court
10000,1968,US-1962-KEFAUVER-HARRIS,1962,6,0.3045,-0.1987,consumer_health,Congress
10000,1968,US-1963-EQUAL-PAY,1963,5,0.4364,-0.1798,gender_labor,Congress
10000,1968,US-1963-GIDEON,1963,5,0.3313,-0.1963,criminal_procedure,Supreme Court
10000,1968,US-1964-24TH-AMENDMENT,1964,4,0.3046,-0.2187,democracy_civil_rights,constitutional_amendment
10000,1968,US-1964-CIVIL-RIGHTS-ACT,1964,4,0.3256,-0.1885,civil_rights,Congress
10000,1968,US-1964-ECONOMIC-OPPORTUNITY,1964,4,0.5174,-0.2029,poverty_social_policy,Congress
10000,1968,US-1964-HEART-ATLANTA,1964,4,0.2716,-0.1944,civil_rights_state_capacity,Supreme Court
10000,1968,US-1964-NYT-SULLIVAN,1964,4,0.3678,-0.2078,speech_press,Supreme Court
10000,1968,US-1964-REYNOLDS,1964,4,0.368,-0.205,democracy,Supreme Court
10000,1968,US-1965-ESEA,1965,3,0.4386,-0.1756,education,Congress
10000,1968,US-1965-GRISWOLD,1965,3,0.3642,-0.2165,privacy_family,Supreme Court
10000,1968,US-1965-HART-CELLER,1965,3,0.2864,-0.1704,immigration,Congress
10000,1968,US-1965-MEDICARE-MEDICAID,1965,3,0.47,-0.1715,health_social_insurance,Congress
10000,1968,US-1965-VRA,1965,3,0.3233,-0.1452,democracy_civil_rights,Congress
10000,1968,US-1966-FOIA,1966,2,0.3835,-0.1959,transparency,Congress
10000,1968,US-1966-HARPER,1966,2,0.3405,-0.2489,democracy_civil_rights,Supreme Court
10000,1968,US-1966-MIRANDA,1966,2,0.3888,-0.1781,criminal_procedure,Supreme Court
10000,1968,US-1967-KATZ,1967,1,0.2278,-0.2526,privacy_surveillance,Supreme Court
10000,1968,US-1967-LOVING,1967,1,0.291,-0.2214,civil_rights_family,Supreme Court
10000,1968,US-1968-FAIR-HOUSING,1968,0,0.381,-0.1823,civil_rights_housing,Congress
10000,1968,US-1968-GUN-CONTROL,1968,0,0.3225,-0.2318,guns_crime,Congress
10000,1968,US-1968-TERRY,1968,0,0.4226,-0.2331,criminal_procedure_policing,Supreme Court
10000,1968,US-1969-BRANDENBURG,1969,-1,0.2648,-0.1979,speech,Supreme Court
10000,1968,US-1969-NEPA,1969,-1,0.3652,-0.1703,environment,Congress
10000,1968,US-1969-TINKER,1969,-1,0.3889,-0.1143,speech_schools,Supreme Court
10000,1968,US-1970-CLEAN-AIR,1970,-2,0.4155,-0.2415,environment,Congress
10000,1968,US-1970-CSA,1970,-2,0.3783,-0.1854,drug_policy,Congress
10000,1968,US-1970-OSHA,1970,-2,0.4587,-0.2161,labor_health,Congress
10000,1968,US-1971-26TH,1971,-3,0.4401,-0.1973,democracy_youth,constitutional_amendment
10000,1968,US-1971-FECA,1971,-3,0.3897,-0.2127,campaign_finance,Congress
10000,1968,US-1971-LEMON,1971,-3,0.3146,-0.2085,religion,Supreme Court
10000,1968,US-1971-PENTAGON-PAPERS,1971,-3,0.2361,-0.1748,speech_security,Supreme Court
10000,1968,US-1972-CLEAN-WATER,1972,-4,0.3154,-0.1527,environment,Congress
10000,1968,US-1972-FURMAN,1972,-4,0.2948,-0.2169,criminal_justice,Supreme Court
10000,1968,US-1972-TITLE-IX,1972,-4,0.3634,-0.1531,gender_education,Congress
10000,1968,US-1972-YODER,1972,-4,0.3477,-0.2045,religion_education,Supreme Court
10000,1968,US-1973-ESA,1973,-5,0.4125,-0.157,environment,Congress
10000,1968,US-1973-REHABILITATION,1973,-5,0.3033,-0.1209,disability_rights,Congress
10000,1968,US-1973-RODRIGUEZ,1973,-5,0.294,-0.1939,education_equality,Supreme Court
10000,1968,US-1973-ROE,1973,-5,0.3588,-0.1795,privacy_family,Supreme Court
10000,1968,US-1973-WAR-POWERS,1973,-5,0.2835,-0.1841,executive_power_security,Congress
10000,1968,US-1974-ECOA,1974,-6,0.4287,-0.1484,credit_civil_rights,Congress
10000,1968,US-1974-ERISA,1974,-6,0.45,-0.196,labor_benefits,Congress
10000,1968,US-1974-MILLIKEN,1974,-6,0.285,-0.2678,civil_rights_education,Supreme Court
10000,1968,US-1974-PRIVACY-ACT,1974,-6,0.439,-0.1833,privacy_governance,Congress
10000,1968,US-1975-IDEA,1975,-7,0.4809,-0.0659,disability_education,Congress
10000,1968,US-1975-ISDEAA,1975,-7,0.3242,-0.1817,native_policy,Congress
10000,1968,US-1976-BUCKLEY,1976,-8,0.3319,-0.2451,campaign_finance,Supreme Court
10000,1968,US-1976-GREGG,1976,-8,0.4357,-0.1979,criminal_justice,Supreme Court
10000,1968,US-1976-TSCA,1976,-8,0.3418,-0.209,environment_consumer,Congress
10000,1968,US-1977-CRA,1977,-9,0.4843,-0.1831,housing_credit,Congress
10000,1968,US-1977-FED-DUAL-MANDATE,1977,-9,0.4689,-0.1561,macroeconomic_governance,Congress
10000,1968,US-1978-AIRLINE-DEREG,1978,-10,0.3079,-0.1937,deregulation,Congress
10000,1968,US-1978-BAKKE,1978,-10,0.3387,-0.1765,civil_rights_education,Supreme Court
10000,1968,US-1978-FISA,1978,-10,0.31,-0.1729,privacy_security,Congress
10000,1968,US-1978-HUMPHREY-HAWKINS,1978,-10,0.4193,-0.1688,macroeconomic_governance,Congress
10000,1968,US-1978-ICWA,1978,-10,0.4027,-0.1847,native_policy_family,Congress
10000,1968,US-1978-PREGNANCY-DISCRIM,1978,-10,0.4012,-0.1293,gender_labor,Congress
10000,1968,US-1958-NDEA,1958,10,0.5456,-0.1722,education_science_security,Congress
10000,1968,US-1958-NASA-ACT,1958,10,0.3745,-0.2141,science_space_state_capacity,Congress
10000,1968,US-1958-COOPER,1958,10,0.3065,-0.2516,civil_rights_federalism,Supreme Court
10000,1968,US-1961-PEACE-CORPS,1961,7,0.4226,-0.2015,foreign_aid_civic_service,Congress/President
10000,1968,US-1968-OMNIBUS-CRIME-CONTROL,1968,0,0.3492,-0.2336,criminal_justice_surveillance,Congress
10000,1968,US-1968-TRUTH-IN-LENDING,1968,0,0.4028,-0.1391,consumer_credit,Congress
10000,1968,US-1970-FCRA,1970,-2,0.4653,-0.1962,privacy_credit,Congress
10000,1968,US-1972-CPSA,1972,-4,0.3976,-0.1907,consumer_safety,Congress
10000,1968,US-1975-EPCA,1975,-7,0.4314,-0.1802,energy_state_capacity,Congress
10000,1968,US-1963-TEST-BAN-TREATY,1963,5,0.376,-0.1808,nuclear_arms_control,Congress/President
10000,1968,US-1964-TONKIN-GULF,1964,4,0.2625,-0.1798,war_powers_security,Congress
10000,1968,US-1967-ADEA,1967,1,0.3352,-0.1616,civil_rights_labor_age,Congress
10000,1968,US-1970-BANK-SECRECY,1970,-2,0.3394,-0.1909,finance_surveillance,Congress
10000,1968,US-1971-ANCSA,1971,-3,0.3188,-0.1578,native_policy_land,Congress
10000,1968,US-1978-AIRFA,1978,-10,0.3276,-0.1632,native_policy_religion,Congress
20000,1968,US-1961-MAPP,1961,7,0.2966,-0.2234,criminal_procedure,Supreme Court
20000,1968,US-1962-BAKER,1962,6,0.3247,-0.2378,democracy,Supreme Court
20000,1968,US-1962-ENGEL,1962,6,0.4143,-0.2356,religion_schools,Supreme Court
20000,1968,US-1962-KEFAUVER-HARRIS,1962,6,0.3586,-0.2599,consumer_health,Congress
20000,1968,US-1963-EQUAL-PAY,1963,5,0.4507,-0.1994,gender_labor,Congress
20000,1968,US-1963-GIDEON,1963,5,0.3603,-0.2061,criminal_procedure,Supreme Court
20000,1968,US-1964-24TH-AMENDMENT,1964,4,0.3469,-0.2494,democracy_civil_rights,constitutional_amendment
20000,1968,US-1964-CIVIL-RIGHTS-ACT,1964,4,0.3746,-0.1718,civil_rights,Congress
20000,1968,US-1964-ECONOMIC-OPPORTUNITY,1964,4,0.5207,-0.2306,poverty_social_policy,Congress
20000,1968,US-1964-HEART-ATLANTA,1964,4,0.287,-0.1844,civil_rights_state_capacity,Supreme Court
20000,1968,US-1964-NYT-SULLIVAN,1964,4,0.3783,-0.2332,speech_press,Supreme Court
20000,1968,US-1964-REYNOLDS,1964,4,0.4594,-0.2396,democracy,Supreme Court
20000,1968,US-1965-ESEA,1965,3,0.4861,-0.1896,education,Congress
20000,1968,US-1965-GRISWOLD,1965,3,0.3881,-0.2431,privacy_family,Supreme Court
20000,1968,US-1965-HART-CELLER,1965,3,0.3685,-0.2118,immigration,Congress
20000,1968,US-1965-MEDICARE-MEDICAID,1965,3,0.4647,-0.1932,health_social_insurance,Congress
20000,1968,US-1965-VRA,1965,3,0.3514,-0.1211,democracy_civil_rights,Congress
20000,1968,US-1966-FOIA,1966,2,0.4347,-0.235,transparency,Congress
20000,1968,US-1966-HARPER,1966,2,0.3505,-0.2661,democracy_civil_rights,Supreme Court
20000,1968,US-1966-MIRANDA,1966,2,0.4297,-0.2128,criminal_procedure,Supreme Court
20000,1968,US-1967-KATZ,1967,1,0.2145,-0.2808,privacy_surveillance,Supreme Court
20000,1968,US-1967-LOVING,1967,1,0.28,-0.2794,civil_rights_family,Supreme Court
20000,1968,US-1968-FAIR-HOUSING,1968,0,0.3604,-0.1642,civil_rights_housing,Congress
20000,1968,US-1968-GUN-CONTROL,1968,0,0.3197,-0.2414,guns_crime,Congress
20000,1968,US-1968-TERRY,1968,0,0.4362,-0.2734,criminal_procedure_policing,Supreme Court
20000,1968,US-1969-BRANDENBURG,1969,-1,0.3055,-0.2073,speech,Supreme Court
20000,1968,US-1969-NEPA,1969,-1,0.3767,-0.1958,environment,Congress
20000,1968,US-1969-TINKER,1969,-1,0.4235,-0.1029,speech_schools,Supreme Court
20000,1968,US-1970-CLEAN-AIR,1970,-2,0.4033,-0.2692,environment,Congress
20000,1968,US-1970-CSA,1970,-2,0.3565,-0.1881,drug_policy,Congress
20000,1968,US-1970-OSHA,1970,-2,0.4937,-0.2451,labor_health,Congress
20000,1968,US-1971-26TH,1971,-3,0.5004,-0.2351,democracy_youth,constitutional_amendment
20000,1968,US-1971-FECA,1971,-3,0.3726,-0.2211,campaign_finance,Congress
20000,1968,US-1971-LEMON,1971,-3,0.338,-0.23,religion,Supreme Court
20000,1968,US-1971-PENTAGON-PAPERS,1971,-3,0.2969,-0.2282,speech_security,Supreme Court
20000,1968,US-1972-CLEAN-WATER,1972,-4,0.3711,-0.1627,environment,Congress
20000,1968,US-1972-FURMAN,1972,-4,0.2841,-0.2667,criminal_justice,Supreme Court
20000,1968,US-1972-TITLE-IX,1972,-4,0.3938,-0.1466,gender_education,Congress
20000,1968,US-1972-YODER,1972,-4,0.3872,-0.2455,religion_education,Supreme Court
20000,1968,US-1973-ESA,1973,-5,0.4487,-0.1802,environment,Congress
20000,1968,US-1973-REHABILITATION,1973,-5,0.339,-0.1005,disability_rights,Congress
20000,1968,US-1973-RODRIGUEZ,1973,-5,0.2877,-0.2265,education_equality,Supreme Court
20000,1968,US-1973-ROE,1973,-5,0.427,-0.1879,privacy_family,Supreme Court
20000,1968,US-1973-WAR-POWERS,1973,-5,0.2909,-0.2292,executive_power_security,Congress
20000,1968,US-1974-ECOA,1974,-6,0.4046,-0.1595,credit_civil_rights,Congress
20000,1968,US-1974-ERISA,1974,-6,0.4697,-0.2133,labor_benefits,Congress
20000,1968,US-1974-MILLIKEN,1974,-6,0.2912,-0.3024,civil_rights_education,Supreme Court
20000,1968,US-1974-PRIVACY-ACT,1974,-6,0.4854,-0.2025,privacy_governance,Congress
20000,1968,US-1975-IDEA,1975,-7,0.5081,-0.0576,disability_education,Congress
20000,1968,US-1975-ISDEAA,1975,-7,0.3759,-0.2162,native_policy,Congress
20000,1968,US-1976-BUCKLEY,1976,-8,0.3613,-0.2468,campaign_finance,Supreme Court
20000,1968,US-1976-GREGG,1976,-8,0.5257,-0.2225,criminal_justice,Supreme Court
20000,1968,US-1976-TSCA,1976,-8,0.3706,-0.239,environment_consumer,Congress
20000,1968,US-1977-CRA,1977,-9,0.4942,-0.224,housing_credit,Congress
20000,1968,US-1977-FED-DUAL-MANDATE,1977,-9,0.5071,-0.1884,macroeconomic_governance,Congress
20000,1968,US-1978-AIRLINE-DEREG,1978,-10,0.3391,-0.2217,deregulation,Congress
20000,1968,US-1978-BAKKE,1978,-10,0.3349,-0.1927,civil_rights_education,Supreme Court
20000,1968,US-1978-FISA,1978,-10,0.368,-0.224,privacy_security,Congress
20000,1968,US-1978-HUMPHREY-HAWKINS,1978,-10,0.3975,-0.2051,macroeconomic_governance,Congress
20000,1968,US-1978-ICWA,1978,-10,0.4652,-0.2095,native_policy_family,Congress
20000,1968,US-1978-PREGNANCY-DISCRIM,1978,-10,0.3502,-0.1397,gender_labor,Congress
20000,1968,US-1958-NDEA,1958,10,0.5965,-0.1934,education_science_security,Congress
20000,1968,US-1958-NASA-ACT,1958,10,0.4318,-0.2454,science_space_state_capacity,Congress
20000,1968,US-1958-COOPER,1958,10,0.3126,-0.2627,civil_rights_federalism,Supreme Court
20000,1968,US-1961-PEACE-CORPS,1961,7,0.4423,-0.2384,foreign_aid_civic_service,Congress/President
20000,1968,US-1968-OMNIBUS-CRIME-CONTROL,1968,0,0.361,-0.2534,criminal_justice_surveillance,Congress
20000,1968,US-1968-TRUTH-IN-LENDING,1968,0,0.4053,-0.1619,consumer_credit,Congress
20000,1968,US-1970-FCRA,1970,-2,0.5005,-0.2254,privacy_credit,Congress
20000,1968,US-1972-CPSA,1972,-4,0.4334,-0.2193,consumer_safety,Congress
20000,1968,US-1975-EPCA,1975,-7,0.4342,-0.2142,energy_state_capacity,Congress
20000,1968,US-1963-TEST-BAN-TREATY,1963,5,0.3494,-0.218,nuclear_arms_control,Congress/President
20000,1968,US-1964-TONKIN-GULF,1964,4,0.2568,-0.2165,war_powers_security,Congress
20000,1968,US-1967-ADEA,1967,1,0.348,-0.1567,civil_rights_labor_age,Congress
20000,1968,US-1970-BANK-SECRECY,1970,-2,0.3408,-0.2275,finance_surveillance,Congress
20000,1968,US-1971-ANCSA,1971,-3,0.389,-0.1883,native_policy_land,Congress
20000,1968,US-1978-AIRFA,1978,-10,0.4129,-0.1916,native_policy_religion,Congress
5000,1968,US-1961-MAPP,1961,7,0.1002,-0.1725,criminal_procedure,Supreme Court
5000,1968,US-1962-BAKER,1962,6,0.161,-0.1627,democracy,Supreme Court
5000,1968,US-1962-ENGEL,1962,6,0.2243,-0.1705,religion_schools,Supreme Court
5000,1968,US-1962-KEFAUVER-HARRIS,1962,6,0.1732,-0.1377,consumer_health,Congress
5000,1968,US-1963-EQUAL-PAY,1963,5,0.3274,-0.1242,gender_labor,Congress
5000,1968,US-1963-GIDEON,1963,5,0.1925,-0.172,criminal_procedure,Supreme Court
5000,1968,US-1964-24TH-AMENDMENT,1964,4,0.1736,-0.185,democracy_civil_rights,constitutional_amendment
5000,1968,US-1964-CIVIL-RIGHTS-ACT,1964,4,0.2764,-0.1574,civil_rights,Congress
5000,1968,US-1964-ECONOMIC-OPPORTUNITY,1964,4,0.353,-0.1612,poverty_social_policy,Congress
5000,1968,US-1964-HEART-ATLANTA,1964,4,0.2038,-0.1609,civil_rights_state_capacity,Supreme Court
5000,1968,US-1964-NYT-SULLIVAN,1964,4,0.2419,-0.1531,speech_press,Supreme Court
5000,1968,US-1964-REYNOLDS,1964,4,0.24,-0.1643,democracy,Supreme Court
5000,1968,US-1965-ESEA,1965,3,0.3068,-0.1591,education,Congress
5000,1968,US-1965-GRISWOLD,1965,3,0.2389,-0.1731,privacy_family,Supreme Court
5000,1968,US-1965-HART-CELLER,1965,3,0.1851,-0.1426,immigration,Congress
5000,1968,US-1965-MEDICARE-MEDICAID,1965,3,0.3296,-0.142,health_social_insurance,Congress
5000,1968,US-1965-VRA,1965,3,0.1883,-0.1305,democracy_civil_rights,Congress
5000,1968,US-1966-FOIA,1966,2,0.2177,-0.1616,transparency,Congress
5000,1968,US-1966-HARPER,1966,2,0.2352,-0.1938,democracy_civil_rights,Supreme Court
5000,1968,US-1966-MIRANDA,1966,2,0.2982,-0.1516,criminal_procedure,Supreme Court
5000,1968,US-1967-KATZ,1967,1,0.1852,-0.2249,privacy_surveillance,Supreme Court
5000,1968,US-1967-LOVING,1967,1,0.2078,-0.1774,civil_rights_family,Supreme Court
5000,1968,US-1968-FAIR-HOUSING,1968,0,0.2884,-0.1567,civil_rights_housing,Congress
5000,1968,US-1968-GUN-CONTROL,1968,0,0.1997,-0.1759,guns_crime,Congress
5000,1968,US-1968-TERRY,1968,0,0.2732,-0.1772,criminal_procedure_policing,Supreme Court
5000,1968,US-1969-BRANDENBURG,1969,-1,0.1491,-0.1548,speech,Supreme Court
5000,1968,US-1969-NEPA,1969,-1,0.202,-0.1276,environment,Congress
5000,1968,US-1969-TINKER,1969,-1,0.2095,-0.1104,speech_schools,Supreme Court
5000,1968,US-1970-CLEAN-AIR,1970,-2,0.257,-0.1983,environment,Congress
5000,1968,US-1970-CSA,1970,-2,0.2664,-0.1656,drug_policy,Congress
5000,1968,US-1970-OSHA,1970,-2,0.3242,-0.1697,labor_health,Congress
5000,1968,US-1971-26TH,1971,-3,0.3895,-0.167,democracy_youth,constitutional_amendment
5000,1968,US-1971-FECA,1971,-3,0.2603,-0.165,campaign_finance,Congress
5000,1968,US-1971-LEMON,1971,-3,0.1781,-0.1827,religion,Supreme Court
5000,1968,US-1971-PENTAGON-PAPERS,1971,-3,0.0834,-0.1267,speech_security,Supreme Court
5000,1968,US-1972-CLEAN-WATER,1972,-4,0.1729,-0.1216,environment,Congress
5000,1968,US-1972-FURMAN,1972,-4,0.2247,-0.1753,criminal_justice,Supreme Court
5000,1968,US-1972-TITLE-IX,1972,-4,0.2746,-0.1352,gender_education,Congress
5000,1968,US-1972-YODER,1972,-4,0.2119,-0.1667,religion_education,Supreme Court
5000,1968,US-1973-ESA,1973,-5,0.2714,-0.1179,environment,Congress
5000,1968,US-1973-REHABILITATION,1973,-5,0.1773,-0.1205,disability_rights,Congress
5000,1968,US-1973-RODRIGUEZ,1973,-5,0.2182,-0.1386,education_equality,Supreme Court
5000,1968,US-1973-ROE,1973,-5,0.2515,-0.1499,privacy_family,Supreme Court
5000,1968,US-1973-WAR-POWERS,1973,-5,0.1381,-0.1314,executive_power_security,Congress
5000,1968,US-1974-ECOA,1974,-6,0.3085,-0.1194,credit_civil_rights,Congress
5000,1968,US-1974-ERISA,1974,-6,0.2927,-0.1603,labor_benefits,Congress
5000,1968,US-1974-MILLIKEN,1974,-6,0.1233,-0.2164,civil_rights_education,Supreme Court
5000,1968,US-1974-PRIVACY-ACT,1974,-6,0.2457,-0.1444,privacy_governance,Congress
5000,1968,US-1975-IDEA,1975,-7,0.3117,-0.0746,disability_education,Congress
5000,1968,US-1975-ISDEAA,1975,-7,0.1884,-0.1637,native_policy,Congress
5000,1968,US-1976-BUCKLEY,1976,-8,0.1789,-0.1952,campaign_finance,Supreme Court
5000,1968,US-1976-GREGG,1976,-8,0.2954,-0.1562,criminal_justice,Supreme Court
5000,1968,US-1976-TSCA,1976,-8,0.2657,-0.1758,environment_consumer,Congress
5000,1968,US-1977-CRA,1977,-9,0.3859,-0.1408,housing_credit,Congress
5000,1968,US-1977-FED-DUAL-MANDATE,1977,-9,0.3933,-0.1262,macroeconomic_governance,Congress
5000,1968,US-1978-AIRLINE-DEREG,1978,-10,0.1758,-0.16,deregulation,Congress
5000,1968,US-1978-BAKKE,1978,-10,0.1794,-0.1214,civil_rights_education,Supreme Court
5000,1968,US-1978-FISA,1978,-10,0.2179,-0.133,privacy_security,Congress
5000,1968,US-1978-HUMPHREY-HAWKINS,1978,-10,0.301,-0.1148,macroeconomic_governance,Congress
5000,1968,US-1978-ICWA,1978,-10,0.2681,-0.1457,native_policy_family,Congress
5000,1968,US-1978-PREGNANCY-DISCRIM,1978,-10,0.457,-0.1146,gender_labor,Congress
5000,1968,US-1958-NDEA,1958,10,0.4463,-0.1417,education_science_security,Congress
5000,1968,US-1958-NASA-ACT,1958,10,0.2357,-0.1831,science_space_state_capacity,Congress
5000,1968,US-1958-COOPER,1958,10,0.1816,-0.201,civil_rights_federalism,Supreme Court
5000,1968,US-1961-PEACE-CORPS,1961,7,0.3826,-0.1627,foreign_aid_civic_service,Congress/President
5000,1968,US-1968-OMNIBUS-CRIME-CONTROL,1968,0,0.2035,-0.1732,criminal_justice_surveillance,Congress
5000,1968,US-1968-TRUTH-IN-LENDING,1968,0,0.2596,-0.0985,consumer_credit,Congress
5000,1968,US-1970-FCRA,1970,-2,0.2898,-0.1489,privacy_credit,Congress
5000,1968,US-1972-CPSA,1972,-4,0.2773,-0.173,consumer_safety,Congress
5000,1968,US-1975-EPCA,1975,-7,0.2877,-0.1406,energy_state_capacity,Congress
5000,1968,US-1963-TEST-BAN-TREATY,1963,5,0.3241,-0.1382,nuclear_arms_control,Congress/President
5000,1968,US-1964-TONKIN-GULF,1964,4,0.1432,-0.1401,war_powers_security,Congress
5000,1968,US-1967-ADEA,1967,1,0.2682,-0.1367,civil_rights_labor_age,Congress
5000,1968,US-1970-BANK-SECRECY,1970,-2,0.212,-0.1495,finance_surveillance,Congress
5000,1968,US-1971-ANCSA,1971,-3,0.2027,-0.1174,native_policy_land,Congress
5000,1968,US-1978-AIRFA,1978,-10,0.2253,-0.1298,native_policy_religion,Congress
10000,1969,US-1961-MAPP,1961,8,0.2852,-0.1898,criminal_procedure,Supreme Court
10000,1969,US-1962-BAKER,1962,7,0.356,-0.2004,democracy,Supreme Court
10000,1969,US-1962-ENGEL,1962,7,0.4312,-0.2059,religion_schools,Supreme Court
10000,1969,US-1962-KEFAUVER-HARRIS,1962,7,0.3912,-0.1864,consumer_health,Congress
10000,1969,US-1963-EQUAL-PAY,1963,6,0.4754,-0.1851,gender_labor,Congress
10000,1969,US-1963-GIDEON,1963,6,0.4154,-0.1887,criminal_procedure,Supreme Court
10000,1969,US-1964-24TH-AMENDMENT,1964,5,0.3511,-0.2127,democracy_civil_rights,constitutional_amendment
10000,1969,US-1964-CIVIL-RIGHTS-ACT,1964,5,0.3107,-0.1712,civil_rights,Congress
10000,1969,US-1964-ECONOMIC-OPPORTUNITY,1964,5,0.5257,-0.1899,poverty_social_policy,Congress
10000,1969,US-1964-HEART-ATLANTA,1964,5,0.2978,-0.1754,civil_rights_state_capacity,Supreme Court
10000,1969,US-1964-NYT-SULLIVAN,1964,5,0.4199,-0.2106,speech_press,Supreme Court
10000,1969,US-1964-REYNOLDS,1964,5,0.4275,-0.2064,democracy,Supreme Court
10000,1969,US-1965-ESEA,1965,4,0.468,-0.1724,education,Congress
10000,1969,US-1965-GRISWOLD,1965,4,0.3945,-0.2218,privacy_family,Supreme Court
10000,1969,US-1965-HART-CELLER,1965,4,0.3148,-0.1717,immigration,Congress
10000,1969,US-1965-MEDICARE-MEDICAID,1965,4,0.499,-0.1736,health_social_insurance,Congress
10000,1969,US-1965-VRA,1965,4,0.3598,-0.1387,democracy_civil_rights,Congress
10000,1969,US-1966-FOIA,1966,3,0.4161,-0.199,transparency,Congress
10000,1969,US-1966-HARPER,1966,3,0.4123,-0.2559,democracy_civil_rights,Supreme Court
10000,1969,US-1966-MIRANDA,1966,3,0.4075,-0.1984,criminal_procedure,Supreme Court
10000,1969,US-1967-KATZ,1967,2,0.2624,-0.2586,privacy_surveillance,Supreme Court
10000,1969,US-1967-LOVING,1967,2,0.3714,-0.2322,civil_rights_family,Supreme Court
10000,1969,US-1968-FAIR-HOUSING,1968,1,0.3646,-0.1691,civil_rights_housing,Congress
10000,1969,US-1968-GUN-CONTROL,1968,1,0.3605,-0.2214,guns_crime,Congress
10000,1969,US-1968-TERRY,1968,1,0.4695,-0.2316,criminal_procedure_policing,Supreme Court
10000,1969,US-1969-BRANDENBURG,1969,0,0.3504,-0.1984,speech,Supreme Court
10000,1969,US-1969-NEPA,1969,0,0.4089,-0.165,environment,Congress
10000,1969,US-1969-TINKER,1969,0,0.4097,-0.1256,speech_schools,Supreme Court
10000,1969,US-1970-CLEAN-AIR,1970,-1,0.4361,-0.2423,environment,Congress
10000,1969,US-1970-CSA,1970,-1,0.4135,-0.1848,drug_policy,Congress
10000,1969,US-1970-OSHA,1970,-1,0.5421,-0.2103,labor_health,Congress
10000,1969,US-1971-26TH,1971,-2,0.5127,-0.2018,democracy_youth,constitutional_amendment
10000,1969,US-1971-FECA,1971,-2,0.4337,-0.2213,campaign_finance,Congress
10000,1969,US-1971-LEMON,1971,-2,0.3325,-0.2251,religion,Supreme Court
10000,1969,US-1971-PENTAGON-PAPERS,1971,-2,0.2517,-0.1696,speech_security,Supreme Court
10000,1969,US-1972-CLEAN-WATER,1972,-3,0.3918,-0.1379,environment,Congress
10000,1969,US-1972-FURMAN,1972,-3,0.3812,-0.2199,criminal_justice,Supreme Court
10000,1969,US-1972-TITLE-IX,1972,-3,0.4285,-0.1489,gender_education,Congress
10000,1969,US-1972-YODER,1972,-3,0.3929,-0.2064,religion_education,Supreme Court
10000,1969,US-1973-ESA,1973,-4,0.4181,-0.1538,environment,Congress
10000,1969,US-1973-REHABILITATION,1973,-4,0.3422,-0.122,disability_rights,Congress
10000,1969,US-1973-RODRIGUEZ,1973,-4,0.3614,-0.2139,education_equality,Supreme Court
10000,1969,US-1973-ROE,1973,-4,0.3717,-0.1793,privacy_family,Supreme Court
10000,1969,US-1973-WAR-POWERS,1973,-4,0.2884,-0.2026,executive_power_security,Congress
10000,1969,US-1974-ECOA,1974,-5,0.4553,-0.1518,credit_civil_rights,Congress
10000,1969,US-1974-ERISA,1974,-5,0.4998,-0.1992,labor_benefits,Congress
10000,1969,US-1974-MILLIKEN,1974,-5,0.3188,-0.2706,civil_rights_education,Supreme Court
10000,1969,US-1974-PRIVACY-ACT,1974,-5,0.5022,-0.2078,privacy_governance,Congress
10000,1969,US-1975-IDEA,1975,-6,0.5223,-0.068,disability_education,Congress
10000,1969,US-1975-ISDEAA,1975,-6,0.3628,-0.181,native_policy,Congress
10000,1969,US-1976-BUCKLEY,1976,-7,0.3862,-0.2579,campaign_finance,Supreme Court
10000,1969,US-1976-GREGG,1976,-7,0.5057,-0.1906,criminal_justice,Supreme Court
10000,1969,US-1976-TSCA,1976,-7,0.3993,-0.2088,environment_consumer,Congress
10000,1969,US-1977-CRA,1977,-8,0.5336,-0.1793,housing_credit,Congress
10000,1969,US-1977-FED-DUAL-MANDATE,1977,-8,0.5559,-0.1523,macroeconomic_governance,Congress
10000,1969,US-1978-AIRLINE-DEREG,1978,-9,0.3405,-0.1921,deregulation,Congress
10000,1969,US-1978-BAKKE,1978,-9,0.3407,-0.1649,civil_rights_education,Supreme Court
10000,1969,US-1978-FISA,1978,-9,0.3703,-0.1752,privacy_security,Congress
10000,1969,US-1978-HUMPHREY-HAWKINS,1978,-9,0.4201,-0.171,macroeconomic_governance,Congress
10000,1969,US-1978-ICWA,1978,-9,0.4397,-0.1732,native_policy_family,Congress
10000,1969,US-1978-PREGNANCY-DISCRIM,1978,-9,0.5053,-0.1458,gender_labor,Congress
10000,1969,US-1961-PEACE-CORPS,1961,8,0.4638,-0.1945,foreign_aid_civic_service,Congress/President
10000,1969,US-1968-OMNIBUS-CRIME-CONTROL,1968,1,0.4074,-0.2236,criminal_justice_surveillance,Congress
10000,1969,US-1968-TRUTH-IN-LENDING,1968,1,0.442,-0.1459,consumer_credit,Congress
10000,1969,US-1970-FCRA,1970,-1,0.4969,-0.1905,privacy_credit,Congress
10000,1969,US-1972-CPSA,1972,-3,0.4542,-0.19,consumer_safety,Congress
10000,1969,US-1975-EPCA,1975,-6,0.4566,-0.1753,energy_state_capacity,Congress
10000,1969,US-1963-TEST-BAN-TREATY,1963,6,0.349,-0.1737,nuclear_arms_control,Congress/President
10000,1969,US-1964-TONKIN-GULF,1964,5,0.2533,-0.1606,war_powers_security,Congress
10000,1969,US-1967-ADEA,1967,2,0.3903,-0.1598,civil_rights_labor_age,Congress
10000,1969,US-1970-BANK-SECRECY,1970,-1,0.3685,-0.197,finance_surveillance,Congress
10000,1969,US-1971-ANCSA,1971,-2,0.3262,-0.1492,native_policy_land,Congress
10000,1969,US-1978-AIRFA,1978,-9,0.3609,-0.1586,native_policy_religion,Congress
20000,1969,US-1961-MAPP,1961,8,0.3559,-0.2036,criminal_procedure,Supreme Court
20000,1969,US-1962-BAKER,1962,7,0.361,-0.2322,democracy,Supreme Court
20000,1969,US-1962-ENGEL,1962,7,0.4225,-0.2148,religion_schools,Supreme Court
20000,1969,US-1962-KEFAUVER-HARRIS,1962,7,0.4089,-0.2398,consumer_health,Congress
20000,1969,US-1963-EQUAL-PAY,1963,6,0.4376,-0.2009,gender_labor,Congress
20000,1969,US-1963-GIDEON,1963,6,0.4318,-0.2082,criminal_procedure,Supreme Court
20000,1969,US-1964-24TH-AMENDMENT,1964,5,0.3083,-0.2335,democracy_civil_rights,constitutional_amendment
20000,1969,US-1964-CIVIL-RIGHTS-ACT,1964,5,0.374,-0.1502,civil_rights,Congress
20000,1969,US-1964-ECONOMIC-OPPORTUNITY,1964,5,0.528,-0.1986,poverty_social_policy,Congress
20000,1969,US-1964-HEART-ATLANTA,1964,5,0.3033,-0.1702,civil_rights_state_capacity,Supreme Court
20000,1969,US-1964-NYT-SULLIVAN,1964,5,0.4273,-0.2238,speech_press,Supreme Court
20000,1969,US-1964-REYNOLDS,1964,5,0.4235,-0.2379,democracy,Supreme Court
20000,1969,US-1965-ESEA,1965,4,0.4694,-0.1677,education,Congress
20000,1969,US-1965-GRISWOLD,1965,4,0.4109,-0.2264,privacy_family,Supreme Court
20000,1969,US-1965-HART-CELLER,1965,4,0.3199,-0.1878,immigration,Congress
20000,1969,US-1965-MEDICARE-MEDICAID,1965,4,0.4984,-0.181,health_social_insurance,Congress
20000,1969,US-1965-VRA,1965,4,0.3509,-0.1238,democracy_civil_rights,Congress
20000,1969,US-1966-FOIA,1966,3,0.4818,-0.231,transparency,Congress
20000,1969,US-1966-HARPER,1966,3,0.3695,-0.2582,democracy_civil_rights,Supreme Court
20000,1969,US-1966-MIRANDA,1966,3,0.495,-0.1979,criminal_procedure,Supreme Court
20000,1969,US-1967-KATZ,1967,2,0.2645,-0.229,privacy_surveillance,Supreme Court
20000,1969,US-1967-LOVING,1967,2,0.3032,-0.2707,civil_rights_family,Supreme Court
20000,1969,US-1968-FAIR-HOUSING,1968,1,0.3836,-0.1519,civil_rights_housing,Congress
20000,1969,US-1968-GUN-CONTROL,1968,1,0.3521,-0.2327,guns_crime,Congress
20000,1969,US-1968-TERRY,1968,1,0.4654,-0.2412,criminal_procedure_policing,Supreme Court
20000,1969,US-1969-BRANDENBURG,1969,0,0.3533,-0.195,speech,Supreme Court
20000,1969,US-1969-NEPA,1969,0,0.3986,-0.1806,environment,Congress
20000,1969,US-1969-TINKER,1969,0,0.4341,-0.066,speech_schools,Supreme Court
20000,1969,US-1970-CLEAN-AIR,1970,-1,0.4223,-0.2363,environment,Congress
20000,1969,US-1970-CSA,1970,-1,0.422,-0.1829,drug_policy,Congress
20000,1969,US-1970-OSHA,1970,-1,0.522,-0.2337,labor_health,Congress
20000,1969,US-1971-26TH,1971,-2,0.5118,-0.2204,democracy_youth,constitutional_amendment
20000,1969,US-1971-FECA,1971,-2,0.4069,-0.223,campaign_finance,Congress
20000,1969,US-1971-LEMON,1971,-2,0.3276,-0.234,religion,Supreme Court
20000,1969,US-1971-PENTAGON-PAPERS,1971,-2,0.2949,-0.2104,speech_security,Supreme Court
20000,1969,US-1972-CLEAN-WATER,1972,-3,0.38,-0.1319,environment,Congress
20000,1969,US-1972-FURMAN,1972,-3,0.3022,-0.274,criminal_justice,Supreme Court
20000,1969,US-1972-TITLE-IX,1972,-3,0.399,-0.1366,gender_education,Congress
20000,1969,US-1972-YODER,1972,-3,0.4098,-0.2354,religion_education,Supreme Court
20000,1969,US-1973-ESA,1973,-4,0.4379,-0.1673,environment,Congress
20000,1969,US-1973-REHABILITATION,1973,-4,0.3651,-0.098,disability_rights,Congress
20000,1969,US-1973-RODRIGUEZ,1973,-4,0.2893,-0.2267,education_equality,Supreme Court
20000,1969,US-1973-ROE,1973,-4,0.3927,-0.1919,privacy_family,Supreme Court
20000,1969,US-1973-WAR-POWERS,1973,-4,0.3078,-0.2193,executive_power_security,Congress
20000,1969,US-1974-ECOA,1974,-5,0.4752,-0.1586,credit_civil_rights,Congress
20000,1969,US-1974-ERISA,1974,-5,0.5041,-0.2138,labor_benefits,Congress
20000,1969,US-1974-MILLIKEN,1974,-5,0.3485,-0.2805,civil_rights_education,Supreme Court
20000,1969,US-1974-PRIVACY-ACT,1974,-5,0.529,-0.2087,privacy_governance,Congress
20000,1969,US-1975-IDEA,1975,-6,0.5378,-0.0591,disability_education,Congress
20000,1969,US-1975-ISDEAA,1975,-6,0.4117,-0.2005,native_policy,Congress
20000,1969,US-1976-BUCKLEY,1976,-7,0.3473,-0.25,campaign_finance,Supreme Court
20000,1969,US-1976-GREGG,1976,-7,0.4876,-0.2412,criminal_justice,Supreme Court
20000,1969,US-1976-TSCA,1976,-7,0.4148,-0.1949,environment_consumer,Congress
20000,1969,US-1977-CRA,1977,-8,0.5553,-0.1946,housing_credit,Congress
20000,1969,US-1977-FED-DUAL-MANDATE,1977,-8,0.5419,-0.173,macroeconomic_governance,Congress
20000,1969,US-1978-AIRLINE-DEREG,1978,-9,0.3233,-0.1874,deregulation,Congress
20000,1969,US-1978-BAKKE,1978,-9,0.2959,-0.186,civil_rights_education,Supreme Court
20000,1969,US-1978-FISA,1978,-9,0.3824,-0.1841,privacy_security,Congress
20000,1969,US-1978-HUMPHREY-HAWKINS,1978,-9,0.3971,-0.1814,macroeconomic_governance,Congress
20000,1969,US-1978-ICWA,1978,-9,0.4937,-0.2096,native_policy_family,Congress
20000,1969,US-1978-PREGNANCY-DISCRIM,1978,-9,0.4517,-0.1355,gender_labor,Congress
20000,1969,US-1961-PEACE-CORPS,1961,8,0.4443,-0.1997,foreign_aid_civic_service,Congress/President
20000,1969,US-1968-OMNIBUS-CRIME-CONTROL,1968,1,0.371,-0.234,criminal_justice_surveillance,Congress
20000,1969,US-1968-TRUTH-IN-LENDING,1968,1,0.4792,-0.1535,consumer_credit,Congress
20000,1969,US-1970-FCRA,1970,-1,0.536,-0.1947,privacy_credit,Congress
20000,1969,US-1972-CPSA,1972,-3,0.4844,-0.1999,consumer_safety,Congress
20000,1969,US-1975-EPCA,1975,-6,0.435,-0.1799,energy_state_capacity,Congress
20000,1969,US-1963-TEST-BAN-TREATY,1963,6,0.3576,-0.1908,nuclear_arms_control,Congress/President
20000,1969,US-1964-TONKIN-GULF,1964,5,0.2662,-0.1707,war_powers_security,Congress
20000,1969,US-1967-ADEA,1967,2,0.3793,-0.1544,civil_rights_labor_age,Congress
20000,1969,US-1970-BANK-SECRECY,1970,-1,0.3935,-0.2053,finance_surveillance,Congress
20000,1969,US-1971-ANCSA,1971,-2,0.4047,-0.1699,native_policy_land,Congress
20000,1969,US-1978-AIRFA,1978,-9,0.3918,-0.185,native_policy_religion,Congress
5000,1969,US-1961-MAPP,1961,8,0.1308,-0.1776,criminal_procedure,Supreme Court
5000,1969,US-1962-BAKER,1962,7,0.1677,-0.17,democracy,Supreme Court
5000,1969,US-1962-ENGEL,1962,7,0.1939,-0.1717,religion_schools,Supreme Court
5000,1969,US-1962-KEFAUVER-HARRIS,1962,7,0.1881,-0.1343,consumer_health,Congress
5000,1969,US-1963-EQUAL-PAY,1963,6,0.2695,-0.1391,gender_labor,Congress
5000,1969,US-1963-GIDEON,1963,6,0.2162,-0.1627,criminal_procedure,Supreme Court
5000,1969,US-1964-24TH-AMENDMENT,1964,5,0.2144,-0.1755,democracy_civil_rights,constitutional_amendment
5000,1969,US-1964-CIVIL-RIGHTS-ACT,1964,5,0.22,-0.1633,civil_rights,Congress
5000,1969,US-1964-ECONOMIC-OPPORTUNITY,1964,5,0.2832,-0.1576,poverty_social_policy,Congress
5000,1969,US-1964-HEART-ATLANTA,1964,5,0.1584,-0.1776,civil_rights_state_capacity,Supreme Court
5000,1969,US-1964-NYT-SULLIVAN,1964,5,0.2756,-0.1739,speech_press,Supreme Court
5000,1969,US-1964-REYNOLDS,1964,5,0.2181,-0.1694,democracy,Supreme Court
5000,1969,US-1965-ESEA,1965,4,0.2685,-0.149,education,Congress
5000,1969,US-1965-GRISWOLD,1965,4,0.221,-0.1781,privacy_family,Supreme Court
5000,1969,US-1965-HART-CELLER,1965,4,0.1787,-0.1487,immigration,Congress
5000,1969,US-1965-MEDICARE-MEDICAID,1965,4,0.3102,-0.1397,health_social_insurance,Congress
5000,1969,US-1965-VRA,1965,4,0.1867,-0.1523,democracy_civil_rights,Congress
5000,1969,US-1966-FOIA,1966,3,0.1882,-0.1613,transparency,Congress
5000,1969,US-1966-HARPER,1966,3,0.2429,-0.1916,democracy_civil_rights,Supreme Court
5000,1969,US-1966-MIRANDA,1966,3,0.2926,-0.169,criminal_procedure,Supreme Court
5000,1969,US-1967-KATZ,1967,2,0.1885,-0.2178,privacy_surveillance,Supreme Court
5000,1969,US-1967-LOVING,1967,2,0.2161,-0.1847,civil_rights_family,Supreme Court
5000,1969,US-1968-FAIR-HOUSING,1968,1,0.244,-0.1648,civil_rights_housing,Congress
5000,1969,US-1968-GUN-CONTROL,1968,1,0.1782,-0.1729,guns_crime,Congress
5000,1969,US-1968-TERRY,1968,1,0.2606,-0.1881,criminal_procedure_policing,Supreme Court
5000,1969,US-1969-BRANDENBURG,1969,0,0.1335,-0.1607,speech,Supreme Court
5000,1969,US-1969-NEPA,1969,0,0.2246,-0.1392,environment,Congress
5000,1969,US-1969-TINKER,1969,0,0.1891,-0.1209,speech_schools,Supreme Court
5000,1969,US-1970-CLEAN-AIR,1970,-1,0.229,-0.1982,environment,Congress
5000,1969,US-1970-CSA,1970,-1,0.2463,-0.165,drug_policy,Congress
5000,1969,US-1970-OSHA,1970,-1,0.2817,-0.1706,labor_health,Congress
5000,1969,US-1971-26TH,1971,-2,0.3753,-0.1558,democracy_youth,constitutional_amendment
5000,1969,US-1971-FECA,1971,-2,0.2099,-0.1757,campaign_finance,Congress
5000,1969,US-1971-LEMON,1971,-2,0.1749,-0.1847,religion,Supreme Court
5000,1969,US-1971-PENTAGON-PAPERS,1971,-2,0.1034,-0.1271,speech_security,Supreme Court
5000,1969,US-1972-CLEAN-WATER,1972,-3,0.1739,-0.1215,environment,Congress
5000,1969,US-1972-FURMAN,1972,-3,0.218,-0.1786,criminal_justice,Supreme Court
5000,1969,US-1972-TITLE-IX,1972,-3,0.2196,-0.1323,gender_education,Congress
5000,1969,US-1972-YODER,1972,-3,0.1845,-0.16,religion_education,Supreme Court
5000,1969,US-1973-ESA,1973,-4,0.193,-0.1289,environment,Congress
5000,1969,US-1973-REHABILITATION,1973,-4,0.1626,-0.1195,disability_rights,Congress
5000,1969,US-1973-RODRIGUEZ,1973,-4,0.1894,-0.1606,education_equality,Supreme Court
5000,1969,US-1973-ROE,1973,-4,0.2366,-0.143,privacy_family,Supreme Court
5000,1969,US-1973-WAR-POWERS,1973,-4,0.1454,-0.1521,executive_power_security,Congress
5000,1969,US-1974-ECOA,1974,-5,0.234,-0.1358,credit_civil_rights,Congress
5000,1969,US-1974-ERISA,1974,-5,0.2759,-0.1628,labor_benefits,Congress
5000,1969,US-1974-MILLIKEN,1974,-5,0.1223,-0.2222,civil_rights_education,Supreme Court
5000,1969,US-1974-PRIVACY-ACT,1974,-5,0.2326,-0.1673,privacy_governance,Congress
5000,1969,US-1975-IDEA,1975,-6,0.2916,-0.071,disability_education,Congress
5000,1969,US-1975-ISDEAA,1975,-6,0.1572,-0.1485,native_policy,Congress
5000,1969,US-1976-BUCKLEY,1976,-7,0.184,-0.2267,campaign_finance,Supreme Court
5000,1969,US-1976-GREGG,1976,-7,0.2761,-0.1537,criminal_justice,Supreme Court
5000,1969,US-1976-TSCA,1976,-7,0.2766,-0.1688,environment_consumer,Congress
5000,1969,US-1977-CRA,1977,-8,0.3686,-0.1382,housing_credit,Congress
5000,1969,US-1977-FED-DUAL-MANDATE,1977,-8,0.3555,-0.1317,macroeconomic_governance,Congress
5000,1969,US-1978-AIRLINE-DEREG,1978,-9,0.1615,-0.159,deregulation,Congress
5000,1969,US-1978-BAKKE,1978,-9,0.1445,-0.1306,civil_rights_education,Supreme Court
5000,1969,US-1978-FISA,1978,-9,0.222,-0.1426,privacy_security,Congress
5000,1969,US-1978-HUMPHREY-HAWKINS,1978,-9,0.2777,-0.1296,macroeconomic_governance,Congress
5000,1969,US-1978-ICWA,1978,-9,0.2175,-0.1517,native_policy_family,Congress
5000,1969,US-1978-PREGNANCY-DISCRIM,1978,-9,0.3641,-0.1355,gender_labor,Congress
5000,1969,US-1961-PEACE-CORPS,1961,8,0.3249,-0.1666,foreign_aid_civic_service,Congress/President
5000,1969,US-1968-OMNIBUS-CRIME-CONTROL,1968,1,0.1914,-0.1814,criminal_justice_surveillance,Congress
5000,1969,US-1968-TRUTH-IN-LENDING,1968,1,0.2176,-0.1178,consumer_credit,Congress
5000,1969,US-1970-FCRA,1970,-1,0.2189,-0.1558,privacy_credit,Congress
5000,1969,US-1972-CPSA,1972,-3,0.2394,-0.1646,consumer_safety,Congress
5000,1969,US-1975-EPCA,1975,-6,0.2417,-0.1381,energy_state_capacity,Congress
5000,1969,US-1963-TEST-BAN-TREATY,1963,6,0.2556,-0.1421,nuclear_arms_control,Congress/President
5000,1969,US-1964-TONKIN-GULF,1964,5,0.1331,-0.1316,war_powers_security,Congress
5000,1969,US-1967-ADEA,1967,2,0.2196,-0.1637,civil_rights_labor_age,Congress
5000,1969,US-1970-BANK-SECRECY,1970,-1,0.2036,-0.167,finance_surveillance,Congress
5000,1969,US-1971-ANCSA,1971,-2,0.1777,-0.1368,native_policy_land,Congress
5000,1969,US-1978-AIRFA,1978,-9,0.2081,-0.1444,native_policy_religion,Congress
10000,1970,US-1961-MAPP,1961,9,0.1934,-0.2049,criminal_procedure,Supreme Court
10000,1970,US-1962-BAKER,1962,8,0.2732,-0.1941,democracy,Supreme Court
10000,1970,US-1962-ENGEL,1962,8,0.3637,-0.197,religion_schools,Supreme Court
10000,1970,US-1962-KEFAUVER-HARRIS,1962,8,0.2662,-0.1829,consumer_health,Congress
10000,1970,US-1963-EQUAL-PAY,1963,7,0.4531,-0.1691,gender_labor,Congress
10000,1970,US-1963-GIDEON,1963,7,0.3256,-0.1833,criminal_procedure,Supreme Court
10000,1970,US-1964-24TH-AMENDMENT,1964,6,0.3046,-0.1985,democracy_civil_rights,constitutional_amendment
10000,1970,US-1964-CIVIL-RIGHTS-ACT,1964,6,0.3371,-0.1707,civil_rights,Congress
10000,1970,US-1964-ECONOMIC-OPPORTUNITY,1964,6,0.5272,-0.1818,poverty_social_policy,Congress
10000,1970,US-1964-HEART-ATLANTA,1964,6,0.2913,-0.2016,civil_rights_state_capacity,Supreme Court
10000,1970,US-1964-NYT-SULLIVAN,1964,6,0.3279,-0.1913,speech_press,Supreme Court
10000,1970,US-1964-REYNOLDS,1964,6,0.3767,-0.197,democracy,Supreme Court
10000,1970,US-1965-ESEA,1965,5,0.4642,-0.1599,education,Congress
10000,1970,US-1965-GRISWOLD,1965,5,0.3851,-0.2161,privacy_family,Supreme Court
10000,1970,US-1965-HART-CELLER,1965,5,0.3162,-0.1619,immigration,Congress
10000,1970,US-1965-MEDICARE-MEDICAID,1965,5,0.4794,-0.1633,health_social_insurance,Congress
10000,1970,US-1965-VRA,1965,5,0.3539,-0.1225,democracy_civil_rights,Congress
10000,1970,US-1966-FOIA,1966,4,0.3745,-0.199,transparency,Congress
10000,1970,US-1966-HARPER,1966,4,0.3958,-0.235,democracy_civil_rights,Supreme Court
10000,1970,US-1966-MIRANDA,1966,4,0.3681,-0.1927,criminal_procedure,Supreme Court
10000,1970,US-1967-KATZ,1967,3,0.2046,-0.2497,privacy_surveillance,Supreme Court
10000,1970,US-1967-LOVING,1967,3,0.2955,-0.2248,civil_rights_family,Supreme Court
10000,1970,US-1968-FAIR-HOUSING,1968,2,0.3826,-0.1644,civil_rights_housing,Congress
10000,1970,US-1968-GUN-CONTROL,1968,2,0.3591,-0.2187,guns_crime,Congress
10000,1970,US-1968-TERRY,1968,2,0.4065,-0.2386,criminal_procedure_policing,Supreme Court
10000,1970,US-1969-BRANDENBURG,1969,1,0.1826,-0.1736,speech,Supreme Court
10000,1970,US-1969-NEPA,1969,1,0.2867,-0.1608,environment,Congress
10000,1970,US-1969-TINKER,1969,1,0.3551,-0.1183,speech_schools,Supreme Court
10000,1970,US-1970-CLEAN-AIR,1970,0,0.4036,-0.226,environment,Congress
10000,1970,US-1970-CSA,1970,0,0.4059,-0.1864,drug_policy,Congress
10000,1970,US-1970-OSHA,1970,0,0.4759,-0.2036,labor_health,Congress
10000,1970,US-1971-26TH,1971,-1,0.4508,-0.1838,democracy_youth,constitutional_amendment
10000,1970,US-1971-FECA,1971,-1,0.3772,-0.2047,campaign_finance,Congress
10000,1970,US-1971-LEMON,1971,-1,0.3324,-0.2083,religion,Supreme Court
10000,1970,US-1971-PENTAGON-PAPERS,1971,-1,0.2047,-0.1719,speech_security,Supreme Court
10000,1970,US-1972-CLEAN-WATER,1972,-2,0.3057,-0.1511,environment,Congress
10000,1970,US-1972-FURMAN,1972,-2,0.3036,-0.2201,criminal_justice,Supreme Court
10000,1970,US-1972-TITLE-IX,1972,-2,0.3777,-0.1432,gender_education,Congress
10000,1970,US-1972-YODER,1972,-2,0.3398,-0.2033,religion_education,Supreme Court
10000,1970,US-1973-ESA,1973,-3,0.3518,-0.1486,environment,Congress
10000,1970,US-1973-REHABILITATION,1973,-3,0.2873,-0.1047,disability_rights,Congress
10000,1970,US-1973-RODRIGUEZ,1973,-3,0.3366,-0.197,education_equality,Supreme Court
10000,1970,US-1973-ROE,1973,-3,0.3243,-0.1773,privacy_family,Supreme Court
10000,1970,US-1973-WAR-POWERS,1973,-3,0.2308,-0.182,executive_power_security,Congress
10000,1970,US-1974-ECOA,1974,-4,0.4363,-0.1462,credit_civil_rights,Congress
10000,1970,US-1974-ERISA,1974,-4,0.4515,-0.1796,labor_benefits,Congress
10000,1970,US-1974-MILLIKEN,1974,-4,0.2283,-0.2874,civil_rights_education,Supreme Court
10000,1970,US-1974-PRIVACY-ACT,1974,-4,0.4457,-0.1969,privacy_governance,Congress
10000,1970,US-1975-IDEA,1975,-5,0.4964,-0.0637,disability_education,Congress
10000,1970,US-1975-ISDEAA,1975,-5,0.3083,-0.1854,native_policy,Congress
10000,1970,US-1976-BUCKLEY,1976,-6,0.2731,-0.2435,campaign_finance,Supreme Court
10000,1970,US-1976-GREGG,1976,-6,0.44,-0.1838,criminal_justice,Supreme Court
10000,1970,US-1976-TSCA,1976,-6,0.3647,-0.1982,environment_consumer,Congress
10000,1970,US-1977-CRA,1977,-7,0.5351,-0.1738,housing_credit,Congress
10000,1970,US-1977-FED-DUAL-MANDATE,1977,-7,0.5323,-0.1494,macroeconomic_governance,Congress
10000,1970,US-1978-AIRLINE-DEREG,1978,-8,0.3145,-0.1855,deregulation,Congress
10000,1970,US-1978-BAKKE,1978,-8,0.2719,-0.1534,civil_rights_education,Supreme Court
10000,1970,US-1978-FISA,1978,-8,0.3233,-0.1727,privacy_security,Congress
10000,1970,US-1978-HUMPHREY-HAWKINS,1978,-8,0.3907,-0.1594,macroeconomic_governance,Congress
10000,1970,US-1978-ICWA,1978,-8,0.4124,-0.1739,native_policy_family,Congress
10000,1970,US-1978-PREGNANCY-DISCRIM,1978,-8,0.4247,-0.131,gender_labor,Congress
10000,1970,US-1980-CERCLA,1980,-10,0.3625,-0.1803,environment,Congress
10000,1970,US-1980-DIDMCA,1980,-10,0.476,-0.175,finance_deregulation,Congress
10000,1970,US-1980-REFUGEE-ACT,1980,-10,0.3851,-0.1456,immigration,Congress
10000,1970,US-1961-PEACE-CORPS,1961,9,0.4986,-0.1944,foreign_aid_civic_service,Congress/President
10000,1970,US-1968-OMNIBUS-CRIME-CONTROL,1968,2,0.334,-0.2222,criminal_justice_surveillance,Congress
10000,1970,US-1968-TRUTH-IN-LENDING,1968,2,0.3952,-0.1296,consumer_credit,Congress
10000,1970,US-1970-FCRA,1970,0,0.4434,-0.1778,privacy_credit,Congress
10000,1970,US-1972-CPSA,1972,-2,0.4066,-0.187,consumer_safety,Congress
10000,1970,US-1975-EPCA,1975,-5,0.3935,-0.1673,energy_state_capacity,Congress
10000,1970,US-1963-TEST-BAN-TREATY,1963,7,0.3849,-0.1685,nuclear_arms_control,Congress/President
10000,1970,US-1964-TONKIN-GULF,1964,6,0.2375,-0.1726,war_powers_security,Congress
10000,1970,US-1967-ADEA,1967,3,0.3164,-0.1508,civil_rights_labor_age,Congress
10000,1970,US-1970-BANK-SECRECY,1970,0,0.3435,-0.1927,finance_surveillance,Congress
10000,1970,US-1971-ANCSA,1971,-1,0.2781,-0.1567,native_policy_land,Congress
10000,1970,US-1978-AIRFA,1978,-8,0.2829,-0.1626,native_policy_religion,Congress
20000,1970,US-1961-MAPP,1961,9,0.2111,-0.2589,criminal_procedure,Supreme Court
20000,1970,US-1962-BAKER,1962,8,0.2656,-0.2591,democracy,Supreme Court
20000,1970,US-1962-ENGEL,1962,8,0.3449,-0.2454,religion_schools,Supreme Court
20000,1970,US-1962-KEFAUVER-HARRIS,1962,8,0.2885,-0.276,consumer_health,Congress
20000,1970,US-1963-EQUAL-PAY,1963,7,0.3936,-0.2168,gender_labor,Congress
20000,1970,US-1963-GIDEON,1963,7,0.3344,-0.215,criminal_procedure,Supreme Court
20000,1970,US-1964-24TH-AMENDMENT,1964,6,0.3076,-0.2541,democracy_civil_rights,constitutional_amendment
20000,1970,US-1964-CIVIL-RIGHTS-ACT,1964,6,0.3266,-0.2051,civil_rights,Congress
20000,1970,US-1964-ECONOMIC-OPPORTUNITY,1964,6,0.577,-0.2228,poverty_social_policy,Congress
20000,1970,US-1964-HEART-ATLANTA,1964,6,0.2713,-0.226,civil_rights_state_capacity,Supreme Court
20000,1970,US-1964-NYT-SULLIVAN,1964,6,0.298,-0.2623,speech_press,Supreme Court
20000,1970,US-1964-REYNOLDS,1964,6,0.4085,-0.2502,democracy,Supreme Court
20000,1970,US-1965-ESEA,1965,5,0.4319,-0.1884,education,Congress
20000,1970,US-1965-GRISWOLD,1965,5,0.3278,-0.2577,privacy_family,Supreme Court
20000,1970,US-1965-HART-CELLER,1965,5,0.3038,-0.2217,immigration,Congress
20000,1970,US-1965-MEDICARE-MEDICAID,1965,5,0.4715,-0.1936,health_social_insurance,Congress
20000,1970,US-1965-VRA,1965,5,0.292,-0.1413,democracy_civil_rights,Congress
20000,1970,US-1966-FOIA,1966,4,0.3749,-0.2572,transparency,Congress
20000,1970,US-1966-HARPER,1966,4,0.3068,-0.2724,democracy_civil_rights,Supreme Court
20000,1970,US-1966-MIRANDA,1966,4,0.3289,-0.2243,criminal_procedure,Supreme Court
20000,1970,US-1967-KATZ,1967,3,0.2066,-0.2995,privacy_surveillance,Supreme Court
20000,1970,US-1967-LOVING,1967,3,0.2346,-0.3023,civil_rights_family,Supreme Court
20000,1970,US-1968-FAIR-HOUSING,1968,2,0.2969,-0.1941,civil_rights_housing,Congress
20000,1970,US-1968-GUN-CONTROL,1968,2,0.2788,-0.2578,guns_crime,Congress
20000,1970,US-1968-TERRY,1968,2,0.3717,-0.3033,criminal_procedure_policing,Supreme Court
20000,1970,US-1969-BRANDENBURG,1969,1,0.1913,-0.2245,speech,Supreme Court
20000,1970,US-1969-NEPA,1969,1,0.2797,-0.2151,environment,Congress
20000,1970,US-1969-TINKER,1969,1,0.3182,-0.1157,speech_schools,Supreme Court
20000,1970,US-1970-CLEAN-AIR,1970,0,0.4484,-0.2716,environment,Congress
20000,1970,US-1970-CSA,1970,0,0.3245,-0.2178,drug_policy,Congress
20000,1970,US-1970-OSHA,1970,0,0.4727,-0.2638,labor_health,Congress
20000,1970,US-1971-26TH,1971,-1,0.4717,-0.2189,democracy_youth,constitutional_amendment
20000,1970,US-1971-FECA,1971,-1,0.3456,-0.2492,campaign_finance,Congress
20000,1970,US-1971-LEMON,1971,-1,0.2639,-0.2608,religion,Supreme Court
20000,1970,US-1971-PENTAGON-PAPERS,1971,-1,0.2078,-0.2359,speech_security,Supreme Court
20000,1970,US-1972-CLEAN-WATER,1972,-2,0.3181,-0.2,environment,Congress
20000,1970,US-1972-FURMAN,1972,-2,0.2309,-0.2864,criminal_justice,Supreme Court
20000,1970,US-1972-TITLE-IX,1972,-2,0.3055,-0.1779,gender_education,Congress
20000,1970,US-1972-YODER,1972,-2,0.2963,-0.2634,religion_education,Supreme Court
20000,1970,US-1973-ESA,1973,-3,0.3565,-0.1883,environment,Congress
20000,1970,US-1973-REHABILITATION,1973,-3,0.2588,-0.12,disability_rights,Congress
20000,1970,US-1973-RODRIGUEZ,1973,-3,0.2206,-0.2663,education_equality,Supreme Court
20000,1970,US-1973-ROE,1973,-3,0.3517,-0.2066,privacy_family,Supreme Court
20000,1970,US-1973-WAR-POWERS,1973,-3,0.2617,-0.2477,executive_power_security,Congress
20000,1970,US-1974-ECOA,1974,-4,0.3451,-0.1797,credit_civil_rights,Congress
20000,1970,US-1974-ERISA,1974,-4,0.4431,-0.2253,labor_benefits,Congress
20000,1970,US-1974-MILLIKEN,1974,-4,0.2214,-0.3347,civil_rights_education,Supreme Court
20000,1970,US-1974-PRIVACY-ACT,1974,-4,0.4206,-0.2462,privacy_governance,Congress
20000,1970,US-1975-IDEA,1975,-5,0.5,-0.0691,disability_education,Congress
20000,1970,US-1975-ISDEAA,1975,-5,0.3396,-0.2237,native_policy,Congress
20000,1970,US-1976-BUCKLEY,1976,-6,0.2493,-0.2817,campaign_finance,Supreme Court
20000,1970,US-1976-GREGG,1976,-6,0.4752,-0.2356,criminal_justice,Supreme Court
20000,1970,US-1976-TSCA,1976,-6,0.3722,-0.2388,environment_consumer,Congress
20000,1970,US-1977-CRA,1977,-7,0.5043,-0.2337,housing_credit,Congress
20000,1970,US-1977-FED-DUAL-MANDATE,1977,-7,0.5653,-0.196,macroeconomic_governance,Congress
20000,1970,US-1978-AIRLINE-DEREG,1978,-8,0.272,-0.2313,deregulation,Congress
20000,1970,US-1978-BAKKE,1978,-8,0.2113,-0.2052,civil_rights_education,Supreme Court
20000,1970,US-1978-FISA,1978,-8,0.292,-0.2348,privacy_security,Congress
20000,1970,US-1978-HUMPHREY-HAWKINS,1978,-8,0.3467,-0.1977,macroeconomic_governance,Congress
20000,1970,US-1978-ICWA,1978,-8,0.4276,-0.2256,native_policy_family,Congress
20000,1970,US-1978-PREGNANCY-DISCRIM,1978,-8,0.3018,-0.1878,gender_labor,Congress
20000,1970,US-1980-CERCLA,1980,-10,0.3813,-0.2214,environment,Congress
20000,1970,US-1980-DIDMCA,1980,-10,0.4182,-0.2205,finance_deregulation,Congress
20000,1970,US-1980-REFUGEE-ACT,1980,-10,0.3732,-0.1978,immigration,Congress
20000,1970,US-1961-PEACE-CORPS,1961,9,0.4632,-0.2426,foreign_aid_civic_service,Congress/President
20000,1970,US-1968-OMNIBUS-CRIME-CONTROL,1968,2,0.3527,-0.2576,criminal_justice_surveillance,Congress
20000,1970,US-1968-TRUTH-IN-LENDING,1968,2,0.338,-0.1776,consumer_credit,Congress
20000,1970,US-1970-FCRA,1970,0,0.466,-0.2313,privacy_credit,Congress
20000,1970,US-1972-CPSA,1972,-2,0.4017,-0.244,consumer_safety,Congress
20000,1970,US-1975-EPCA,1975,-5,0.4326,-0.2151,energy_state_capacity,Congress
20000,1970,US-1963-TEST-BAN-TREATY,1963,7,0.3773,-0.207,nuclear_arms_control,Congress/President
20000,1970,US-1964-TONKIN-GULF,1964,6,0.2504,-0.2224,war_powers_security,Congress
20000,1970,US-1967-ADEA,1967,3,0.2888,-0.1746,civil_rights_labor_age,Congress
20000,1970,US-1970-BANK-SECRECY,1970,0,0.3408,-0.2462,finance_surveillance,Congress
20000,1970,US-1971-ANCSA,1971,-1,0.4409,-0.1871,native_policy_land,Congress
20000,1970,US-1978-AIRFA,1978,-8,0.4653,-0.213,native_policy_religion,Congress
5000,1970,US-1961-MAPP,1961,9,0.2058,-0.1664,criminal_procedure,Supreme Court
5000,1970,US-1962-BAKER,1962,8,0.2734,-0.1735,democracy,Supreme Court
5000,1970,US-1962-ENGEL,1962,8,0.3246,-0.1604,religion_schools,Supreme Court
5000,1970,US-1962-KEFAUVER-HARRIS,1962,8,0.3355,-0.1455,consumer_health,Congress
5000,1970,US-1963-EQUAL-PAY,1963,7,0.4193,-0.1329,gender_labor,Congress
5000,1970,US-1963-GIDEON,1963,7,0.3338,-0.1765,criminal_procedure,Supreme Court
5000,1970,US-1964-24TH-AMENDMENT,1964,6,0.3221,-0.1777,democracy_civil_rights,constitutional_amendment
5000,1970,US-1964-CIVIL-RIGHTS-ACT,1964,6,0.331,-0.1702,civil_rights,Congress
5000,1970,US-1964-ECONOMIC-OPPORTUNITY,1964,6,0.4176,-0.1612,poverty_social_policy,Congress
5000,1970,US-1964-HEART-ATLANTA,1964,6,0.2958,-0.1685,civil_rights_state_capacity,Supreme Court
5000,1970,US-1964-NYT-SULLIVAN,1964,6,0.4044,-0.1636,speech_press,Supreme Court
5000,1970,US-1964-REYNOLDS,1964,6,0.374,-0.166,democracy,Supreme Court
5000,1970,US-1965-ESEA,1965,5,0.4189,-0.147,education,Congress
5000,1970,US-1965-GRISWOLD,1965,5,0.3352,-0.1717,privacy_family,Supreme Court
5000,1970,US-1965-HART-CELLER,1965,5,0.2992,-0.1377,immigration,Congress
5000,1970,US-1965-MEDICARE-MEDICAID,1965,5,0.4449,-0.1392,health_social_insurance,Congress
5000,1970,US-1965-VRA,1965,5,0.33,-0.1418,democracy_civil_rights,Congress
5000,1970,US-1966-FOIA,1966,4,0.3497,-0.1631,transparency,Congress
5000,1970,US-1966-HARPER,1966,4,0.4205,-0.1956,democracy_civil_rights,Supreme Court
5000,1970,US-1966-MIRANDA,1966,4,0.4257,-0.1649,criminal_procedure,Supreme Court
5000,1970,US-1967-KATZ,1967,3,0.2542,-0.2292,privacy_surveillance,Supreme Court
5000,1970,US-1967-LOVING,1967,3,0.341,-0.1835,civil_rights_family,Supreme Court
5000,1970,US-1968-FAIR-HOUSING,1968,2,0.3956,-0.1646,civil_rights_housing,Congress
5000,1970,US-1968-GUN-CONTROL,1968,2,0.3077,-0.1837,guns_crime,Congress
5000,1970,US-1968-TERRY,1968,2,0.3781,-0.1862,criminal_procedure_policing,Supreme Court
5000,1970,US-1969-BRANDENBURG,1969,1,0.2562,-0.1474,speech,Supreme Court
5000,1970,US-1969-NEPA,1969,1,0.3502,-0.1392,environment,Congress
5000,1970,US-1969-TINKER,1969,1,0.3317,-0.1167,speech_schools,Supreme Court
5000,1970,US-1970-CLEAN-AIR,1970,0,0.3479,-0.1921,environment,Congress
5000,1970,US-1970-CSA,1970,0,0.3677,-0.1686,drug_policy,Congress
5000,1970,US-1970-OSHA,1970,0,0.425,-0.1666,labor_health,Congress
5000,1970,US-1971-26TH,1971,-1,0.443,-0.1553,democracy_youth,constitutional_amendment
5000,1970,US-1971-FECA,1971,-1,0.3931,-0.1788,campaign_finance,Congress
5000,1970,US-1971-LEMON,1971,-1,0.3068,-0.1794,religion,Supreme Court
5000,1970,US-1971-PENTAGON-PAPERS,1971,-1,0.1505,-0.1406,speech_security,Supreme Court
5000,1970,US-1972-CLEAN-WATER,1972,-2,0.3086,-0.1302,environment,Congress
5000,1970,US-1972-FURMAN,1972,-2,0.3292,-0.1725,criminal_justice,Supreme Court
5000,1970,US-1972-TITLE-IX,1972,-2,0.3957,-0.1344,gender_education,Congress
5000,1970,US-1972-YODER,1972,-2,0.336,-0.1554,religion_education,Supreme Court
5000,1970,US-1973-ESA,1973,-3,0.3327,-0.1222,environment,Congress
5000,1970,US-1973-REHABILITATION,1973,-3,0.3066,-0.1113,disability_rights,Congress
5000,1970,US-1973-RODRIGUEZ,1973,-3,0.3694,-0.1506,education_equality,Supreme Court
5000,1970,US-1973-ROE,1973,-3,0.3509,-0.151,privacy_family,Supreme Court
5000,1970,US-1973-WAR-POWERS,1973,-3,0.1962,-0.1582,executive_power_security,Congress
5000,1970,US-1974-ECOA,1974,-4,0.3797,-0.1346,credit_civil_rights,Congress
5000,1970,US-1974-ERISA,1974,-4,0.4568,-0.1583,labor_benefits,Congress
5000,1970,US-1974-MILLIKEN,1974,-4,0.2309,-0.233,civil_rights_education,Supreme Court
5000,1970,US-1974-PRIVACY-ACT,1974,-4,0.3778,-0.1619,privacy_governance,Congress
5000,1970,US-1975-IDEA,1975,-5,0.4571,-0.0648,disability_education,Congress
5000,1970,US-1975-ISDEAA,1975,-5,0.2785,-0.1641,native_policy,Congress
5000,1970,US-1976-BUCKLEY,1976,-6,0.3255,-0.2189,campaign_finance,Supreme Court
5000,1970,US-1976-GREGG,1976,-6,0.4123,-0.1512,criminal_justice,Supreme Court
5000,1970,US-1976-TSCA,1976,-6,0.3149,-0.1712,environment_consumer,Congress
5000,1970,US-1977-CRA,1977,-7,0.4906,-0.148,housing_credit,Congress
5000,1970,US-1977-FED-DUAL-MANDATE,1977,-7,0.5233,-0.1315,macroeconomic_governance,Congress
5000,1970,US-1978-AIRLINE-DEREG,1978,-8,0.2569,-0.1646,deregulation,Congress
5000,1970,US-1978-BAKKE,1978,-8,0.2914,-0.1287,civil_rights_education,Supreme Court
5000,1970,US-1978-FISA,1978,-8,0.333,-0.1444,privacy_security,Congress
5000,1970,US-1978-HUMPHREY-HAWKINS,1978,-8,0.3821,-0.1349,macroeconomic_governance,Congress
5000,1970,US-1978-ICWA,1978,-8,0.3704,-0.1522,native_policy_family,Congress
5000,1970,US-1978-PREGNANCY-DISCRIM,1978,-8,0.5142,-0.1159,gender_labor,Congress
5000,1970,US-1980-CERCLA,1980,-10,0.3502,-0.1665,environment,Congress
5000,1970,US-1980-DIDMCA,1980,-10,0.4101,-0.162,finance_deregulation,Congress
5000,1970,US-1980-REFUGEE-ACT,1980,-10,0.3761,-0.1273,immigration,Congress
5000,1970,US-1961-PEACE-CORPS,1961,9,0.4428,-0.1591,foreign_aid_civic_service,Congress/President
5000,1970,US-1968-OMNIBUS-CRIME-CONTROL,1968,2,0.3405,-0.1906,criminal_justice_surveillance,Congress
5000,1970,US-1968-TRUTH-IN-LENDING,1968,2,0.4134,-0.1238,consumer_credit,Congress
5000,1970,US-1970-FCRA,1970,0,0.4081,-0.1686,privacy_credit,Congress
5000,1970,US-1972-CPSA,1972,-2,0.3891,-0.166,consumer_safety,Congress
5000,1970,US-1975-EPCA,1975,-5,0.3573,-0.1538,energy_state_capacity,Congress
5000,1970,US-1963-TEST-BAN-TREATY,1963,7,0.3673,-0.1492,nuclear_arms_control,Congress/President
5000,1970,US-1964-TONKIN-GULF,1964,6,0.2118,-0.1418,war_powers_security,Congress
5000,1970,US-1967-ADEA,1967,3,0.3892,-0.1457,civil_rights_labor_age,Congress
5000,1970,US-1970-BANK-SECRECY,1970,0,0.3357,-0.1669,finance_surveillance,Congress
5000,1970,US-1971-ANCSA,1971,-1,0.2947,-0.1456,native_policy_land,Congress
5000,1970,US-1978-AIRFA,1978,-8,0.2989,-0.1428,native_policy_religion,Congress
10000,1971,US-1961-MAPP,1961,10,0.2019,-0.2148,criminal_procedure,Supreme Court
10000,1971,US-1962-BAKER,1962,9,0.3187,-0.233,democracy,Supreme Court
10000,1971,US-1962-ENGEL,1962,9,0.3129,-0.231,religion_schools,Supreme Court
10000,1971,US-1962-KEFAUVER-HARRIS,1962,9,0.2598,-0.2269,consumer_health,Congress
10000,1971,US-1963-EQUAL-PAY,1963,8,0.407,-0.2247,gender_labor,Congress
10000,1971,US-1963-GIDEON,1963,8,0.3296,-0.2306,criminal_procedure,Supreme Court
10000,1971,US-1964-24TH-AMENDMENT,1964,7,0.2978,-0.2539,democracy_civil_rights,constitutional_amendment
10000,1971,US-1964-CIVIL-RIGHTS-ACT,1964,7,0.3597,-0.2188,civil_rights,Congress
10000,1971,US-1964-ECONOMIC-OPPORTUNITY,1964,7,0.5412,-0.2474,poverty_social_policy,Congress
10000,1971,US-1964-HEART-ATLANTA,1964,7,0.3032,-0.2205,civil_rights_state_capacity,Supreme Court
10000,1971,US-1964-NYT-SULLIVAN,1964,7,0.324,-0.2346,speech_press,Supreme Court
10000,1971,US-1964-REYNOLDS,1964,7,0.3662,-0.2443,democracy,Supreme Court
10000,1971,US-1965-ESEA,1965,6,0.4247,-0.2233,education,Congress
10000,1971,US-1965-GRISWOLD,1965,6,0.3565,-0.2441,privacy_family,Supreme Court
10000,1971,US-1965-HART-CELLER,1965,6,0.3302,-0.2127,immigration,Congress
10000,1971,US-1965-MEDICARE-MEDICAID,1965,6,0.4779,-0.2118,health_social_insurance,Congress
10000,1971,US-1965-VRA,1965,6,0.3451,-0.1665,democracy_civil_rights,Congress
10000,1971,US-1966-FOIA,1966,5,0.3707,-0.2382,transparency,Congress
10000,1971,US-1966-HARPER,1966,5,0.3453,-0.281,democracy_civil_rights,Supreme Court
10000,1971,US-1966-MIRANDA,1966,5,0.3227,-0.224,criminal_procedure,Supreme Court
10000,1971,US-1967-KATZ,1967,4,0.2404,-0.3084,privacy_surveillance,Supreme Court
10000,1971,US-1967-LOVING,1967,4,0.2601,-0.2425,civil_rights_family,Supreme Court
10000,1971,US-1968-FAIR-HOUSING,1968,3,0.3838,-0.2073,civil_rights_housing,Congress
10000,1971,US-1968-GUN-CONTROL,1968,3,0.322,-0.2649,guns_crime,Congress
10000,1971,US-1968-TERRY,1968,3,0.387,-0.2591,criminal_procedure_policing,Supreme Court
10000,1971,US-1969-BRANDENBURG,1969,2,0.1981,-0.2365,speech,Supreme Court
10000,1971,US-1969-NEPA,1969,2,0.2762,-0.2081,environment,Congress
10000,1971,US-1969-TINKER,1969,2,0.3341,-0.1548,speech_schools,Supreme Court
10000,1971,US-1970-CLEAN-AIR,1970,1,0.4163,-0.2902,environment,Congress
10000,1971,US-1970-CSA,1970,1,0.4008,-0.217,drug_policy,Congress
10000,1971,US-1970-OSHA,1970,1,0.4666,-0.2427,labor_health,Congress
10000,1971,US-1971-26TH,1971,0,0.4578,-0.2225,democracy_youth,constitutional_amendment
10000,1971,US-1971-FECA,1971,0,0.3752,-0.2498,campaign_finance,Congress
10000,1971,US-1971-LEMON,1971,0,0.2883,-0.2549,religion,Supreme Court
10000,1971,US-1971-PENTAGON-PAPERS,1971,0,0.1982,-0.2096,speech_security,Supreme Court
10000,1971,US-1972-CLEAN-WATER,1972,-1,0.3091,-0.1717,environment,Congress
10000,1971,US-1972-FURMAN,1972,-1,0.274,-0.2352,criminal_justice,Supreme Court
10000,1971,US-1972-TITLE-IX,1972,-1,0.3473,-0.1789,gender_education,Congress
10000,1971,US-1972-YODER,1972,-1,0.3161,-0.2402,religion_education,Supreme Court
10000,1971,US-1973-ESA,1973,-2,0.3451,-0.1839,environment,Congress
10000,1971,US-1973-REHABILITATION,1973,-2,0.2555,-0.1467,disability_rights,Congress
10000,1971,US-1973-RODRIGUEZ,1973,-2,0.2845,-0.2356,education_equality,Supreme Court
10000,1971,US-1973-ROE,1973,-2,0.3275,-0.2211,privacy_family,Supreme Court
10000,1971,US-1973-WAR-POWERS,1973,-2,0.264,-0.2405,executive_power_security,Congress
10000,1971,US-1974-ECOA,1974,-3,0.3917,-0.1705,credit_civil_rights,Congress
10000,1971,US-1974-ERISA,1974,-3,0.422,-0.2404,labor_benefits,Congress
10000,1971,US-1974-MILLIKEN,1974,-3,0.2308,-0.2864,civil_rights_education,Supreme Court
10000,1971,US-1974-PRIVACY-ACT,1974,-3,0.4265,-0.2329,privacy_governance,Congress
10000,1971,US-1975-IDEA,1975,-4,0.4497,-0.0913,disability_education,Congress
10000,1971,US-1975-ISDEAA,1975,-4,0.3146,-0.2384,native_policy,Congress
10000,1971,US-1976-BUCKLEY,1976,-5,0.3071,-0.2902,campaign_finance,Supreme Court
10000,1971,US-1976-GREGG,1976,-5,0.4545,-0.2186,criminal_justice,Supreme Court
10000,1971,US-1976-TSCA,1976,-5,0.345,-0.2551,environment_consumer,Congress
10000,1971,US-1977-CRA,1977,-6,0.501,-0.2302,housing_credit,Congress
10000,1971,US-1977-FED-DUAL-MANDATE,1977,-6,0.5023,-0.1915,macroeconomic_governance,Congress
10000,1971,US-1978-AIRLINE-DEREG,1978,-7,0.3076,-0.2248,deregulation,Congress
10000,1971,US-1978-BAKKE,1978,-7,0.2872,-0.2017,civil_rights_education,Supreme Court
10000,1971,US-1978-FISA,1978,-7,0.3229,-0.217,privacy_security,Congress
10000,1971,US-1978-HUMPHREY-HAWKINS,1978,-7,0.3927,-0.2148,macroeconomic_governance,Congress
10000,1971,US-1978-ICWA,1978,-7,0.3888,-0.2182,native_policy_family,Congress
10000,1971,US-1978-PREGNANCY-DISCRIM,1978,-7,0.3702,-0.1516,gender_labor,Congress
10000,1971,US-1980-CERCLA,1980,-9,0.3516,-0.2214,environment,Congress
10000,1971,US-1980-DIDMCA,1980,-9,0.4287,-0.2278,finance_deregulation,Congress
10000,1971,US-1980-REFUGEE-ACT,1980,-9,0.3771,-0.205,immigration,Congress
10000,1971,US-1961-PEACE-CORPS,1961,10,0.4671,-0.2453,foreign_aid_civic_service,Congress/President
10000,1971,US-1968-OMNIBUS-CRIME-CONTROL,1968,3,0.3523,-0.2679,criminal_justice_surveillance,Congress
10000,1971,US-1968-TRUTH-IN-LENDING,1968,3,0.346,-0.1767,consumer_credit,Congress
10000,1971,US-1970-FCRA,1970,1,0.4353,-0.2344,privacy_credit,Congress
10000,1971,US-1972-CPSA,1972,-1,0.3816,-0.24,consumer_safety,Congress
10000,1971,US-1975-EPCA,1975,-4,0.4264,-0.2294,energy_state_capacity,Congress
10000,1971,US-1963-TEST-BAN-TREATY,1963,8,0.3741,-0.2111,nuclear_arms_control,Congress/President
10000,1971,US-1964-TONKIN-GULF,1964,7,0.2497,-0.2027,war_powers_security,Congress
10000,1971,US-1967-ADEA,1967,4,0.3428,-0.1765,civil_rights_labor_age,Congress
10000,1971,US-1970-BANK-SECRECY,1970,1,0.325,-0.2429,finance_surveillance,Congress
10000,1971,US-1971-ANCSA,1971,0,0.3554,-0.1907,native_policy_land,Congress
10000,1971,US-1978-AIRFA,1978,-7,0.3548,-0.1982,native_policy_religion,Congress
20000,1971,US-1961-MAPP,1961,10,0.3806,-0.2187,criminal_procedure,Supreme Court
20000,1971,US-1962-BAKER,1962,9,0.4317,-0.2466,democracy,Supreme Court
20000,1971,US-1962-ENGEL,1962,9,0.4946,-0.2337,religion_schools,Supreme Court
20000,1971,US-1962-KEFAUVER-HARRIS,1962,9,0.4282,-0.2598,consumer_health,Congress
20000,1971,US-1963-EQUAL-PAY,1963,8,0.5245,-0.2058,gender_labor,Congress
20000,1971,US-1963-GIDEON,1963,8,0.4778,-0.2228,criminal_procedure,Supreme Court
20000,1971,US-1964-24TH-AMENDMENT,1964,7,0.4154,-0.246,democracy_civil_rights,constitutional_amendment
20000,1971,US-1964-CIVIL-RIGHTS-ACT,1964,7,0.4721,-0.1816,civil_rights,Congress
20000,1971,US-1964-ECONOMIC-OPPORTUNITY,1964,7,0.685,-0.2309,poverty_social_policy,Congress
20000,1971,US-1964-HEART-ATLANTA,1964,7,0.4157,-0.197,civil_rights_state_capacity,Supreme Court
20000,1971,US-1964-NYT-SULLIVAN,1964,7,0.4538,-0.2481,speech_press,Supreme Court
20000,1971,US-1964-REYNOLDS,1964,7,0.5158,-0.2443,democracy,Supreme Court
20000,1971,US-1965-ESEA,1965,6,0.5658,-0.1842,education,Congress
20000,1971,US-1965-GRISWOLD,1965,6,0.4822,-0.2435,privacy_family,Supreme Court
20000,1971,US-1965-HART-CELLER,1965,6,0.4374,-0.2029,immigration,Congress
20000,1971,US-1965-MEDICARE-MEDICAID,1965,6,0.5978,-0.2113,health_social_insurance,Congress
20000,1971,US-1965-VRA,1965,6,0.4404,-0.15,democracy_civil_rights,Congress
20000,1971,US-1966-FOIA,1966,5,0.5381,-0.2164,transparency,Congress
20000,1971,US-1966-HARPER,1966,5,0.4569,-0.2735,democracy_civil_rights,Supreme Court
20000,1971,US-1966-MIRANDA,1966,5,0.5015,-0.2124,criminal_procedure,Supreme Court
20000,1971,US-1967-KATZ,1967,4,0.3242,-0.2889,privacy_surveillance,Supreme Court
20000,1971,US-1967-LOVING,1967,4,0.35,-0.2657,civil_rights_family,Supreme Court
20000,1971,US-1968-FAIR-HOUSING,1968,3,0.4706,-0.1741,civil_rights_housing,Congress
20000,1971,US-1968-GUN-CONTROL,1968,3,0.4411,-0.2511,guns_crime,Congress
20000,1971,US-1968-TERRY,1968,3,0.5514,-0.2723,criminal_procedure_policing,Supreme Court
20000,1971,US-1969-BRANDENBURG,1969,2,0.4013,-0.2137,speech,Supreme Court
20000,1971,US-1969-NEPA,1969,2,0.4253,-0.2035,environment,Congress
20000,1971,US-1969-TINKER,1969,2,0.491,-0.1038,speech_schools,Supreme Court
20000,1971,US-1970-CLEAN-AIR,1970,1,0.5562,-0.2721,environment,Congress
20000,1971,US-1970-CSA,1970,1,0.5195,-0.2066,drug_policy,Congress
20000,1971,US-1970-OSHA,1970,1,0.5937,-0.2362,labor_health,Congress
20000,1971,US-1971-26TH,1971,0,0.589,-0.208,democracy_youth,constitutional_amendment
20000,1971,US-1971-FECA,1971,0,0.492,-0.2352,campaign_finance,Congress
20000,1971,US-1971-LEMON,1971,0,0.4278,-0.2628,religion,Supreme Court
20000,1971,US-1971-PENTAGON-PAPERS,1971,0,0.3655,-0.2155,speech_security,Supreme Court
20000,1971,US-1972-CLEAN-WATER,1972,-1,0.4449,-0.1681,environment,Congress
20000,1971,US-1972-FURMAN,1972,-1,0.3691,-0.271,criminal_justice,Supreme Court
20000,1971,US-1972-TITLE-IX,1972,-1,0.4684,-0.151,gender_education,Congress
20000,1971,US-1972-YODER,1972,-1,0.4856,-0.2347,religion_education,Supreme Court
20000,1971,US-1973-ESA,1973,-2,0.5196,-0.184,environment,Congress
20000,1971,US-1973-REHABILITATION,1973,-2,0.4012,-0.1405,disability_rights,Congress
20000,1971,US-1973-RODRIGUEZ,1973,-2,0.3652,-0.2472,education_equality,Supreme Court
20000,1971,US-1973-ROE,1973,-2,0.4704,-0.2044,privacy_family,Supreme Court
20000,1971,US-1973-WAR-POWERS,1973,-2,0.4039,-0.2314,executive_power_security,Congress
20000,1971,US-1974-ECOA,1974,-3,0.5378,-0.1866,credit_civil_rights,Congress
20000,1971,US-1974-ERISA,1974,-3,0.569,-0.2318,labor_benefits,Congress
20000,1971,US-1974-MILLIKEN,1974,-3,0.4267,-0.3329,civil_rights_education,Supreme Court
20000,1971,US-1974-PRIVACY-ACT,1974,-3,0.5997,-0.207,privacy_governance,Congress
20000,1971,US-1975-IDEA,1975,-4,0.6192,-0.0881,disability_education,Congress
20000,1971,US-1975-ISDEAA,1975,-4,0.4999,-0.2193,native_policy,Congress
20000,1971,US-1976-BUCKLEY,1976,-5,0.4422,-0.2822,campaign_finance,Supreme Court
20000,1971,US-1976-GREGG,1976,-5,0.6234,-0.2372,criminal_justice,Supreme Court
20000,1971,US-1976-TSCA,1976,-5,0.4938,-0.2185,environment_consumer,Congress
20000,1971,US-1977-CRA,1977,-6,0.6127,-0.2266,housing_credit,Congress
20000,1971,US-1977-FED-DUAL-MANDATE,1977,-6,0.6247,-0.1736,macroeconomic_governance,Congress
20000,1971,US-1978-AIRLINE-DEREG,1978,-7,0.4313,-0.209,deregulation,Congress
20000,1971,US-1978-BAKKE,1978,-7,0.4019,-0.1994,civil_rights_education,Supreme Court
20000,1971,US-1978-FISA,1978,-7,0.446,-0.2064,privacy_security,Congress
20000,1971,US-1978-HUMPHREY-HAWKINS,1978,-7,0.4923,-0.2063,macroeconomic_governance,Congress
20000,1971,US-1978-ICWA,1978,-7,0.5686,-0.2225,native_policy_family,Congress
20000,1971,US-1978-PREGNANCY-DISCRIM,1978,-7,0.4526,-0.1602,gender_labor,Congress
20000,1971,US-1980-CERCLA,1980,-9,0.5146,-0.2209,environment,Congress
20000,1971,US-1980-DIDMCA,1980,-9,0.5543,-0.2198,finance_deregulation,Congress
20000,1971,US-1980-REFUGEE-ACT,1980,-9,0.5398,-0.2057,immigration,Congress
20000,1971,US-1961-PEACE-CORPS,1961,10,0.5672,-0.2382,foreign_aid_civic_service,Congress/President
20000,1971,US-1968-OMNIBUS-CRIME-CONTROL,1968,3,0.482,-0.2631,criminal_justice_surveillance,Congress
20000,1971,US-1968-TRUTH-IN-LENDING,1968,3,0.4908,-0.1689,consumer_credit,Congress
20000,1971,US-1970-FCRA,1970,1,0.6087,-0.2101,privacy_credit,Congress
20000,1971,US-1972-CPSA,1972,-1,0.5423,-0.2268,consumer_safety,Congress
20000,1971,US-1975-EPCA,1975,-4,0.5378,-0.2101,energy_state_capacity,Congress
20000,1971,US-1963-TEST-BAN-TREATY,1963,8,0.4481,-0.2151,nuclear_arms_control,Congress/President
20000,1971,US-1964-TONKIN-GULF,1964,7,0.3585,-0.1933,war_powers_security,Congress
20000,1971,US-1967-ADEA,1967,4,0.4148,-0.1647,civil_rights_labor_age,Congress
20000,1971,US-1970-BANK-SECRECY,1970,1,0.4437,-0.2347,finance_surveillance,Congress
20000,1971,US-1971-ANCSA,1971,0,0.5129,-0.1786,native_policy_land,Congress
20000,1971,US-1978-AIRFA,1978,-7,0.5257,-0.1945,native_policy_religion,Congress
5000,1971,US-1961-MAPP,1961,10,0.2028,-0.1608,criminal_procedure,Supreme Court
5000,1971,US-1962-BAKER,1962,9,0.3763,-0.167,democracy,Supreme Court
5000,1971,US-1962-ENGEL,1962,9,0.3244,-0.1629,religion_schools,Supreme Court
5000,1971,US-1962-KEFAUVER-HARRIS,1962,9,0.337,-0.1403,consumer_health,Congress
5000,1971,US-1963-EQUAL-PAY,1963,8,0.4575,-0.1459,gender_labor,Congress
5000,1971,US-1963-GIDEON,1963,8,0.3454,-0.1671,criminal_procedure,Supreme Court
5000,1971,US-1964-24TH-AMENDMENT,1964,7,0.3483,-0.1743,democracy_civil_rights,constitutional_amendment
5000,1971,US-1964-CIVIL-RIGHTS-ACT,1964,7,0.4253,-0.1799,civil_rights,Congress
5000,1971,US-1964-ECONOMIC-OPPORTUNITY,1964,7,0.5306,-0.1635,poverty_social_policy,Congress
5000,1971,US-1964-HEART-ATLANTA,1964,7,0.319,-0.1764,civil_rights_state_capacity,Supreme Court
5000,1971,US-1964-NYT-SULLIVAN,1964,7,0.395,-0.1632,speech_press,Supreme Court
5000,1971,US-1964-REYNOLDS,1964,7,0.3802,-0.1674,democracy,Supreme Court
5000,1971,US-1965-ESEA,1965,6,0.4552,-0.1546,education,Congress
5000,1971,US-1965-GRISWOLD,1965,6,0.3652,-0.1759,privacy_family,Supreme Court
5000,1971,US-1965-HART-CELLER,1965,6,0.3071,-0.1615,immigration,Congress
5000,1971,US-1965-MEDICARE-MEDICAID,1965,6,0.475,-0.1511,health_social_insurance,Congress
5000,1971,US-1965-VRA,1965,6,0.3745,-0.1383,democracy_civil_rights,Congress
5000,1971,US-1966-FOIA,1966,5,0.3609,-0.1658,transparency,Congress
5000,1971,US-1966-HARPER,1966,5,0.3499,-0.1862,democracy_civil_rights,Supreme Court
5000,1971,US-1966-MIRANDA,1966,5,0.4165,-0.1597,criminal_procedure,Supreme Court
5000,1971,US-1967-KATZ,1967,4,0.2983,-0.2252,privacy_surveillance,Supreme Court
5000,1971,US-1967-LOVING,1967,4,0.3019,-0.1648,civil_rights_family,Supreme Court
5000,1971,US-1968-FAIR-HOUSING,1968,3,0.4459,-0.1767,civil_rights_housing,Congress
5000,1971,US-1968-GUN-CONTROL,1968,3,0.3812,-0.1709,guns_crime,Congress
5000,1971,US-1968-TERRY,1968,3,0.4484,-0.1891,criminal_procedure_policing,Supreme Court
5000,1971,US-1969-BRANDENBURG,1969,2,0.2597,-0.1727,speech,Supreme Court
5000,1971,US-1969-NEPA,1969,2,0.3744,-0.14,environment,Congress
5000,1971,US-1969-TINKER,1969,2,0.3697,-0.139,speech_schools,Supreme Court
5000,1971,US-1970-CLEAN-AIR,1970,1,0.4319,-0.1883,environment,Congress
5000,1971,US-1970-CSA,1970,1,0.4427,-0.1601,drug_policy,Congress
5000,1971,US-1970-OSHA,1970,1,0.4734,-0.1677,labor_health,Congress
5000,1971,US-1971-26TH,1971,0,0.4933,-0.154,democracy_youth,constitutional_amendment
5000,1971,US-1971-FECA,1971,0,0.4483,-0.1734,campaign_finance,Congress
5000,1971,US-1971-LEMON,1971,0,0.2794,-0.1816,religion,Supreme Court
5000,1971,US-1971-PENTAGON-PAPERS,1971,0,0.1924,-0.1284,speech_security,Supreme Court
5000,1971,US-1972-CLEAN-WATER,1972,-1,0.3169,-0.1338,environment,Congress
5000,1971,US-1972-FURMAN,1972,-1,0.2834,-0.1657,criminal_justice,Supreme Court
5000,1971,US-1972-TITLE-IX,1972,-1,0.3817,-0.1511,gender_education,Congress
5000,1971,US-1972-YODER,1972,-1,0.3307,-0.1625,religion_education,Supreme Court
5000,1971,US-1973-ESA,1973,-2,0.3859,-0.1271,environment,Congress
5000,1971,US-1973-REHABILITATION,1973,-2,0.3005,-0.1214,disability_rights,Congress
5000,1971,US-1973-RODRIGUEZ,1973,-2,0.3546,-0.1551,education_equality,Supreme Court
5000,1971,US-1973-ROE,1973,-2,0.3634,-0.1451,privacy_family,Supreme Court
5000,1971,US-1973-WAR-POWERS,1973,-2,0.3093,-0.1506,executive_power_security,Congress
5000,1971,US-1974-ECOA,1974,-3,0.4259,-0.1413,credit_civil_rights,Congress
5000,1971,US-1974-ERISA,1974,-3,0.4579,-0.1619,labor_benefits,Congress
5000,1971,US-1974-MILLIKEN,1974,-3,0.2621,-0.2077,civil_rights_education,Supreme Court
5000,1971,US-1974-PRIVACY-ACT,1974,-3,0.4395,-0.1788,privacy_governance,Congress
5000,1971,US-1975-IDEA,1975,-4,0.4778,-0.0722,disability_education,Congress
5000,1971,US-1975-ISDEAA,1975,-4,0.2948,-0.1623,native_policy,Congress
5000,1971,US-1976-BUCKLEY,1976,-5,0.3822,-0.2222,campaign_finance,Supreme Court
5000,1971,US-1976-GREGG,1976,-5,0.4395,-0.1559,criminal_justice,Supreme Court
5000,1971,US-1976-TSCA,1976,-5,0.308,-0.1675,environment_consumer,Congress
5000,1971,US-1977-CRA,1977,-6,0.5377,-0.1436,housing_credit,Congress
5000,1971,US-1977-FED-DUAL-MANDATE,1977,-6,0.5399,-0.1331,macroeconomic_governance,Congress
5000,1971,US-1978-AIRLINE-DEREG,1978,-7,0.3298,-0.1634,deregulation,Congress
5000,1971,US-1978-BAKKE,1978,-7,0.2965,-0.1356,civil_rights_education,Supreme Court
5000,1971,US-1978-FISA,1978,-7,0.3183,-0.1421,privacy_security,Congress
5000,1971,US-1978-HUMPHREY-HAWKINS,1978,-7,0.4613,-0.1316,macroeconomic_governance,Congress
5000,1971,US-1978-ICWA,1978,-7,0.3831,-0.1569,native_policy_family,Congress
5000,1971,US-1978-PREGNANCY-DISCRIM,1978,-7,0.4547,-0.1491,gender_labor,Congress
5000,1971,US-1980-CERCLA,1980,-9,0.3895,-0.1629,environment,Congress
5000,1971,US-1980-DIDMCA,1980,-9,0.4626,-0.16,finance_deregulation,Congress
5000,1971,US-1980-REFUGEE-ACT,1980,-9,0.3578,-0.1359,immigration,Congress
5000,1971,US-1961-PEACE-CORPS,1961,10,0.4761,-0.1679,foreign_aid_civic_service,Congress/President
5000,1971,US-1968-OMNIBUS-CRIME-CONTROL,1968,3,0.3727,-0.178,criminal_justice_surveillance,Congress
5000,1971,US-1968-TRUTH-IN-LENDING,1968,3,0.4404,-0.1152,consumer_credit,Congress
5000,1971,US-1970-FCRA,1970,1,0.4494,-0.152,privacy_credit,Congress
5000,1971,US-1972-CPSA,1972,-1,0.3773,-0.1725,consumer_safety,Congress
5000,1971,US-1975-EPCA,1975,-4,0.4269,-0.1394,energy_state_capacity,Congress
5000,1971,US-1963-TEST-BAN-TREATY,1963,8,0.3801,-0.1284,nuclear_arms_control,Congress/President
5000,1971,US-1964-TONKIN-GULF,1964,7,0.2964,-0.1174,war_powers_security,Congress
5000,1971,US-1967-ADEA,1967,4,0.3884,-0.1613,civil_rights_labor_age,Congress
5000,1971,US-1970-BANK-SECRECY,1970,1,0.368,-0.1474,finance_surveillance,Congress
5000,1971,US-1971-ANCSA,1971,0,0.3573,-0.1334,native_policy_land,Congress
5000,1971,US-1978-AIRFA,1978,-7,0.3361,-0.1412,native_policy_religion,Congress
10000,1972,US-1962-BAKER,1962,10,0.3135,-0.1972,democracy,Supreme Court
10000,1972,US-1962-ENGEL,1962,10,0.323,-0.2137,religion_schools,Supreme Court
10000,1972,US-1962-KEFAUVER-HARRIS,1962,10,0.319,-0.1984,consumer_health,Congress
10000,1972,US-1963-EQUAL-PAY,1963,9,0.3927,-0.1843,gender_labor,Congress
10000,1972,US-1963-GIDEON,1963,9,0.3452,-0.1861,criminal_procedure,Supreme Court
10000,1972,US-1964-24TH-AMENDMENT,1964,8,0.2727,-0.2184,democracy_civil_rights,constitutional_amendment
10000,1972,US-1964-CIVIL-RIGHTS-ACT,1964,8,0.341,-0.1827,civil_rights,Congress
10000,1972,US-1964-ECONOMIC-OPPORTUNITY,1964,8,0.4322,-0.2101,poverty_social_policy,Congress
10000,1972,US-1964-HEART-ATLANTA,1964,8,0.2611,-0.1877,civil_rights_state_capacity,Supreme Court
10000,1972,US-1964-NYT-SULLIVAN,1964,8,0.3619,-0.2082,speech_press,Supreme Court
10000,1972,US-1964-REYNOLDS,1964,8,0.3435,-0.2095,democracy,Supreme Court
10000,1972,US-1965-ESEA,1965,7,0.4022,-0.1846,education,Congress
10000,1972,US-1965-GRISWOLD,1965,7,0.3583,-0.2229,privacy_family,Supreme Court
10000,1972,US-1965-HART-CELLER,1965,7,0.3166,-0.1856,immigration,Congress
10000,1972,US-1965-MEDICARE-MEDICAID,1965,7,0.4177,-0.175,health_social_insurance,Congress
10000,1972,US-1965-VRA,1965,7,0.3282,-0.1189,democracy_civil_rights,Congress
10000,1972,US-1966-FOIA,1966,6,0.3654,-0.1994,transparency,Congress
10000,1972,US-1966-HARPER,1966,6,0.3247,-0.2428,democracy_civil_rights,Supreme Court
10000,1972,US-1966-MIRANDA,1966,6,0.3552,-0.188,criminal_procedure,Supreme Court
10000,1972,US-1967-KATZ,1967,5,0.2253,-0.2586,privacy_surveillance,Supreme Court
10000,1972,US-1967-LOVING,1967,5,0.2743,-0.2186,civil_rights_family,Supreme Court
10000,1972,US-1968-FAIR-HOUSING,1968,4,0.3555,-0.1671,civil_rights_housing,Congress
10000,1972,US-1968-GUN-CONTROL,1968,4,0.3332,-0.2062,guns_crime,Congress
10000,1972,US-1968-TERRY,1968,4,0.3776,-0.2254,criminal_procedure_policing,Supreme Court
10000,1972,US-1969-BRANDENBURG,1969,3,0.2464,-0.2034,speech,Supreme Court
10000,1972,US-1969-NEPA,1969,3,0.3343,-0.1634,environment,Congress
10000,1972,US-1969-TINKER,1969,3,0.395,-0.1025,speech_schools,Supreme Court
10000,1972,US-1970-CLEAN-AIR,1970,2,0.3722,-0.2356,environment,Congress
10000,1972,US-1970-CSA,1970,2,0.3567,-0.1689,drug_policy,Congress
10000,1972,US-1970-OSHA,1970,2,0.4423,-0.2091,labor_health,Congress
10000,1972,US-1971-26TH,1971,1,0.4193,-0.2093,democracy_youth,constitutional_amendment
10000,1972,US-1971-FECA,1971,1,0.3754,-0.2065,campaign_finance,Congress
10000,1972,US-1971-LEMON,1971,1,0.3058,-0.2156,religion,Supreme Court
10000,1972,US-1971-PENTAGON-PAPERS,1971,1,0.2475,-0.1838,speech_security,Supreme Court
10000,1972,US-1972-CLEAN-WATER,1972,0,0.2907,-0.1427,environment,Congress
10000,1972,US-1972-FURMAN,1972,0,0.2967,-0.2083,criminal_justice,Supreme Court
10000,1972,US-1972-TITLE-IX,1972,0,0.3693,-0.145,gender_education,Congress
10000,1972,US-1972-YODER,1972,0,0.321,-0.2192,religion_education,Supreme Court
10000,1972,US-1973-ESA,1973,-1,0.3973,-0.1523,environment,Congress
10000,1972,US-1973-REHABILITATION,1973,-1,0.3159,-0.1083,disability_rights,Congress
10000,1972,US-1973-RODRIGUEZ,1973,-1,0.2738,-0.1922,education_equality,Supreme Court
10000,1972,US-1973-ROE,1973,-1,0.3427,-0.1879,privacy_family,Supreme Court
10000,1972,US-1973-WAR-POWERS,1973,-1,0.2917,-0.209,executive_power_security,Congress
10000,1972,US-1974-ECOA,1974,-2,0.4204,-0.1369,credit_civil_rights,Congress
10000,1972,US-1974-ERISA,1974,-2,0.4263,-0.1934,labor_benefits,Congress
10000,1972,US-1974-MILLIKEN,1974,-2,0.2696,-0.25,civil_rights_education,Supreme Court
10000,1972,US-1974-PRIVACY-ACT,1974,-2,0.4268,-0.201,privacy_governance,Congress
10000,1972,US-1975-IDEA,1975,-3,0.4435,-0.0719,disability_education,Congress
10000,1972,US-1975-ISDEAA,1975,-3,0.3354,-0.2005,native_policy,Congress
10000,1972,US-1976-BUCKLEY,1976,-4,0.3122,-0.2388,campaign_finance,Supreme Court
10000,1972,US-1976-GREGG,1976,-4,0.4263,-0.1798,criminal_justice,Supreme Court
10000,1972,US-1976-TSCA,1976,-4,0.3416,-0.2218,environment_consumer,Congress
10000,1972,US-1977-CRA,1977,-5,0.4835,-0.1956,housing_credit,Congress
10000,1972,US-1977-FED-DUAL-MANDATE,1977,-5,0.4867,-0.1665,macroeconomic_governance,Congress
10000,1972,US-1978-AIRLINE-DEREG,1978,-6,0.3189,-0.1967,deregulation,Congress
10000,1972,US-1978-BAKKE,1978,-6,0.2828,-0.1709,civil_rights_education,Supreme Court
10000,1972,US-1978-FISA,1978,-6,0.3238,-0.1781,privacy_security,Congress
10000,1972,US-1978-HUMPHREY-HAWKINS,1978,-6,0.3795,-0.1715,macroeconomic_governance,Congress
10000,1972,US-1978-ICWA,1978,-6,0.3728,-0.1773,native_policy_family,Congress
10000,1972,US-1978-PREGNANCY-DISCRIM,1978,-6,0.3876,-0.1317,gender_labor,Congress
10000,1972,US-1980-CERCLA,1980,-8,0.364,-0.1749,environment,Congress
10000,1972,US-1980-DIDMCA,1980,-8,0.4099,-0.1941,finance_deregulation,Congress
10000,1972,US-1980-REFUGEE-ACT,1980,-8,0.3643,-0.1567,immigration,Congress
10000,1972,US-1968-OMNIBUS-CRIME-CONTROL,1968,4,0.3246,-0.2222,criminal_justice_surveillance,Congress
10000,1972,US-1968-TRUTH-IN-LENDING,1968,4,0.3815,-0.1495,consumer_credit,Congress
10000,1972,US-1970-FCRA,1970,2,0.4393,-0.1904,privacy_credit,Congress
10000,1972,US-1972-CPSA,1972,0,0.367,-0.2024,consumer_safety,Congress
10000,1972,US-1975-EPCA,1975,-3,0.3994,-0.1889,energy_state_capacity,Congress
10000,1972,US-1963-TEST-BAN-TREATY,1963,9,0.3079,-0.1789,nuclear_arms_control,Congress/President
10000,1972,US-1964-TONKIN-GULF,1964,8,0.2201,-0.1927,war_powers_security,Congress
10000,1972,US-1967-ADEA,1967,5,0.3111,-0.1395,civil_rights_labor_age,Congress
10000,1972,US-1970-BANK-SECRECY,1970,2,0.3183,-0.2024,finance_surveillance,Congress
10000,1972,US-1971-ANCSA,1971,1,0.2973,-0.1612,native_policy_land,Congress
10000,1972,US-1978-AIRFA,1978,-6,0.2921,-0.1698,native_policy_religion,Congress
10000,1972,US-1982-VRA-AMENDMENTS,1982,-10,0.3379,-0.1461,democracy_civil_rights,Congress
20000,1972,US-1962-BAKER,1962,10,0.5381,-0.2272,democracy,Supreme Court
20000,1972,US-1962-ENGEL,1962,10,0.5904,-0.2448,religion_schools,Supreme Court
20000,1972,US-1962-KEFAUVER-HARRIS,1962,10,0.5801,-0.2502,consumer_health,Congress
20000,1972,US-1963-EQUAL-PAY,1963,9,0.6381,-0.2056,gender_labor,Congress
20000,1972,US-1963-GIDEON,1963,9,0.5875,-0.2088,criminal_procedure,Supreme Court
20000,1972,US-1964-24TH-AMENDMENT,1964,8,0.4895,-0.2444,democracy_civil_rights,constitutional_amendment
20000,1972,US-1964-CIVIL-RIGHTS-ACT,1964,8,0.5661,-0.1949,civil_rights,Congress
20000,1972,US-1964-ECONOMIC-OPPORTUNITY,1964,8,0.7338,-0.2335,poverty_social_policy,Congress
20000,1972,US-1964-HEART-ATLANTA,1964,8,0.4683,-0.2031,civil_rights_state_capacity,Supreme Court
20000,1972,US-1964-NYT-SULLIVAN,1964,8,0.6243,-0.2418,speech_press,Supreme Court
20000,1972,US-1964-REYNOLDS,1964,8,0.6258,-0.2473,democracy,Supreme Court
20000,1972,US-1965-ESEA,1965,7,0.6863,-0.2109,education,Congress
20000,1972,US-1965-GRISWOLD,1965,7,0.5632,-0.2496,privacy_family,Supreme Court
20000,1972,US-1965-HART-CELLER,1965,7,0.5204,-0.2047,immigration,Congress
20000,1972,US-1965-MEDICARE-MEDICAID,1965,7,0.6878,-0.1898,health_social_insurance,Congress
20000,1972,US-1965-VRA,1965,7,0.5469,-0.1378,democracy_civil_rights,Congress
20000,1972,US-1966-FOIA,1966,6,0.6379,-0.2148,transparency,Congress
20000,1972,US-1966-HARPER,1966,6,0.5555,-0.2636,democracy_civil_rights,Supreme Court
20000,1972,US-1966-MIRANDA,1966,6,0.6149,-0.2001,criminal_procedure,Supreme Court
20000,1972,US-1967-KATZ,1967,5,0.3717,-0.257,privacy_surveillance,Supreme Court
20000,1972,US-1967-LOVING,1967,5,0.459,-0.2605,civil_rights_family,Supreme Court
20000,1972,US-1968-FAIR-HOUSING,1968,4,0.566,-0.1788,civil_rights_housing,Congress
20000,1972,US-1968-GUN-CONTROL,1968,4,0.5172,-0.2345,guns_crime,Congress
20000,1972,US-1968-TERRY,1968,4,0.6113,-0.2743,criminal_procedure_policing,Supreme Court
20000,1972,US-1969-BRANDENBURG,1969,3,0.5058,-0.2223,speech,Supreme Court
20000,1972,US-1969-NEPA,1969,3,0.6155,-0.1932,environment,Congress
20000,1972,US-1969-TINKER,1969,3,0.6002,-0.0916,speech_schools,Supreme Court
20000,1972,US-1970-CLEAN-AIR,1970,2,0.604,-0.2646,environment,Congress
20000,1972,US-1970-CSA,1970,2,0.5599,-0.173,drug_policy,Congress
20000,1972,US-1970-OSHA,1970,2,0.6895,-0.2353,labor_health,Congress
20000,1972,US-1971-26TH,1971,1,0.6289,-0.2265,democracy_youth,constitutional_amendment
20000,1972,US-1971-FECA,1971,1,0.5902,-0.2328,campaign_finance,Congress
20000,1972,US-1971-LEMON,1971,1,0.5374,-0.2467,religion,Supreme Court
20000,1972,US-1971-PENTAGON-PAPERS,1971,1,0.4971,-0.2047,speech_security,Supreme Court
20000,1972,US-1972-CLEAN-WATER,1972,0,0.5417,-0.1543,environment,Congress
20000,1972,US-1972-FURMAN,1972,0,0.5055,-0.2614,criminal_justice,Supreme Court
20000,1972,US-1972-TITLE-IX,1972,0,0.5861,-0.1468,gender_education,Congress
20000,1972,US-1972-YODER,1972,0,0.561,-0.2559,religion_education,Supreme Court
20000,1972,US-1973-ESA,1973,-1,0.6394,-0.1853,environment,Congress
20000,1972,US-1973-REHABILITATION,1973,-1,0.552,-0.1272,disability_rights,Congress
20000,1972,US-1973-RODRIGUEZ,1973,-1,0.4952,-0.2224,education_equality,Supreme Court
20000,1972,US-1973-ROE,1973,-1,0.6038,-0.2104,privacy_family,Supreme Court
20000,1972,US-1973-WAR-POWERS,1973,-1,0.4966,-0.2126,executive_power_security,Congress
20000,1972,US-1974-ECOA,1974,-2,0.6268,-0.1716,credit_civil_rights,Congress
20000,1972,US-1974-ERISA,1974,-2,0.6574,-0.22,labor_benefits,Congress
20000,1972,US-1974-MILLIKEN,1974,-2,0.544,-0.2855,civil_rights_education,Supreme Court
20000,1972,US-1974-PRIVACY-ACT,1974,-2,0.6852,-0.1927,privacy_governance,Congress
20000,1972,US-1975-IDEA,1975,-3,0.7056,-0.0809,disability_education,Congress
20000,1972,US-1975-ISDEAA,1975,-3,0.5765,-0.1968,native_policy,Congress
20000,1972,US-1976-BUCKLEY,1976,-4,0.5696,-0.2694,campaign_finance,Supreme Court
20000,1972,US-1976-GREGG,1976,-4,0.6842,-0.2205,criminal_justice,Supreme Court
20000,1972,US-1976-TSCA,1976,-4,0.5597,-0.2228,environment_consumer,Congress
20000,1972,US-1977-CRA,1977,-5,0.7292,-0.2176,housing_credit,Congress
20000,1972,US-1977-FED-DUAL-MANDATE,1977,-5,0.7103,-0.1902,macroeconomic_governance,Congress
20000,1972,US-1978-AIRLINE-DEREG,1978,-6,0.5045,-0.2218,deregulation,Congress
20000,1972,US-1978-BAKKE,1978,-6,0.4889,-0.1891,civil_rights_education,Supreme Court
20000,1972,US-1978-FISA,1978,-6,0.5675,-0.1881,privacy_security,Congress
20000,1972,US-1978-HUMPHREY-HAWKINS,1978,-6,0.5749,-0.1953,macroeconomic_governance,Congress
20000,1972,US-1978-ICWA,1978,-6,0.6346,-0.1973,native_policy_family,Congress
20000,1972,US-1978-PREGNANCY-DISCRIM,1978,-6,0.5419,-0.1452,gender_labor,Congress
20000,1972,US-1980-CERCLA,1980,-8,0.6488,-0.1997,environment,Congress
20000,1972,US-1980-DIDMCA,1980,-8,0.6169,-0.2211,finance_deregulation,Congress
20000,1972,US-1980-REFUGEE-ACT,1980,-8,0.597,-0.1809,immigration,Congress
20000,1972,US-1968-OMNIBUS-CRIME-CONTROL,1968,4,0.567,-0.2532,criminal_justice_surveillance,Congress
20000,1972,US-1968-TRUTH-IN-LENDING,1968,4,0.6252,-0.1562,consumer_credit,Congress
20000,1972,US-1970-FCRA,1970,2,0.6894,-0.2041,privacy_credit,Congress
20000,1972,US-1972-CPSA,1972,0,0.6291,-0.2155,consumer_safety,Congress
20000,1972,US-1975-EPCA,1975,-3,0.6332,-0.2123,energy_state_capacity,Congress
20000,1972,US-1963-TEST-BAN-TREATY,1963,9,0.5207,-0.1957,nuclear_arms_control,Congress/President
20000,1972,US-1964-TONKIN-GULF,1964,8,0.4491,-0.2051,war_powers_security,Congress
20000,1972,US-1967-ADEA,1967,5,0.5219,-0.164,civil_rights_labor_age,Congress
20000,1972,US-1970-BANK-SECRECY,1970,2,0.5676,-0.2246,finance_surveillance,Congress
20000,1972,US-1971-ANCSA,1971,1,0.6036,-0.177,native_policy_land,Congress
20000,1972,US-1978-AIRFA,1978,-6,0.5995,-0.1887,native_policy_religion,Congress
20000,1972,US-1982-VRA-AMENDMENTS,1982,-10,0.5383,-0.182,democracy_civil_rights,Congress
5000,1972,US-1962-BAKER,1962,10,0.3209,-0.1674,democracy,Supreme Court
5000,1972,US-1962-ENGEL,1962,10,0.3317,-0.1714,religion_schools,Supreme Court
5000,1972,US-1962-KEFAUVER-HARRIS,1962,10,0.4041,-0.1518,consumer_health,Congress
5000,1972,US-1963-EQUAL-PAY,1963,9,0.4786,-0.1571,gender_labor,Congress
5000,1972,US-1963-GIDEON,1963,9,0.3925,-0.1665,criminal_procedure,Supreme Court
5000,1972,US-1964-24TH-AMENDMENT,1964,8,0.3417,-0.1829,democracy_civil_rights,constitutional_amendment
5000,1972,US-1964-CIVIL-RIGHTS-ACT,1964,8,0.4302,-0.1925,civil_rights,Congress
5000,1972,US-1964-ECONOMIC-OPPORTUNITY,1964,8,0.4983,-0.1804,poverty_social_policy,Congress
5000,1972,US-1964-HEART-ATLANTA,1964,8,0.3697,-0.1904,civil_rights_state_capacity,Supreme Court
5000,1972,US-1964-NYT-SULLIVAN,1964,8,0.4515,-0.1899,speech_press,Supreme Court
5000,1972,US-1964-REYNOLDS,1964,8,0.3963,-0.1673,democracy,Supreme Court
5000,1972,US-1965-ESEA,1965,7,0.4535,-0.1557,education,Congress
5000,1972,US-1965-GRISWOLD,1965,7,0.4278,-0.1856,privacy_family,Supreme Court
5000,1972,US-1965-HART-CELLER,1965,7,0.3543,-0.166,immigration,Congress
5000,1972,US-1965-MEDICARE-MEDICAID,1965,7,0.4783,-0.155,health_social_insurance,Congress
5000,1972,US-1965-VRA,1965,7,0.3868,-0.1509,democracy_civil_rights,Congress
5000,1972,US-1966-FOIA,1966,6,0.4118,-0.1641,transparency,Congress
5000,1972,US-1966-HARPER,1966,6,0.399,-0.2006,democracy_civil_rights,Supreme Court
5000,1972,US-1966-MIRANDA,1966,6,0.4271,-0.1784,criminal_procedure,Supreme Court
5000,1972,US-1967-KATZ,1967,5,0.2978,-0.241,privacy_surveillance,Supreme Court
5000,1972,US-1967-LOVING,1967,5,0.3477,-0.1765,civil_rights_family,Supreme Court
5000,1972,US-1968-FAIR-HOUSING,1968,4,0.4754,-0.1774,civil_rights_housing,Congress
5000,1972,US-1968-GUN-CONTROL,1968,4,0.418,-0.1932,guns_crime,Congress
5000,1972,US-1968-TERRY,1968,4,0.4783,-0.2007,criminal_procedure_policing,Supreme Court
5000,1972,US-1969-BRANDENBURG,1969,3,0.3264,-0.1851,speech,Supreme Court
5000,1972,US-1969-NEPA,1969,3,0.377,-0.1464,environment,Congress
5000,1972,US-1969-TINKER,1969,3,0.4312,-0.1401,speech_schools,Supreme Court
5000,1972,US-1970-CLEAN-AIR,1970,2,0.4338,-0.209,environment,Congress
5000,1972,US-1970-CSA,1970,2,0.4791,-0.1676,drug_policy,Congress
5000,1972,US-1970-OSHA,1970,2,0.5246,-0.1818,labor_health,Congress
5000,1972,US-1971-26TH,1971,1,0.5156,-0.1572,democracy_youth,constitutional_amendment
5000,1972,US-1971-FECA,1971,1,0.4497,-0.1976,campaign_finance,Congress
5000,1972,US-1971-LEMON,1971,1,0.3477,-0.1892,religion,Supreme Court
5000,1972,US-1971-PENTAGON-PAPERS,1971,1,0.2427,-0.1461,speech_security,Supreme Court
5000,1972,US-1972-CLEAN-WATER,1972,0,0.3654,-0.1365,environment,Congress
5000,1972,US-1972-FURMAN,1972,0,0.3716,-0.1766,criminal_justice,Supreme Court
5000,1972,US-1972-TITLE-IX,1972,0,0.4187,-0.1442,gender_education,Congress
5000,1972,US-1972-YODER,1972,0,0.352,-0.1632,religion_education,Supreme Court
5000,1972,US-1973-ESA,1973,-1,0.4437,-0.1429,environment,Congress
5000,1972,US-1973-REHABILITATION,1973,-1,0.3727,-0.1199,disability_rights,Congress
5000,1972,US-1973-RODRIGUEZ,1973,-1,0.3679,-0.1681,education_equality,Supreme Court
5000,1972,US-1973-ROE,1973,-1,0.418,-0.1651,privacy_family,Supreme Court
5000,1972,US-1973-WAR-POWERS,1973,-1,0.3027,-0.177,executive_power_security,Congress
5000,1972,US-1974-ECOA,1974,-2,0.4696,-0.1406,credit_civil_rights,Congress
5000,1972,US-1974-ERISA,1974,-2,0.5305,-0.1673,labor_benefits,Congress
5000,1972,US-1974-MILLIKEN,1974,-2,0.3014,-0.2298,civil_rights_education,Supreme Court
5000,1972,US-1974-PRIVACY-ACT,1974,-2,0.4331,-0.1802,privacy_governance,Congress
5000,1972,US-1975-IDEA,1975,-3,0.5351,-0.0763,disability_education,Congress
5000,1972,US-1975-ISDEAA,1975,-3,0.37,-0.1683,native_policy,Congress
5000,1972,US-1976-BUCKLEY,1976,-4,0.4039,-0.2489,campaign_finance,Supreme Court
5000,1972,US-1976-GREGG,1976,-4,0.4579,-0.1513,criminal_justice,Supreme Court
5000,1972,US-1976-TSCA,1976,-4,0.413,-0.1782,environment_consumer,Congress
5000,1972,US-1977-CRA,1977,-5,0.5567,-0.1576,housing_credit,Congress
5000,1972,US-1977-FED-DUAL-MANDATE,1977,-5,0.5634,-0.1373,macroeconomic_governance,Congress
5000,1972,US-1978-AIRLINE-DEREG,1978,-6,0.3639,-0.1679,deregulation,Congress
5000,1972,US-1978-BAKKE,1978,-6,0.3134,-0.1504,civil_rights_education,Supreme Court
5000,1972,US-1978-FISA,1978,-6,0.3737,-0.1547,privacy_security,Congress
5000,1972,US-1978-HUMPHREY-HAWKINS,1978,-6,0.4572,-0.1435,macroeconomic_governance,Congress
5000,1972,US-1978-ICWA,1978,-6,0.4459,-0.1595,native_policy_family,Congress
5000,1972,US-1978-PREGNANCY-DISCRIM,1978,-6,0.5033,-0.1471,gender_labor,Congress
5000,1972,US-1980-CERCLA,1980,-8,0.4243,-0.1606,environment,Congress
5000,1972,US-1980-DIDMCA,1980,-8,0.4759,-0.1723,finance_deregulation,Congress
5000,1972,US-1980-REFUGEE-ACT,1980,-8,0.4233,-0.1474,immigration,Congress
5000,1972,US-1968-OMNIBUS-CRIME-CONTROL,1968,4,0.3706,-0.1969,criminal_justice_surveillance,Congress
5000,1972,US-1968-TRUTH-IN-LENDING,1968,4,0.5153,-0.1328,consumer_credit,Congress
5000,1972,US-1970-FCRA,1970,2,0.5025,-0.1706,privacy_credit,Congress
5000,1972,US-1972-CPSA,1972,0,0.4789,-0.1782,consumer_safety,Congress
5000,1972,US-1975-EPCA,1975,-3,0.4731,-0.1581,energy_state_capacity,Congress
5000,1972,US-1963-TEST-BAN-TREATY,1963,9,0.395,-0.1478,nuclear_arms_control,Congress/President
5000,1972,US-1964-TONKIN-GULF,1964,8,0.2907,-0.1505,war_powers_security,Congress
5000,1972,US-1967-ADEA,1967,5,0.3539,-0.1588,civil_rights_labor_age,Congress
5000,1972,US-1970-BANK-SECRECY,1970,2,0.3987,-0.171,finance_surveillance,Congress
5000,1972,US-1971-ANCSA,1971,1,0.3955,-0.1431,native_policy_land,Congress
5000,1972,US-1978-AIRFA,1978,-6,0.3507,-0.1492,native_policy_religion,Congress
5000,1972,US-1982-VRA-AMENDMENTS,1982,-10,0.3814,-0.1542,democracy_civil_rights,Congress
10000,1973,US-1963-EQUAL-PAY,1963,10,0.5212,-0.2002,gender_labor,Congress
10000,1973,US-1963-GIDEON,1963,10,0.503,-0.1985,criminal_procedure,Supreme Court
10000,1973,US-1964-24TH-AMENDMENT,1964,9,0.3738,-0.2365,democracy_civil_rights,constitutional_amendment
10000,1973,US-1964-CIVIL-RIGHTS-ACT,1964,9,0.3928,-0.1761,civil_rights,Congress
10000,1973,US-1964-ECONOMIC-OPPORTUNITY,1964,9,0.58,-0.2157,poverty_social_policy,Congress
10000,1973,US-1964-HEART-ATLANTA,1964,9,0.395,-0.196,civil_rights_state_capacity,Supreme Court
10000,1973,US-1964-NYT-SULLIVAN,1964,9,0.4524,-0.2138,speech_press,Supreme Court
10000,1973,US-1964-REYNOLDS,1964,9,0.4527,-0.2181,democracy,Supreme Court
10000,1973,US-1965-ESEA,1965,8,0.5865,-0.1999,education,Congress
10000,1973,US-1965-GRISWOLD,1965,8,0.4767,-0.2197,privacy_family,Supreme Court
10000,1973,US-1965-HART-CELLER,1965,8,0.341,-0.2023,immigration,Congress
10000,1973,US-1965-MEDICARE-MEDICAID,1965,8,0.596,-0.1807,health_social_insurance,Congress
10000,1973,US-1965-VRA,1965,8,0.412,-0.1247,democracy_civil_rights,Congress
10000,1973,US-1966-FOIA,1966,7,0.5014,-0.2116,transparency,Congress
10000,1973,US-1966-HARPER,1966,7,0.4761,-0.2778,democracy_civil_rights,Supreme Court
10000,1973,US-1966-MIRANDA,1966,7,0.4989,-0.2027,criminal_procedure,Supreme Court
10000,1973,US-1967-KATZ,1967,6,0.3284,-0.2594,privacy_surveillance,Supreme Court
10000,1973,US-1967-LOVING,1967,6,0.4003,-0.2441,civil_rights_family,Supreme Court
10000,1973,US-1968-FAIR-HOUSING,1968,5,0.4485,-0.1722,civil_rights_housing,Congress
10000,1973,US-1968-GUN-CONTROL,1968,5,0.3963,-0.2305,guns_crime,Congress
10000,1973,US-1968-TERRY,1968,5,0.513,-0.238,criminal_procedure_policing,Supreme Court
10000,1973,US-1969-BRANDENBURG,1969,4,0.3267,-0.212,speech,Supreme Court
10000,1973,US-1969-NEPA,1969,4,0.4017,-0.1792,environment,Congress
10000,1973,US-1969-TINKER,1969,4,0.5011,-0.1202,speech_schools,Supreme Court
10000,1973,US-1970-CLEAN-AIR,1970,3,0.4595,-0.2553,environment,Congress
10000,1973,US-1970-CSA,1970,3,0.4852,-0.2056,drug_policy,Congress
10000,1973,US-1970-OSHA,1970,3,0.5664,-0.2239,labor_health,Congress
10000,1973,US-1971-26TH,1971,2,0.5403,-0.2065,democracy_youth,constitutional_amendment
10000,1973,US-1971-FECA,1971,2,0.4497,-0.2347,campaign_finance,Congress
10000,1973,US-1971-LEMON,1971,2,0.4256,-0.2327,religion,Supreme Court
10000,1973,US-1971-PENTAGON-PAPERS,1971,2,0.3087,-0.1958,speech_security,Supreme Court
10000,1973,US-1972-CLEAN-WATER,1972,1,0.4206,-0.1413,environment,Congress
10000,1973,US-1972-FURMAN,1972,1,0.3953,-0.2511,criminal_justice,Supreme Court
10000,1973,US-1972-TITLE-IX,1972,1,0.4984,-0.1549,gender_education,Congress
10000,1973,US-1972-YODER,1972,1,0.4782,-0.2178,religion_education,Supreme Court
10000,1973,US-1973-ESA,1973,0,0.4692,-0.1696,environment,Congress
10000,1973,US-1973-REHABILITATION,1973,0,0.4061,-0.1073,disability_rights,Congress
10000,1973,US-1973-RODRIGUEZ,1973,0,0.4306,-0.2453,education_equality,Supreme Court
10000,1973,US-1973-ROE,1973,0,0.4325,-0.1963,privacy_family,Supreme Court
10000,1973,US-1973-WAR-POWERS,1973,0,0.331,-0.2174,executive_power_security,Congress
10000,1973,US-1974-ECOA,1974,-1,0.5305,-0.1505,credit_civil_rights,Congress
10000,1973,US-1974-ERISA,1974,-1,0.5239,-0.2108,labor_benefits,Congress
10000,1973,US-1974-MILLIKEN,1974,-1,0.3572,-0.275,civil_rights_education,Supreme Court
10000,1973,US-1974-PRIVACY-ACT,1974,-1,0.5625,-0.217,privacy_governance,Congress
10000,1973,US-1975-IDEA,1975,-2,0.6042,-0.0652,disability_education,Congress
10000,1973,US-1975-ISDEAA,1975,-2,0.4234,-0.1995,native_policy,Congress
10000,1973,US-1976-BUCKLEY,1976,-3,0.402,-0.2777,campaign_finance,Supreme Court
10000,1973,US-1976-GREGG,1976,-3,0.5486,-0.203,criminal_justice,Supreme Court
10000,1973,US-1976-TSCA,1976,-3,0.4452,-0.2222,environment_consumer,Congress
10000,1973,US-1977-CRA,1977,-4,0.6265,-0.2029,housing_credit,Congress
10000,1973,US-1977-FED-DUAL-MANDATE,1977,-4,0.598,-0.1777,macroeconomic_governance,Congress
10000,1973,US-1978-AIRLINE-DEREG,1978,-5,0.3417,-0.2077,deregulation,Congress
10000,1973,US-1978-BAKKE,1978,-5,0.3942,-0.1985,civil_rights_education,Supreme Court
10000,1973,US-1978-FISA,1978,-5,0.3969,-0.1898,privacy_security,Congress
10000,1973,US-1978-HUMPHREY-HAWKINS,1978,-5,0.4938,-0.1899,macroeconomic_governance,Congress
10000,1973,US-1978-ICWA,1978,-5,0.5172,-0.1803,native_policy_family,Congress
10000,1973,US-1978-PREGNANCY-DISCRIM,1978,-5,0.5904,-0.1431,gender_labor,Congress
10000,1973,US-1980-CERCLA,1980,-7,0.4494,-0.1928,environment,Congress
10000,1973,US-1980-DIDMCA,1980,-7,0.5111,-0.2074,finance_deregulation,Congress
10000,1973,US-1980-REFUGEE-ACT,1980,-7,0.4945,-0.1681,immigration,Congress
10000,1973,US-1983-CHADHA,1983,-10,0.415,-0.2552,separation_of_powers,Supreme Court
10000,1973,US-1968-OMNIBUS-CRIME-CONTROL,1968,5,0.464,-0.2379,criminal_justice_surveillance,Congress
10000,1973,US-1968-TRUTH-IN-LENDING,1968,5,0.4909,-0.1674,consumer_credit,Congress
10000,1973,US-1970-FCRA,1970,3,0.5514,-0.1956,privacy_credit,Congress
10000,1973,US-1972-CPSA,1972,1,0.4951,-0.2115,consumer_safety,Congress
10000,1973,US-1975-EPCA,1975,-2,0.5093,-0.1939,energy_state_capacity,Congress
10000,1973,US-1963-TEST-BAN-TREATY,1963,10,0.4404,-0.1777,nuclear_arms_control,Congress/President
10000,1973,US-1964-TONKIN-GULF,1964,9,0.3257,-0.192,war_powers_security,Congress
10000,1973,US-1967-ADEA,1967,6,0.4353,-0.168,civil_rights_labor_age,Congress
10000,1973,US-1970-BANK-SECRECY,1970,3,0.4404,-0.212,finance_surveillance,Congress
10000,1973,US-1971-ANCSA,1971,2,0.4494,-0.1687,native_policy_land,Congress
10000,1973,US-1978-AIRFA,1978,-5,0.4211,-0.1868,native_policy_religion,Congress
10000,1973,US-1982-VRA-AMENDMENTS,1982,-9,0.4046,-0.1636,democracy_civil_rights,Congress
20000,1973,US-1963-EQUAL-PAY,1963,10,0.5168,-0.1711,gender_labor,Congress
20000,1973,US-1963-GIDEON,1963,10,0.4934,-0.1755,criminal_procedure,Supreme Court
20000,1973,US-1964-24TH-AMENDMENT,1964,9,0.3711,-0.1975,democracy_civil_rights,constitutional_amendment
20000,1973,US-1964-CIVIL-RIGHTS-ACT,1964,9,0.4028,-0.1309,civil_rights,Congress
20000,1973,US-1964-ECONOMIC-OPPORTUNITY,1964,9,0.5889,-0.2,poverty_social_policy,Congress
20000,1973,US-1964-HEART-ATLANTA,1964,9,0.3569,-0.1319,civil_rights_state_capacity,Supreme Court
20000,1973,US-1964-NYT-SULLIVAN,1964,9,0.5141,-0.1827,speech_press,Supreme Court
20000,1973,US-1964-REYNOLDS,1964,9,0.4979,-0.2005,democracy,Supreme Court
20000,1973,US-1965-ESEA,1965,8,0.564,-0.1555,education,Congress
20000,1973,US-1965-GRISWOLD,1965,8,0.4471,-0.2083,privacy_family,Supreme Court
20000,1973,US-1965-HART-CELLER,1965,8,0.3788,-0.1775,immigration,Congress
20000,1973,US-1965-MEDICARE-MEDICAID,1965,8,0.5419,-0.1599,health_social_insurance,Congress
20000,1973,US-1965-VRA,1965,8,0.4098,-0.0932,democracy_civil_rights,Congress
20000,1973,US-1966-FOIA,1966,7,0.5428,-0.1627,transparency,Congress
20000,1973,US-1966-HARPER,1966,7,0.4091,-0.2305,democracy_civil_rights,Supreme Court
20000,1973,US-1966-MIRANDA,1966,7,0.5375,-0.1547,criminal_procedure,Supreme Court
20000,1973,US-1967-KATZ,1967,6,0.2811,-0.196,privacy_surveillance,Supreme Court
20000,1973,US-1967-LOVING,1967,6,0.3449,-0.2266,civil_rights_family,Supreme Court
20000,1973,US-1968-FAIR-HOUSING,1968,5,0.4499,-0.12,civil_rights_housing,Congress
20000,1973,US-1968-GUN-CONTROL,1968,5,0.3923,-0.2026,guns_crime,Congress
20000,1973,US-1968-TERRY,1968,5,0.5076,-0.2147,criminal_procedure_policing,Supreme Court
20000,1973,US-1969-BRANDENBURG,1969,4,0.3291,-0.172,speech,Supreme Court
20000,1973,US-1969-NEPA,1969,4,0.432,-0.161,environment,Congress
20000,1973,US-1969-TINKER,1969,4,0.4374,-0.0675,speech_schools,Supreme Court
20000,1973,US-1970-CLEAN-AIR,1970,3,0.4815,-0.2428,environment,Congress
20000,1973,US-1970-CSA,1970,3,0.4875,-0.1409,drug_policy,Congress
20000,1973,US-1970-OSHA,1970,3,0.566,-0.1963,labor_health,Congress
20000,1973,US-1971-26TH,1971,2,0.5853,-0.1796,democracy_youth,constitutional_amendment
20000,1973,US-1971-FECA,1971,2,0.4747,-0.1936,campaign_finance,Congress
20000,1973,US-1971-LEMON,1971,2,0.3818,-0.2129,religion,Supreme Court
20000,1973,US-1971-PENTAGON-PAPERS,1971,2,0.3254,-0.1748,speech_security,Supreme Court
20000,1973,US-1972-CLEAN-WATER,1972,1,0.4422,-0.0976,environment,Congress
20000,1973,US-1972-FURMAN,1972,1,0.3517,-0.2234,criminal_justice,Supreme Court
20000,1973,US-1972-TITLE-IX,1972,1,0.4501,-0.1083,gender_education,Congress
20000,1973,US-1972-YODER,1972,1,0.4593,-0.2028,religion_education,Supreme Court
20000,1973,US-1973-ESA,1973,0,0.5004,-0.1417,environment,Congress
20000,1973,US-1973-REHABILITATION,1973,0,0.3846,-0.0819,disability_rights,Congress
20000,1973,US-1973-RODRIGUEZ,1973,0,0.3329,-0.1806,education_equality,Supreme Court
20000,1973,US-1973-ROE,1973,0,0.4504,-0.1691,privacy_family,Supreme Court
20000,1973,US-1973-WAR-POWERS,1973,0,0.3676,-0.189,executive_power_security,Congress
20000,1973,US-1974-ECOA,1974,-1,0.5199,-0.1286,credit_civil_rights,Congress
20000,1973,US-1974-ERISA,1974,-1,0.5377,-0.1902,labor_benefits,Congress
20000,1973,US-1974-MILLIKEN,1974,-1,0.3426,-0.2313,civil_rights_education,Supreme Court
20000,1973,US-1974-PRIVACY-ACT,1974,-1,0.5799,-0.1359,privacy_governance,Congress
20000,1973,US-1975-IDEA,1975,-2,0.5952,-0.0402,disability_education,Congress
20000,1973,US-1975-ISDEAA,1975,-2,0.4225,-0.1905,native_policy,Congress
20000,1973,US-1976-BUCKLEY,1976,-3,0.3765,-0.2203,campaign_finance,Supreme Court
20000,1973,US-1976-GREGG,1976,-3,0.5736,-0.1934,criminal_justice,Supreme Court
20000,1973,US-1976-TSCA,1976,-3,0.4396,-0.1859,environment_consumer,Congress
20000,1973,US-1977-CRA,1977,-4,0.5834,-0.1818,housing_credit,Congress
20000,1973,US-1977-FED-DUAL-MANDATE,1977,-4,0.6083,-0.1606,macroeconomic_governance,Congress
20000,1973,US-1978-AIRLINE-DEREG,1978,-5,0.3537,-0.1934,deregulation,Congress
20000,1973,US-1978-BAKKE,1978,-5,0.3279,-0.1667,civil_rights_education,Supreme Court
20000,1973,US-1978-FISA,1978,-5,0.4236,-0.1565,privacy_security,Congress
20000,1973,US-1978-HUMPHREY-HAWKINS,1978,-5,0.4785,-0.1706,macroeconomic_governance,Congress
20000,1973,US-1978-ICWA,1978,-5,0.5535,-0.1728,native_policy_family,Congress
20000,1973,US-1978-PREGNANCY-DISCRIM,1978,-5,0.4725,-0.0879,gender_labor,Congress
20000,1973,US-1980-CERCLA,1980,-7,0.497,-0.1672,environment,Congress
20000,1973,US-1980-DIDMCA,1980,-7,0.4756,-0.1956,finance_deregulation,Congress
20000,1973,US-1980-REFUGEE-ACT,1980,-7,0.5028,-0.1656,immigration,Congress
20000,1973,US-1983-CHADHA,1983,-10,0.3871,-0.2415,separation_of_powers,Supreme Court
20000,1973,US-1968-OMNIBUS-CRIME-CONTROL,1968,5,0.4538,-0.218,criminal_justice_surveillance,Congress
20000,1973,US-1968-TRUTH-IN-LENDING,1968,5,0.4993,-0.1165,consumer_credit,Congress
20000,1973,US-1970-FCRA,1970,3,0.5675,-0.1656,privacy_credit,Congress
20000,1973,US-1972-CPSA,1972,1,0.5103,-0.1808,consumer_safety,Congress
20000,1973,US-1975-EPCA,1975,-2,0.503,-0.1875,energy_state_capacity,Congress
20000,1973,US-1963-TEST-BAN-TREATY,1963,10,0.3572,-0.1755,nuclear_arms_control,Congress/President
20000,1973,US-1964-TONKIN-GULF,1964,9,0.2702,-0.1695,war_powers_security,Congress
20000,1973,US-1967-ADEA,1967,6,0.3861,-0.1042,civil_rights_labor_age,Congress
20000,1973,US-1970-BANK-SECRECY,1970,3,0.3939,-0.1755,finance_surveillance,Congress
20000,1973,US-1971-ANCSA,1971,2,0.464,-0.1583,native_policy_land,Congress
20000,1973,US-1978-AIRFA,1978,-5,0.4449,-0.1546,native_policy_religion,Congress
20000,1973,US-1982-VRA-AMENDMENTS,1982,-9,0.3607,-0.1274,democracy_civil_rights,Congress
5000,1973,US-1963-EQUAL-PAY,1963,10,0.5334,-0.1598,gender_labor,Congress
5000,1973,US-1963-GIDEON,1963,10,0.4517,-0.1901,criminal_procedure,Supreme Court
5000,1973,US-1964-24TH-AMENDMENT,1964,9,0.4715,-0.1967,democracy_civil_rights,constitutional_amendment
5000,1973,US-1964-CIVIL-RIGHTS-ACT,1964,9,0.4822,-0.1892,civil_rights,Congress
5000,1973,US-1964-ECONOMIC-OPPORTUNITY,1964,9,0.5509,-0.1911,poverty_social_policy,Congress
5000,1973,US-1964-HEART-ATLANTA,1964,9,0.4527,-0.1882,civil_rights_state_capacity,Supreme Court
5000,1973,US-1964-NYT-SULLIVAN,1964,9,0.5242,-0.1884,speech_press,Supreme Court
5000,1973,US-1964-REYNOLDS,1964,9,0.4497,-0.1778,democracy,Supreme Court
5000,1973,US-1965-ESEA,1965,8,0.565,-0.1835,education,Congress
5000,1973,US-1965-GRISWOLD,1965,8,0.5176,-0.1941,privacy_family,Supreme Court
5000,1973,US-1965-HART-CELLER,1965,8,0.3657,-0.177,immigration,Congress
5000,1973,US-1965-MEDICARE-MEDICAID,1965,8,0.6338,-0.1676,health_social_insurance,Congress
5000,1973,US-1965-VRA,1965,8,0.4415,-0.1437,democracy_civil_rights,Congress
5000,1973,US-1966-FOIA,1966,7,0.458,-0.1889,transparency,Congress
5000,1973,US-1966-HARPER,1966,7,0.5572,-0.2222,democracy_civil_rights,Supreme Court
5000,1973,US-1966-MIRANDA,1966,7,0.5477,-0.1848,criminal_procedure,Supreme Court
5000,1973,US-1967-KATZ,1967,6,0.3959,-0.2381,privacy_surveillance,Supreme Court
5000,1973,US-1967-LOVING,1967,6,0.4762,-0.1903,civil_rights_family,Supreme Court
5000,1973,US-1968-FAIR-HOUSING,1968,5,0.532,-0.184,civil_rights_housing,Congress
5000,1973,US-1968-GUN-CONTROL,1968,5,0.4486,-0.2039,guns_crime,Congress
5000,1973,US-1968-TERRY,1968,5,0.5603,-0.2033,criminal_procedure_policing,Supreme Court
5000,1973,US-1969-BRANDENBURG,1969,4,0.3406,-0.1809,speech,Supreme Court
5000,1973,US-1969-NEPA,1969,4,0.4288,-0.161,environment,Congress
5000,1973,US-1969-TINKER,1969,4,0.4915,-0.1345,speech_schools,Supreme Court
5000,1973,US-1970-CLEAN-AIR,1970,3,0.4815,-0.2205,environment,Congress
5000,1973,US-1970-CSA,1970,3,0.5343,-0.1982,drug_policy,Congress
5000,1973,US-1970-OSHA,1970,3,0.5712,-0.1915,labor_health,Congress
5000,1973,US-1971-26TH,1971,2,0.6109,-0.1718,democracy_youth,constitutional_amendment
5000,1973,US-1971-FECA,1971,2,0.4956,-0.2011,campaign_finance,Congress
5000,1973,US-1971-LEMON,1971,2,0.4637,-0.1974,religion,Supreme Court
5000,1973,US-1971-PENTAGON-PAPERS,1971,2,0.3416,-0.1576,speech_security,Supreme Court
5000,1973,US-1972-CLEAN-WATER,1972,1,0.4163,-0.1291,environment,Congress
5000,1973,US-1972-FURMAN,1972,1,0.4902,-0.1909,criminal_justice,Supreme Court
5000,1973,US-1972-TITLE-IX,1972,1,0.4901,-0.1578,gender_education,Congress
5000,1973,US-1972-YODER,1972,1,0.4547,-0.1844,religion_education,Supreme Court
5000,1973,US-1973-ESA,1973,0,0.4351,-0.1467,environment,Congress
5000,1973,US-1973-REHABILITATION,1973,0,0.4396,-0.1195,disability_rights,Congress
5000,1973,US-1973-RODRIGUEZ,1973,0,0.4813,-0.179,education_equality,Supreme Court
5000,1973,US-1973-ROE,1973,0,0.4666,-0.1609,privacy_family,Supreme Court
5000,1973,US-1973-WAR-POWERS,1973,0,0.3433,-0.1894,executive_power_security,Congress
5000,1973,US-1974-ECOA,1974,-1,0.5678,-0.1507,credit_civil_rights,Congress
5000,1973,US-1974-ERISA,1974,-1,0.5336,-0.1769,labor_benefits,Congress
5000,1973,US-1974-MILLIKEN,1974,-1,0.3506,-0.2404,civil_rights_education,Supreme Court
5000,1973,US-1974-PRIVACY-ACT,1974,-1,0.5569,-0.1955,privacy_governance,Congress
5000,1973,US-1975-IDEA,1975,-2,0.5619,-0.0776,disability_education,Congress
5000,1973,US-1975-ISDEAA,1975,-2,0.3771,-0.1792,native_policy,Congress
5000,1973,US-1976-BUCKLEY,1976,-3,0.4678,-0.2359,campaign_finance,Supreme Court
5000,1973,US-1976-GREGG,1976,-3,0.5284,-0.169,criminal_justice,Supreme Court
5000,1973,US-1976-TSCA,1976,-3,0.4827,-0.1968,environment_consumer,Congress
5000,1973,US-1977-CRA,1977,-4,0.6298,-0.1705,housing_credit,Congress
5000,1973,US-1977-FED-DUAL-MANDATE,1977,-4,0.6155,-0.1499,macroeconomic_governance,Congress
5000,1973,US-1978-AIRLINE-DEREG,1978,-5,0.3964,-0.1886,deregulation,Congress
5000,1973,US-1978-BAKKE,1978,-5,0.3895,-0.1585,civil_rights_education,Supreme Court
5000,1973,US-1978-FISA,1978,-5,0.422,-0.1694,privacy_security,Congress
5000,1973,US-1978-HUMPHREY-HAWKINS,1978,-5,0.5148,-0.1554,macroeconomic_governance,Congress
5000,1973,US-1978-ICWA,1978,-5,0.4603,-0.1626,native_policy_family,Congress
5000,1973,US-1978-PREGNANCY-DISCRIM,1978,-5,0.6728,-0.1438,gender_labor,Congress
5000,1973,US-1980-CERCLA,1980,-7,0.4207,-0.176,environment,Congress
5000,1973,US-1980-DIDMCA,1980,-7,0.5306,-0.1825,finance_deregulation,Congress
5000,1973,US-1980-REFUGEE-ACT,1980,-7,0.4861,-0.145,immigration,Congress
5000,1973,US-1983-CHADHA,1983,-10,0.4521,-0.222,separation_of_powers,Supreme Court
5000,1973,US-1968-OMNIBUS-CRIME-CONTROL,1968,5,0.4444,-0.2032,criminal_justice_surveillance,Congress
5000,1973,US-1968-TRUTH-IN-LENDING,1968,5,0.5309,-0.1383,consumer_credit,Congress
5000,1973,US-1970-FCRA,1970,3,0.5263,-0.1787,privacy_credit,Congress
5000,1973,US-1972-CPSA,1972,1,0.4872,-0.1951,consumer_safety,Congress
5000,1973,US-1975-EPCA,1975,-2,0.5391,-0.1579,energy_state_capacity,Congress
5000,1973,US-1963-TEST-BAN-TREATY,1963,10,0.5434,-0.1559,nuclear_arms_control,Congress/President
5000,1973,US-1964-TONKIN-GULF,1964,9,0.3361,-0.1575,war_powers_security,Congress
5000,1973,US-1967-ADEA,1967,6,0.4521,-0.1619,civil_rights_labor_age,Congress
5000,1973,US-1970-BANK-SECRECY,1970,3,0.4701,-0.1855,finance_surveillance,Congress
5000,1973,US-1971-ANCSA,1971,2,0.4237,-0.1514,native_policy_land,Congress
5000,1973,US-1978-AIRFA,1978,-5,0.4134,-0.1575,native_policy_religion,Congress
5000,1973,US-1982-VRA-AMENDMENTS,1982,-9,0.4542,-0.1624,democracy_civil_rights,Congress
10000,1974,US-1964-24TH-AMENDMENT,1964,10,0.3952,-0.1961,democracy_civil_rights,constitutional_amendment
10000,1974,US-1964-CIVIL-RIGHTS-ACT,1964,10,0.373,-0.1531,civil_rights,Congress
10000,1974,US-1964-ECONOMIC-OPPORTUNITY,1964,10,0.512,-0.1792,poverty_social_policy,Congress
10000,1974,US-1964-HEART-ATLANTA,1964,10,0.3626,-0.1698,civil_rights_state_capacity,Supreme Court
10000,1974,US-1964-NYT-SULLIVAN,1964,10,0.43,-0.1939,speech_press,Supreme Court
10000,1974,US-1964-REYNOLDS,1964,10,0.4156,-0.1896,democracy,Supreme Court
10000,1974,US-1965-ESEA,1965,9,0.4891,-0.163,education,Congress
10000,1974,US-1965-GRISWOLD,1965,9,0.4698,-0.2194,privacy_family,Supreme Court
10000,1974,US-1965-HART-CELLER,1965,9,0.3733,-0.1725,immigration,Congress
10000,1974,US-1965-MEDICARE-MEDICAID,1965,9,0.4985,-0.1606,health_social_insurance,Congress
10000,1974,US-1965-VRA,1965,9,0.4162,-0.0989,democracy_civil_rights,Congress
10000,1974,US-1966-FOIA,1966,8,0.4562,-0.1952,transparency,Congress
10000,1974,US-1966-HARPER,1966,8,0.4275,-0.2261,democracy_civil_rights,Supreme Court
10000,1974,US-1966-MIRANDA,1966,8,0.4566,-0.1782,criminal_procedure,Supreme Court
10000,1974,US-1967-KATZ,1967,7,0.3033,-0.232,privacy_surveillance,Supreme Court
10000,1974,US-1967-LOVING,1967,7,0.3951,-0.2147,civil_rights_family,Supreme Court
10000,1974,US-1968-FAIR-HOUSING,1968,6,0.41,-0.1552,civil_rights_housing,Congress
10000,1974,US-1968-GUN-CONTROL,1968,6,0.3866,-0.205,guns_crime,Congress
10000,1974,US-1968-TERRY,1968,6,0.4627,-0.2221,criminal_procedure_policing,Supreme Court
10000,1974,US-1969-BRANDENBURG,1969,5,0.2709,-0.1908,speech,Supreme Court
10000,1974,US-1969-NEPA,1969,5,0.4052,-0.1548,environment,Congress
10000,1974,US-1969-TINKER,1969,5,0.42,-0.0938,speech_schools,Supreme Court
10000,1974,US-1970-CLEAN-AIR,1970,4,0.433,-0.2258,environment,Congress
10000,1974,US-1970-CSA,1970,4,0.4277,-0.1855,drug_policy,Congress
10000,1974,US-1970-OSHA,1970,4,0.4993,-0.197,labor_health,Congress
10000,1974,US-1971-26TH,1971,3,0.515,-0.179,democracy_youth,constitutional_amendment
10000,1974,US-1971-FECA,1971,3,0.4352,-0.1974,campaign_finance,Congress
10000,1974,US-1971-LEMON,1971,3,0.3528,-0.2068,religion,Supreme Court
10000,1974,US-1971-PENTAGON-PAPERS,1971,3,0.2784,-0.1734,speech_security,Supreme Court
10000,1974,US-1972-CLEAN-WATER,1972,2,0.4114,-0.1128,environment,Congress
10000,1974,US-1972-FURMAN,1972,2,0.3898,-0.2099,criminal_justice,Supreme Court
10000,1974,US-1972-TITLE-IX,1972,2,0.4381,-0.1398,gender_education,Congress
10000,1974,US-1972-YODER,1972,2,0.413,-0.1919,religion_education,Supreme Court
10000,1974,US-1973-ESA,1973,1,0.4262,-0.1504,environment,Congress
10000,1974,US-1973-REHABILITATION,1973,1,0.3519,-0.1013,disability_rights,Congress
10000,1974,US-1973-RODRIGUEZ,1973,1,0.3752,-0.2023,education_equality,Supreme Court
10000,1974,US-1973-ROE,1973,1,0.4134,-0.166,privacy_family,Supreme Court
10000,1974,US-1973-WAR-POWERS,1973,1,0.3114,-0.2008,executive_power_security,Congress
10000,1974,US-1974-ECOA,1974,0,0.4585,-0.1412,credit_civil_rights,Congress
10000,1974,US-1974-ERISA,1974,0,0.479,-0.189,labor_benefits,Congress
10000,1974,US-1974-MILLIKEN,1974,0,0.3341,-0.2259,civil_rights_education,Supreme Court
10000,1974,US-1974-PRIVACY-ACT,1974,0,0.5278,-0.1974,privacy_governance,Congress
10000,1974,US-1975-IDEA,1975,-1,0.5249,-0.0564,disability_education,Congress
10000,1974,US-1975-ISDEAA,1975,-1,0.3528,-0.1809,native_policy,Congress
10000,1974,US-1976-BUCKLEY,1976,-2,0.3453,-0.2197,campaign_finance,Supreme Court
10000,1974,US-1976-GREGG,1976,-2,0.4781,-0.173,criminal_justice,Supreme Court
10000,1974,US-1976-TSCA,1976,-2,0.4272,-0.2056,environment_consumer,Congress
10000,1974,US-1977-CRA,1977,-3,0.5236,-0.1714,housing_credit,Congress
10000,1974,US-1977-FED-DUAL-MANDATE,1977,-3,0.5079,-0.1469,macroeconomic_governance,Congress
10000,1974,US-1978-AIRLINE-DEREG,1978,-4,0.3674,-0.1834,deregulation,Congress
10000,1974,US-1978-BAKKE,1978,-4,0.3401,-0.1687,civil_rights_education,Supreme Court
10000,1974,US-1978-FISA,1978,-4,0.4199,-0.1719,privacy_security,Congress
10000,1974,US-1978-HUMPHREY-HAWKINS,1978,-4,0.4264,-0.1662,macroeconomic_governance,Congress
10000,1974,US-1978-ICWA,1978,-4,0.4595,-0.1663,native_policy_family,Congress
10000,1974,US-1978-PREGNANCY-DISCRIM,1978,-4,0.5127,-0.128,gender_labor,Congress
10000,1974,US-1980-CERCLA,1980,-6,0.4448,-0.1699,environment,Congress
10000,1974,US-1980-DIDMCA,1980,-6,0.4635,-0.1748,finance_deregulation,Congress
10000,1974,US-1980-REFUGEE-ACT,1980,-6,0.3941,-0.1569,immigration,Congress
10000,1974,US-1983-CHADHA,1983,-9,0.3946,-0.2306,separation_of_powers,Supreme Court
10000,1974,US-1984-CHEVRON,1984,-10,0.3235,-0.1412,administrative_state,Supreme Court
10000,1974,US-1984-SENTENCING,1984,-10,0.3695,-0.168,criminal_justice,Congress
10000,1974,US-1968-OMNIBUS-CRIME-CONTROL,1968,6,0.388,-0.2007,criminal_justice_surveillance,Congress
10000,1974,US-1968-TRUTH-IN-LENDING,1968,6,0.4447,-0.1455,consumer_credit,Congress
10000,1974,US-1970-FCRA,1970,4,0.4682,-0.1734,privacy_credit,Congress
10000,1974,US-1972-CPSA,1972,2,0.4576,-0.1988,consumer_safety,Congress
10000,1974,US-1975-EPCA,1975,-1,0.4451,-0.1674,energy_state_capacity,Congress
10000,1974,US-1964-TONKIN-GULF,1964,10,0.2772,-0.1605,war_powers_security,Congress
10000,1974,US-1967-ADEA,1967,7,0.3988,-0.1376,civil_rights_labor_age,Congress
10000,1974,US-1970-BANK-SECRECY,1970,4,0.3675,-0.1819,finance_surveillance,Congress
10000,1974,US-1971-ANCSA,1971,3,0.3236,-0.1475,native_policy_land,Congress
10000,1974,US-1978-AIRFA,1978,-4,0.3263,-0.1512,native_policy_religion,Congress
10000,1974,US-1982-VRA-AMENDMENTS,1982,-8,0.3475,-0.1432,democracy_civil_rights,Congress
20000,1974,US-1964-24TH-AMENDMENT,1964,10,0.4677,-0.2144,democracy_civil_rights,constitutional_amendment
20000,1974,US-1964-CIVIL-RIGHTS-ACT,1964,10,0.4989,-0.1381,civil_rights,Congress
20000,1974,US-1964-ECONOMIC-OPPORTUNITY,1964,10,0.6352,-0.2176,poverty_social_policy,Congress
20000,1974,US-1964-HEART-ATLANTA,1964,10,0.4439,-0.151,civil_rights_state_capacity,Supreme Court
20000,1974,US-1964-NYT-SULLIVAN,1964,10,0.5325,-0.2052,speech_press,Supreme Court
20000,1974,US-1964-REYNOLDS,1964,10,0.5311,-0.2124,democracy,Supreme Court
20000,1974,US-1965-ESEA,1965,9,0.5947,-0.1731,education,Congress
20000,1974,US-1965-GRISWOLD,1965,9,0.5396,-0.2222,privacy_family,Supreme Court
20000,1974,US-1965-HART-CELLER,1965,9,0.5065,-0.1886,immigration,Congress
20000,1974,US-1965-MEDICARE-MEDICAID,1965,9,0.5959,-0.1892,health_social_insurance,Congress
20000,1974,US-1965-VRA,1965,9,0.4985,-0.1033,democracy_civil_rights,Congress
20000,1974,US-1966-FOIA,1966,8,0.577,-0.1999,transparency,Congress
20000,1974,US-1966-HARPER,1966,8,0.4896,-0.2465,democracy_civil_rights,Supreme Court
20000,1974,US-1966-MIRANDA,1966,8,0.5472,-0.1855,criminal_procedure,Supreme Court
20000,1974,US-1967-KATZ,1967,7,0.3507,-0.227,privacy_surveillance,Supreme Court
20000,1974,US-1967-LOVING,1967,7,0.425,-0.2364,civil_rights_family,Supreme Court
20000,1974,US-1968-FAIR-HOUSING,1968,6,0.5067,-0.1269,civil_rights_housing,Congress
20000,1974,US-1968-GUN-CONTROL,1968,6,0.479,-0.2154,guns_crime,Congress
20000,1974,US-1968-TERRY,1968,6,0.5618,-0.2458,criminal_procedure_policing,Supreme Court
20000,1974,US-1969-BRANDENBURG,1969,5,0.4276,-0.2026,speech,Supreme Court
20000,1974,US-1969-NEPA,1969,5,0.489,-0.179,environment,Congress
20000,1974,US-1969-TINKER,1969,5,0.5545,-0.0812,speech_schools,Supreme Court
20000,1974,US-1970-CLEAN-AIR,1970,4,0.537,-0.251,environment,Congress
20000,1974,US-1970-CSA,1970,4,0.5281,-0.1682,drug_policy,Congress
20000,1974,US-1970-OSHA,1970,4,0.5886,-0.2244,labor_health,Congress
20000,1974,US-1971-26TH,1971,3,0.5895,-0.2025,democracy_youth,constitutional_amendment
20000,1974,US-1971-FECA,1971,3,0.5417,-0.2053,campaign_finance,Congress
20000,1974,US-1971-LEMON,1971,3,0.4672,-0.2241,religion,Supreme Court
20000,1974,US-1971-PENTAGON-PAPERS,1971,3,0.3679,-0.1812,speech_security,Supreme Court
20000,1974,US-1972-CLEAN-WATER,1972,2,0.4962,-0.1242,environment,Congress
20000,1974,US-1972-FURMAN,1972,2,0.431,-0.2426,criminal_justice,Supreme Court
20000,1974,US-1972-TITLE-IX,1972,2,0.5431,-0.1142,gender_education,Congress
20000,1974,US-1972-YODER,1972,2,0.521,-0.2057,religion_education,Supreme Court
20000,1974,US-1973-ESA,1973,1,0.5601,-0.1757,environment,Congress
20000,1974,US-1973-REHABILITATION,1973,1,0.4896,-0.1007,disability_rights,Congress
20000,1974,US-1973-RODRIGUEZ,1973,1,0.419,-0.2231,education_equality,Supreme Court
20000,1974,US-1973-ROE,1973,1,0.5353,-0.1845,privacy_family,Supreme Court
20000,1974,US-1973-WAR-POWERS,1973,1,0.416,-0.2209,executive_power_security,Congress
20000,1974,US-1974-ECOA,1974,0,0.5935,-0.1452,credit_civil_rights,Congress
20000,1974,US-1974-ERISA,1974,0,0.5896,-0.2131,labor_benefits,Congress
20000,1974,US-1974-MILLIKEN,1974,0,0.4525,-0.2605,civil_rights_education,Supreme Court
20000,1974,US-1974-PRIVACY-ACT,1974,0,0.6265,-0.18,privacy_governance,Congress
20000,1974,US-1975-IDEA,1975,-1,0.6233,-0.0598,disability_education,Congress
20000,1974,US-1975-ISDEAA,1975,-1,0.4997,-0.2041,native_policy,Congress
20000,1974,US-1976-BUCKLEY,1976,-2,0.4778,-0.2295,campaign_finance,Supreme Court
20000,1974,US-1976-GREGG,1976,-2,0.6116,-0.2067,criminal_justice,Supreme Court
20000,1974,US-1976-TSCA,1976,-2,0.4942,-0.2125,environment_consumer,Congress
20000,1974,US-1977-CRA,1977,-3,0.5964,-0.2022,housing_credit,Congress
20000,1974,US-1977-FED-DUAL-MANDATE,1977,-3,0.6225,-0.181,macroeconomic_governance,Congress
20000,1974,US-1978-AIRLINE-DEREG,1978,-4,0.4591,-0.2051,deregulation,Congress
20000,1974,US-1978-BAKKE,1978,-4,0.4465,-0.1907,civil_rights_education,Supreme Court
20000,1974,US-1978-FISA,1978,-4,0.5087,-0.1668,privacy_security,Congress
20000,1974,US-1978-HUMPHREY-HAWKINS,1978,-4,0.528,-0.1869,macroeconomic_governance,Congress
20000,1974,US-1978-ICWA,1978,-4,0.5967,-0.1965,native_policy_family,Congress
20000,1974,US-1978-PREGNANCY-DISCRIM,1978,-4,0.5493,-0.1082,gender_labor,Congress
20000,1974,US-1980-CERCLA,1980,-6,0.5659,-0.1948,environment,Congress
20000,1974,US-1980-DIDMCA,1980,-6,0.5664,-0.2064,finance_deregulation,Congress
20000,1974,US-1980-REFUGEE-ACT,1980,-6,0.5471,-0.1794,immigration,Congress
20000,1974,US-1983-CHADHA,1983,-9,0.4533,-0.2424,separation_of_powers,Supreme Court
20000,1974,US-1984-CHEVRON,1984,-10,0.4462,-0.1972,administrative_state,Supreme Court
20000,1974,US-1984-SENTENCING,1984,-10,0.4952,-0.1861,criminal_justice,Congress
20000,1974,US-1968-OMNIBUS-CRIME-CONTROL,1968,6,0.5324,-0.2413,criminal_justice_surveillance,Congress
20000,1974,US-1968-TRUTH-IN-LENDING,1968,6,0.5397,-0.156,consumer_credit,Congress
20000,1974,US-1970-FCRA,1970,4,0.6221,-0.1895,privacy_credit,Congress
20000,1974,US-1972-CPSA,1972,2,0.5745,-0.2142,consumer_safety,Congress
20000,1974,US-1975-EPCA,1975,-1,0.5521,-0.2022,energy_state_capacity,Congress
20000,1974,US-1964-TONKIN-GULF,1964,10,0.3473,-0.1859,war_powers_security,Congress
20000,1974,US-1967-ADEA,1967,7,0.47,-0.1265,civil_rights_labor_age,Congress
20000,1974,US-1970-BANK-SECRECY,1970,4,0.4605,-0.2074,finance_surveillance,Congress
20000,1974,US-1971-ANCSA,1971,3,0.4604,-0.1752,native_policy_land,Congress
20000,1974,US-1978-AIRFA,1978,-4,0.4349,-0.1922,native_policy_religion,Congress
20000,1974,US-1982-VRA-AMENDMENTS,1982,-8,0.4573,-0.1556,democracy_civil_rights,Congress
5000,1974,US-1964-24TH-AMENDMENT,1964,10,0.4566,-0.1867,democracy_civil_rights,constitutional_amendment
5000,1974,US-1964-CIVIL-RIGHTS-ACT,1964,10,0.5357,-0.1979,civil_rights,Congress
5000,1974,US-1964-ECONOMIC-OPPORTUNITY,1964,10,0.6154,-0.1841,poverty_social_policy,Congress
5000,1974,US-1964-HEART-ATLANTA,1964,10,0.5022,-0.1987,civil_rights_state_capacity,Supreme Court
5000,1974,US-1964-NYT-SULLIVAN,1964,10,0.5559,-0.1951,speech_press,Supreme Court
5000,1974,US-1964-REYNOLDS,1964,10,0.5309,-0.1768,democracy,Supreme Court
5000,1974,US-1965-ESEA,1965,9,0.5409,-0.1653,education,Congress
5000,1974,US-1965-GRISWOLD,1965,9,0.4937,-0.1946,privacy_family,Supreme Court
5000,1974,US-1965-HART-CELLER,1965,9,0.4168,-0.172,immigration,Congress
5000,1974,US-1965-MEDICARE-MEDICAID,1965,9,0.6359,-0.165,health_social_insurance,Congress
5000,1974,US-1965-VRA,1965,9,0.51,-0.1322,democracy_civil_rights,Congress
5000,1974,US-1966-FOIA,1966,8,0.4887,-0.1852,transparency,Congress
5000,1974,US-1966-HARPER,1966,8,0.5555,-0.2067,democracy_civil_rights,Supreme Court
5000,1974,US-1966-MIRANDA,1966,8,0.5503,-0.1862,criminal_procedure,Supreme Court
5000,1974,US-1967-KATZ,1967,7,0.3821,-0.2389,privacy_surveillance,Supreme Court
5000,1974,US-1967-LOVING,1967,7,0.4737,-0.1888,civil_rights_family,Supreme Court
5000,1974,US-1968-FAIR-HOUSING,1968,6,0.5625,-0.1916,civil_rights_housing,Congress
5000,1974,US-1968-GUN-CONTROL,1968,6,0.5196,-0.1951,guns_crime,Congress
5000,1974,US-1968-TERRY,1968,6,0.6019,-0.2149,criminal_procedure_policing,Supreme Court
5000,1974,US-1969-BRANDENBURG,1969,5,0.4124,-0.1944,speech,Supreme Court
5000,1974,US-1969-NEPA,1969,5,0.5193,-0.1535,environment,Congress
5000,1974,US-1969-TINKER,1969,5,0.4959,-0.1096,speech_schools,Supreme Court
5000,1974,US-1970-CLEAN-AIR,1970,4,0.5568,-0.2118,environment,Congress
5000,1974,US-1970-CSA,1970,4,0.5803,-0.1816,drug_policy,Congress
5000,1974,US-1970-OSHA,1970,4,0.615,-0.184,labor_health,Congress
5000,1974,US-1971-26TH,1971,3,0.6271,-0.17,democracy_youth,constitutional_amendment
5000,1974,US-1971-FECA,1971,3,0.5964,-0.193,campaign_finance,Congress
5000,1974,US-1971-LEMON,1971,3,0.4598,-0.2034,religion,Supreme Court
5000,1974,US-1971-PENTAGON-PAPERS,1971,3,0.3491,-0.1575,speech_security,Supreme Court
5000,1974,US-1972-CLEAN-WATER,1972,2,0.4542,-0.1275,environment,Congress
5000,1974,US-1972-FURMAN,1972,2,0.4892,-0.1896,criminal_justice,Supreme Court
5000,1974,US-1972-TITLE-IX,1972,2,0.5235,-0.1547,gender_education,Congress
5000,1974,US-1972-YODER,1972,2,0.4692,-0.1833,religion_education,Supreme Court
5000,1974,US-1973-ESA,1973,1,0.5334,-0.1495,environment,Congress
5000,1974,US-1973-REHABILITATION,1973,1,0.4657,-0.1182,disability_rights,Congress
5000,1974,US-1973-RODRIGUEZ,1973,1,0.5089,-0.1864,education_equality,Supreme Court
5000,1974,US-1973-ROE,1973,1,0.482,-0.1708,privacy_family,Supreme Court
5000,1974,US-1973-WAR-POWERS,1973,1,0.4497,-0.1717,executive_power_security,Congress
5000,1974,US-1974-ECOA,1974,0,0.5553,-0.1485,credit_civil_rights,Congress
5000,1974,US-1974-ERISA,1974,0,0.636,-0.1751,labor_benefits,Congress
5000,1974,US-1974-MILLIKEN,1974,0,0.4111,-0.2186,civil_rights_education,Supreme Court
5000,1974,US-1974-PRIVACY-ACT,1974,0,0.6087,-0.1988,privacy_governance,Congress
5000,1974,US-1975-IDEA,1975,-1,0.6028,-0.0662,disability_education,Congress
5000,1974,US-1975-ISDEAA,1975,-1,0.4412,-0.1758,native_policy,Congress
5000,1974,US-1976-BUCKLEY,1976,-2,0.539,-0.2274,campaign_finance,Supreme Court
5000,1974,US-1976-GREGG,1976,-2,0.5366,-0.1697,criminal_justice,Supreme Court
5000,1974,US-1976-TSCA,1976,-2,0.4957,-0.1952,environment_consumer,Congress
5000,1974,US-1977-CRA,1977,-3,0.6642,-0.1593,housing_credit,Congress
5000,1974,US-1977-FED-DUAL-MANDATE,1977,-3,0.6631,-0.148,macroeconomic_governance,Congress
5000,1974,US-1978-AIRLINE-DEREG,1978,-4,0.4472,-0.1766,deregulation,Congress
5000,1974,US-1978-BAKKE,1978,-4,0.4694,-0.1552,civil_rights_education,Supreme Court
5000,1974,US-1978-FISA,1978,-4,0.4969,-0.1664,privacy_security,Congress
5000,1974,US-1978-HUMPHREY-HAWKINS,1978,-4,0.6014,-0.1481,macroeconomic_governance,Congress
5000,1974,US-1978-ICWA,1978,-4,0.5317,-0.168,native_policy_family,Congress
5000,1974,US-1978-PREGNANCY-DISCRIM,1978,-4,0.6351,-0.1553,gender_labor,Congress
5000,1974,US-1980-CERCLA,1980,-6,0.4985,-0.172,environment,Congress
5000,1974,US-1980-DIDMCA,1980,-6,0.6086,-0.1824,finance_deregulation,Congress
5000,1974,US-1980-REFUGEE-ACT,1980,-6,0.5374,-0.1502,immigration,Congress
5000,1974,US-1983-CHADHA,1983,-9,0.5067,-0.2217,separation_of_powers,Supreme Court
5000,1974,US-1984-CHEVRON,1984,-10,0.3945,-0.1241,administrative_state,Supreme Court
5000,1974,US-1984-SENTENCING,1984,-10,0.4467,-0.1694,criminal_justice,Congress
5000,1974,US-1968-OMNIBUS-CRIME-CONTROL,1968,6,0.5012,-0.1993,criminal_justice_surveillance,Congress
5000,1974,US-1968-TRUTH-IN-LENDING,1968,6,0.5775,-0.1338,consumer_credit,Congress
5000,1974,US-1970-FCRA,1970,4,0.5894,-0.1715,privacy_credit,Congress
5000,1974,US-1972-CPSA,1972,2,0.5653,-0.1983,consumer_safety,Congress
5000,1974,US-1975-EPCA,1975,-1,0.5833,-0.1626,energy_state_capacity,Congress
5000,1974,US-1964-TONKIN-GULF,1964,10,0.3834,-0.1569,war_powers_security,Congress
5000,1974,US-1967-ADEA,1967,7,0.518,-0.1691,civil_rights_labor_age,Congress
5000,1974,US-1970-BANK-SECRECY,1970,4,0.5289,-0.173,finance_surveillance,Congress
5000,1974,US-1971-ANCSA,1971,3,0.5079,-0.1642,native_policy_land,Congress
5000,1974,US-1978-AIRFA,1978,-4,0.4377,-0.165,native_policy_religion,Congress
5000,1974,US-1982-VRA-AMENDMENTS,1982,-8,0.5058,-0.1468,democracy_civil_rights,Congress
10000,1975,US-1965-ESEA,1965,10,0.4796,-0.2366,education,Congress
10000,1975,US-1965-GRISWOLD,1965,10,0.3987,-0.2655,privacy_family,Supreme Court
10000,1975,US-1965-HART-CELLER,1965,10,0.3361,-0.2403,immigration,Congress
10000,1975,US-1965-MEDICARE-MEDICAID,1965,10,0.5243,-0.2276,health_social_insurance,Congress
10000,1975,US-1965-VRA,1965,10,0.3981,-0.1468,democracy_civil_rights,Congress
10000,1975,US-1966-FOIA,1966,9,0.394,-0.2559,transparency,Congress
10000,1975,US-1966-HARPER,1966,9,0.3951,-0.2985,democracy_civil_rights,Supreme Court
10000,1975,US-1966-MIRANDA,1966,9,0.4039,-0.2451,criminal_procedure,Supreme Court
10000,1975,US-1967-KATZ,1967,8,0.2497,-0.3155,privacy_surveillance,Supreme Court
10000,1975,US-1967-LOVING,1967,8,0.3189,-0.278,civil_rights_family,Supreme Court
10000,1975,US-1968-FAIR-HOUSING,1968,7,0.396,-0.2229,civil_rights_housing,Congress
10000,1975,US-1968-GUN-CONTROL,1968,7,0.3742,-0.2752,guns_crime,Congress
10000,1975,US-1968-TERRY,1968,7,0.4405,-0.2889,criminal_procedure_policing,Supreme Court
10000,1975,US-1969-BRANDENBURG,1969,6,0.267,-0.2463,speech,Supreme Court
10000,1975,US-1969-NEPA,1969,6,0.3587,-0.2127,environment,Congress
10000,1975,US-1969-TINKER,1969,6,0.3803,-0.1464,speech_schools,Supreme Court
10000,1975,US-1970-CLEAN-AIR,1970,5,0.4252,-0.2991,environment,Congress
10000,1975,US-1970-CSA,1970,5,0.4184,-0.2414,drug_policy,Congress
10000,1975,US-1970-OSHA,1970,5,0.4724,-0.2683,labor_health,Congress
10000,1975,US-1971-26TH,1971,4,0.4509,-0.2312,democracy_youth,constitutional_amendment
10000,1975,US-1971-FECA,1971,4,0.4343,-0.2592,campaign_finance,Congress
10000,1975,US-1971-LEMON,1971,4,0.3627,-0.2772,religion,Supreme Court
10000,1975,US-1971-PENTAGON-PAPERS,1971,4,0.2941,-0.2262,speech_security,Supreme Court
10000,1975,US-1972-CLEAN-WATER,1972,3,0.3561,-0.1897,environment,Congress
10000,1975,US-1972-FURMAN,1972,3,0.3488,-0.2798,criminal_justice,Supreme Court
10000,1975,US-1972-TITLE-IX,1972,3,0.3823,-0.1892,gender_education,Congress
10000,1975,US-1972-YODER,1972,3,0.3841,-0.2715,religion_education,Supreme Court
10000,1975,US-1973-ESA,1973,2,0.4203,-0.2065,environment,Congress
10000,1975,US-1973-REHABILITATION,1973,2,0.3267,-0.1661,disability_rights,Congress
10000,1975,US-1973-RODRIGUEZ,1973,2,0.3604,-0.2625,education_equality,Supreme Court
10000,1975,US-1973-ROE,1973,2,0.3915,-0.2325,privacy_family,Supreme Court
10000,1975,US-1973-WAR-POWERS,1973,2,0.2994,-0.2502,executive_power_security,Congress
10000,1975,US-1974-ECOA,1974,1,0.4987,-0.1841,credit_civil_rights,Congress
10000,1975,US-1974-ERISA,1974,1,0.4857,-0.2473,labor_benefits,Congress
10000,1975,US-1974-MILLIKEN,1974,1,0.3302,-0.3172,civil_rights_education,Supreme Court
10000,1975,US-1974-PRIVACY-ACT,1974,1,0.4602,-0.2446,privacy_governance,Congress
10000,1975,US-1975-IDEA,1975,0,0.5303,-0.0971,disability_education,Congress
10000,1975,US-1975-ISDEAA,1975,0,0.3523,-0.2425,native_policy,Congress
10000,1975,US-1976-BUCKLEY,1976,-1,0.3497,-0.298,campaign_finance,Supreme Court
10000,1975,US-1976-GREGG,1976,-1,0.4709,-0.2503,criminal_justice,Supreme Court
10000,1975,US-1976-TSCA,1976,-1,0.3791,-0.2605,environment_consumer,Congress
10000,1975,US-1977-CRA,1977,-2,0.5313,-0.2308,housing_credit,Congress
10000,1975,US-1977-FED-DUAL-MANDATE,1977,-2,0.5455,-0.1969,macroeconomic_governance,Congress
10000,1975,US-1978-AIRLINE-DEREG,1978,-3,0.3508,-0.2508,deregulation,Congress
10000,1975,US-1978-BAKKE,1978,-3,0.3278,-0.2052,civil_rights_education,Supreme Court
10000,1975,US-1978-FISA,1978,-3,0.3709,-0.2147,privacy_security,Congress
10000,1975,US-1978-HUMPHREY-HAWKINS,1978,-3,0.4164,-0.2121,macroeconomic_governance,Congress
10000,1975,US-1978-ICWA,1978,-3,0.4419,-0.2271,native_policy_family,Congress
10000,1975,US-1978-PREGNANCY-DISCRIM,1978,-3,0.4946,-0.1739,gender_labor,Congress
10000,1975,US-1980-CERCLA,1980,-5,0.4001,-0.2346,environment,Congress
10000,1975,US-1980-DIDMCA,1980,-5,0.4673,-0.254,finance_deregulation,Congress
10000,1975,US-1980-REFUGEE-ACT,1980,-5,0.4297,-0.2171,immigration,Congress
10000,1975,US-1983-CHADHA,1983,-8,0.347,-0.2945,separation_of_powers,Supreme Court
10000,1975,US-1984-CHEVRON,1984,-9,0.3306,-0.1592,administrative_state,Supreme Court
10000,1975,US-1984-SENTENCING,1984,-9,0.328,-0.2289,criminal_justice,Congress
10000,1975,US-1968-OMNIBUS-CRIME-CONTROL,1968,7,0.3835,-0.2848,criminal_justice_surveillance,Congress
10000,1975,US-1968-TRUTH-IN-LENDING,1968,7,0.4311,-0.1796,consumer_credit,Congress
10000,1975,US-1970-FCRA,1970,5,0.5091,-0.2497,privacy_credit,Congress
10000,1975,US-1972-CPSA,1972,3,0.4364,-0.2572,consumer_safety,Congress
10000,1975,US-1975-EPCA,1975,0,0.4711,-0.2427,energy_state_capacity,Congress
10000,1975,US-1967-ADEA,1967,8,0.4015,-0.207,civil_rights_labor_age,Congress
10000,1975,US-1970-BANK-SECRECY,1970,5,0.3923,-0.2506,finance_surveillance,Congress
10000,1975,US-1971-ANCSA,1971,4,0.3742,-0.2172,native_policy_land,Congress
10000,1975,US-1978-AIRFA,1978,-3,0.3495,-0.218,native_policy_religion,Congress
10000,1975,US-1982-VRA-AMENDMENTS,1982,-7,0.3815,-0.2018,democracy_civil_rights,Congress
20000,1975,US-1965-ESEA,1965,10,0.6797,-0.1673,education,Congress
20000,1975,US-1965-GRISWOLD,1965,10,0.5472,-0.2338,privacy_family,Supreme Court
20000,1975,US-1965-HART-CELLER,1965,10,0.4861,-0.1955,immigration,Congress
20000,1975,US-1965-MEDICARE-MEDICAID,1965,10,0.6807,-0.1671,health_social_insurance,Congress
20000,1975,US-1965-VRA,1965,10,0.5616,-0.1108,democracy_civil_rights,Congress
20000,1975,US-1966-FOIA,1966,9,0.6401,-0.198,transparency,Congress
20000,1975,US-1966-HARPER,1966,9,0.5416,-0.2628,democracy_civil_rights,Supreme Court
20000,1975,US-1966-MIRANDA,1966,9,0.6217,-0.2081,criminal_procedure,Supreme Court
20000,1975,US-1967-KATZ,1967,8,0.3845,-0.2651,privacy_surveillance,Supreme Court
20000,1975,US-1967-LOVING,1967,8,0.4412,-0.2524,civil_rights_family,Supreme Court
20000,1975,US-1968-FAIR-HOUSING,1968,7,0.5887,-0.1579,civil_rights_housing,Congress
20000,1975,US-1968-GUN-CONTROL,1968,7,0.5707,-0.2189,guns_crime,Congress
20000,1975,US-1968-TERRY,1968,7,0.6153,-0.2625,criminal_procedure_policing,Supreme Court
20000,1975,US-1969-BRANDENBURG,1969,6,0.4294,-0.1733,speech,Supreme Court
20000,1975,US-1969-NEPA,1969,6,0.5777,-0.1623,environment,Congress
20000,1975,US-1969-TINKER,1969,6,0.5653,-0.0914,speech_schools,Supreme Court
20000,1975,US-1970-CLEAN-AIR,1970,5,0.6251,-0.2454,environment,Congress
20000,1975,US-1970-CSA,1970,5,0.6375,-0.1715,drug_policy,Congress
20000,1975,US-1970-OSHA,1970,5,0.7126,-0.22,labor_health,Congress
20000,1975,US-1971-26TH,1971,4,0.6247,-0.2014,democracy_youth,constitutional_amendment
20000,1975,US-1971-FECA,1971,4,0.6362,-0.2161,campaign_finance,Congress
20000,1975,US-1971-LEMON,1971,4,0.5319,-0.244,religion,Supreme Court
20000,1975,US-1971-PENTAGON-PAPERS,1971,4,0.4996,-0.1812,speech_security,Supreme Court
20000,1975,US-1972-CLEAN-WATER,1972,3,0.5637,-0.1485,environment,Congress
20000,1975,US-1972-FURMAN,1972,3,0.5019,-0.2501,criminal_justice,Supreme Court
20000,1975,US-1972-TITLE-IX,1972,3,0.5764,-0.1319,gender_education,Congress
20000,1975,US-1972-YODER,1972,3,0.5528,-0.2333,religion_education,Supreme Court
20000,1975,US-1973-ESA,1973,2,0.648,-0.1585,environment,Congress
20000,1975,US-1973-REHABILITATION,1973,2,0.5217,-0.1157,disability_rights,Congress
20000,1975,US-1973-RODRIGUEZ,1973,2,0.4786,-0.2076,education_equality,Supreme Court
20000,1975,US-1973-ROE,1973,2,0.5872,-0.17,privacy_family,Supreme Court
20000,1975,US-1973-WAR-POWERS,1973,2,0.4999,-0.2263,executive_power_security,Congress
20000,1975,US-1974-ECOA,1974,1,0.6531,-0.1539,credit_civil_rights,Congress
20000,1975,US-1974-ERISA,1974,1,0.6872,-0.2092,labor_benefits,Congress
20000,1975,US-1974-MILLIKEN,1974,1,0.549,-0.2919,civil_rights_education,Supreme Court
20000,1975,US-1974-PRIVACY-ACT,1974,1,0.6808,-0.196,privacy_governance,Congress
20000,1975,US-1975-IDEA,1975,0,0.7344,-0.0691,disability_education,Congress
20000,1975,US-1975-ISDEAA,1975,0,0.5624,-0.1953,native_policy,Congress
20000,1975,US-1976-BUCKLEY,1976,-1,0.5509,-0.2635,campaign_finance,Supreme Court
20000,1975,US-1976-GREGG,1976,-1,0.6886,-0.2168,criminal_justice,Supreme Court
20000,1975,US-1976-TSCA,1976,-1,0.588,-0.2075,environment_consumer,Congress
20000,1975,US-1977-CRA,1977,-2,0.706,-0.1982,housing_credit,Congress
20000,1975,US-1977-FED-DUAL-MANDATE,1977,-2,0.7314,-0.1704,macroeconomic_governance,Congress
20000,1975,US-1978-AIRLINE-DEREG,1978,-3,0.538,-0.189,deregulation,Congress
20000,1975,US-1978-BAKKE,1978,-3,0.455,-0.1626,civil_rights_education,Supreme Court
20000,1975,US-1978-FISA,1978,-3,0.5532,-0.1697,privacy_security,Congress
20000,1975,US-1978-HUMPHREY-HAWKINS,1978,-3,0.6111,-0.1868,macroeconomic_governance,Congress
20000,1975,US-1978-ICWA,1978,-3,0.6738,-0.1892,native_policy_family,Congress
20000,1975,US-1978-PREGNANCY-DISCRIM,1978,-3,0.5892,-0.1203,gender_labor,Congress
20000,1975,US-1980-CERCLA,1980,-5,0.6363,-0.1897,environment,Congress
20000,1975,US-1980-DIDMCA,1980,-5,0.6604,-0.2012,finance_deregulation,Congress
20000,1975,US-1980-REFUGEE-ACT,1980,-5,0.6297,-0.1839,immigration,Congress
20000,1975,US-1983-CHADHA,1983,-8,0.495,-0.2689,separation_of_powers,Supreme Court
20000,1975,US-1984-CHEVRON,1984,-9,0.5561,-0.1718,administrative_state,Supreme Court
20000,1975,US-1984-SENTENCING,1984,-9,0.5265,-0.1827,criminal_justice,Congress
20000,1975,US-1968-OMNIBUS-CRIME-CONTROL,1968,7,0.6038,-0.2357,criminal_justice_surveillance,Congress
20000,1975,US-1968-TRUTH-IN-LENDING,1968,7,0.6802,-0.1361,consumer_credit,Congress
20000,1975,US-1970-FCRA,1970,5,0.7443,-0.1794,privacy_credit,Congress
20000,1975,US-1972-CPSA,1972,3,0.6601,-0.2046,consumer_safety,Congress
20000,1975,US-1975-EPCA,1975,0,0.6931,-0.189,energy_state_capacity,Congress
20000,1975,US-1967-ADEA,1967,8,0.5083,-0.1414,civil_rights_labor_age,Congress
20000,1975,US-1970-BANK-SECRECY,1970,5,0.5992,-0.2232,finance_surveillance,Congress
20000,1975,US-1971-ANCSA,1971,4,0.6115,-0.1757,native_policy_land,Congress
20000,1975,US-1978-AIRFA,1978,-3,0.5596,-0.1692,native_policy_religion,Congress
20000,1975,US-1982-VRA-AMENDMENTS,1982,-7,0.5389,-0.1434,democracy_civil_rights,Congress
5000,1975,US-1965-ESEA,1965,10,0.3938,-0.1633,education,Congress
5000,1975,US-1965-GRISWOLD,1965,10,0.299,-0.1948,privacy_family,Supreme Court
5000,1975,US-1965-HART-CELLER,1965,10,0.2297,-0.172,immigration,Congress
5000,1975,US-1965-MEDICARE-MEDICAID,1965,10,0.4282,-0.1592,health_social_insurance,Congress
5000,1975,US-1965-VRA,1965,10,0.2781,-0.1212,democracy_civil_rights,Congress
5000,1975,US-1966-FOIA,1966,9,0.2897,-0.1862,transparency,Congress
5000,1975,US-1966-HARPER,1966,9,0.393,-0.2069,democracy_civil_rights,Supreme Court
5000,1975,US-1966-MIRANDA,1966,9,0.4087,-0.1681,criminal_procedure,Supreme Court
5000,1975,US-1967-KATZ,1967,8,0.2587,-0.2283,privacy_surveillance,Supreme Court
5000,1975,US-1967-LOVING,1967,8,0.2377,-0.1892,civil_rights_family,Supreme Court
5000,1975,US-1968-FAIR-HOUSING,1968,7,0.3943,-0.1687,civil_rights_housing,Congress
5000,1975,US-1968-GUN-CONTROL,1968,7,0.3024,-0.1927,guns_crime,Congress
5000,1975,US-1968-TERRY,1968,7,0.3749,-0.2129,criminal_procedure_policing,Supreme Court
5000,1975,US-1969-BRANDENBURG,1969,6,0.1642,-0.1592,speech,Supreme Court
5000,1975,US-1969-NEPA,1969,6,0.2575,-0.1467,environment,Congress
5000,1975,US-1969-TINKER,1969,6,0.2569,-0.1186,speech_schools,Supreme Court
5000,1975,US-1970-CLEAN-AIR,1970,5,0.3635,-0.2039,environment,Congress
5000,1975,US-1970-CSA,1970,5,0.3914,-0.1723,drug_policy,Congress
5000,1975,US-1970-OSHA,1970,5,0.4053,-0.1922,labor_health,Congress
5000,1975,US-1971-26TH,1971,4,0.43,-0.1808,democracy_youth,constitutional_amendment
5000,1975,US-1971-FECA,1971,4,0.3357,-0.185,campaign_finance,Congress
5000,1975,US-1971-LEMON,1971,4,0.2765,-0.2026,religion,Supreme Court
5000,1975,US-1971-PENTAGON-PAPERS,1971,4,0.1661,-0.1356,speech_security,Supreme Court
5000,1975,US-1972-CLEAN-WATER,1972,3,0.2609,-0.1211,environment,Congress
5000,1975,US-1972-FURMAN,1972,3,0.2934,-0.1872,criminal_justice,Supreme Court
5000,1975,US-1972-TITLE-IX,1972,3,0.32,-0.1451,gender_education,Congress
5000,1975,US-1972-YODER,1972,3,0.2577,-0.1828,religion_education,Supreme Court
5000,1975,US-1973-ESA,1973,2,0.3084,-0.1416,environment,Congress
5000,1975,US-1973-REHABILITATION,1973,2,0.2492,-0.1227,disability_rights,Congress
5000,1975,US-1973-RODRIGUEZ,1973,2,0.3023,-0.1652,education_equality,Supreme Court
5000,1975,US-1973-ROE,1973,2,0.311,-0.1519,privacy_family,Supreme Court
5000,1975,US-1973-WAR-POWERS,1973,2,0.1992,-0.1647,executive_power_security,Congress
5000,1975,US-1974-ECOA,1974,1,0.3868,-0.1473,credit_civil_rights,Congress
5000,1975,US-1974-ERISA,1974,1,0.3926,-0.1745,labor_benefits,Congress
5000,1975,US-1974-MILLIKEN,1974,1,0.2337,-0.23,civil_rights_education,Supreme Court
5000,1975,US-1974-PRIVACY-ACT,1974,1,0.3474,-0.1857,privacy_governance,Congress
5000,1975,US-1975-IDEA,1975,0,0.4213,-0.0782,disability_education,Congress
5000,1975,US-1975-ISDEAA,1975,0,0.2443,-0.1693,native_policy,Congress
5000,1975,US-1976-BUCKLEY,1976,-1,0.2608,-0.2052,campaign_finance,Supreme Court
5000,1975,US-1976-GREGG,1976,-1,0.3453,-0.1661,criminal_justice,Supreme Court
5000,1975,US-1976-TSCA,1976,-1,0.3316,-0.1802,environment_consumer,Congress
5000,1975,US-1977-CRA,1977,-2,0.4814,-0.1597,housing_credit,Congress
5000,1975,US-1977-FED-DUAL-MANDATE,1977,-2,0.4981,-0.1438,macroeconomic_governance,Congress
5000,1975,US-1978-AIRLINE-DEREG,1978,-3,0.2508,-0.1733,deregulation,Congress
5000,1975,US-1978-BAKKE,1978,-3,0.2286,-0.1429,civil_rights_education,Supreme Court
5000,1975,US-1978-FISA,1978,-3,0.3135,-0.1446,privacy_security,Congress
5000,1975,US-1978-HUMPHREY-HAWKINS,1978,-3,0.3936,-0.1377,macroeconomic_governance,Congress
5000,1975,US-1978-ICWA,1978,-3,0.3522,-0.171,native_policy_family,Congress
5000,1975,US-1978-PREGNANCY-DISCRIM,1978,-3,0.4587,-0.139,gender_labor,Congress
5000,1975,US-1980-CERCLA,1980,-5,0.2864,-0.178,environment,Congress
5000,1975,US-1980-DIDMCA,1980,-5,0.4096,-0.1737,finance_deregulation,Congress
5000,1975,US-1980-REFUGEE-ACT,1980,-5,0.3631,-0.144,immigration,Congress
5000,1975,US-1983-CHADHA,1983,-8,0.2509,-0.2102,separation_of_powers,Supreme Court
5000,1975,US-1984-CHEVRON,1984,-9,0.1827,-0.1199,administrative_state,Supreme Court
5000,1975,US-1984-SENTENCING,1984,-9,0.1972,-0.1604,criminal_justice,Congress
5000,1975,US-1968-OMNIBUS-CRIME-CONTROL,1968,7,0.2989,-0.1835,criminal_justice_surveillance,Congress
5000,1975,US-1968-TRUTH-IN-LENDING,1968,7,0.3613,-0.1295,consumer_credit,Congress
5000,1975,US-1970-FCRA,1970,5,0.4237,-0.167,privacy_credit,Congress
5000,1975,US-1972-CPSA,1972,3,0.342,-0.1842,consumer_safety,Congress
5000,1975,US-1975-EPCA,1975,0,0.4102,-0.1503,energy_state_capacity,Congress
5000,1975,US-1967-ADEA,1967,8,0.3089,-0.1519,civil_rights_labor_age,Congress
5000,1975,US-1970-BANK-SECRECY,1970,5,0.315,-0.1681,finance_surveillance,Congress
5000,1975,US-1971-ANCSA,1971,4,0.3191,-0.142,native_policy_land,Congress
5000,1975,US-1978-AIRFA,1978,-3,0.2669,-0.1419,native_policy_religion,Congress
5000,1975,US-1982-VRA-AMENDMENTS,1982,-7,0.2974,-0.1423,democracy_civil_rights,Congress
10000,1976,US-1966-FOIA,1966,10,0.4691,-0.2018,transparency,Congress
10000,1976,US-1966-HARPER,1966,10,0.4273,-0.2454,democracy_civil_rights,Supreme Court
10000,1976,US-1966-MIRANDA,1966,10,0.4125,-0.1722,criminal_procedure,Supreme Court
10000,1976,US-1967-KATZ,1967,9,0.2397,-0.2516,privacy_surveillance,Supreme Court
10000,1976,US-1967-LOVING,1967,9,0.3194,-0.2377,civil_rights_family,Supreme Court
10000,1976,US-1968-FAIR-HOUSING,1968,8,0.4215,-0.1639,civil_rights_housing,Congress
10000,1976,US-1968-GUN-CONTROL,1968,8,0.3578,-0.2167,guns_crime,Congress
10000,1976,US-1968-TERRY,1968,8,0.4457,-0.2136,criminal_procedure_policing,Supreme Court
10000,1976,US-1969-BRANDENBURG,1969,7,0.2906,-0.1981,speech,Supreme Court
10000,1976,US-1969-NEPA,1969,7,0.3673,-0.1645,environment,Congress
10000,1976,US-1969-TINKER,1969,7,0.4115,-0.1063,speech_schools,Supreme Court
10000,1976,US-1970-CLEAN-AIR,1970,6,0.428,-0.2492,environment,Congress
10000,1976,US-1970-CSA,1970,6,0.4464,-0.1835,drug_policy,Congress
10000,1976,US-1970-OSHA,1970,6,0.5366,-0.2091,labor_health,Congress
10000,1976,US-1971-26TH,1971,5,0.5234,-0.1986,democracy_youth,constitutional_amendment
10000,1976,US-1971-FECA,1971,5,0.4153,-0.21,campaign_finance,Congress
10000,1976,US-1971-LEMON,1971,5,0.3462,-0.2248,religion,Supreme Court
10000,1976,US-1971-PENTAGON-PAPERS,1971,5,0.2355,-0.1652,speech_security,Supreme Court
10000,1976,US-1972-CLEAN-WATER,1972,4,0.3758,-0.1444,environment,Congress
10000,1976,US-1972-FURMAN,1972,4,0.3865,-0.2215,criminal_justice,Supreme Court
10000,1976,US-1972-TITLE-IX,1972,4,0.4372,-0.1359,gender_education,Congress
10000,1976,US-1972-YODER,1972,4,0.406,-0.2031,religion_education,Supreme Court
10000,1976,US-1973-ESA,1973,3,0.4549,-0.1593,environment,Congress
10000,1976,US-1973-REHABILITATION,1973,3,0.3449,-0.1101,disability_rights,Congress
10000,1976,US-1973-RODRIGUEZ,1973,3,0.36,-0.2116,education_equality,Supreme Court
10000,1976,US-1973-ROE,1973,3,0.3983,-0.1797,privacy_family,Supreme Court
10000,1976,US-1973-WAR-POWERS,1973,3,0.2641,-0.2075,executive_power_security,Congress
10000,1976,US-1974-ECOA,1974,2,0.4917,-0.1491,credit_civil_rights,Congress
10000,1976,US-1974-ERISA,1974,2,0.4891,-0.1911,labor_benefits,Congress
10000,1976,US-1974-MILLIKEN,1974,2,0.3015,-0.2436,civil_rights_education,Supreme Court
10000,1976,US-1974-PRIVACY-ACT,1974,2,0.5328,-0.2007,privacy_governance,Congress
10000,1976,US-1975-IDEA,1975,1,0.5546,-0.0616,disability_education,Congress
10000,1976,US-1975-ISDEAA,1975,1,0.3362,-0.1881,native_policy,Congress
10000,1976,US-1976-BUCKLEY,1976,0,0.349,-0.2469,campaign_finance,Supreme Court
10000,1976,US-1976-GREGG,1976,0,0.5243,-0.1817,criminal_justice,Supreme Court
10000,1976,US-1976-TSCA,1976,0,0.4298,-0.2061,environment_consumer,Congress
10000,1976,US-1977-CRA,1977,-1,0.5548,-0.1902,housing_credit,Congress
10000,1976,US-1977-FED-DUAL-MANDATE,1977,-1,0.5812,-0.1638,macroeconomic_governance,Congress
10000,1976,US-1978-AIRLINE-DEREG,1978,-2,0.3162,-0.1997,deregulation,Congress
10000,1976,US-1978-BAKKE,1978,-2,0.3147,-0.1756,civil_rights_education,Supreme Court
10000,1976,US-1978-FISA,1978,-2,0.3807,-0.1705,privacy_security,Congress
10000,1976,US-1978-HUMPHREY-HAWKINS,1978,-2,0.4311,-0.1827,macroeconomic_governance,Congress
10000,1976,US-1978-ICWA,1978,-2,0.4819,-0.1801,native_policy_family,Congress
10000,1976,US-1978-PREGNANCY-DISCRIM,1978,-2,0.5702,-0.1269,gender_labor,Congress
10000,1976,US-1980-CERCLA,1980,-4,0.4408,-0.1771,environment,Congress
10000,1976,US-1980-DIDMCA,1980,-4,0.4706,-0.191,finance_deregulation,Congress
10000,1976,US-1980-REFUGEE-ACT,1980,-4,0.4412,-0.1724,immigration,Congress
10000,1976,US-1983-CHADHA,1983,-7,0.3604,-0.2482,separation_of_powers,Supreme Court
10000,1976,US-1984-CHEVRON,1984,-8,0.3364,-0.1444,administrative_state,Supreme Court
10000,1976,US-1984-SENTENCING,1984,-8,0.3325,-0.1824,criminal_justice,Congress
10000,1976,US-1986-BOWERS,1986,-10,0.3841,-0.2101,privacy_lgbtq,Supreme Court
10000,1976,US-1986-IRCA,1986,-10,0.37,-0.1675,immigration,Congress
10000,1976,US-1986-TAX-REFORM,1986,-10,0.4267,-0.1515,tax,Congress
10000,1976,US-1968-OMNIBUS-CRIME-CONTROL,1968,8,0.4012,-0.2177,criminal_justice_surveillance,Congress
10000,1976,US-1968-TRUTH-IN-LENDING,1968,8,0.4332,-0.1556,consumer_credit,Congress
10000,1976,US-1970-FCRA,1970,6,0.5509,-0.1924,privacy_credit,Congress
10000,1976,US-1972-CPSA,1972,4,0.4979,-0.2012,consumer_safety,Congress
10000,1976,US-1975-EPCA,1975,1,0.4584,-0.1794,energy_state_capacity,Congress
10000,1976,US-1967-ADEA,1967,9,0.4008,-0.1586,civil_rights_labor_age,Congress
10000,1976,US-1970-BANK-SECRECY,1970,6,0.3813,-0.1963,finance_surveillance,Congress
10000,1976,US-1971-ANCSA,1971,5,0.3514,-0.1722,native_policy_land,Congress
10000,1976,US-1978-AIRFA,1978,-2,0.3753,-0.1824,native_policy_religion,Congress
10000,1976,US-1982-VRA-AMENDMENTS,1982,-6,0.3799,-0.1544,democracy_civil_rights,Congress
20000,1976,US-1966-FOIA,1966,10,0.5217,-0.2123,transparency,Congress
20000,1976,US-1966-HARPER,1966,10,0.4389,-0.2805,democracy_civil_rights,Supreme Court
20000,1976,US-1966-MIRANDA,1966,10,0.5019,-0.1925,criminal_procedure,Supreme Court
20000,1976,US-1967-KATZ,1967,9,0.2978,-0.2655,privacy_surveillance,Supreme Court
20000,1976,US-1967-LOVING,1967,9,0.3579,-0.2744,civil_rights_family,Supreme Court
20000,1976,US-1968-FAIR-HOUSING,1968,8,0.4781,-0.1855,civil_rights_housing,Congress
20000,1976,US-1968-GUN-CONTROL,1968,8,0.4052,-0.2671,guns_crime,Congress
20000,1976,US-1968-TERRY,1968,8,0.4888,-0.2525,criminal_procedure_policing,Supreme Court
20000,1976,US-1969-BRANDENBURG,1969,7,0.3612,-0.2291,speech,Supreme Court
20000,1976,US-1969-NEPA,1969,7,0.4737,-0.2136,environment,Congress
20000,1976,US-1969-TINKER,1969,7,0.4897,-0.116,speech_schools,Supreme Court
20000,1976,US-1970-CLEAN-AIR,1970,6,0.4666,-0.2957,environment,Congress
20000,1976,US-1970-CSA,1970,6,0.4851,-0.1994,drug_policy,Congress
20000,1976,US-1970-OSHA,1970,6,0.5842,-0.2405,labor_health,Congress
20000,1976,US-1971-26TH,1971,5,0.5597,-0.2384,democracy_youth,constitutional_amendment
20000,1976,US-1971-FECA,1971,5,0.4719,-0.2466,campaign_finance,Congress
20000,1976,US-1971-LEMON,1971,5,0.3921,-0.2848,religion,Supreme Court
20000,1976,US-1971-PENTAGON-PAPERS,1971,5,0.3265,-0.2188,speech_security,Supreme Court
20000,1976,US-1972-CLEAN-WATER,1972,4,0.4338,-0.1586,environment,Congress
20000,1976,US-1972-FURMAN,1972,4,0.4112,-0.2646,criminal_justice,Supreme Court
20000,1976,US-1972-TITLE-IX,1972,4,0.4801,-0.1673,gender_education,Congress
20000,1976,US-1972-YODER,1972,4,0.4471,-0.2592,religion_education,Supreme Court
20000,1976,US-1973-ESA,1973,3,0.545,-0.1833,environment,Congress
20000,1976,US-1973-REHABILITATION,1973,3,0.4306,-0.1611,disability_rights,Congress
20000,1976,US-1973-RODRIGUEZ,1973,3,0.3443,-0.2346,education_equality,Supreme Court
20000,1976,US-1973-ROE,1973,3,0.4924,-0.2199,privacy_family,Supreme Court
20000,1976,US-1973-WAR-POWERS,1973,3,0.3482,-0.2502,executive_power_security,Congress
20000,1976,US-1974-ECOA,1974,2,0.5639,-0.1903,credit_civil_rights,Congress
20000,1976,US-1974-ERISA,1974,2,0.5471,-0.231,labor_benefits,Congress
20000,1976,US-1974-MILLIKEN,1974,2,0.3711,-0.3066,civil_rights_education,Supreme Court
20000,1976,US-1974-PRIVACY-ACT,1974,2,0.5789,-0.197,privacy_governance,Congress
20000,1976,US-1975-IDEA,1975,1,0.6213,-0.0751,disability_education,Congress
20000,1976,US-1975-ISDEAA,1975,1,0.4145,-0.2355,native_policy,Congress
20000,1976,US-1976-BUCKLEY,1976,0,0.3792,-0.2968,campaign_finance,Supreme Court
20000,1976,US-1976-GREGG,1976,0,0.6034,-0.2331,criminal_justice,Supreme Court
20000,1976,US-1976-TSCA,1976,0,0.4708,-0.2482,environment_consumer,Congress
20000,1976,US-1977-CRA,1977,-1,0.6001,-0.2248,housing_credit,Congress
20000,1976,US-1977-FED-DUAL-MANDATE,1977,-1,0.6124,-0.207,macroeconomic_governance,Congress
20000,1976,US-1978-AIRLINE-DEREG,1978,-2,0.3936,-0.2525,deregulation,Congress
20000,1976,US-1978-BAKKE,1978,-2,0.3264,-0.2198,civil_rights_education,Supreme Court
20000,1976,US-1978-FISA,1978,-2,0.4393,-0.1969,privacy_security,Congress
20000,1976,US-1978-HUMPHREY-HAWKINS,1978,-2,0.4583,-0.2169,macroeconomic_governance,Congress
20000,1976,US-1978-ICWA,1978,-2,0.5611,-0.2215,native_policy_family,Congress
20000,1976,US-1978-PREGNANCY-DISCRIM,1978,-2,0.5394,-0.1488,gender_labor,Congress
20000,1976,US-1980-CERCLA,1980,-4,0.5316,-0.2147,environment,Congress
20000,1976,US-1980-DIDMCA,1980,-4,0.5211,-0.2353,finance_deregulation,Congress
20000,1976,US-1980-REFUGEE-ACT,1980,-4,0.5177,-0.2195,immigration,Congress
20000,1976,US-1983-CHADHA,1983,-7,0.4093,-0.3002,separation_of_powers,Supreme Court
20000,1976,US-1984-CHEVRON,1984,-8,0.4261,-0.1954,administrative_state,Supreme Court
20000,1976,US-1984-SENTENCING,1984,-8,0.4195,-0.2207,criminal_justice,Congress
20000,1976,US-1986-BOWERS,1986,-10,0.4058,-0.2505,privacy_lgbtq,Supreme Court
20000,1976,US-1986-IRCA,1986,-10,0.4253,-0.1769,immigration,Congress
20000,1976,US-1986-TAX-REFORM,1986,-10,0.5293,-0.1963,tax,Congress
20000,1976,US-1968-OMNIBUS-CRIME-CONTROL,1968,8,0.463,-0.2743,criminal_justice_surveillance,Congress
20000,1976,US-1968-TRUTH-IN-LENDING,1968,8,0.5179,-0.1562,consumer_credit,Congress
20000,1976,US-1970-FCRA,1970,6,0.5885,-0.2063,privacy_credit,Congress
20000,1976,US-1972-CPSA,1972,4,0.5261,-0.2303,consumer_safety,Congress
20000,1976,US-1975-EPCA,1975,1,0.5026,-0.2314,energy_state_capacity,Congress
20000,1976,US-1967-ADEA,1967,9,0.4533,-0.1694,civil_rights_labor_age,Congress
20000,1976,US-1970-BANK-SECRECY,1970,6,0.4553,-0.2146,finance_surveillance,Congress
20000,1976,US-1971-ANCSA,1971,5,0.442,-0.2007,native_policy_land,Congress
20000,1976,US-1978-AIRFA,1978,-2,0.4332,-0.2137,native_policy_religion,Congress
20000,1976,US-1982-VRA-AMENDMENTS,1982,-6,0.4425,-0.1637,democracy_civil_rights,Congress
5000,1976,US-1966-FOIA,1966,10,0.2697,-0.1742,transparency,Congress
5000,1976,US-1966-HARPER,1966,10,0.3332,-0.2039,democracy_civil_rights,Supreme Court
5000,1976,US-1966-MIRANDA,1966,10,0.3093,-0.1795,criminal_procedure,Supreme Court
5000,1976,US-1967-KATZ,1967,9,0.214,-0.247,privacy_surveillance,Supreme Court
5000,1976,US-1967-LOVING,1967,9,0.2314,-0.1857,civil_rights_family,Supreme Court
5000,1976,US-1968-FAIR-HOUSING,1968,8,0.4115,-0.1757,civil_rights_housing,Congress
5000,1976,US-1968-GUN-CONTROL,1968,8,0.2935,-0.1943,guns_crime,Congress
5000,1976,US-1968-TERRY,1968,8,0.3769,-0.2073,criminal_procedure_policing,Supreme Court
5000,1976,US-1969-BRANDENBURG,1969,7,0.1891,-0.1734,speech,Supreme Court
5000,1976,US-1969-NEPA,1969,7,0.2101,-0.1534,environment,Congress
5000,1976,US-1969-TINKER,1969,7,0.3043,-0.1324,speech_schools,Supreme Court
5000,1976,US-1970-CLEAN-AIR,1970,6,0.3183,-0.2271,environment,Congress
5000,1976,US-1970-CSA,1970,6,0.3939,-0.1767,drug_policy,Congress
5000,1976,US-1970-OSHA,1970,6,0.4102,-0.1882,labor_health,Congress
5000,1976,US-1971-26TH,1971,5,0.412,-0.1703,democracy_youth,constitutional_amendment
5000,1976,US-1971-FECA,1971,5,0.3366,-0.1925,campaign_finance,Congress
5000,1976,US-1971-LEMON,1971,5,0.2312,-0.195,religion,Supreme Court
5000,1976,US-1971-PENTAGON-PAPERS,1971,5,0.1416,-0.1364,speech_security,Supreme Court
5000,1976,US-1972-CLEAN-WATER,1972,4,0.2222,-0.1309,environment,Congress
5000,1976,US-1972-FURMAN,1972,4,0.2681,-0.191,criminal_justice,Supreme Court
5000,1976,US-1972-TITLE-IX,1972,4,0.2929,-0.153,gender_education,Congress
5000,1976,US-1972-YODER,1972,4,0.2373,-0.175,religion_education,Supreme Court
5000,1976,US-1973-ESA,1973,3,0.3336,-0.1466,environment,Congress
5000,1976,US-1973-REHABILITATION,1973,3,0.2221,-0.1166,disability_rights,Congress
5000,1976,US-1973-RODRIGUEZ,1973,3,0.2673,-0.1633,education_equality,Supreme Court
5000,1976,US-1973-ROE,1973,3,0.2532,-0.1523,privacy_family,Supreme Court
5000,1976,US-1973-WAR-POWERS,1973,3,0.1723,-0.1842,executive_power_security,Congress
5000,1976,US-1974-ECOA,1974,2,0.3731,-0.1569,credit_civil_rights,Congress
5000,1976,US-1974-ERISA,1974,2,0.3543,-0.1768,labor_benefits,Congress
5000,1976,US-1974-MILLIKEN,1974,2,0.1859,-0.2473,civil_rights_education,Supreme Court
5000,1976,US-1974-PRIVACY-ACT,1974,2,0.3259,-0.1883,privacy_governance,Congress
5000,1976,US-1975-IDEA,1975,1,0.4046,-0.0719,disability_education,Congress
5000,1976,US-1975-ISDEAA,1975,1,0.2346,-0.1723,native_policy,Congress
5000,1976,US-1976-BUCKLEY,1976,0,0.3044,-0.2328,campaign_finance,Supreme Court
5000,1976,US-1976-GREGG,1976,0,0.3279,-0.1624,criminal_justice,Supreme Court
5000,1976,US-1976-TSCA,1976,0,0.2603,-0.1822,environment_consumer,Congress
5000,1976,US-1977-CRA,1977,-1,0.4509,-0.1692,housing_credit,Congress
5000,1976,US-1977-FED-DUAL-MANDATE,1977,-1,0.4561,-0.1462,macroeconomic_governance,Congress
5000,1976,US-1978-AIRLINE-DEREG,1978,-2,0.2451,-0.1673,deregulation,Congress
5000,1976,US-1978-BAKKE,1978,-2,0.2381,-0.1507,civil_rights_education,Supreme Court
5000,1976,US-1978-FISA,1978,-2,0.2688,-0.1551,privacy_security,Congress
5000,1976,US-1978-HUMPHREY-HAWKINS,1978,-2,0.3631,-0.1564,macroeconomic_governance,Congress
5000,1976,US-1978-ICWA,1978,-2,0.3404,-0.1718,native_policy_family,Congress
5000,1976,US-1978-PREGNANCY-DISCRIM,1978,-2,0.4112,-0.1539,gender_labor,Congress
5000,1976,US-1980-CERCLA,1980,-4,0.256,-0.1733,environment,Congress
5000,1976,US-1980-DIDMCA,1980,-4,0.3523,-0.1795,finance_deregulation,Congress
5000,1976,US-1980-REFUGEE-ACT,1980,-4,0.3262,-0.1524,immigration,Congress
5000,1976,US-1983-CHADHA,1983,-7,0.2351,-0.2111,separation_of_powers,Supreme Court
5000,1976,US-1984-CHEVRON,1984,-8,0.191,-0.1221,administrative_state,Supreme Court
5000,1976,US-1984-SENTENCING,1984,-8,0.197,-0.1639,criminal_justice,Congress
5000,1976,US-1986-BOWERS,1986,-10,0.2328,-0.1793,privacy_lgbtq,Supreme Court
5000,1976,US-1986-IRCA,1986,-10,0.2406,-0.1581,immigration,Congress
5000,1976,US-1986-TAX-REFORM,1986,-10,0.2786,-0.1527,tax,Congress
5000,1976,US-1968-OMNIBUS-CRIME-CONTROL,1968,8,0.2889,-0.2007,criminal_justice_surveillance,Congress
5000,1976,US-1968-TRUTH-IN-LENDING,1968,8,0.3553,-0.1406,consumer_credit,Congress
5000,1976,US-1970-FCRA,1970,6,0.3747,-0.1762,privacy_credit,Congress
5000,1976,US-1972-CPSA,1972,4,0.3477,-0.1852,consumer_safety,Congress
5000,1976,US-1975-EPCA,1975,1,0.3585,-0.1688,energy_state_capacity,Congress
5000,1976,US-1967-ADEA,1967,9,0.2665,-0.167,civil_rights_labor_age,Congress
5000,1976,US-1970-BANK-SECRECY,1970,6,0.2604,-0.1857,finance_surveillance,Congress
5000,1976,US-1971-ANCSA,1971,5,0.237,-0.1598,native_policy_land,Congress
5000,1976,US-1978-AIRFA,1978,-2,0.2432,-0.1562,native_policy_religion,Congress
5000,1976,US-1982-VRA-AMENDMENTS,1982,-6,0.2069,-0.1503,democracy_civil_rights,Congress
10000,1977,US-1967-KATZ,1967,10,0.2213,-0.289,privacy_surveillance,Supreme Court
10000,1977,US-1967-LOVING,1967,10,0.3197,-0.2534,civil_rights_family,Supreme Court
10000,1977,US-1968-FAIR-HOUSING,1968,9,0.3735,-0.1975,civil_rights_housing,Congress
10000,1977,US-1968-GUN-CONTROL,1968,9,0.343,-0.2487,guns_crime,Congress
10000,1977,US-1968-TERRY,1968,9,0.4067,-0.2648,criminal_procedure_policing,Supreme Court
10000,1977,US-1969-BRANDENBURG,1969,8,0.2937,-0.2333,speech,Supreme Court
10000,1977,US-1969-NEPA,1969,8,0.3489,-0.2002,environment,Congress
10000,1977,US-1969-TINKER,1969,8,0.3691,-0.1252,speech_schools,Supreme Court
10000,1977,US-1970-CLEAN-AIR,1970,7,0.3915,-0.2749,environment,Congress
10000,1977,US-1970-CSA,1970,7,0.4066,-0.2293,drug_policy,Congress
10000,1977,US-1970-OSHA,1970,7,0.5112,-0.2427,labor_health,Congress
10000,1977,US-1971-26TH,1971,6,0.4782,-0.2234,democracy_youth,constitutional_amendment
10000,1977,US-1971-FECA,1971,6,0.398,-0.2442,campaign_finance,Congress
10000,1977,US-1971-LEMON,1971,6,0.3233,-0.2597,religion,Supreme Court
10000,1977,US-1971-PENTAGON-PAPERS,1971,6,0.226,-0.2079,speech_security,Supreme Court
10000,1977,US-1972-CLEAN-WATER,1972,5,0.355,-0.1595,environment,Congress
10000,1977,US-1972-FURMAN,1972,5,0.3611,-0.2412,criminal_justice,Supreme Court
10000,1977,US-1972-TITLE-IX,1972,5,0.3886,-0.1609,gender_education,Congress
10000,1977,US-1972-YODER,1972,5,0.3413,-0.2446,religion_education,Supreme Court
10000,1977,US-1973-ESA,1973,4,0.4424,-0.2075,environment,Congress
10000,1977,US-1973-REHABILITATION,1973,4,0.3059,-0.1326,disability_rights,Congress
10000,1977,US-1973-RODRIGUEZ,1973,4,0.3576,-0.2472,education_equality,Supreme Court
10000,1977,US-1973-ROE,1973,4,0.3985,-0.2115,privacy_family,Supreme Court
10000,1977,US-1973-WAR-POWERS,1973,4,0.2627,-0.2214,executive_power_security,Congress
10000,1977,US-1974-ECOA,1974,3,0.4309,-0.1908,credit_civil_rights,Congress
10000,1977,US-1974-ERISA,1974,3,0.4657,-0.2309,labor_benefits,Congress
10000,1977,US-1974-MILLIKEN,1974,3,0.2902,-0.2639,civil_rights_education,Supreme Court
10000,1977,US-1974-PRIVACY-ACT,1974,3,0.4799,-0.2571,privacy_governance,Congress
10000,1977,US-1975-IDEA,1975,2,0.4925,-0.0806,disability_education,Congress
10000,1977,US-1975-ISDEAA,1975,2,0.356,-0.2326,native_policy,Congress
10000,1977,US-1976-BUCKLEY,1976,1,0.3666,-0.2863,campaign_finance,Supreme Court
10000,1977,US-1976-GREGG,1976,1,0.4715,-0.2191,criminal_justice,Supreme Court
10000,1977,US-1976-TSCA,1976,1,0.3457,-0.2535,environment_consumer,Congress
10000,1977,US-1977-CRA,1977,0,0.5421,-0.2191,housing_credit,Congress
10000,1977,US-1977-FED-DUAL-MANDATE,1977,0,0.5471,-0.1935,macroeconomic_governance,Congress
10000,1977,US-1978-AIRLINE-DEREG,1978,-1,0.3306,-0.2318,deregulation,Congress
10000,1977,US-1978-BAKKE,1978,-1,0.3152,-0.2088,civil_rights_education,Supreme Court
10000,1977,US-1978-FISA,1978,-1,0.345,-0.222,privacy_security,Congress
10000,1977,US-1978-HUMPHREY-HAWKINS,1978,-1,0.3931,-0.2119,macroeconomic_governance,Congress
10000,1977,US-1978-ICWA,1978,-1,0.4431,-0.2154,native_policy_family,Congress
10000,1977,US-1978-PREGNANCY-DISCRIM,1978,-1,0.4847,-0.1571,gender_labor,Congress
10000,1977,US-1980-CERCLA,1980,-3,0.3898,-0.2159,environment,Congress
10000,1977,US-1980-DIDMCA,1980,-3,0.4586,-0.2327,finance_deregulation,Congress
10000,1977,US-1980-REFUGEE-ACT,1980,-3,0.3902,-0.2028,immigration,Congress
10000,1977,US-1983-CHADHA,1983,-6,0.3301,-0.2697,separation_of_powers,Supreme Court
10000,1977,US-1984-CHEVRON,1984,-7,0.3032,-0.1736,administrative_state,Supreme Court
10000,1977,US-1984-SENTENCING,1984,-7,0.3034,-0.2224,criminal_justice,Congress
10000,1977,US-1986-BOWERS,1986,-9,0.3467,-0.248,privacy_lgbtq,Supreme Court
10000,1977,US-1986-IRCA,1986,-9,0.3007,-0.1944,immigration,Congress
10000,1977,US-1986-TAX-REFORM,1986,-9,0.3843,-0.2069,tax,Congress
10000,1977,US-1968-OMNIBUS-CRIME-CONTROL,1968,9,0.384,-0.2603,criminal_justice_surveillance,Congress
10000,1977,US-1968-TRUTH-IN-LENDING,1968,9,0.3984,-0.1857,consumer_credit,Congress
10000,1977,US-1970-FCRA,1970,7,0.4864,-0.2332,privacy_credit,Congress
10000,1977,US-1972-CPSA,1972,5,0.4442,-0.2374,consumer_safety,Congress
10000,1977,US-1975-EPCA,1975,2,0.4368,-0.2175,energy_state_capacity,Congress
10000,1977,US-1987-DOLE,1987,-10,0.2805,-0.2506,spending_power_federalism,Supreme Court
10000,1977,US-1967-ADEA,1967,10,0.3626,-0.1808,civil_rights_labor_age,Congress
10000,1977,US-1970-BANK-SECRECY,1970,7,0.3143,-0.2317,finance_surveillance,Congress
10000,1977,US-1971-ANCSA,1971,6,0.3348,-0.2094,native_policy_land,Congress
10000,1977,US-1978-AIRFA,1978,-1,0.3535,-0.209,native_policy_religion,Congress
10000,1977,US-1982-VRA-AMENDMENTS,1982,-5,0.3374,-0.1857,democracy_civil_rights,Congress
20000,1977,US-1967-KATZ,1967,10,0.2812,-0.2063,privacy_surveillance,Supreme Court
20000,1977,US-1967-LOVING,1967,10,0.3725,-0.2208,civil_rights_family,Supreme Court
20000,1977,US-1968-FAIR-HOUSING,1968,9,0.4835,-0.1247,civil_rights_housing,Congress
20000,1977,US-1968-GUN-CONTROL,1968,9,0.4382,-0.1893,guns_crime,Congress
20000,1977,US-1968-TERRY,1968,9,0.5368,-0.2067,criminal_procedure_policing,Supreme Court
20000,1977,US-1969-BRANDENBURG,1969,8,0.3853,-0.1636,speech,Supreme Court
20000,1977,US-1969-NEPA,1969,8,0.4626,-0.1459,environment,Congress
20000,1977,US-1969-TINKER,1969,8,0.5267,-0.0784,speech_schools,Supreme Court
20000,1977,US-1970-CLEAN-AIR,1970,7,0.5151,-0.2303,environment,Congress
20000,1977,US-1970-CSA,1970,7,0.491,-0.1592,drug_policy,Congress
20000,1977,US-1970-OSHA,1970,7,0.6264,-0.1859,labor_health,Congress
20000,1977,US-1971-26TH,1971,6,0.6101,-0.1972,democracy_youth,constitutional_amendment
20000,1977,US-1971-FECA,1971,6,0.5032,-0.1942,campaign_finance,Congress
20000,1977,US-1971-LEMON,1971,6,0.4205,-0.2148,religion,Supreme Court
20000,1977,US-1971-PENTAGON-PAPERS,1971,6,0.3283,-0.1733,speech_security,Supreme Court
20000,1977,US-1972-CLEAN-WATER,1972,5,0.478,-0.1182,environment,Congress
20000,1977,US-1972-FURMAN,1972,5,0.416,-0.213,criminal_justice,Supreme Court
20000,1977,US-1972-TITLE-IX,1972,5,0.5049,-0.1005,gender_education,Congress
20000,1977,US-1972-YODER,1972,5,0.5091,-0.2041,religion_education,Supreme Court
20000,1977,US-1973-ESA,1973,4,0.5809,-0.1516,environment,Congress
20000,1977,US-1973-REHABILITATION,1973,4,0.4534,-0.0904,disability_rights,Congress
20000,1977,US-1973-RODRIGUEZ,1973,4,0.411,-0.2079,education_equality,Supreme Court
20000,1977,US-1973-ROE,1973,4,0.504,-0.1497,privacy_family,Supreme Court
20000,1977,US-1973-WAR-POWERS,1973,4,0.3969,-0.1858,executive_power_security,Congress
20000,1977,US-1974-ECOA,1974,3,0.5484,-0.1388,credit_civil_rights,Congress
20000,1977,US-1974-ERISA,1974,3,0.5879,-0.1827,labor_benefits,Congress
20000,1977,US-1974-MILLIKEN,1974,3,0.4498,-0.2204,civil_rights_education,Supreme Court
20000,1977,US-1974-PRIVACY-ACT,1974,3,0.6225,-0.169,privacy_governance,Congress
20000,1977,US-1975-IDEA,1975,2,0.6368,-0.0472,disability_education,Congress
20000,1977,US-1975-ISDEAA,1975,2,0.4936,-0.1849,native_policy,Congress
20000,1977,US-1976-BUCKLEY,1976,1,0.5105,-0.2297,campaign_finance,Supreme Court
20000,1977,US-1976-GREGG,1976,1,0.6522,-0.1813,criminal_justice,Supreme Court
20000,1977,US-1976-TSCA,1976,1,0.4403,-0.1809,environment_consumer,Congress
20000,1977,US-1977-CRA,1977,0,0.6241,-0.1665,housing_credit,Congress
20000,1977,US-1977-FED-DUAL-MANDATE,1977,0,0.6324,-0.1647,macroeconomic_governance,Congress
20000,1977,US-1978-AIRLINE-DEREG,1978,-1,0.4502,-0.1825,deregulation,Congress
20000,1977,US-1978-BAKKE,1978,-1,0.4214,-0.1808,civil_rights_education,Supreme Court
20000,1977,US-1978-FISA,1978,-1,0.393,-0.1483,privacy_security,Congress
20000,1977,US-1978-HUMPHREY-HAWKINS,1978,-1,0.4667,-0.1759,macroeconomic_governance,Congress
20000,1977,US-1978-ICWA,1978,-1,0.5822,-0.1795,native_policy_family,Congress
20000,1977,US-1978-PREGNANCY-DISCRIM,1978,-1,0.4965,-0.1085,gender_labor,Congress
20000,1977,US-1980-CERCLA,1980,-3,0.5382,-0.1609,environment,Congress
20000,1977,US-1980-DIDMCA,1980,-3,0.5552,-0.1945,finance_deregulation,Congress
20000,1977,US-1980-REFUGEE-ACT,1980,-3,0.5081,-0.1684,immigration,Congress
20000,1977,US-1983-CHADHA,1983,-6,0.4364,-0.234,separation_of_powers,Supreme Court
20000,1977,US-1984-CHEVRON,1984,-7,0.4558,-0.1666,administrative_state,Supreme Court
20000,1977,US-1984-SENTENCING,1984,-7,0.4348,-0.1744,criminal_justice,Congress
20000,1977,US-1986-BOWERS,1986,-9,0.408,-0.1781,privacy_lgbtq,Supreme Court
20000,1977,US-1986-IRCA,1986,-9,0.4465,-0.1374,immigration,Congress
20000,1977,US-1986-TAX-REFORM,1986,-9,0.5641,-0.1781,tax,Congress
20000,1977,US-1968-OMNIBUS-CRIME-CONTROL,1968,9,0.5017,-0.2164,criminal_justice_surveillance,Congress
20000,1977,US-1968-TRUTH-IN-LENDING,1968,9,0.4869,-0.1332,consumer_credit,Congress
20000,1977,US-1970-FCRA,1970,7,0.6154,-0.1663,privacy_credit,Congress
20000,1977,US-1972-CPSA,1972,5,0.5443,-0.177,consumer_safety,Congress
20000,1977,US-1975-EPCA,1975,2,0.5388,-0.1796,energy_state_capacity,Congress
20000,1977,US-1987-DOLE,1987,-10,0.3846,-0.2032,spending_power_federalism,Supreme Court
20000,1977,US-1967-ADEA,1967,10,0.4528,-0.124,civil_rights_labor_age,Congress
20000,1977,US-1970-BANK-SECRECY,1970,7,0.4545,-0.1741,finance_surveillance,Congress
20000,1977,US-1971-ANCSA,1971,6,0.5285,-0.1786,native_policy_land,Congress
20000,1977,US-1978-AIRFA,1978,-1,0.507,-0.1761,native_policy_religion,Congress
20000,1977,US-1982-VRA-AMENDMENTS,1982,-5,0.5267,-0.1386,democracy_civil_rights,Congress
5000,1977,US-1967-KATZ,1967,10,0.2585,-0.2677,privacy_surveillance,Supreme Court
5000,1977,US-1967-LOVING,1967,10,0.3184,-0.2151,civil_rights_family,Supreme Court
5000,1977,US-1968-FAIR-HOUSING,1968,9,0.391,-0.1933,civil_rights_housing,Congress
5000,1977,US-1968-GUN-CONTROL,1968,9,0.3363,-0.2027,guns_crime,Congress
5000,1977,US-1968-TERRY,1968,9,0.4202,-0.2178,criminal_procedure_policing,Supreme Court
5000,1977,US-1969-BRANDENBURG,1969,8,0.2728,-0.1836,speech,Supreme Court
5000,1977,US-1969-NEPA,1969,8,0.3204,-0.1576,environment,Congress
5000,1977,US-1969-TINKER,1969,8,0.3693,-0.1404,speech_schools,Supreme Court
5000,1977,US-1970-CLEAN-AIR,1970,7,0.3418,-0.224,environment,Congress
5000,1977,US-1970-CSA,1970,7,0.3937,-0.2026,drug_policy,Congress
5000,1977,US-1970-OSHA,1970,7,0.458,-0.198,labor_health,Congress
5000,1977,US-1971-26TH,1971,6,0.4634,-0.1822,democracy_youth,constitutional_amendment
5000,1977,US-1971-FECA,1971,6,0.3813,-0.1988,campaign_finance,Congress
5000,1977,US-1971-LEMON,1971,6,0.2786,-0.2123,religion,Supreme Court
5000,1977,US-1971-PENTAGON-PAPERS,1971,6,0.2179,-0.1494,speech_security,Supreme Court
5000,1977,US-1972-CLEAN-WATER,1972,5,0.3188,-0.1476,environment,Congress
5000,1977,US-1972-FURMAN,1972,5,0.3333,-0.1999,criminal_justice,Supreme Court
5000,1977,US-1972-TITLE-IX,1972,5,0.3469,-0.1608,gender_education,Congress
5000,1977,US-1972-YODER,1972,5,0.3045,-0.1992,religion_education,Supreme Court
5000,1977,US-1973-ESA,1973,4,0.3574,-0.1509,environment,Congress
5000,1977,US-1973-REHABILITATION,1973,4,0.2696,-0.1311,disability_rights,Congress
5000,1977,US-1973-RODRIGUEZ,1973,4,0.3529,-0.1795,education_equality,Supreme Court
5000,1977,US-1973-ROE,1973,4,0.3612,-0.1725,privacy_family,Supreme Court
5000,1977,US-1973-WAR-POWERS,1973,4,0.2435,-0.171,executive_power_security,Congress
5000,1977,US-1974-ECOA,1974,3,0.3892,-0.1685,credit_civil_rights,Congress
5000,1977,US-1974-ERISA,1974,3,0.4279,-0.1934,labor_benefits,Congress
5000,1977,US-1974-MILLIKEN,1974,3,0.2594,-0.2359,civil_rights_education,Supreme Court
5000,1977,US-1974-PRIVACY-ACT,1974,3,0.4084,-0.2105,privacy_governance,Congress
5000,1977,US-1975-IDEA,1975,2,0.4455,-0.0845,disability_education,Congress
5000,1977,US-1975-ISDEAA,1975,2,0.2641,-0.1898,native_policy,Congress
5000,1977,US-1976-BUCKLEY,1976,1,0.3395,-0.2422,campaign_finance,Supreme Court
5000,1977,US-1976-GREGG,1976,1,0.41,-0.1775,criminal_justice,Supreme Court
5000,1977,US-1976-TSCA,1976,1,0.3353,-0.1998,environment_consumer,Congress
5000,1977,US-1977-CRA,1977,0,0.5003,-0.1666,housing_credit,Congress
5000,1977,US-1977-FED-DUAL-MANDATE,1977,0,0.5201,-0.1491,macroeconomic_governance,Congress
5000,1977,US-1978-AIRLINE-DEREG,1978,-1,0.2551,-0.178,deregulation,Congress
5000,1977,US-1978-BAKKE,1978,-1,0.2989,-0.1464,civil_rights_education,Supreme Court
5000,1977,US-1978-FISA,1978,-1,0.2986,-0.1584,privacy_security,Congress
5000,1977,US-1978-HUMPHREY-HAWKINS,1978,-1,0.3908,-0.1532,macroeconomic_governance,Congress
5000,1977,US-1978-ICWA,1978,-1,0.3778,-0.1841,native_policy_family,Congress
5000,1977,US-1978-PREGNANCY-DISCRIM,1978,-1,0.4714,-0.1695,gender_labor,Congress
5000,1977,US-1980-CERCLA,1980,-3,0.3209,-0.1784,environment,Congress
5000,1977,US-1980-DIDMCA,1980,-3,0.4069,-0.1841,finance_deregulation,Congress
5000,1977,US-1980-REFUGEE-ACT,1980,-3,0.3391,-0.1573,immigration,Congress
5000,1977,US-1983-CHADHA,1983,-6,0.3024,-0.2252,separation_of_powers,Supreme Court
5000,1977,US-1984-CHEVRON,1984,-7,0.2717,-0.1239,administrative_state,Supreme Court
5000,1977,US-1984-SENTENCING,1984,-7,0.2485,-0.1811,criminal_justice,Congress
5000,1977,US-1986-BOWERS,1986,-9,0.2764,-0.2096,privacy_lgbtq,Supreme Court
5000,1977,US-1986-IRCA,1986,-9,0.2947,-0.1755,immigration,Congress
5000,1977,US-1986-TAX-REFORM,1986,-9,0.3356,-0.1613,tax,Congress
5000,1977,US-1968-OMNIBUS-CRIME-CONTROL,1968,9,0.3215,-0.2057,criminal_justice_surveillance,Congress
5000,1977,US-1968-TRUTH-IN-LENDING,1968,9,0.3886,-0.1471,consumer_credit,Congress
5000,1977,US-1970-FCRA,1970,7,0.4131,-0.1889,privacy_credit,Congress
5000,1977,US-1972-CPSA,1972,5,0.3665,-0.2048,consumer_safety,Congress
5000,1977,US-1975-EPCA,1975,2,0.3986,-0.1737,energy_state_capacity,Congress
5000,1977,US-1987-DOLE,1987,-10,0.2743,-0.193,spending_power_federalism,Supreme Court
5000,1977,US-1967-ADEA,1967,10,0.376,-0.1787,civil_rights_labor_age,Congress
5000,1977,US-1970-BANK-SECRECY,1970,7,0.3411,-0.1876,finance_surveillance,Congress
5000,1977,US-1971-ANCSA,1971,6,0.3314,-0.1578,native_policy_land,Congress
5000,1977,US-1978-AIRFA,1978,-1,0.3306,-0.1654,native_policy_religion,Congress
5000,1977,US-1982-VRA-AMENDMENTS,1982,-5,0.3912,-0.1613,democracy_civil_rights,Congress
10000,1978,US-1968-FAIR-HOUSING,1968,10,0.53,-0.2062,civil_rights_housing,Congress
10000,1978,US-1968-GUN-CONTROL,1968,10,0.4659,-0.2687,guns_crime,Congress
10000,1978,US-1968-TERRY,1968,10,0.5691,-0.2803,criminal_procedure_policing,Supreme Court
10000,1978,US-1969-BRANDENBURG,1969,9,0.3332,-0.2415,speech,Supreme Court
10000,1978,US-1969-NEPA,1969,9,0.472,-0.2116,environment,Congress
10000,1978,US-1969-TINKER,1969,9,0.5353,-0.1271,speech_schools,Supreme Court
10000,1978,US-1970-CLEAN-AIR,1970,8,0.5393,-0.291,environment,Congress
10000,1978,US-1970-CSA,1970,8,0.5649,-0.2408,drug_policy,Congress
10000,1978,US-1970-OSHA,1970,8,0.6423,-0.2688,labor_health,Congress
10000,1978,US-1971-26TH,1971,7,0.6423,-0.2302,democracy_youth,constitutional_amendment
10000,1978,US-1971-FECA,1971,7,0.5136,-0.2577,campaign_finance,Congress
10000,1978,US-1971-LEMON,1971,7,0.5039,-0.2598,religion,Supreme Court
10000,1978,US-1971-PENTAGON-PAPERS,1971,7,0.3868,-0.2131,speech_security,Supreme Court
10000,1978,US-1972-CLEAN-WATER,1972,6,0.4617,-0.1766,environment,Congress
10000,1978,US-1972-FURMAN,1972,6,0.4782,-0.2569,criminal_justice,Supreme Court
10000,1978,US-1972-TITLE-IX,1972,6,0.542,-0.1784,gender_education,Congress
10000,1978,US-1972-YODER,1972,6,0.5322,-0.2531,religion_education,Supreme Court
10000,1978,US-1973-ESA,1973,5,0.5476,-0.2141,environment,Congress
10000,1978,US-1973-REHABILITATION,1973,5,0.448,-0.1396,disability_rights,Congress
10000,1978,US-1973-RODRIGUEZ,1973,5,0.5096,-0.2459,education_equality,Supreme Court
10000,1978,US-1973-ROE,1973,5,0.5208,-0.2337,privacy_family,Supreme Court
10000,1978,US-1973-WAR-POWERS,1973,5,0.3781,-0.2527,executive_power_security,Congress
10000,1978,US-1974-ECOA,1974,4,0.6191,-0.1818,credit_civil_rights,Congress
10000,1978,US-1974-ERISA,1974,4,0.5908,-0.2475,labor_benefits,Congress
10000,1978,US-1974-MILLIKEN,1974,4,0.4206,-0.2982,civil_rights_education,Supreme Court
10000,1978,US-1974-PRIVACY-ACT,1974,4,0.6184,-0.2499,privacy_governance,Congress
10000,1978,US-1975-IDEA,1975,3,0.651,-0.0894,disability_education,Congress
10000,1978,US-1975-ISDEAA,1975,3,0.4225,-0.224,native_policy,Congress
10000,1978,US-1976-BUCKLEY,1976,2,0.4459,-0.3053,campaign_finance,Supreme Court
10000,1978,US-1976-GREGG,1976,2,0.6043,-0.2415,criminal_justice,Supreme Court
10000,1978,US-1976-TSCA,1976,2,0.5848,-0.2624,environment_consumer,Congress
10000,1978,US-1977-CRA,1977,1,0.6776,-0.2332,housing_credit,Congress
10000,1978,US-1977-FED-DUAL-MANDATE,1977,1,0.7117,-0.2037,macroeconomic_governance,Congress
10000,1978,US-1978-AIRLINE-DEREG,1978,0,0.4708,-0.236,deregulation,Congress
10000,1978,US-1978-BAKKE,1978,0,0.4343,-0.2147,civil_rights_education,Supreme Court
10000,1978,US-1978-FISA,1978,0,0.495,-0.2197,privacy_security,Congress
10000,1978,US-1978-HUMPHREY-HAWKINS,1978,0,0.5454,-0.2215,macroeconomic_governance,Congress
10000,1978,US-1978-ICWA,1978,0,0.5704,-0.2195,native_policy_family,Congress
10000,1978,US-1978-PREGNANCY-DISCRIM,1978,0,0.6575,-0.1655,gender_labor,Congress
10000,1978,US-1980-CERCLA,1980,-2,0.525,-0.2369,environment,Congress
10000,1978,US-1980-DIDMCA,1980,-2,0.619,-0.2392,finance_deregulation,Congress
10000,1978,US-1980-REFUGEE-ACT,1980,-2,0.5361,-0.2077,immigration,Congress
10000,1978,US-1983-CHADHA,1983,-5,0.5199,-0.2897,separation_of_powers,Supreme Court
10000,1978,US-1984-CHEVRON,1984,-6,0.3976,-0.1921,administrative_state,Supreme Court
10000,1978,US-1984-SENTENCING,1984,-6,0.4065,-0.2266,criminal_justice,Congress
10000,1978,US-1986-BOWERS,1986,-8,0.4846,-0.2564,privacy_lgbtq,Supreme Court
10000,1978,US-1986-IRCA,1986,-8,0.4303,-0.201,immigration,Congress
10000,1978,US-1986-TAX-REFORM,1986,-8,0.558,-0.2014,tax,Congress
10000,1978,US-1988-CIVIL-LIBERTIES-ACT,1988,-10,0.4199,-0.2575,civil_liberties_reparations,Congress
10000,1978,US-1968-OMNIBUS-CRIME-CONTROL,1968,10,0.4974,-0.273,criminal_justice_surveillance,Congress
10000,1978,US-1968-TRUTH-IN-LENDING,1968,10,0.5427,-0.1855,consumer_credit,Congress
10000,1978,US-1970-FCRA,1970,8,0.6123,-0.2405,privacy_credit,Congress
10000,1978,US-1972-CPSA,1972,6,0.5795,-0.2526,consumer_safety,Congress
10000,1978,US-1975-EPCA,1975,3,0.5845,-0.2183,energy_state_capacity,Congress
10000,1978,US-1987-DOLE,1987,-9,0.4443,-0.2578,spending_power_federalism,Supreme Court
10000,1978,US-1970-BANK-SECRECY,1970,8,0.5135,-0.243,finance_surveillance,Congress
10000,1978,US-1971-ANCSA,1971,7,0.4718,-0.2024,native_policy_land,Congress
10000,1978,US-1978-AIRFA,1978,0,0.494,-0.218,native_policy_religion,Congress
10000,1978,US-1982-VRA-AMENDMENTS,1982,-4,0.4861,-0.1926,democracy_civil_rights,Congress
20000,1978,US-1968-FAIR-HOUSING,1968,10,0.641,-0.1634,civil_rights_housing,Congress
20000,1978,US-1968-GUN-CONTROL,1968,10,0.5824,-0.2472,guns_crime,Congress
20000,1978,US-1968-TERRY,1968,10,0.6586,-0.2494,criminal_procedure_policing,Supreme Court
20000,1978,US-1969-BRANDENBURG,1969,9,0.5094,-0.2041,speech,Supreme Court
20000,1978,US-1969-NEPA,1969,9,0.5748,-0.2011,environment,Congress
20000,1978,US-1969-TINKER,1969,9,0.6572,-0.0975,speech_schools,Supreme Court
20000,1978,US-1970-CLEAN-AIR,1970,8,0.6308,-0.2757,environment,Congress
20000,1978,US-1970-CSA,1970,8,0.6665,-0.2042,drug_policy,Congress
20000,1978,US-1970-OSHA,1970,8,0.7406,-0.2438,labor_health,Congress
20000,1978,US-1971-26TH,1971,7,0.7421,-0.2116,democracy_youth,constitutional_amendment
20000,1978,US-1971-FECA,1971,7,0.6346,-0.2441,campaign_finance,Congress
20000,1978,US-1971-LEMON,1971,7,0.5904,-0.2572,religion,Supreme Court
20000,1978,US-1971-PENTAGON-PAPERS,1971,7,0.5038,-0.2002,speech_security,Supreme Court
20000,1978,US-1972-CLEAN-WATER,1972,6,0.6105,-0.14,environment,Congress
20000,1978,US-1972-FURMAN,1972,6,0.5417,-0.2493,criminal_justice,Supreme Court
20000,1978,US-1972-TITLE-IX,1972,6,0.6607,-0.1351,gender_education,Congress
20000,1978,US-1972-YODER,1972,6,0.6355,-0.2411,religion_education,Supreme Court
20000,1978,US-1973-ESA,1973,5,0.683,-0.1981,environment,Congress
20000,1978,US-1973-REHABILITATION,1973,5,0.6,-0.1203,disability_rights,Congress
20000,1978,US-1973-RODRIGUEZ,1973,5,0.521,-0.2122,education_equality,Supreme Court
20000,1978,US-1973-ROE,1973,5,0.6733,-0.1993,privacy_family,Supreme Court
20000,1978,US-1973-WAR-POWERS,1973,5,0.5359,-0.2264,executive_power_security,Congress
20000,1978,US-1974-ECOA,1974,4,0.7125,-0.1673,credit_civil_rights,Congress
20000,1978,US-1974-ERISA,1974,4,0.6795,-0.2341,labor_benefits,Congress
20000,1978,US-1974-MILLIKEN,1974,4,0.5488,-0.2737,civil_rights_education,Supreme Court
20000,1978,US-1974-PRIVACY-ACT,1974,4,0.7387,-0.1988,privacy_governance,Congress
20000,1978,US-1975-IDEA,1975,3,0.7723,-0.0614,disability_education,Congress
20000,1978,US-1975-ISDEAA,1975,3,0.5856,-0.2214,native_policy,Congress
20000,1978,US-1976-BUCKLEY,1976,2,0.5572,-0.2834,campaign_finance,Supreme Court
20000,1978,US-1976-GREGG,1976,2,0.7454,-0.2257,criminal_justice,Supreme Court
20000,1978,US-1976-TSCA,1976,2,0.6876,-0.2332,environment_consumer,Congress
20000,1978,US-1977-CRA,1977,1,0.7539,-0.2153,housing_credit,Congress
20000,1978,US-1977-FED-DUAL-MANDATE,1977,1,0.7862,-0.1914,macroeconomic_governance,Congress
20000,1978,US-1978-AIRLINE-DEREG,1978,0,0.5782,-0.2267,deregulation,Congress
20000,1978,US-1978-BAKKE,1978,0,0.493,-0.203,civil_rights_education,Supreme Court
20000,1978,US-1978-FISA,1978,0,0.5758,-0.1845,privacy_security,Congress
20000,1978,US-1978-HUMPHREY-HAWKINS,1978,0,0.6307,-0.2091,macroeconomic_governance,Congress
20000,1978,US-1978-ICWA,1978,0,0.7167,-0.2154,native_policy_family,Congress
20000,1978,US-1978-PREGNANCY-DISCRIM,1978,0,0.6944,-0.1303,gender_labor,Congress
20000,1978,US-1980-CERCLA,1980,-2,0.6575,-0.2175,environment,Congress
20000,1978,US-1980-DIDMCA,1980,-2,0.679,-0.2297,finance_deregulation,Congress
20000,1978,US-1980-REFUGEE-ACT,1980,-2,0.6467,-0.2116,immigration,Congress
20000,1978,US-1983-CHADHA,1983,-5,0.601,-0.2735,separation_of_powers,Supreme Court
20000,1978,US-1984-CHEVRON,1984,-6,0.522,-0.1852,administrative_state,Supreme Court
20000,1978,US-1984-SENTENCING,1984,-6,0.564,-0.2117,criminal_justice,Congress
20000,1978,US-1986-BOWERS,1986,-8,0.573,-0.2189,privacy_lgbtq,Supreme Court
20000,1978,US-1986-IRCA,1986,-8,0.5654,-0.1748,immigration,Congress
20000,1978,US-1986-TAX-REFORM,1986,-8,0.6934,-0.1878,tax,Congress
20000,1978,US-1988-CIVIL-LIBERTIES-ACT,1988,-10,0.4148,-0.2403,civil_liberties_reparations,Congress
20000,1978,US-1968-OMNIBUS-CRIME-CONTROL,1968,10,0.573,-0.2615,criminal_justice_surveillance,Congress
20000,1978,US-1968-TRUTH-IN-LENDING,1968,10,0.665,-0.167,consumer_credit,Congress
20000,1978,US-1970-FCRA,1970,8,0.7517,-0.2176,privacy_credit,Congress
20000,1978,US-1972-CPSA,1972,6,0.6841,-0.2369,consumer_safety,Congress
20000,1978,US-1975-EPCA,1975,3,0.6796,-0.2229,energy_state_capacity,Congress
20000,1978,US-1987-DOLE,1987,-9,0.5357,-0.2504,spending_power_federalism,Supreme Court
20000,1978,US-1970-BANK-SECRECY,1970,8,0.6376,-0.2177,finance_surveillance,Congress
20000,1978,US-1971-ANCSA,1971,7,0.6107,-0.2073,native_policy_land,Congress
20000,1978,US-1978-AIRFA,1978,0,0.6414,-0.214,native_policy_religion,Congress
20000,1978,US-1982-VRA-AMENDMENTS,1982,-4,0.5685,-0.1672,democracy_civil_rights,Congress
5000,1978,US-1968-FAIR-HOUSING,1968,10,0.5894,-0.21,civil_rights_housing,Congress
5000,1978,US-1968-GUN-CONTROL,1968,10,0.5125,-0.2361,guns_crime,Congress
5000,1978,US-1968-TERRY,1968,10,0.5512,-0.2579,criminal_procedure_policing,Supreme Court
5000,1978,US-1969-BRANDENBURG,1969,9,0.3869,-0.2147,speech,Supreme Court
5000,1978,US-1969-NEPA,1969,9,0.4503,-0.2121,environment,Congress
5000,1978,US-1969-TINKER,1969,9,0.516,-0.1606,speech_schools,Supreme Court
5000,1978,US-1970-CLEAN-AIR,1970,8,0.5077,-0.2538,environment,Congress
5000,1978,US-1970-CSA,1970,8,0.5659,-0.2192,drug_policy,Congress
5000,1978,US-1970-OSHA,1970,8,0.623,-0.2377,labor_health,Congress
5000,1978,US-1971-26TH,1971,7,0.6386,-0.2214,democracy_youth,constitutional_amendment
5000,1978,US-1971-FECA,1971,7,0.5015,-0.2372,campaign_finance,Congress
5000,1978,US-1971-LEMON,1971,7,0.4318,-0.2471,religion,Supreme Court
5000,1978,US-1971-PENTAGON-PAPERS,1971,7,0.3662,-0.1883,speech_security,Supreme Court
5000,1978,US-1972-CLEAN-WATER,1972,6,0.4541,-0.1587,environment,Congress
5000,1978,US-1972-FURMAN,1972,6,0.49,-0.2293,criminal_justice,Supreme Court
5000,1978,US-1972-TITLE-IX,1972,6,0.5025,-0.1722,gender_education,Congress
5000,1978,US-1972-YODER,1972,6,0.4503,-0.2216,religion_education,Supreme Court
5000,1978,US-1973-ESA,1973,5,0.5222,-0.1851,environment,Congress
5000,1978,US-1973-REHABILITATION,1973,5,0.4264,-0.1487,disability_rights,Congress
5000,1978,US-1973-RODRIGUEZ,1973,5,0.5174,-0.2161,education_equality,Supreme Court
5000,1978,US-1973-ROE,1973,5,0.5225,-0.1872,privacy_family,Supreme Court
5000,1978,US-1973-WAR-POWERS,1973,5,0.3889,-0.2014,executive_power_security,Congress
5000,1978,US-1974-ECOA,1974,4,0.5734,-0.19,credit_civil_rights,Congress
5000,1978,US-1974-ERISA,1974,4,0.579,-0.2196,labor_benefits,Congress
5000,1978,US-1974-MILLIKEN,1974,4,0.3878,-0.265,civil_rights_education,Supreme Court
5000,1978,US-1974-PRIVACY-ACT,1974,4,0.5377,-0.2417,privacy_governance,Congress
5000,1978,US-1975-IDEA,1975,3,0.6173,-0.1051,disability_education,Congress
5000,1978,US-1975-ISDEAA,1975,3,0.4125,-0.211,native_policy,Congress
5000,1978,US-1976-BUCKLEY,1976,2,0.4829,-0.2812,campaign_finance,Supreme Court
5000,1978,US-1976-GREGG,1976,2,0.5725,-0.2211,criminal_justice,Supreme Court
5000,1978,US-1976-TSCA,1976,2,0.5412,-0.2349,environment_consumer,Congress
5000,1978,US-1977-CRA,1977,1,0.6313,-0.2111,housing_credit,Congress
5000,1978,US-1977-FED-DUAL-MANDATE,1977,1,0.6734,-0.1928,macroeconomic_governance,Congress
5000,1978,US-1978-AIRLINE-DEREG,1978,0,0.4557,-0.2196,deregulation,Congress
5000,1978,US-1978-BAKKE,1978,0,0.4177,-0.1828,civil_rights_education,Supreme Court
5000,1978,US-1978-FISA,1978,0,0.4848,-0.2077,privacy_security,Congress
5000,1978,US-1978-HUMPHREY-HAWKINS,1978,0,0.5528,-0.1968,macroeconomic_governance,Congress
5000,1978,US-1978-ICWA,1978,0,0.5523,-0.2162,native_policy_family,Congress
5000,1978,US-1978-PREGNANCY-DISCRIM,1978,0,0.6213,-0.1768,gender_labor,Congress
5000,1978,US-1980-CERCLA,1980,-2,0.4717,-0.2222,environment,Congress
5000,1978,US-1980-DIDMCA,1980,-2,0.5492,-0.2198,finance_deregulation,Congress
5000,1978,US-1980-REFUGEE-ACT,1980,-2,0.5092,-0.1801,immigration,Congress
5000,1978,US-1983-CHADHA,1983,-5,0.4494,-0.2642,separation_of_powers,Supreme Court
5000,1978,US-1984-CHEVRON,1984,-6,0.3889,-0.1731,administrative_state,Supreme Court
5000,1978,US-1984-SENTENCING,1984,-6,0.401,-0.2111,criminal_justice,Congress
5000,1978,US-1986-BOWERS,1986,-8,0.4287,-0.2247,privacy_lgbtq,Supreme Court
5000,1978,US-1986-IRCA,1986,-8,0.4376,-0.1968,immigration,Congress
5000,1978,US-1986-TAX-REFORM,1986,-8,0.5029,-0.1979,tax,Congress
5000,1978,US-1988-CIVIL-LIBERTIES-ACT,1988,-10,0.3966,-0.2553,civil_liberties_reparations,Congress
5000,1978,US-1968-OMNIBUS-CRIME-CONTROL,1968,10,0.4398,-0.2355,criminal_justice_surveillance,Congress
5000,1978,US-1968-TRUTH-IN-LENDING,1968,10,0.553,-0.1824,consumer_credit,Congress
5000,1978,US-1970-FCRA,1970,8,0.5758,-0.2207,privacy_credit,Congress
5000,1978,US-1972-CPSA,1972,6,0.5463,-0.2327,consumer_safety,Congress
5000,1978,US-1975-EPCA,1975,3,0.55,-0.1954,energy_state_capacity,Congress
5000,1978,US-1987-DOLE,1987,-9,0.3978,-0.2269,spending_power_federalism,Supreme Court
5000,1978,US-1970-BANK-SECRECY,1970,8,0.4906,-0.2303,finance_surveillance,Congress
5000,1978,US-1971-ANCSA,1971,7,0.4797,-0.2029,native_policy_land,Congress
5000,1978,US-1978-AIRFA,1978,0,0.5093,-0.2019,native_policy_religion,Congress
5000,1978,US-1982-VRA-AMENDMENTS,1982,-4,0.4912,-0.1941,democracy_civil_rights,Congress
10000,1979,US-1969-BRANDENBURG,1969,10,0.2483,-0.206,speech,Supreme Court
10000,1979,US-1969-NEPA,1969,10,0.3744,-0.1795,environment,Congress
10000,1979,US-1969-TINKER,1969,10,0.4132,-0.1229,speech_schools,Supreme Court
10000,1979,US-1970-CLEAN-AIR,1970,9,0.4209,-0.2378,environment,Congress
10000,1979,US-1970-CSA,1970,9,0.42,-0.1899,drug_policy,Congress
10000,1979,US-1970-OSHA,1970,9,0.5031,-0.2194,labor_health,Congress
10000,1979,US-1971-26TH,1971,8,0.5361,-0.1766,democracy_youth,constitutional_amendment
10000,1979,US-1971-FECA,1971,8,0.4083,-0.2113,campaign_finance,Congress
10000,1979,US-1971-LEMON,1971,8,0.3701,-0.2307,religion,Supreme Court
10000,1979,US-1971-PENTAGON-PAPERS,1971,8,0.2608,-0.167,speech_security,Supreme Court
10000,1979,US-1972-CLEAN-WATER,1972,7,0.3824,-0.1454,environment,Congress
10000,1979,US-1972-FURMAN,1972,7,0.3784,-0.2335,criminal_justice,Supreme Court
10000,1979,US-1972-TITLE-IX,1972,7,0.4127,-0.1449,gender_education,Congress
10000,1979,US-1972-YODER,1972,7,0.4018,-0.217,religion_education,Supreme Court
10000,1979,US-1973-ESA,1973,6,0.4119,-0.1685,environment,Congress
10000,1979,US-1973-REHABILITATION,1973,6,0.3306,-0.1278,disability_rights,Congress
10000,1979,US-1973-RODRIGUEZ,1973,6,0.3795,-0.2046,education_equality,Supreme Court
10000,1979,US-1973-ROE,1973,6,0.4034,-0.1897,privacy_family,Supreme Court
10000,1979,US-1973-WAR-POWERS,1973,6,0.3143,-0.1947,executive_power_security,Congress
10000,1979,US-1974-ECOA,1974,5,0.4647,-0.1625,credit_civil_rights,Congress
10000,1979,US-1974-ERISA,1974,5,0.4938,-0.2068,labor_benefits,Congress
10000,1979,US-1974-MILLIKEN,1974,5,0.3034,-0.2686,civil_rights_education,Supreme Court
10000,1979,US-1974-PRIVACY-ACT,1974,5,0.5037,-0.1856,privacy_governance,Congress
10000,1979,US-1975-IDEA,1975,4,0.543,-0.0727,disability_education,Congress
10000,1979,US-1975-ISDEAA,1975,4,0.3433,-0.1973,native_policy,Congress
10000,1979,US-1976-BUCKLEY,1976,3,0.3366,-0.2572,campaign_finance,Supreme Court
10000,1979,US-1976-GREGG,1976,3,0.504,-0.2113,criminal_justice,Supreme Court
10000,1979,US-1976-TSCA,1976,3,0.4412,-0.2054,environment_consumer,Congress
10000,1979,US-1977-CRA,1977,2,0.5655,-0.2024,housing_credit,Congress
10000,1979,US-1977-FED-DUAL-MANDATE,1977,2,0.5981,-0.1661,macroeconomic_governance,Congress
10000,1979,US-1978-AIRLINE-DEREG,1978,1,0.3248,-0.2025,deregulation,Congress
10000,1979,US-1978-BAKKE,1978,1,0.3306,-0.1833,civil_rights_education,Supreme Court
10000,1979,US-1978-FISA,1978,1,0.399,-0.172,privacy_security,Congress
10000,1979,US-1978-HUMPHREY-HAWKINS,1978,1,0.4398,-0.1762,macroeconomic_governance,Congress
10000,1979,US-1978-ICWA,1978,1,0.4187,-0.1863,native_policy_family,Congress
10000,1979,US-1978-PREGNANCY-DISCRIM,1978,1,0.4988,-0.1437,gender_labor,Congress
10000,1979,US-1980-CERCLA,1980,-1,0.4016,-0.2087,environment,Congress
10000,1979,US-1980-DIDMCA,1980,-1,0.4926,-0.2074,finance_deregulation,Congress
10000,1979,US-1980-REFUGEE-ACT,1980,-1,0.4508,-0.1732,immigration,Congress
10000,1979,US-1983-CHADHA,1983,-4,0.411,-0.2465,separation_of_powers,Supreme Court
10000,1979,US-1984-CHEVRON,1984,-5,0.3074,-0.1599,administrative_state,Supreme Court
10000,1979,US-1984-SENTENCING,1984,-5,0.3306,-0.1827,criminal_justice,Congress
10000,1979,US-1986-BOWERS,1986,-7,0.3584,-0.2243,privacy_lgbtq,Supreme Court
10000,1979,US-1986-IRCA,1986,-7,0.3374,-0.1481,immigration,Congress
10000,1979,US-1986-TAX-REFORM,1986,-7,0.429,-0.1862,tax,Congress
10000,1979,US-1988-CIVIL-LIBERTIES-ACT,1988,-9,0.3027,-0.2378,civil_liberties_reparations,Congress
10000,1979,US-1970-FCRA,1970,9,0.5396,-0.194,privacy_credit,Congress
10000,1979,US-1972-CPSA,1972,7,0.456,-0.2173,consumer_safety,Congress
10000,1979,US-1975-EPCA,1975,4,0.4745,-0.1879,energy_state_capacity,Congress
10000,1979,US-1987-DOLE,1987,-8,0.3239,-0.2102,spending_power_federalism,Supreme Court
10000,1979,US-1970-BANK-SECRECY,1970,9,0.4094,-0.1973,finance_surveillance,Congress
10000,1979,US-1971-ANCSA,1971,8,0.4559,-0.1787,native_policy_land,Congress
10000,1979,US-1978-AIRFA,1978,1,0.39,-0.1837,native_policy_religion,Congress
10000,1979,US-1982-VRA-AMENDMENTS,1982,-3,0.4101,-0.1607,democracy_civil_rights,Congress
20000,1979,US-1969-BRANDENBURG,1969,10,0.3704,-0.2243,speech,Supreme Court
20000,1979,US-1969-NEPA,1969,10,0.4541,-0.2191,environment,Congress
20000,1979,US-1969-TINKER,1969,10,0.4737,-0.1163,speech_schools,Supreme Court
20000,1979,US-1970-CLEAN-AIR,1970,9,0.5228,-0.2834,environment,Congress
20000,1979,US-1970-CSA,1970,9,0.5529,-0.2101,drug_policy,Congress
20000,1979,US-1970-OSHA,1970,9,0.6449,-0.2518,labor_health,Congress
20000,1979,US-1971-26TH,1971,8,0.6296,-0.2211,democracy_youth,constitutional_amendment
20000,1979,US-1971-FECA,1971,8,0.5246,-0.2333,campaign_finance,Congress
20000,1979,US-1971-LEMON,1971,8,0.4609,-0.2675,religion,Supreme Court
20000,1979,US-1971-PENTAGON-PAPERS,1971,8,0.3549,-0.2117,speech_security,Supreme Court
20000,1979,US-1972-CLEAN-WATER,1972,7,0.4801,-0.1571,environment,Congress
20000,1979,US-1972-FURMAN,1972,7,0.4554,-0.2834,criminal_justice,Supreme Court
20000,1979,US-1972-TITLE-IX,1972,7,0.4895,-0.1504,gender_education,Congress
20000,1979,US-1972-YODER,1972,7,0.4924,-0.2545,religion_education,Supreme Court
20000,1979,US-1973-ESA,1973,6,0.5666,-0.2058,environment,Congress
20000,1979,US-1973-REHABILITATION,1973,6,0.4244,-0.1143,disability_rights,Congress
20000,1979,US-1973-RODRIGUEZ,1973,6,0.4255,-0.2418,education_equality,Supreme Court
20000,1979,US-1973-ROE,1973,6,0.5322,-0.2125,privacy_family,Supreme Court
20000,1979,US-1973-WAR-POWERS,1973,6,0.4347,-0.2351,executive_power_security,Congress
20000,1979,US-1974-ECOA,1974,5,0.5384,-0.1805,credit_civil_rights,Congress
20000,1979,US-1974-ERISA,1974,5,0.6042,-0.2405,labor_benefits,Congress
20000,1979,US-1974-MILLIKEN,1974,5,0.4136,-0.2977,civil_rights_education,Supreme Court
20000,1979,US-1974-PRIVACY-ACT,1974,5,0.5669,-0.196,privacy_governance,Congress
20000,1979,US-1975-IDEA,1975,4,0.6431,-0.0592,disability_education,Congress
20000,1979,US-1975-ISDEAA,1975,4,0.4445,-0.2328,native_policy,Congress
20000,1979,US-1976-BUCKLEY,1976,3,0.4674,-0.283,campaign_finance,Supreme Court
20000,1979,US-1976-GREGG,1976,3,0.6579,-0.2543,criminal_justice,Supreme Court
20000,1979,US-1976-TSCA,1976,3,0.5334,-0.2408,environment_consumer,Congress
20000,1979,US-1977-CRA,1977,2,0.6111,-0.2305,housing_credit,Congress
20000,1979,US-1977-FED-DUAL-MANDATE,1977,2,0.6563,-0.2161,macroeconomic_governance,Congress
20000,1979,US-1978-AIRLINE-DEREG,1978,1,0.4313,-0.2404,deregulation,Congress
20000,1979,US-1978-BAKKE,1978,1,0.3771,-0.2158,civil_rights_education,Supreme Court
20000,1979,US-1978-FISA,1978,1,0.4885,-0.1964,privacy_security,Congress
20000,1979,US-1978-HUMPHREY-HAWKINS,1978,1,0.5163,-0.2253,macroeconomic_governance,Congress
20000,1979,US-1978-ICWA,1978,1,0.5817,-0.2267,native_policy_family,Congress
20000,1979,US-1978-PREGNANCY-DISCRIM,1978,1,0.5423,-0.1643,gender_labor,Congress
20000,1979,US-1980-CERCLA,1980,-1,0.5489,-0.2408,environment,Congress
20000,1979,US-1980-DIDMCA,1980,-1,0.575,-0.2364,finance_deregulation,Congress
20000,1979,US-1980-REFUGEE-ACT,1980,-1,0.5717,-0.2194,immigration,Congress
20000,1979,US-1983-CHADHA,1983,-4,0.4792,-0.2918,separation_of_powers,Supreme Court
20000,1979,US-1984-CHEVRON,1984,-5,0.4304,-0.2143,administrative_state,Supreme Court
20000,1979,US-1984-SENTENCING,1984,-5,0.4578,-0.2261,criminal_justice,Congress
20000,1979,US-1986-BOWERS,1986,-7,0.4233,-0.2269,privacy_lgbtq,Supreme Court
20000,1979,US-1986-IRCA,1986,-7,0.4497,-0.1754,immigration,Congress
20000,1979,US-1986-TAX-REFORM,1986,-7,0.5788,-0.2219,tax,Congress
20000,1979,US-1988-CIVIL-LIBERTIES-ACT,1988,-9,0.3391,-0.2749,civil_liberties_reparations,Congress
20000,1979,US-1970-FCRA,1970,9,0.6356,-0.2173,privacy_credit,Congress
20000,1979,US-1972-CPSA,1972,7,0.5993,-0.2432,consumer_safety,Congress
20000,1979,US-1975-EPCA,1975,4,0.5912,-0.2299,energy_state_capacity,Congress
20000,1979,US-1987-DOLE,1987,-8,0.3884,-0.2548,spending_power_federalism,Supreme Court
20000,1979,US-1970-BANK-SECRECY,1970,9,0.4832,-0.2455,finance_surveillance,Congress
20000,1979,US-1971-ANCSA,1971,8,0.535,-0.2322,native_policy_land,Congress
20000,1979,US-1978-AIRFA,1978,1,0.5219,-0.2318,native_policy_religion,Congress
20000,1979,US-1982-VRA-AMENDMENTS,1982,-3,0.4706,-0.1766,democracy_civil_rights,Congress
5000,1979,US-1969-BRANDENBURG,1969,10,0.2281,-0.1996,speech,Supreme Court
5000,1979,US-1969-NEPA,1969,10,0.362,-0.1763,environment,Congress
5000,1979,US-1969-TINKER,1969,10,0.3525,-0.1578,speech_schools,Supreme Court
5000,1979,US-1970-CLEAN-AIR,1970,9,0.3291,-0.2389,environment,Congress
5000,1979,US-1970-CSA,1970,9,0.3976,-0.1987,drug_policy,Congress
5000,1979,US-1970-OSHA,1970,9,0.4763,-0.2146,labor_health,Congress
5000,1979,US-1971-26TH,1971,8,0.4693,-0.1807,democracy_youth,constitutional_amendment
5000,1979,US-1971-FECA,1971,8,0.4183,-0.2204,campaign_finance,Congress
5000,1979,US-1971-LEMON,1971,8,0.3399,-0.2304,religion,Supreme Court
5000,1979,US-1971-PENTAGON-PAPERS,1971,8,0.2406,-0.1632,speech_security,Supreme Court
5000,1979,US-1972-CLEAN-WATER,1972,7,0.3325,-0.1537,environment,Congress
5000,1979,US-1972-FURMAN,1972,7,0.3574,-0.2091,criminal_justice,Supreme Court
5000,1979,US-1972-TITLE-IX,1972,7,0.4117,-0.1629,gender_education,Congress
5000,1979,US-1972-YODER,1972,7,0.3497,-0.1955,religion_education,Supreme Court
5000,1979,US-1973-ESA,1973,6,0.3649,-0.1718,environment,Congress
5000,1979,US-1973-REHABILITATION,1973,6,0.3143,-0.1421,disability_rights,Congress
5000,1979,US-1973-RODRIGUEZ,1973,6,0.3942,-0.1914,education_equality,Supreme Court
5000,1979,US-1973-ROE,1973,6,0.3717,-0.1787,privacy_family,Supreme Court
5000,1979,US-1973-WAR-POWERS,1973,6,0.2635,-0.1907,executive_power_security,Congress
5000,1979,US-1974-ECOA,1974,5,0.4136,-0.1736,credit_civil_rights,Congress
5000,1979,US-1974-ERISA,1974,5,0.4983,-0.2013,labor_benefits,Congress
5000,1979,US-1974-MILLIKEN,1974,5,0.2648,-0.2655,civil_rights_education,Supreme Court
5000,1979,US-1974-PRIVACY-ACT,1974,5,0.4148,-0.2082,privacy_governance,Congress
5000,1979,US-1975-IDEA,1975,4,0.4704,-0.0957,disability_education,Congress
5000,1979,US-1975-ISDEAA,1975,4,0.3047,-0.1934,native_policy,Congress
5000,1979,US-1976-BUCKLEY,1976,3,0.3777,-0.2626,campaign_finance,Supreme Court
5000,1979,US-1976-GREGG,1976,3,0.438,-0.1868,criminal_justice,Supreme Court
5000,1979,US-1976-TSCA,1976,3,0.3402,-0.208,environment_consumer,Congress
5000,1979,US-1977-CRA,1977,2,0.5119,-0.188,housing_credit,Congress
5000,1979,US-1977-FED-DUAL-MANDATE,1977,2,0.5252,-0.1701,macroeconomic_governance,Congress
5000,1979,US-1978-AIRLINE-DEREG,1978,1,0.2868,-0.1994,deregulation,Congress
5000,1979,US-1978-BAKKE,1978,1,0.2767,-0.177,civil_rights_education,Supreme Court
5000,1979,US-1978-FISA,1978,1,0.3618,-0.1779,privacy_security,Congress
5000,1979,US-1978-HUMPHREY-HAWKINS,1978,1,0.3949,-0.1696,macroeconomic_governance,Congress
5000,1979,US-1978-ICWA,1978,1,0.3628,-0.1916,native_policy_family,Congress
5000,1979,US-1978-PREGNANCY-DISCRIM,1978,1,0.5211,-0.1701,gender_labor,Congress
5000,1979,US-1980-CERCLA,1980,-1,0.3535,-0.2008,environment,Congress
5000,1979,US-1980-DIDMCA,1980,-1,0.4453,-0.2066,finance_deregulation,Congress
5000,1979,US-1980-REFUGEE-ACT,1980,-1,0.3653,-0.1778,immigration,Congress
5000,1979,US-1983-CHADHA,1983,-4,0.3127,-0.2337,separation_of_powers,Supreme Court
5000,1979,US-1984-CHEVRON,1984,-5,0.289,-0.1385,administrative_state,Supreme Court
5000,1979,US-1984-SENTENCING,1984,-5,0.2721,-0.185,criminal_justice,Congress
5000,1979,US-1986-BOWERS,1986,-7,0.3067,-0.2124,privacy_lgbtq,Supreme Court
5000,1979,US-1986-IRCA,1986,-7,0.2805,-0.1687,immigration,Congress
5000,1979,US-1986-TAX-REFORM,1986,-7,0.3557,-0.1858,tax,Congress
5000,1979,US-1988-CIVIL-LIBERTIES-ACT,1988,-9,0.272,-0.2275,civil_liberties_reparations,Congress
5000,1979,US-1970-FCRA,1970,9,0.4377,-0.2009,privacy_credit,Congress
5000,1979,US-1972-CPSA,1972,7,0.3714,-0.2175,consumer_safety,Congress
5000,1979,US-1975-EPCA,1975,4,0.3936,-0.1838,energy_state_capacity,Congress
5000,1979,US-1987-DOLE,1987,-8,0.2607,-0.207,spending_power_federalism,Supreme Court
5000,1979,US-1970-BANK-SECRECY,1970,9,0.3495,-0.2008,finance_surveillance,Congress
5000,1979,US-1971-ANCSA,1971,8,0.3133,-0.1798,native_policy_land,Congress
5000,1979,US-1978-AIRFA,1978,1,0.3102,-0.1825,native_policy_religion,Congress
5000,1979,US-1982-VRA-AMENDMENTS,1982,-3,0.4134,-0.1837,democracy_civil_rights,Congress
10000,1980,US-1970-CLEAN-AIR,1970,10,0.5286,-0.3106,environment,Congress
10000,1980,US-1970-CSA,1970,10,0.5394,-0.2644,drug_policy,Congress
10000,1980,US-1970-OSHA,1970,10,0.6379,-0.286,labor_health,Congress
10000,1980,US-1971-26TH,1971,9,0.6058,-0.2481,democracy_youth,constitutional_amendment
10000,1980,US-1971-FECA,1971,9,0.5243,-0.2698,campaign_finance,Congress
10000,1980,US-1971-LEMON,1971,9,0.4716,-0.2971,religion,Supreme Court
10000,1980,US-1971-PENTAGON-PAPERS,1971,9,0.3376,-0.2451,speech_security,Supreme Court
10000,1980,US-1972-CLEAN-WATER,1972,8,0.4637,-0.1689,environment,Congress
10000,1980,US-1972-FURMAN,1972,8,0.473,-0.3029,criminal_justice,Supreme Court
10000,1980,US-1972-TITLE-IX,1972,8,0.5315,-0.2025,gender_education,Congress
10000,1980,US-1972-YODER,1972,8,0.4894,-0.2794,religion_education,Supreme Court
10000,1980,US-1973-ESA,1973,7,0.5495,-0.2296,environment,Congress
10000,1980,US-1973-REHABILITATION,1973,7,0.4212,-0.1612,disability_rights,Congress
10000,1980,US-1973-RODRIGUEZ,1973,7,0.4929,-0.281,education_equality,Supreme Court
10000,1980,US-1973-ROE,1973,7,0.5047,-0.2672,privacy_family,Supreme Court
10000,1980,US-1973-WAR-POWERS,1973,7,0.3743,-0.2765,executive_power_security,Congress
10000,1980,US-1974-ECOA,1974,6,0.6072,-0.225,credit_civil_rights,Congress
10000,1980,US-1974-ERISA,1974,6,0.5923,-0.2758,labor_benefits,Congress
10000,1980,US-1974-MILLIKEN,1974,6,0.4022,-0.3416,civil_rights_education,Supreme Court
10000,1980,US-1974-PRIVACY-ACT,1974,6,0.5961,-0.2621,privacy_governance,Congress
10000,1980,US-1975-IDEA,1975,5,0.6415,-0.0999,disability_education,Congress
10000,1980,US-1975-ISDEAA,1975,5,0.4451,-0.2608,native_policy,Congress
10000,1980,US-1976-BUCKLEY,1976,4,0.4661,-0.3158,campaign_finance,Supreme Court
10000,1980,US-1976-GREGG,1976,4,0.6101,-0.2828,criminal_justice,Supreme Court
10000,1980,US-1976-TSCA,1976,4,0.5403,-0.2824,environment_consumer,Congress
10000,1980,US-1977-CRA,1977,3,0.6362,-0.254,housing_credit,Congress
10000,1980,US-1977-FED-DUAL-MANDATE,1977,3,0.6729,-0.2268,macroeconomic_governance,Congress
10000,1980,US-1978-AIRLINE-DEREG,1978,2,0.4386,-0.2621,deregulation,Congress
10000,1980,US-1978-BAKKE,1978,2,0.4072,-0.2482,civil_rights_education,Supreme Court
10000,1980,US-1978-FISA,1978,2,0.4854,-0.2498,privacy_security,Congress
10000,1980,US-1978-HUMPHREY-HAWKINS,1978,2,0.5433,-0.2442,macroeconomic_governance,Congress
10000,1980,US-1978-ICWA,1978,2,0.5292,-0.2382,native_policy_family,Congress
10000,1980,US-1978-PREGNANCY-DISCRIM,1978,2,0.6343,-0.2114,gender_labor,Congress
10000,1980,US-1980-CERCLA,1980,0,0.5063,-0.2694,environment,Congress
10000,1980,US-1980-DIDMCA,1980,0,0.5677,-0.2631,finance_deregulation,Congress
10000,1980,US-1980-REFUGEE-ACT,1980,0,0.5168,-0.2393,immigration,Congress
10000,1980,US-1983-CHADHA,1983,-3,0.4711,-0.318,separation_of_powers,Supreme Court
10000,1980,US-1984-CHEVRON,1984,-4,0.3708,-0.2093,administrative_state,Supreme Court
10000,1980,US-1984-SENTENCING,1984,-4,0.397,-0.2527,criminal_justice,Congress
10000,1980,US-1986-BOWERS,1986,-6,0.4717,-0.281,privacy_lgbtq,Supreme Court
10000,1980,US-1986-IRCA,1986,-6,0.4359,-0.2301,immigration,Congress
10000,1980,US-1986-TAX-REFORM,1986,-6,0.4875,-0.2281,tax,Congress
10000,1980,US-1988-CIVIL-LIBERTIES-ACT,1988,-8,0.3644,-0.2927,civil_liberties_reparations,Congress
10000,1980,US-1990-ADA,1990,-10,0.678,-0.1241,disability_rights,Congress
10000,1980,US-1990-CLEAN-AIR-AMEND,1990,-10,0.6232,-0.3072,environment,Congress
10000,1980,US-1970-FCRA,1970,10,0.617,-0.2671,privacy_credit,Congress
10000,1980,US-1972-CPSA,1972,8,0.5431,-0.2758,consumer_safety,Congress
10000,1980,US-1975-EPCA,1975,5,0.5744,-0.2552,energy_state_capacity,Congress
10000,1980,US-1987-DOLE,1987,-7,0.4169,-0.2805,spending_power_federalism,Supreme Court
10000,1980,US-1970-BANK-SECRECY,1970,10,0.4956,-0.2765,finance_surveillance,Congress
10000,1980,US-1971-ANCSA,1971,9,0.4792,-0.2486,native_policy_land,Congress
10000,1980,US-1978-AIRFA,1978,2,0.4331,-0.2526,native_policy_religion,Congress
10000,1980,US-1982-VRA-AMENDMENTS,1982,-2,0.4908,-0.2329,democracy_civil_rights,Congress
10000,1980,US-1990-IMMIGRATION-ACT,1990,-10,0.5079,-0.2526,immigration,Congress
20000,1980,US-1970-CLEAN-AIR,1970,10,0.7053,-0.3161,environment,Congress
20000,1980,US-1970-CSA,1970,10,0.6989,-0.2372,drug_policy,Congress
20000,1980,US-1970-OSHA,1970,10,0.7934,-0.2873,labor_health,Congress
20000,1980,US-1971-26TH,1971,9,0.7474,-0.2682,democracy_youth,constitutional_amendment
20000,1980,US-1971-FECA,1971,9,0.6706,-0.2688,campaign_finance,Congress
20000,1980,US-1971-LEMON,1971,9,0.5616,-0.3184,religion,Supreme Court
20000,1980,US-1971-PENTAGON-PAPERS,1971,9,0.4761,-0.2573,speech_security,Supreme Court
20000,1980,US-1972-CLEAN-WATER,1972,8,0.625,-0.15,environment,Congress
20000,1980,US-1972-FURMAN,1972,8,0.5461,-0.3268,criminal_justice,Supreme Court
20000,1980,US-1972-TITLE-IX,1972,8,0.6402,-0.1759,gender_education,Congress
20000,1980,US-1972-YODER,1972,8,0.6196,-0.289,religion_education,Supreme Court
20000,1980,US-1973-ESA,1973,7,0.742,-0.2373,environment,Congress
20000,1980,US-1973-REHABILITATION,1973,7,0.5709,-0.1597,disability_rights,Congress
20000,1980,US-1973-RODRIGUEZ,1973,7,0.5192,-0.2999,education_equality,Supreme Court
20000,1980,US-1973-ROE,1973,7,0.6808,-0.2488,privacy_family,Supreme Court
20000,1980,US-1973-WAR-POWERS,1973,7,0.5525,-0.2779,executive_power_security,Congress
20000,1980,US-1974-ECOA,1974,6,0.6927,-0.2296,credit_civil_rights,Congress
20000,1980,US-1974-ERISA,1974,6,0.7438,-0.2849,labor_benefits,Congress
20000,1980,US-1974-MILLIKEN,1974,6,0.5516,-0.3442,civil_rights_education,Supreme Court
20000,1980,US-1974-PRIVACY-ACT,1974,6,0.7328,-0.212,privacy_governance,Congress
20000,1980,US-1975-IDEA,1975,5,0.7948,-0.0752,disability_education,Congress
20000,1980,US-1975-ISDEAA,1975,5,0.6097,-0.2681,native_policy,Congress
20000,1980,US-1976-BUCKLEY,1976,4,0.6442,-0.3045,campaign_finance,Supreme Court
20000,1980,US-1976-GREGG,1976,4,0.7891,-0.2871,criminal_justice,Supreme Court
20000,1980,US-1976-TSCA,1976,4,0.6904,-0.2727,environment_consumer,Congress
20000,1980,US-1977-CRA,1977,3,0.7837,-0.2636,housing_credit,Congress
20000,1980,US-1977-FED-DUAL-MANDATE,1977,3,0.808,-0.2358,macroeconomic_governance,Congress
20000,1980,US-1978-AIRLINE-DEREG,1978,2,0.6017,-0.2438,deregulation,Congress
20000,1980,US-1978-BAKKE,1978,2,0.5241,-0.2601,civil_rights_education,Supreme Court
20000,1980,US-1978-FISA,1978,2,0.6287,-0.2288,privacy_security,Congress
20000,1980,US-1978-HUMPHREY-HAWKINS,1978,2,0.6624,-0.2577,macroeconomic_governance,Congress
20000,1980,US-1978-ICWA,1978,2,0.7308,-0.2694,native_policy_family,Congress
20000,1980,US-1978-PREGNANCY-DISCRIM,1978,2,0.6165,-0.1972,gender_labor,Congress
20000,1980,US-1980-CERCLA,1980,0,0.6969,-0.2581,environment,Congress
20000,1980,US-1980-DIDMCA,1980,0,0.7262,-0.2621,finance_deregulation,Congress
20000,1980,US-1980-REFUGEE-ACT,1980,0,0.6815,-0.2633,immigration,Congress
20000,1980,US-1983-CHADHA,1983,-3,0.5852,-0.3378,separation_of_powers,Supreme Court
20000,1980,US-1984-CHEVRON,1984,-4,0.6031,-0.2416,administrative_state,Supreme Court
20000,1980,US-1984-SENTENCING,1984,-4,0.5806,-0.272,criminal_justice,Congress
20000,1980,US-1986-BOWERS,1986,-6,0.545,-0.2751,privacy_lgbtq,Supreme Court
20000,1980,US-1986-IRCA,1986,-6,0.6161,-0.2552,immigration,Congress
20000,1980,US-1986-TAX-REFORM,1986,-6,0.6853,-0.2422,tax,Congress
20000,1980,US-1988-CIVIL-LIBERTIES-ACT,1988,-8,0.4636,-0.3038,civil_liberties_reparations,Congress
20000,1980,US-1990-ADA,1990,-10,0.8597,-0.1134,disability_rights,Congress
20000,1980,US-1990-CLEAN-AIR-AMEND,1990,-10,0.7619,-0.3081,environment,Congress
20000,1980,US-1970-FCRA,1970,10,0.8053,-0.2563,privacy_credit,Congress
20000,1980,US-1972-CPSA,1972,8,0.7097,-0.2746,consumer_safety,Congress
20000,1980,US-1975-EPCA,1975,5,0.7165,-0.2647,energy_state_capacity,Congress
20000,1980,US-1987-DOLE,1987,-7,0.5114,-0.3054,spending_power_federalism,Supreme Court
20000,1980,US-1970-BANK-SECRECY,1970,10,0.6663,-0.2647,finance_surveillance,Congress
20000,1980,US-1971-ANCSA,1971,9,0.6864,-0.2757,native_policy_land,Congress
20000,1980,US-1978-AIRFA,1978,2,0.63,-0.277,native_policy_religion,Congress
20000,1980,US-1982-VRA-AMENDMENTS,1982,-2,0.6701,-0.214,democracy_civil_rights,Congress
20000,1980,US-1990-IMMIGRATION-ACT,1990,-10,0.7092,-0.2779,immigration,Congress
5000,1980,US-1970-CLEAN-AIR,1970,10,0.4562,-0.2347,environment,Congress
5000,1980,US-1970-CSA,1970,10,0.5179,-0.1925,drug_policy,Congress
5000,1980,US-1970-OSHA,1970,10,0.5962,-0.2005,labor_health,Congress
5000,1980,US-1971-26TH,1971,9,0.5461,-0.1942,democracy_youth,constitutional_amendment
5000,1980,US-1971-FECA,1971,9,0.5159,-0.2049,campaign_finance,Congress
5000,1980,US-1971-LEMON,1971,9,0.3884,-0.2273,religion,Supreme Court
5000,1980,US-1971-PENTAGON-PAPERS,1971,9,0.3004,-0.1521,speech_security,Supreme Court
5000,1980,US-1972-CLEAN-WATER,1972,8,0.4019,-0.1302,environment,Congress
5000,1980,US-1972-FURMAN,1972,8,0.4195,-0.2097,criminal_justice,Supreme Court
5000,1980,US-1972-TITLE-IX,1972,8,0.508,-0.159,gender_education,Congress
5000,1980,US-1972-YODER,1972,8,0.4065,-0.2024,religion_education,Supreme Court
5000,1980,US-1973-ESA,1973,7,0.496,-0.1585,environment,Congress
5000,1980,US-1973-REHABILITATION,1973,7,0.3973,-0.1316,disability_rights,Congress
5000,1980,US-1973-RODRIGUEZ,1973,7,0.4683,-0.1962,education_equality,Supreme Court
5000,1980,US-1973-ROE,1973,7,0.4639,-0.1653,privacy_family,Supreme Court
5000,1980,US-1973-WAR-POWERS,1973,7,0.3626,-0.1711,executive_power_security,Congress
5000,1980,US-1974-ECOA,1974,6,0.5418,-0.1734,credit_civil_rights,Congress
5000,1980,US-1974-ERISA,1974,6,0.5863,-0.1938,labor_benefits,Congress
5000,1980,US-1974-MILLIKEN,1974,6,0.3561,-0.2458,civil_rights_education,Supreme Court
5000,1980,US-1974-PRIVACY-ACT,1974,6,0.5436,-0.1974,privacy_governance,Congress
5000,1980,US-1975-IDEA,1975,5,0.5345,-0.0701,disability_education,Congress
5000,1980,US-1975-ISDEAA,1975,5,0.3551,-0.1921,native_policy,Congress
5000,1980,US-1976-BUCKLEY,1976,4,0.4818,-0.2573,campaign_finance,Supreme Court
5000,1980,US-1976-GREGG,1976,4,0.5103,-0.1885,criminal_justice,Supreme Court
5000,1980,US-1976-TSCA,1976,4,0.4246,-0.2019,environment_consumer,Congress
5000,1980,US-1977-CRA,1977,3,0.5987,-0.1618,housing_credit,Congress
5000,1980,US-1977-FED-DUAL-MANDATE,1977,3,0.6721,-0.1575,macroeconomic_governance,Congress
5000,1980,US-1978-AIRLINE-DEREG,1978,2,0.3962,-0.1915,deregulation,Congress
5000,1980,US-1978-BAKKE,1978,2,0.3696,-0.1595,civil_rights_education,Supreme Court
5000,1980,US-1978-FISA,1978,2,0.428,-0.1649,privacy_security,Congress
5000,1980,US-1978-HUMPHREY-HAWKINS,1978,2,0.5135,-0.1591,macroeconomic_governance,Congress
5000,1980,US-1978-ICWA,1978,2,0.4917,-0.1922,native_policy_family,Congress
5000,1980,US-1978-PREGNANCY-DISCRIM,1978,2,0.6009,-0.1723,gender_labor,Congress
5000,1980,US-1980-CERCLA,1980,0,0.4499,-0.1859,environment,Congress
5000,1980,US-1980-DIDMCA,1980,0,0.5461,-0.1974,finance_deregulation,Congress
5000,1980,US-1980-REFUGEE-ACT,1980,0,0.4617,-0.1699,immigration,Congress
5000,1980,US-1983-CHADHA,1983,-3,0.3924,-0.2376,separation_of_powers,Supreme Court
5000,1980,US-1984-CHEVRON,1984,-4,0.4119,-0.136,administrative_state,Supreme Court
5000,1980,US-1984-SENTENCING,1984,-4,0.3448,-0.1768,criminal_justice,Congress
5000,1980,US-1986-BOWERS,1986,-6,0.3478,-0.2199,privacy_lgbtq,Supreme Court
5000,1980,US-1986-IRCA,1986,-6,0.3639,-0.1899,immigration,Congress
5000,1980,US-1986-TAX-REFORM,1986,-6,0.4496,-0.1709,tax,Congress
5000,1980,US-1988-CIVIL-LIBERTIES-ACT,1988,-8,0.3196,-0.227,civil_liberties_reparations,Congress
5000,1980,US-1990-ADA,1990,-10,0.5993,-0.0982,disability_rights,Congress
5000,1980,US-1990-CLEAN-AIR-AMEND,1990,-10,0.605,-0.2408,environment,Congress
5000,1980,US-1970-FCRA,1970,10,0.5391,-0.1849,privacy_credit,Congress
5000,1980,US-1972-CPSA,1972,8,0.482,-0.2006,consumer_safety,Congress
5000,1980,US-1975-EPCA,1975,5,0.5313,-0.1726,energy_state_capacity,Congress
5000,1980,US-1987-DOLE,1987,-7,0.3135,-0.1999,spending_power_federalism,Supreme Court
5000,1980,US-1970-BANK-SECRECY,1970,10,0.4601,-0.1842,finance_surveillance,Congress
5000,1980,US-1971-ANCSA,1971,9,0.4951,-0.1812,native_policy_land,Congress
5000,1980,US-1978-AIRFA,1978,2,0.4326,-0.1898,native_policy_religion,Congress
5000,1980,US-1982-VRA-AMENDMENTS,1982,-2,0.5218,-0.1719,democracy_civil_rights,Congress
5000,1980,US-1990-IMMIGRATION-ACT,1990,-10,0.5337,-0.1902,immigration,Congress
10000,1981,US-1971-26TH,1971,10,0.4982,-0.1643,democracy_youth,constitutional_amendment
10000,1981,US-1971-FECA,1971,10,0.3695,-0.1907,campaign_finance,Congress
10000,1981,US-1971-LEMON,1971,10,0.3271,-0.1933,religion,Supreme Court
10000,1981,US-1971-PENTAGON-PAPERS,1971,10,0.2905,-0.1491,speech_security,Supreme Court
10000,1981,US-1972-CLEAN-WATER,1972,9,0.3642,-0.1156,environment,Congress
10000,1981,US-1972-FURMAN,1972,9,0.3645,-0.1842,criminal_justice,Supreme Court
10000,1981,US-1972-TITLE-IX,1972,9,0.403,-0.1101,gender_education,Congress
10000,1981,US-1972-YODER,1972,9,0.3446,-0.191,religion_education,Supreme Court
10000,1981,US-1973-ESA,1973,8,0.4291,-0.1394,environment,Congress
10000,1981,US-1973-REHABILITATION,1973,8,0.3063,-0.0966,disability_rights,Congress
10000,1981,US-1973-RODRIGUEZ,1973,8,0.328,-0.1609,education_equality,Supreme Court
10000,1981,US-1973-ROE,1973,8,0.3857,-0.1638,privacy_family,Supreme Court
10000,1981,US-1973-WAR-POWERS,1973,8,0.2865,-0.178,executive_power_security,Congress
10000,1981,US-1974-ECOA,1974,7,0.4191,-0.1327,credit_civil_rights,Congress
10000,1981,US-1974-ERISA,1974,7,0.4761,-0.1812,labor_benefits,Congress
10000,1981,US-1974-MILLIKEN,1974,7,0.2905,-0.2198,civil_rights_education,Supreme Court
10000,1981,US-1974-PRIVACY-ACT,1974,7,0.4682,-0.1746,privacy_governance,Congress
10000,1981,US-1975-IDEA,1975,6,0.5107,-0.0555,disability_education,Congress
10000,1981,US-1975-ISDEAA,1975,6,0.3414,-0.165,native_policy,Congress
10000,1981,US-1976-BUCKLEY,1976,5,0.3492,-0.2184,campaign_finance,Supreme Court
10000,1981,US-1976-GREGG,1976,5,0.5175,-0.1687,criminal_justice,Supreme Court
10000,1981,US-1976-TSCA,1976,5,0.4534,-0.1992,environment_consumer,Congress
10000,1981,US-1977-CRA,1977,4,0.5581,-0.1776,housing_credit,Congress
10000,1981,US-1977-FED-DUAL-MANDATE,1977,4,0.5618,-0.1536,macroeconomic_governance,Congress
10000,1981,US-1978-AIRLINE-DEREG,1978,3,0.3515,-0.1812,deregulation,Congress
10000,1981,US-1978-BAKKE,1978,3,0.3225,-0.1637,civil_rights_education,Supreme Court
10000,1981,US-1978-FISA,1978,3,0.384,-0.1573,privacy_security,Congress
10000,1981,US-1978-HUMPHREY-HAWKINS,1978,3,0.4331,-0.1675,macroeconomic_governance,Congress
10000,1981,US-1978-ICWA,1978,3,0.4272,-0.1562,native_policy_family,Congress
10000,1981,US-1978-PREGNANCY-DISCRIM,1978,3,0.4684,-0.1063,gender_labor,Congress
10000,1981,US-1980-CERCLA,1980,1,0.4277,-0.1727,environment,Congress
10000,1981,US-1980-DIDMCA,1980,1,0.4648,-0.1764,finance_deregulation,Congress
10000,1981,US-1980-REFUGEE-ACT,1980,1,0.4374,-0.1555,immigration,Congress
10000,1981,US-1983-CHADHA,1983,-2,0.345,-0.2182,separation_of_powers,Supreme Court
10000,1981,US-1984-CHEVRON,1984,-3,0.3081,-0.1329,administrative_state,Supreme Court
10000,1981,US-1984-SENTENCING,1984,-3,0.3147,-0.1655,criminal_justice,Congress
10000,1981,US-1986-BOWERS,1986,-5,0.3576,-0.1864,privacy_lgbtq,Supreme Court
10000,1981,US-1986-IRCA,1986,-5,0.343,-0.1453,immigration,Congress
10000,1981,US-1986-TAX-REFORM,1986,-5,0.4295,-0.1474,tax,Congress
10000,1981,US-1988-CIVIL-LIBERTIES-ACT,1988,-7,0.3339,-0.2036,civil_liberties_reparations,Congress
10000,1981,US-1990-ADA,1990,-9,0.5518,-0.0733,disability_rights,Congress
10000,1981,US-1990-CLEAN-AIR-AMEND,1990,-9,0.5307,-0.2162,environment,Congress
10000,1981,US-1991-CIVIL-RIGHTS-ACT,1991,-10,0.3485,-0.1416,civil_rights_labor,Congress
10000,1981,US-1972-CPSA,1972,9,0.4391,-0.1893,consumer_safety,Congress
10000,1981,US-1975-EPCA,1975,6,0.4578,-0.163,energy_state_capacity,Congress
10000,1981,US-1987-DOLE,1987,-6,0.2912,-0.1965,spending_power_federalism,Supreme Court
10000,1981,US-1971-ANCSA,1971,10,0.3848,-0.157,native_policy_land,Congress
10000,1981,US-1978-AIRFA,1978,3,0.3445,-0.1544,native_policy_religion,Congress
10000,1981,US-1982-VRA-AMENDMENTS,1982,-1,0.4027,-0.1237,democracy_civil_rights,Congress
10000,1981,US-1990-IMMIGRATION-ACT,1990,-9,0.4189,-0.1594,immigration,Congress
20000,1981,US-1971-26TH,1971,10,0.5836,-0.2264,democracy_youth,constitutional_amendment
20000,1981,US-1971-FECA,1971,10,0.5489,-0.2185,campaign_finance,Congress
20000,1981,US-1971-LEMON,1971,10,0.4189,-0.2518,religion,Supreme Court
20000,1981,US-1971-PENTAGON-PAPERS,1971,10,0.3507,-0.2035,speech_security,Supreme Court
20000,1981,US-1972-CLEAN-WATER,1972,9,0.4699,-0.1417,environment,Congress
20000,1981,US-1972-FURMAN,1972,9,0.4362,-0.2527,criminal_justice,Supreme Court
20000,1981,US-1972-TITLE-IX,1972,9,0.534,-0.1363,gender_education,Congress
20000,1981,US-1972-YODER,1972,9,0.4823,-0.2561,religion_education,Supreme Court
20000,1981,US-1973-ESA,1973,8,0.6176,-0.1858,environment,Congress
20000,1981,US-1973-REHABILITATION,1973,8,0.4691,-0.1417,disability_rights,Congress
20000,1981,US-1973-RODRIGUEZ,1973,8,0.4062,-0.2028,education_equality,Supreme Court
20000,1981,US-1973-ROE,1973,8,0.5255,-0.1962,privacy_family,Supreme Court
20000,1981,US-1973-WAR-POWERS,1973,8,0.4343,-0.1976,executive_power_security,Congress
20000,1981,US-1974-ECOA,1974,7,0.5408,-0.1708,credit_civil_rights,Congress
20000,1981,US-1974-ERISA,1974,7,0.6337,-0.225,labor_benefits,Congress
20000,1981,US-1974-MILLIKEN,1974,7,0.4246,-0.2716,civil_rights_education,Supreme Court
20000,1981,US-1974-PRIVACY-ACT,1974,7,0.6031,-0.1895,privacy_governance,Congress
20000,1981,US-1975-IDEA,1975,6,0.6602,-0.0724,disability_education,Congress
20000,1981,US-1975-ISDEAA,1975,6,0.5374,-0.2165,native_policy,Congress
20000,1981,US-1976-BUCKLEY,1976,5,0.5062,-0.2696,campaign_finance,Supreme Court
20000,1981,US-1976-GREGG,1976,5,0.696,-0.2336,criminal_justice,Supreme Court
20000,1981,US-1976-TSCA,1976,5,0.4929,-0.2525,environment_consumer,Congress
20000,1981,US-1977-CRA,1977,4,0.6621,-0.2146,housing_credit,Congress
20000,1981,US-1977-FED-DUAL-MANDATE,1977,4,0.6937,-0.1951,macroeconomic_governance,Congress
20000,1981,US-1978-AIRLINE-DEREG,1978,3,0.5081,-0.2207,deregulation,Congress
20000,1981,US-1978-BAKKE,1978,3,0.4279,-0.1979,civil_rights_education,Supreme Court
20000,1981,US-1978-FISA,1978,3,0.5127,-0.1943,privacy_security,Congress
20000,1981,US-1978-HUMPHREY-HAWKINS,1978,3,0.5157,-0.2074,macroeconomic_governance,Congress
20000,1981,US-1978-ICWA,1978,3,0.6057,-0.2056,native_policy_family,Congress
20000,1981,US-1978-PREGNANCY-DISCRIM,1978,3,0.5232,-0.1456,gender_labor,Congress
20000,1981,US-1980-CERCLA,1980,1,0.6024,-0.2204,environment,Congress
20000,1981,US-1980-DIDMCA,1980,1,0.5887,-0.218,finance_deregulation,Congress
20000,1981,US-1980-REFUGEE-ACT,1980,1,0.5653,-0.1988,immigration,Congress
20000,1981,US-1983-CHADHA,1983,-2,0.4261,-0.2729,separation_of_powers,Supreme Court
20000,1981,US-1984-CHEVRON,1984,-3,0.551,-0.2144,administrative_state,Supreme Court
20000,1981,US-1984-SENTENCING,1984,-3,0.4526,-0.2142,criminal_justice,Congress
20000,1981,US-1986-BOWERS,1986,-5,0.4079,-0.2245,privacy_lgbtq,Supreme Court
20000,1981,US-1986-IRCA,1986,-5,0.5175,-0.1854,immigration,Congress
20000,1981,US-1986-TAX-REFORM,1986,-5,0.6352,-0.1838,tax,Congress
20000,1981,US-1988-CIVIL-LIBERTIES-ACT,1988,-7,0.3261,-0.2577,civil_liberties_reparations,Congress
20000,1981,US-1990-ADA,1990,-9,0.7438,-0.0979,disability_rights,Congress
20000,1981,US-1990-CLEAN-AIR-AMEND,1990,-9,0.6956,-0.2629,environment,Congress
20000,1981,US-1991-CIVIL-RIGHTS-ACT,1991,-10,0.5477,-0.1547,civil_rights_labor,Congress
20000,1981,US-1972-CPSA,1972,9,0.5871,-0.2374,consumer_safety,Congress
20000,1981,US-1975-EPCA,1975,6,0.571,-0.2141,energy_state_capacity,Congress
20000,1981,US-1987-DOLE,1987,-6,0.3717,-0.2498,spending_power_federalism,Supreme Court
20000,1981,US-1971-ANCSA,1971,10,0.5679,-0.2042,native_policy_land,Congress
20000,1981,US-1978-AIRFA,1978,3,0.5154,-0.2039,native_policy_religion,Congress
20000,1981,US-1982-VRA-AMENDMENTS,1982,-1,0.5221,-0.1396,democracy_civil_rights,Congress
20000,1981,US-1990-IMMIGRATION-ACT,1990,-9,0.5603,-0.2052,immigration,Congress
5000,1981,US-1971-26TH,1971,10,0.7063,-0.1517,democracy_youth,constitutional_amendment
5000,1981,US-1971-FECA,1971,10,0.6492,-0.1725,campaign_finance,Congress
5000,1981,US-1971-LEMON,1971,10,0.5682,-0.1839,religion,Supreme Court
5000,1981,US-1971-PENTAGON-PAPERS,1971,10,0.4849,-0.1424,speech_security,Supreme Court
5000,1981,US-1972-CLEAN-WATER,1972,9,0.552,-0.0955,environment,Congress
5000,1981,US-1972-FURMAN,1972,9,0.575,-0.1667,criminal_justice,Supreme Court
5000,1981,US-1972-TITLE-IX,1972,9,0.6382,-0.1198,gender_education,Congress
5000,1981,US-1972-YODER,1972,9,0.5353,-0.1561,religion_education,Supreme Court
5000,1981,US-1973-ESA,1973,8,0.6545,-0.1302,environment,Congress
5000,1981,US-1973-REHABILITATION,1973,8,0.5616,-0.0851,disability_rights,Congress
5000,1981,US-1973-RODRIGUEZ,1973,8,0.6071,-0.1568,education_equality,Supreme Court
5000,1981,US-1973-ROE,1973,8,0.6113,-0.1319,privacy_family,Supreme Court
5000,1981,US-1973-WAR-POWERS,1973,8,0.5501,-0.1516,executive_power_security,Congress
5000,1981,US-1974-ECOA,1974,7,0.6862,-0.1304,credit_civil_rights,Congress
5000,1981,US-1974-ERISA,1974,7,0.7259,-0.1585,labor_benefits,Congress
5000,1981,US-1974-MILLIKEN,1974,7,0.4914,-0.1985,civil_rights_education,Supreme Court
5000,1981,US-1974-PRIVACY-ACT,1974,7,0.6562,-0.1531,privacy_governance,Congress
5000,1981,US-1975-IDEA,1975,6,0.7215,-0.0491,disability_education,Congress
5000,1981,US-1975-ISDEAA,1975,6,0.5468,-0.1525,native_policy,Congress
5000,1981,US-1976-BUCKLEY,1976,5,0.6557,-0.2145,campaign_finance,Supreme Court
5000,1981,US-1976-GREGG,1976,5,0.6346,-0.1508,criminal_justice,Supreme Court
5000,1981,US-1976-TSCA,1976,5,0.6657,-0.1636,environment_consumer,Congress
5000,1981,US-1977-CRA,1977,4,0.7505,-0.1511,housing_credit,Congress
5000,1981,US-1977-FED-DUAL-MANDATE,1977,4,0.8053,-0.1401,macroeconomic_governance,Congress
5000,1981,US-1978-AIRLINE-DEREG,1978,3,0.589,-0.1565,deregulation,Congress
5000,1981,US-1978-BAKKE,1978,3,0.5548,-0.1468,civil_rights_education,Supreme Court
5000,1981,US-1978-FISA,1978,3,0.5959,-0.1374,privacy_security,Congress
5000,1981,US-1978-HUMPHREY-HAWKINS,1978,3,0.6804,-0.1437,macroeconomic_governance,Congress
5000,1981,US-1978-ICWA,1978,3,0.6362,-0.146,native_policy_family,Congress
5000,1981,US-1978-PREGNANCY-DISCRIM,1978,3,0.7126,-0.1164,gender_labor,Congress
5000,1981,US-1980-CERCLA,1980,1,0.6042,-0.1438,environment,Congress
5000,1981,US-1980-DIDMCA,1980,1,0.706,-0.1631,finance_deregulation,Congress
5000,1981,US-1980-REFUGEE-ACT,1980,1,0.6649,-0.1355,immigration,Congress
5000,1981,US-1983-CHADHA,1983,-2,0.5749,-0.1975,separation_of_powers,Supreme Court
5000,1981,US-1984-CHEVRON,1984,-3,0.5138,-0.1119,administrative_state,Supreme Court
5000,1981,US-1984-SENTENCING,1984,-3,0.5353,-0.1531,criminal_justice,Congress
5000,1981,US-1986-BOWERS,1986,-5,0.539,-0.1752,privacy_lgbtq,Supreme Court
5000,1981,US-1986-IRCA,1986,-5,0.5571,-0.1405,immigration,Congress
5000,1981,US-1986-TAX-REFORM,1986,-5,0.6159,-0.1469,tax,Congress
5000,1981,US-1988-CIVIL-LIBERTIES-ACT,1988,-7,0.5525,-0.1861,civil_liberties_reparations,Congress
5000,1981,US-1990-ADA,1990,-9,0.7433,-0.0693,disability_rights,Congress
5000,1981,US-1990-CLEAN-AIR-AMEND,1990,-9,0.7203,-0.1998,environment,Congress
5000,1981,US-1991-CIVIL-RIGHTS-ACT,1991,-10,0.6481,-0.1511,civil_rights_labor,Congress
5000,1981,US-1972-CPSA,1972,9,0.6685,-0.1672,consumer_safety,Congress
5000,1981,US-1975-EPCA,1975,6,0.7112,-0.1393,energy_state_capacity,Congress
5000,1981,US-1987-DOLE,1987,-6,0.5137,-0.1683,spending_power_federalism,Supreme Court
5000,1981,US-1971-ANCSA,1971,10,0.601,-0.1523,native_policy_land,Congress
5000,1981,US-1978-AIRFA,1978,3,0.5518,-0.1417,native_policy_religion,Congress
5000,1981,US-1982-VRA-AMENDMENTS,1982,-1,0.5971,-0.1326,democracy_civil_rights,Congress
5000,1981,US-1990-IMMIGRATION-ACT,1990,-9,0.6319,-0.1502,immigration,Congress
10000,1982,US-1972-CLEAN-WATER,1972,10,0.2856,-0.0983,environment,Congress
10000,1982,US-1972-FURMAN,1972,10,0.3038,-0.1886,criminal_justice,Supreme Court
10000,1982,US-1972-TITLE-IX,1972,10,0.304,-0.106,gender_education,Congress
10000,1982,US-1972-YODER,1972,10,0.319,-0.1719,religion_education,Supreme Court
10000,1982,US-1973-ESA,1973,9,0.3504,-0.1417,environment,Congress
10000,1982,US-1973-REHABILITATION,1973,9,0.2386,-0.0918,disability_rights,Congress
10000,1982,US-1973-RODRIGUEZ,1973,9,0.2832,-0.1702,education_equality,Supreme Court
10000,1982,US-1973-ROE,1973,9,0.3366,-0.1483,privacy_family,Supreme Court
10000,1982,US-1973-WAR-POWERS,1973,9,0.207,-0.1714,executive_power_security,Congress
10000,1982,US-1974-ECOA,1974,8,0.4036,-0.1232,credit_civil_rights,Congress
10000,1982,US-1974-ERISA,1974,8,0.3688,-0.1766,labor_benefits,Congress
10000,1982,US-1974-MILLIKEN,1974,8,0.2573,-0.2186,civil_rights_education,Supreme Court
10000,1982,US-1974-PRIVACY-ACT,1974,8,0.4092,-0.1625,privacy_governance,Congress
10000,1982,US-1975-IDEA,1975,7,0.4256,-0.0426,disability_education,Congress
10000,1982,US-1975-ISDEAA,1975,7,0.2737,-0.1701,native_policy,Congress
10000,1982,US-1976-BUCKLEY,1976,6,0.2402,-0.2207,campaign_finance,Supreme Court
10000,1982,US-1976-GREGG,1976,6,0.4275,-0.163,criminal_justice,Supreme Court
10000,1982,US-1976-TSCA,1976,6,0.3303,-0.1935,environment_consumer,Congress
10000,1982,US-1977-CRA,1977,5,0.4584,-0.1715,housing_credit,Congress
10000,1982,US-1977-FED-DUAL-MANDATE,1977,5,0.4646,-0.1517,macroeconomic_governance,Congress
10000,1982,US-1978-AIRLINE-DEREG,1978,4,0.2401,-0.1705,deregulation,Congress
10000,1982,US-1978-BAKKE,1978,4,0.2283,-0.1397,civil_rights_education,Supreme Court
10000,1982,US-1978-FISA,1978,4,0.3011,-0.1487,privacy_security,Congress
10000,1982,US-1978-HUMPHREY-HAWKINS,1978,4,0.3261,-0.1607,macroeconomic_governance,Congress
10000,1982,US-1978-ICWA,1978,4,0.366,-0.1488,native_policy_family,Congress
10000,1982,US-1978-PREGNANCY-DISCRIM,1978,4,0.4286,-0.0998,gender_labor,Congress
10000,1982,US-1980-CERCLA,1980,2,0.3142,-0.1647,environment,Congress
10000,1982,US-1980-DIDMCA,1980,2,0.3429,-0.1699,finance_deregulation,Congress
10000,1982,US-1980-REFUGEE-ACT,1980,2,0.3157,-0.1473,immigration,Congress
10000,1982,US-1983-CHADHA,1983,-1,0.2919,-0.2177,separation_of_powers,Supreme Court
10000,1982,US-1984-CHEVRON,1984,-2,0.2487,-0.135,administrative_state,Supreme Court
10000,1982,US-1984-SENTENCING,1984,-2,0.2408,-0.1538,criminal_justice,Congress
10000,1982,US-1986-BOWERS,1986,-4,0.2691,-0.1735,privacy_lgbtq,Supreme Court
10000,1982,US-1986-IRCA,1986,-4,0.2595,-0.1434,immigration,Congress
10000,1982,US-1986-TAX-REFORM,1986,-4,0.302,-0.1361,tax,Congress
10000,1982,US-1988-CIVIL-LIBERTIES-ACT,1988,-6,0.1832,-0.1994,civil_liberties_reparations,Congress
10000,1982,US-1990-ADA,1990,-8,0.4785,-0.0663,disability_rights,Congress
10000,1982,US-1990-CLEAN-AIR-AMEND,1990,-8,0.4235,-0.2125,environment,Congress
10000,1982,US-1991-CIVIL-RIGHTS-ACT,1991,-9,0.245,-0.1274,civil_rights_labor,Congress
10000,1982,US-1992-CASEY,1992,-10,0.2389,-0.1814,privacy_family,Supreme Court
10000,1982,US-1972-CPSA,1972,10,0.3536,-0.1861,consumer_safety,Congress
10000,1982,US-1975-EPCA,1975,7,0.3553,-0.1647,energy_state_capacity,Congress
10000,1982,US-1987-DOLE,1987,-5,0.2176,-0.1896,spending_power_federalism,Supreme Court
10000,1982,US-1978-AIRFA,1978,4,0.2847,-0.1448,native_policy_religion,Congress
10000,1982,US-1982-VRA-AMENDMENTS,1982,0,0.3231,-0.1209,democracy_civil_rights,Congress
10000,1982,US-1990-IMMIGRATION-ACT,1990,-8,0.3368,-0.1543,immigration,Congress
20000,1982,US-1972-CLEAN-WATER,1972,10,0.4786,-0.131,environment,Congress
20000,1982,US-1972-FURMAN,1972,10,0.4242,-0.2711,criminal_justice,Supreme Court
20000,1982,US-1972-TITLE-IX,1972,10,0.4289,-0.1279,gender_education,Congress
20000,1982,US-1972-YODER,1972,10,0.501,-0.2269,religion_education,Supreme Court
20000,1982,US-1973-ESA,1973,9,0.5358,-0.1793,environment,Congress
20000,1982,US-1973-REHABILITATION,1973,9,0.3764,-0.1007,disability_rights,Congress
20000,1982,US-1973-RODRIGUEZ,1973,9,0.3609,-0.2179,education_equality,Supreme Court
20000,1982,US-1973-ROE,1973,9,0.5274,-0.1805,privacy_family,Supreme Court
20000,1982,US-1973-WAR-POWERS,1973,9,0.3985,-0.2101,executive_power_security,Congress
20000,1982,US-1974-ECOA,1974,8,0.5155,-0.1656,credit_civil_rights,Congress
20000,1982,US-1974-ERISA,1974,8,0.5559,-0.2319,labor_benefits,Congress
20000,1982,US-1974-MILLIKEN,1974,8,0.3714,-0.2846,civil_rights_education,Supreme Court
20000,1982,US-1974-PRIVACY-ACT,1974,8,0.5905,-0.1625,privacy_governance,Congress
20000,1982,US-1975-IDEA,1975,7,0.6566,-0.0453,disability_education,Congress
20000,1982,US-1975-ISDEAA,1975,7,0.4532,-0.2169,native_policy,Congress
20000,1982,US-1976-BUCKLEY,1976,6,0.4168,-0.2798,campaign_finance,Supreme Court
20000,1982,US-1976-GREGG,1976,6,0.6341,-0.2288,criminal_justice,Supreme Court
20000,1982,US-1976-TSCA,1976,6,0.59,-0.2284,environment_consumer,Congress
20000,1982,US-1977-CRA,1977,5,0.6458,-0.2134,housing_credit,Congress
20000,1982,US-1977-FED-DUAL-MANDATE,1977,5,0.6482,-0.194,macroeconomic_governance,Congress
20000,1982,US-1978-AIRLINE-DEREG,1978,4,0.3844,-0.2133,deregulation,Congress
20000,1982,US-1978-BAKKE,1978,4,0.335,-0.1854,civil_rights_education,Supreme Court
20000,1982,US-1978-FISA,1978,4,0.4977,-0.1881,privacy_security,Congress
20000,1982,US-1978-HUMPHREY-HAWKINS,1978,4,0.5351,-0.2061,macroeconomic_governance,Congress
20000,1982,US-1978-ICWA,1978,4,0.5628,-0.1858,native_policy_family,Congress
20000,1982,US-1978-PREGNANCY-DISCRIM,1978,4,0.507,-0.1473,gender_labor,Congress
20000,1982,US-1980-CERCLA,1980,2,0.5395,-0.2044,environment,Congress
20000,1982,US-1980-DIDMCA,1980,2,0.5258,-0.2114,finance_deregulation,Congress
20000,1982,US-1980-REFUGEE-ACT,1980,2,0.5038,-0.1872,immigration,Congress
20000,1982,US-1983-CHADHA,1983,-1,0.4607,-0.2856,separation_of_powers,Supreme Court
20000,1982,US-1984-CHEVRON,1984,-2,0.4005,-0.2183,administrative_state,Supreme Court
20000,1982,US-1984-SENTENCING,1984,-2,0.4275,-0.1965,criminal_justice,Congress
20000,1982,US-1986-BOWERS,1986,-4,0.4301,-0.2266,privacy_lgbtq,Supreme Court
20000,1982,US-1986-IRCA,1986,-4,0.4554,-0.1636,immigration,Congress
20000,1982,US-1986-TAX-REFORM,1986,-4,0.5163,-0.1635,tax,Congress
20000,1982,US-1988-CIVIL-LIBERTIES-ACT,1988,-6,0.3462,-0.2567,civil_liberties_reparations,Congress
20000,1982,US-1990-ADA,1990,-8,0.7367,-0.0736,disability_rights,Congress
20000,1982,US-1990-CLEAN-AIR-AMEND,1990,-8,0.5957,-0.2654,environment,Congress
20000,1982,US-1991-CIVIL-RIGHTS-ACT,1991,-9,0.4566,-0.1338,civil_rights_labor,Congress
20000,1982,US-1992-CASEY,1992,-10,0.4287,-0.1957,privacy_family,Supreme Court
20000,1982,US-1972-CPSA,1972,10,0.5589,-0.2299,consumer_safety,Congress
20000,1982,US-1975-EPCA,1975,7,0.5595,-0.2127,energy_state_capacity,Congress
20000,1982,US-1987-DOLE,1987,-5,0.3774,-0.2447,spending_power_federalism,Supreme Court
20000,1982,US-1978-AIRFA,1978,4,0.5328,-0.2089,native_policy_religion,Congress
20000,1982,US-1982-VRA-AMENDMENTS,1982,0,0.4605,-0.1557,democracy_civil_rights,Congress
20000,1982,US-1990-IMMIGRATION-ACT,1990,-8,0.5797,-0.1928,immigration,Congress
5000,1982,US-1972-CLEAN-WATER,1972,10,0.4291,-0.1092,environment,Congress
5000,1982,US-1972-FURMAN,1972,10,0.5267,-0.1689,criminal_justice,Supreme Court
5000,1982,US-1972-TITLE-IX,1972,10,0.5044,-0.1232,gender_education,Congress
5000,1982,US-1972-YODER,1972,10,0.4654,-0.1625,religion_education,Supreme Court
5000,1982,US-1973-ESA,1973,9,0.4799,-0.1341,environment,Congress
5000,1982,US-1973-REHABILITATION,1973,9,0.417,-0.1098,disability_rights,Congress
5000,1982,US-1973-RODRIGUEZ,1973,9,0.5216,-0.1488,education_equality,Supreme Court
5000,1982,US-1973-ROE,1973,9,0.488,-0.144,privacy_family,Supreme Court
5000,1982,US-1973-WAR-POWERS,1973,9,0.3694,-0.1496,executive_power_security,Congress
5000,1982,US-1974-ECOA,1974,8,0.6411,-0.1379,credit_civil_rights,Congress
5000,1982,US-1974-ERISA,1974,8,0.5755,-0.1686,labor_benefits,Congress
5000,1982,US-1974-MILLIKEN,1974,8,0.3893,-0.1974,civil_rights_education,Supreme Court
5000,1982,US-1974-PRIVACY-ACT,1974,8,0.547,-0.1758,privacy_governance,Congress
5000,1982,US-1975-IDEA,1975,7,0.6141,-0.0588,disability_education,Congress
5000,1982,US-1975-ISDEAA,1975,7,0.408,-0.161,native_policy,Congress
5000,1982,US-1976-BUCKLEY,1976,6,0.5315,-0.2397,campaign_finance,Supreme Court
5000,1982,US-1976-GREGG,1976,6,0.5419,-0.1722,criminal_justice,Supreme Court
5000,1982,US-1976-TSCA,1976,6,0.4982,-0.1718,environment_consumer,Congress
5000,1982,US-1977-CRA,1977,5,0.6262,-0.149,housing_credit,Congress
5000,1982,US-1977-FED-DUAL-MANDATE,1977,5,0.6262,-0.1418,macroeconomic_governance,Congress
5000,1982,US-1978-AIRLINE-DEREG,1978,4,0.4189,-0.174,deregulation,Congress
5000,1982,US-1978-BAKKE,1978,4,0.3897,-0.1368,civil_rights_education,Supreme Court
5000,1982,US-1978-FISA,1978,4,0.4741,-0.1326,privacy_security,Congress
5000,1982,US-1978-HUMPHREY-HAWKINS,1978,4,0.5475,-0.1388,macroeconomic_governance,Congress
5000,1982,US-1978-ICWA,1978,4,0.5006,-0.1542,native_policy_family,Congress
5000,1982,US-1978-PREGNANCY-DISCRIM,1978,4,0.6601,-0.1281,gender_labor,Congress
5000,1982,US-1980-CERCLA,1980,2,0.4569,-0.168,environment,Congress
5000,1982,US-1980-DIDMCA,1980,2,0.523,-0.1689,finance_deregulation,Congress
5000,1982,US-1980-REFUGEE-ACT,1980,2,0.4895,-0.1428,immigration,Congress
5000,1982,US-1983-CHADHA,1983,-1,0.4328,-0.2072,separation_of_powers,Supreme Court
5000,1982,US-1984-CHEVRON,1984,-2,0.3938,-0.112,administrative_state,Supreme Court
5000,1982,US-1984-SENTENCING,1984,-2,0.3872,-0.1494,criminal_justice,Congress
5000,1982,US-1986-BOWERS,1986,-4,0.4483,-0.1837,privacy_lgbtq,Supreme Court
5000,1982,US-1986-IRCA,1986,-4,0.443,-0.1523,immigration,Congress
5000,1982,US-1986-TAX-REFORM,1986,-4,0.4691,-0.1445,tax,Congress
5000,1982,US-1988-CIVIL-LIBERTIES-ACT,1988,-6,0.3717,-0.2009,civil_liberties_reparations,Congress
5000,1982,US-1990-ADA,1990,-8,0.6476,-0.0776,disability_rights,Congress
5000,1982,US-1990-CLEAN-AIR-AMEND,1990,-8,0.5996,-0.2084,environment,Congress
5000,1982,US-1991-CIVIL-RIGHTS-ACT,1991,-9,0.4657,-0.1556,civil_rights_labor,Congress
5000,1982,US-1992-CASEY,1992,-10,0.3573,-0.1845,privacy_family,Supreme Court
5000,1982,US-1972-CPSA,1972,10,0.483,-0.1783,consumer_safety,Congress
5000,1982,US-1975-EPCA,1975,7,0.5307,-0.1485,energy_state_capacity,Congress
5000,1982,US-1987-DOLE,1987,-5,0.3593,-0.1753,spending_power_federalism,Supreme Court
5000,1982,US-1978-AIRFA,1978,4,0.4001,-0.1492,native_policy_religion,Congress
5000,1982,US-1982-VRA-AMENDMENTS,1982,0,0.49,-0.1396,democracy_civil_rights,Congress
5000,1982,US-1990-IMMIGRATION-ACT,1990,-8,0.4841,-0.1501,immigration,Congress
10000,1983,US-1973-ESA,1973,10,0.3826,-0.2237,environment,Congress
10000,1983,US-1973-REHABILITATION,1973,10,0.2617,-0.1727,disability_rights,Congress
10000,1983,US-1973-RODRIGUEZ,1973,10,0.275,-0.2433,education_equality,Supreme Court
10000,1983,US-1973-ROE,1973,10,0.3413,-0.2462,privacy_family,Supreme Court
10000,1983,US-1973-WAR-POWERS,1973,10,0.2132,-0.2855,executive_power_security,Congress
10000,1983,US-1974-ECOA,1974,9,0.4425,-0.2044,credit_civil_rights,Congress
10000,1983,US-1974-ERISA,1974,9,0.3824,-0.2842,labor_benefits,Congress
10000,1983,US-1974-MILLIKEN,1974,9,0.2181,-0.3128,civil_rights_education,Supreme Court
10000,1983,US-1974-PRIVACY-ACT,1974,9,0.431,-0.254,privacy_governance,Congress
10000,1983,US-1975-IDEA,1975,8,0.4531,-0.0974,disability_education,Congress
10000,1983,US-1975-ISDEAA,1975,8,0.2956,-0.2717,native_policy,Congress
10000,1983,US-1976-BUCKLEY,1976,7,0.249,-0.3229,campaign_finance,Supreme Court
10000,1983,US-1976-GREGG,1976,7,0.4205,-0.2618,criminal_justice,Supreme Court
10000,1983,US-1976-TSCA,1976,7,0.4148,-0.294,environment_consumer,Congress
10000,1983,US-1977-CRA,1977,6,0.5069,-0.2632,housing_credit,Congress
10000,1983,US-1977-FED-DUAL-MANDATE,1977,6,0.5489,-0.2297,macroeconomic_governance,Congress
10000,1983,US-1978-AIRLINE-DEREG,1978,5,0.2734,-0.2673,deregulation,Congress
10000,1983,US-1978-BAKKE,1978,5,0.2561,-0.229,civil_rights_education,Supreme Court
10000,1983,US-1978-FISA,1978,5,0.3606,-0.2308,privacy_security,Congress
10000,1983,US-1978-HUMPHREY-HAWKINS,1978,5,0.3907,-0.2478,macroeconomic_governance,Congress
10000,1983,US-1978-ICWA,1978,5,0.3872,-0.2468,native_policy_family,Congress
10000,1983,US-1978-PREGNANCY-DISCRIM,1978,5,0.4597,-0.1932,gender_labor,Congress
10000,1983,US-1980-CERCLA,1980,3,0.3181,-0.2593,environment,Congress
10000,1983,US-1980-DIDMCA,1980,3,0.3982,-0.2645,finance_deregulation,Congress
10000,1983,US-1980-REFUGEE-ACT,1980,3,0.386,-0.2334,immigration,Congress
10000,1983,US-1983-CHADHA,1983,0,0.3298,-0.3168,separation_of_powers,Supreme Court
10000,1983,US-1984-CHEVRON,1984,-1,0.1885,-0.2073,administrative_state,Supreme Court
10000,1983,US-1984-SENTENCING,1984,-1,0.228,-0.2509,criminal_justice,Congress
10000,1983,US-1986-BOWERS,1986,-3,0.2857,-0.2797,privacy_lgbtq,Supreme Court
10000,1983,US-1986-IRCA,1986,-3,0.2766,-0.2023,immigration,Congress
10000,1983,US-1986-TAX-REFORM,1986,-3,0.3499,-0.2165,tax,Congress
10000,1983,US-1988-CIVIL-LIBERTIES-ACT,1988,-5,0.217,-0.2958,civil_liberties_reparations,Congress
10000,1983,US-1990-ADA,1990,-7,0.5286,-0.1216,disability_rights,Congress
10000,1983,US-1990-CLEAN-AIR-AMEND,1990,-7,0.5103,-0.3146,environment,Congress
10000,1983,US-1991-CIVIL-RIGHTS-ACT,1991,-8,0.2757,-0.2174,civil_rights_labor,Congress
10000,1983,US-1992-CASEY,1992,-9,0.2185,-0.2613,privacy_family,Supreme Court
10000,1983,US-1993-BRADY,1993,-10,0.2482,-0.2598,guns_crime,Congress
10000,1983,US-1993-FMLA,1993,-10,0.5523,-0.2611,labor_family,Congress
10000,1983,US-1993-NVRA,1993,-10,0.3427,-0.3121,democracy,Congress
10000,1983,US-1975-EPCA,1975,8,0.4002,-0.2535,energy_state_capacity,Congress
10000,1983,US-1987-DOLE,1987,-4,0.2285,-0.2856,spending_power_federalism,Supreme Court
10000,1983,US-1978-AIRFA,1978,5,0.3173,-0.2405,native_policy_religion,Congress
10000,1983,US-1982-VRA-AMENDMENTS,1982,1,0.3131,-0.1945,democracy_civil_rights,Congress
10000,1983,US-1990-IMMIGRATION-ACT,1990,-7,0.3839,-0.2502,immigration,Congress
10000,1983,US-1993-RFRA,1993,-10,0.2373,-0.2523,religion_civil_rights,Congress
20000,1983,US-1973-ESA,1973,10,0.545,-0.2082,environment,Congress
20000,1983,US-1973-REHABILITATION,1973,10,0.4251,-0.1114,disability_rights,Congress
20000,1983,US-1973-RODRIGUEZ,1973,10,0.352,-0.2341,education_equality,Supreme Court
20000,1983,US-1973-ROE,1973,10,0.524,-0.2209,privacy_family,Supreme Court
20000,1983,US-1973-WAR-POWERS,1973,10,0.3711,-0.2907,executive_power_security,Congress
20000,1983,US-1974-ECOA,1974,9,0.5801,-0.1724,credit_civil_rights,Congress
20000,1983,US-1974-ERISA,1974,9,0.5428,-0.2722,labor_benefits,Congress
20000,1983,US-1974-MILLIKEN,1974,9,0.3625,-0.308,civil_rights_education,Supreme Court
20000,1983,US-1974-PRIVACY-ACT,1974,9,0.589,-0.2034,privacy_governance,Congress
20000,1983,US-1975-IDEA,1975,8,0.6489,-0.0455,disability_education,Congress
20000,1983,US-1975-ISDEAA,1975,8,0.4202,-0.2714,native_policy,Congress
20000,1983,US-1976-BUCKLEY,1976,7,0.4248,-0.2784,campaign_finance,Supreme Court
20000,1983,US-1976-GREGG,1976,7,0.6175,-0.2736,criminal_justice,Supreme Court
20000,1983,US-1976-TSCA,1976,7,0.56,-0.2539,environment_consumer,Congress
20000,1983,US-1977-CRA,1977,6,0.6102,-0.2498,housing_credit,Congress
20000,1983,US-1977-FED-DUAL-MANDATE,1977,6,0.6418,-0.2308,macroeconomic_governance,Congress
20000,1983,US-1978-AIRLINE-DEREG,1978,5,0.4274,-0.2374,deregulation,Congress
20000,1983,US-1978-BAKKE,1978,5,0.3635,-0.2332,civil_rights_education,Supreme Court
20000,1983,US-1978-FISA,1978,5,0.4924,-0.239,privacy_security,Congress
20000,1983,US-1978-HUMPHREY-HAWKINS,1978,5,0.5039,-0.2539,macroeconomic_governance,Congress
20000,1983,US-1978-ICWA,1978,5,0.5648,-0.2391,native_policy_family,Congress
20000,1983,US-1978-PREGNANCY-DISCRIM,1978,5,0.5044,-0.1643,gender_labor,Congress
20000,1983,US-1980-CERCLA,1980,3,0.5024,-0.2295,environment,Congress
20000,1983,US-1980-DIDMCA,1980,3,0.5432,-0.2519,finance_deregulation,Congress
20000,1983,US-1980-REFUGEE-ACT,1980,3,0.5371,-0.2425,immigration,Congress
20000,1983,US-1983-CHADHA,1983,0,0.4531,-0.3292,separation_of_powers,Supreme Court
20000,1983,US-1984-CHEVRON,1984,-1,0.373,-0.2406,administrative_state,Supreme Court
20000,1983,US-1984-SENTENCING,1984,-1,0.4179,-0.2497,criminal_justice,Congress
20000,1983,US-1986-BOWERS,1986,-3,0.4319,-0.2676,privacy_lgbtq,Supreme Court
20000,1983,US-1986-IRCA,1986,-3,0.4295,-0.2039,immigration,Congress
20000,1983,US-1986-TAX-REFORM,1986,-3,0.5256,-0.1925,tax,Congress
20000,1983,US-1988-CIVIL-LIBERTIES-ACT,1988,-5,0.3117,-0.2777,civil_liberties_reparations,Congress
20000,1983,US-1990-ADA,1990,-7,0.7189,-0.0761,disability_rights,Congress
20000,1983,US-1990-CLEAN-AIR-AMEND,1990,-7,0.6127,-0.2999,environment,Congress
20000,1983,US-1991-CIVIL-RIGHTS-ACT,1991,-8,0.4666,-0.1763,civil_rights_labor,Congress
20000,1983,US-1992-CASEY,1992,-9,0.3866,-0.2317,privacy_family,Supreme Court
20000,1983,US-1993-BRADY,1993,-10,0.3788,-0.2466,guns_crime,Congress
20000,1983,US-1993-FMLA,1993,-10,0.7031,-0.2394,labor_family,Congress
20000,1983,US-1993-NVRA,1993,-10,0.4637,-0.3026,democracy,Congress
20000,1983,US-1975-EPCA,1975,8,0.5282,-0.2532,energy_state_capacity,Congress
20000,1983,US-1987-DOLE,1987,-4,0.3485,-0.269,spending_power_federalism,Supreme Court
20000,1983,US-1978-AIRFA,1978,5,0.4407,-0.2617,native_policy_religion,Congress
20000,1983,US-1982-VRA-AMENDMENTS,1982,1,0.4866,-0.183,democracy_civil_rights,Congress
20000,1983,US-1990-IMMIGRATION-ACT,1990,-7,0.5343,-0.2596,immigration,Congress
20000,1983,US-1993-RFRA,1993,-10,0.359,-0.2506,religion_civil_rights,Congress
5000,1983,US-1973-ESA,1973,10,0.5482,-0.2075,environment,Congress
5000,1983,US-1973-REHABILITATION,1973,10,0.4609,-0.1652,disability_rights,Congress
5000,1983,US-1973-RODRIGUEZ,1973,10,0.5332,-0.2353,education_equality,Supreme Court
5000,1983,US-1973-ROE,1973,10,0.564,-0.217,privacy_family,Supreme Court
5000,1983,US-1973-WAR-POWERS,1973,10,0.372,-0.2515,executive_power_security,Congress
5000,1983,US-1974-ECOA,1974,9,0.6369,-0.2181,credit_civil_rights,Congress
5000,1983,US-1974-ERISA,1974,9,0.5851,-0.2598,labor_benefits,Congress
5000,1983,US-1974-MILLIKEN,1974,9,0.4397,-0.2934,civil_rights_education,Supreme Court
5000,1983,US-1974-PRIVACY-ACT,1974,9,0.5256,-0.2466,privacy_governance,Congress
5000,1983,US-1975-IDEA,1975,8,0.6314,-0.1172,disability_education,Congress
5000,1983,US-1975-ISDEAA,1975,8,0.417,-0.2612,native_policy,Congress
5000,1983,US-1976-BUCKLEY,1976,7,0.4536,-0.2888,campaign_finance,Supreme Court
5000,1983,US-1976-GREGG,1976,7,0.568,-0.2431,criminal_justice,Supreme Court
5000,1983,US-1976-TSCA,1976,7,0.5549,-0.2694,environment_consumer,Congress
5000,1983,US-1977-CRA,1977,6,0.6255,-0.2423,housing_credit,Congress
5000,1983,US-1977-FED-DUAL-MANDATE,1977,6,0.6742,-0.2216,macroeconomic_governance,Congress
5000,1983,US-1978-AIRLINE-DEREG,1978,5,0.4386,-0.2445,deregulation,Congress
5000,1983,US-1978-BAKKE,1978,5,0.4176,-0.2232,civil_rights_education,Supreme Court
5000,1983,US-1978-FISA,1978,5,0.5663,-0.2248,privacy_security,Congress
5000,1983,US-1978-HUMPHREY-HAWKINS,1978,5,0.5599,-0.2293,macroeconomic_governance,Congress
5000,1983,US-1978-ICWA,1978,5,0.571,-0.253,native_policy_family,Congress
5000,1983,US-1978-PREGNANCY-DISCRIM,1978,5,0.6704,-0.2039,gender_labor,Congress
5000,1983,US-1980-CERCLA,1980,3,0.495,-0.2457,environment,Congress
5000,1983,US-1980-DIDMCA,1980,3,0.561,-0.2612,finance_deregulation,Congress
5000,1983,US-1980-REFUGEE-ACT,1980,3,0.5502,-0.2244,immigration,Congress
5000,1983,US-1983-CHADHA,1983,0,0.4576,-0.3021,separation_of_powers,Supreme Court
5000,1983,US-1984-CHEVRON,1984,-1,0.3955,-0.1984,administrative_state,Supreme Court
5000,1983,US-1984-SENTENCING,1984,-1,0.3991,-0.2471,criminal_justice,Congress
5000,1983,US-1986-BOWERS,1986,-3,0.4566,-0.2568,privacy_lgbtq,Supreme Court
5000,1983,US-1986-IRCA,1986,-3,0.459,-0.2248,immigration,Congress
5000,1983,US-1986-TAX-REFORM,1986,-3,0.511,-0.226,tax,Congress
5000,1983,US-1988-CIVIL-LIBERTIES-ACT,1988,-5,0.4486,-0.2871,civil_liberties_reparations,Congress
5000,1983,US-1990-ADA,1990,-7,0.6606,-0.1401,disability_rights,Congress
5000,1983,US-1990-CLEAN-AIR-AMEND,1990,-7,0.6108,-0.2954,environment,Congress
5000,1983,US-1991-CIVIL-RIGHTS-ACT,1991,-8,0.4956,-0.2366,civil_rights_labor,Congress
5000,1983,US-1992-CASEY,1992,-9,0.4464,-0.2479,privacy_family,Supreme Court
5000,1983,US-1993-BRADY,1993,-10,0.4455,-0.2352,guns_crime,Congress
5000,1983,US-1993-FMLA,1993,-10,0.6757,-0.2455,labor_family,Congress
5000,1983,US-1993-NVRA,1993,-10,0.5297,-0.2864,democracy,Congress
5000,1983,US-1975-EPCA,1975,8,0.5632,-0.2441,energy_state_capacity,Congress
5000,1983,US-1987-DOLE,1987,-4,0.3874,-0.2604,spending_power_federalism,Supreme Court
5000,1983,US-1978-AIRFA,1978,5,0.4632,-0.2439,native_policy_religion,Congress
5000,1983,US-1982-VRA-AMENDMENTS,1982,1,0.5079,-0.2118,democracy_civil_rights,Congress
5000,1983,US-1990-IMMIGRATION-ACT,1990,-7,0.511,-0.2549,immigration,Congress
5000,1983,US-1993-RFRA,1993,-10,0.4417,-0.2514,religion_civil_rights,Congress
10000,1984,US-1974-ECOA,1974,10,0.46,-0.139,credit_civil_rights,Congress
10000,1984,US-1974-ERISA,1974,10,0.4093,-0.1956,labor_benefits,Congress
10000,1984,US-1974-MILLIKEN,1974,10,0.258,-0.2527,civil_rights_education,Supreme Court
10000,1984,US-1974-PRIVACY-ACT,1974,10,0.4605,-0.1947,privacy_governance,Congress
10000,1984,US-1975-IDEA,1975,9,0.5189,-0.0475,disability_education,Congress
10000,1984,US-1975-ISDEAA,1975,9,0.3212,-0.1779,native_policy,Congress
10000,1984,US-1976-BUCKLEY,1976,8,0.2858,-0.2488,campaign_finance,Supreme Court
10000,1984,US-1976-GREGG,1976,8,0.4814,-0.1973,criminal_justice,Supreme Court
10000,1984,US-1976-TSCA,1976,8,0.4851,-0.1965,environment_consumer,Congress
10000,1984,US-1977-CRA,1977,7,0.5379,-0.1756,housing_credit,Congress
10000,1984,US-1977-FED-DUAL-MANDATE,1977,7,0.6081,-0.1631,macroeconomic_governance,Congress
10000,1984,US-1978-AIRLINE-DEREG,1978,6,0.276,-0.1764,deregulation,Congress
10000,1984,US-1978-BAKKE,1978,6,0.2925,-0.163,civil_rights_education,Supreme Court
10000,1984,US-1978-FISA,1978,6,0.3572,-0.1682,privacy_security,Congress
10000,1984,US-1978-HUMPHREY-HAWKINS,1978,6,0.413,-0.1717,macroeconomic_governance,Congress
10000,1984,US-1978-ICWA,1978,6,0.4346,-0.179,native_policy_family,Congress
10000,1984,US-1978-PREGNANCY-DISCRIM,1978,6,0.6378,-0.1317,gender_labor,Congress
10000,1984,US-1980-CERCLA,1980,4,0.3722,-0.1747,environment,Congress
10000,1984,US-1980-DIDMCA,1980,4,0.4139,-0.1846,finance_deregulation,Congress
10000,1984,US-1980-REFUGEE-ACT,1980,4,0.4049,-0.1691,immigration,Congress
10000,1984,US-1983-CHADHA,1983,1,0.3972,-0.2293,separation_of_powers,Supreme Court
10000,1984,US-1984-CHEVRON,1984,0,0.2279,-0.1519,administrative_state,Supreme Court
10000,1984,US-1984-SENTENCING,1984,0,0.2433,-0.1589,criminal_justice,Congress
10000,1984,US-1986-BOWERS,1986,-2,0.3665,-0.1997,privacy_lgbtq,Supreme Court
10000,1984,US-1986-IRCA,1986,-2,0.3015,-0.1553,immigration,Congress
10000,1984,US-1986-TAX-REFORM,1986,-2,0.4278,-0.1419,tax,Congress
10000,1984,US-1988-CIVIL-LIBERTIES-ACT,1988,-4,0.2658,-0.2122,civil_liberties_reparations,Congress
10000,1984,US-1990-ADA,1990,-6,0.5755,-0.068,disability_rights,Congress
10000,1984,US-1990-CLEAN-AIR-AMEND,1990,-6,0.4858,-0.2238,environment,Congress
10000,1984,US-1991-CIVIL-RIGHTS-ACT,1991,-7,0.2306,-0.1497,civil_rights_labor,Congress
10000,1984,US-1992-CASEY,1992,-8,0.251,-0.1918,privacy_family,Supreme Court
10000,1984,US-1993-BRADY,1993,-9,0.2926,-0.1689,guns_crime,Congress
10000,1984,US-1993-FMLA,1993,-9,0.5932,-0.1809,labor_family,Congress
10000,1984,US-1993-NVRA,1993,-9,0.3326,-0.2191,democracy,Congress
10000,1984,US-1994-CRIME-BILL,1994,-10,0.4776,-0.1985,criminal_justice,Congress
10000,1984,US-1994-NAFTA,1994,-10,0.3615,-0.174,trade,Congress/President
10000,1984,US-1994-VAWA,1994,-10,0.4235,-0.2229,gender_crime,Congress
10000,1984,US-1975-EPCA,1975,9,0.3978,-0.1649,energy_state_capacity,Congress
10000,1984,US-1987-DOLE,1987,-3,0.278,-0.1948,spending_power_federalism,Supreme Court
10000,1984,US-1978-AIRFA,1978,6,0.3352,-0.1679,native_policy_religion,Congress
10000,1984,US-1982-VRA-AMENDMENTS,1982,2,0.3526,-0.1427,democracy_civil_rights,Congress
10000,1984,US-1990-IMMIGRATION-ACT,1990,-6,0.366,-0.1766,immigration,Congress
10000,1984,US-1993-RFRA,1993,-9,0.2376,-0.1659,religion_civil_rights,Congress
20000,1984,US-1974-ECOA,1974,10,0.5394,-0.1031,credit_civil_rights,Congress
20000,1984,US-1974-ERISA,1974,10,0.5903,-0.142,labor_benefits,Congress
20000,1984,US-1974-MILLIKEN,1974,10,0.3268,-0.2058,civil_rights_education,Supreme Court
20000,1984,US-1974-PRIVACY-ACT,1974,10,0.5581,-0.1193,privacy_governance,Congress
20000,1984,US-1975-IDEA,1975,9,0.6681,-0.0231,disability_education,Congress
20000,1984,US-1975-ISDEAA,1975,9,0.4818,-0.135,native_policy,Congress
20000,1984,US-1976-BUCKLEY,1976,8,0.3825,-0.1881,campaign_finance,Supreme Court
20000,1984,US-1976-GREGG,1976,8,0.6231,-0.1564,criminal_justice,Supreme Court
20000,1984,US-1976-TSCA,1976,8,0.5958,-0.1328,environment_consumer,Congress
20000,1984,US-1977-CRA,1977,7,0.6428,-0.1489,housing_credit,Congress
20000,1984,US-1977-FED-DUAL-MANDATE,1977,7,0.6882,-0.1196,macroeconomic_governance,Congress
20000,1984,US-1978-AIRLINE-DEREG,1978,6,0.4114,-0.1465,deregulation,Congress
20000,1984,US-1978-BAKKE,1978,6,0.3219,-0.1304,civil_rights_education,Supreme Court
20000,1984,US-1978-FISA,1978,6,0.5298,-0.1149,privacy_security,Congress
20000,1984,US-1978-HUMPHREY-HAWKINS,1978,6,0.5187,-0.1338,macroeconomic_governance,Congress
20000,1984,US-1978-ICWA,1978,6,0.5968,-0.1217,native_policy_family,Congress
20000,1984,US-1978-PREGNANCY-DISCRIM,1978,6,0.6175,-0.0789,gender_labor,Congress
20000,1984,US-1980-CERCLA,1980,4,0.581,-0.1311,environment,Congress
20000,1984,US-1980-DIDMCA,1980,4,0.5411,-0.136,finance_deregulation,Congress
20000,1984,US-1980-REFUGEE-ACT,1980,4,0.5689,-0.1309,immigration,Congress
20000,1984,US-1983-CHADHA,1983,1,0.4524,-0.1953,separation_of_powers,Supreme Court
20000,1984,US-1984-CHEVRON,1984,0,0.4097,-0.1468,administrative_state,Supreme Court
20000,1984,US-1984-SENTENCING,1984,0,0.4226,-0.1398,criminal_justice,Congress
20000,1984,US-1986-BOWERS,1986,-2,0.5127,-0.1317,privacy_lgbtq,Supreme Court
20000,1984,US-1986-IRCA,1986,-2,0.4392,-0.107,immigration,Congress
20000,1984,US-1986-TAX-REFORM,1986,-2,0.5757,-0.1107,tax,Congress
20000,1984,US-1988-CIVIL-LIBERTIES-ACT,1988,-4,0.3375,-0.1651,civil_liberties_reparations,Congress
20000,1984,US-1990-ADA,1990,-6,0.7442,-0.039,disability_rights,Congress
20000,1984,US-1990-CLEAN-AIR-AMEND,1990,-6,0.6324,-0.1827,environment,Congress
20000,1984,US-1991-CIVIL-RIGHTS-ACT,1991,-7,0.4315,-0.0912,civil_rights_labor,Congress
20000,1984,US-1992-CASEY,1992,-8,0.3291,-0.1414,privacy_family,Supreme Court
20000,1984,US-1993-BRADY,1993,-9,0.4479,-0.1312,guns_crime,Congress
20000,1984,US-1993-FMLA,1993,-9,0.7305,-0.1318,labor_family,Congress
20000,1984,US-1993-NVRA,1993,-9,0.4709,-0.1681,democracy,Congress
20000,1984,US-1994-CRIME-BILL,1994,-10,0.6321,-0.1607,criminal_justice,Congress
20000,1984,US-1994-NAFTA,1994,-10,0.4224,-0.1398,trade,Congress/President
20000,1984,US-1994-VAWA,1994,-10,0.5774,-0.1536,gender_crime,Congress
20000,1984,US-1975-EPCA,1975,9,0.5599,-0.1292,energy_state_capacity,Congress
20000,1984,US-1987-DOLE,1987,-3,0.3629,-0.1638,spending_power_federalism,Supreme Court
20000,1984,US-1978-AIRFA,1978,6,0.521,-0.1266,native_policy_religion,Congress
20000,1984,US-1982-VRA-AMENDMENTS,1982,2,0.4759,-0.1075,democracy_civil_rights,Congress
20000,1984,US-1990-IMMIGRATION-ACT,1990,-6,0.5553,-0.1286,immigration,Congress
20000,1984,US-1993-RFRA,1993,-9,0.3174,-0.1321,religion_civil_rights,Congress
5000,1984,US-1974-ECOA,1974,10,0.5262,-0.1822,credit_civil_rights,Congress
5000,1984,US-1974-ERISA,1974,10,0.4836,-0.2163,labor_benefits,Congress
5000,1984,US-1974-MILLIKEN,1974,10,0.3026,-0.2838,civil_rights_education,Supreme Court
5000,1984,US-1974-PRIVACY-ACT,1974,10,0.4435,-0.2201,privacy_governance,Congress
5000,1984,US-1975-IDEA,1975,9,0.4917,-0.0835,disability_education,Congress
5000,1984,US-1975-ISDEAA,1975,9,0.3231,-0.2164,native_policy,Congress
5000,1984,US-1976-BUCKLEY,1976,8,0.3322,-0.2721,campaign_finance,Supreme Court
5000,1984,US-1976-GREGG,1976,8,0.45,-0.2219,criminal_justice,Supreme Court
5000,1984,US-1976-TSCA,1976,8,0.382,-0.2237,environment_consumer,Congress
5000,1984,US-1977-CRA,1977,7,0.5438,-0.2033,housing_credit,Congress
5000,1984,US-1977-FED-DUAL-MANDATE,1977,7,0.5685,-0.1883,macroeconomic_governance,Congress
5000,1984,US-1978-AIRLINE-DEREG,1978,6,0.3201,-0.2103,deregulation,Congress
5000,1984,US-1978-BAKKE,1978,6,0.3198,-0.1934,civil_rights_education,Supreme Court
5000,1984,US-1978-FISA,1978,6,0.3602,-0.1879,privacy_security,Congress
5000,1984,US-1978-HUMPHREY-HAWKINS,1978,6,0.4092,-0.1897,macroeconomic_governance,Congress
5000,1984,US-1978-ICWA,1978,6,0.4209,-0.2194,native_policy_family,Congress
5000,1984,US-1978-PREGNANCY-DISCRIM,1978,6,0.565,-0.1715,gender_labor,Congress
5000,1984,US-1980-CERCLA,1980,4,0.3577,-0.2087,environment,Congress
5000,1984,US-1980-DIDMCA,1980,4,0.4052,-0.2228,finance_deregulation,Congress
5000,1984,US-1980-REFUGEE-ACT,1980,4,0.4094,-0.1904,immigration,Congress
5000,1984,US-1983-CHADHA,1983,1,0.3172,-0.2512,separation_of_powers,Supreme Court
5000,1984,US-1984-CHEVRON,1984,0,0.3096,-0.1698,administrative_state,Supreme Court
5000,1984,US-1984-SENTENCING,1984,0,0.2697,-0.1984,criminal_justice,Congress
5000,1984,US-1986-BOWERS,1986,-2,0.3364,-0.218,privacy_lgbtq,Supreme Court
5000,1984,US-1986-IRCA,1986,-2,0.3028,-0.2097,immigration,Congress
5000,1984,US-1986-TAX-REFORM,1986,-2,0.3961,-0.1858,tax,Congress
5000,1984,US-1988-CIVIL-LIBERTIES-ACT,1988,-4,0.2252,-0.2564,civil_liberties_reparations,Congress
5000,1984,US-1990-ADA,1990,-6,0.545,-0.1006,disability_rights,Congress
5000,1984,US-1990-CLEAN-AIR-AMEND,1990,-6,0.5032,-0.2612,environment,Congress
5000,1984,US-1991-CIVIL-RIGHTS-ACT,1991,-7,0.3383,-0.2112,civil_rights_labor,Congress
5000,1984,US-1992-CASEY,1992,-8,0.2984,-0.2394,privacy_family,Supreme Court
5000,1984,US-1993-BRADY,1993,-9,0.333,-0.2012,guns_crime,Congress
5000,1984,US-1993-FMLA,1993,-9,0.5624,-0.2082,labor_family,Congress
5000,1984,US-1993-NVRA,1993,-9,0.384,-0.2395,democracy,Congress
5000,1984,US-1994-CRIME-BILL,1994,-10,0.4531,-0.2424,criminal_justice,Congress
5000,1984,US-1994-NAFTA,1994,-10,0.3434,-0.203,trade,Congress/President
5000,1984,US-1994-VAWA,1994,-10,0.4369,-0.2526,gender_crime,Congress
5000,1984,US-1975-EPCA,1975,9,0.4083,-0.2003,energy_state_capacity,Congress
5000,1984,US-1987-DOLE,1987,-3,0.2454,-0.2265,spending_power_federalism,Supreme Court
5000,1984,US-1978-AIRFA,1978,6,0.2678,-0.2125,native_policy_religion,Congress
5000,1984,US-1982-VRA-AMENDMENTS,1982,2,0.3305,-0.1902,democracy_civil_rights,Congress
5000,1984,US-1990-IMMIGRATION-ACT,1990,-6,0.3274,-0.2233,immigration,Congress
5000,1984,US-1993-RFRA,1993,-9,0.2304,-0.2156,religion_civil_rights,Congress
10000,1985,US-1975-IDEA,1975,10,0.5404,-0.0793,disability_education,Congress
10000,1985,US-1975-ISDEAA,1975,10,0.3412,-0.2397,native_policy,Congress
10000,1985,US-1976-BUCKLEY,1976,9,0.2881,-0.2749,campaign_finance,Supreme Court
10000,1985,US-1976-GREGG,1976,9,0.4904,-0.2516,criminal_justice,Supreme Court
10000,1985,US-1976-TSCA,1976,9,0.4085,-0.2672,environment_consumer,Congress
10000,1985,US-1977-CRA,1977,8,0.566,-0.2319,housing_credit,Congress
10000,1985,US-1977-FED-DUAL-MANDATE,1977,8,0.5854,-0.2115,macroeconomic_governance,Congress
10000,1985,US-1978-AIRLINE-DEREG,1978,7,0.3234,-0.2434,deregulation,Congress
10000,1985,US-1978-BAKKE,1978,7,0.302,-0.2281,civil_rights_education,Supreme Court
10000,1985,US-1978-FISA,1978,7,0.3987,-0.2274,privacy_security,Congress
10000,1985,US-1978-HUMPHREY-HAWKINS,1978,7,0.4492,-0.2227,macroeconomic_governance,Congress
10000,1985,US-1978-ICWA,1978,7,0.4488,-0.2353,native_policy_family,Congress
10000,1985,US-1978-PREGNANCY-DISCRIM,1978,7,0.504,-0.1756,gender_labor,Congress
10000,1985,US-1980-CERCLA,1980,5,0.4279,-0.2458,environment,Congress
10000,1985,US-1980-DIDMCA,1980,5,0.4867,-0.2437,finance_deregulation,Congress
10000,1985,US-1980-REFUGEE-ACT,1980,5,0.4013,-0.2201,immigration,Congress
10000,1985,US-1983-CHADHA,1983,2,0.3618,-0.2999,separation_of_powers,Supreme Court
10000,1985,US-1984-CHEVRON,1984,1,0.2807,-0.1978,administrative_state,Supreme Court
10000,1985,US-1984-SENTENCING,1984,1,0.3017,-0.2294,criminal_justice,Congress
10000,1985,US-1986-BOWERS,1986,-1,0.3622,-0.2656,privacy_lgbtq,Supreme Court
10000,1985,US-1986-IRCA,1986,-1,0.3429,-0.2068,immigration,Congress
10000,1985,US-1986-TAX-REFORM,1986,-1,0.4226,-0.2151,tax,Congress
10000,1985,US-1988-CIVIL-LIBERTIES-ACT,1988,-3,0.3109,-0.2684,civil_liberties_reparations,Congress
10000,1985,US-1990-ADA,1990,-5,0.5609,-0.1111,disability_rights,Congress
10000,1985,US-1990-CLEAN-AIR-AMEND,1990,-5,0.5198,-0.2916,environment,Congress
10000,1985,US-1991-CIVIL-RIGHTS-ACT,1991,-6,0.331,-0.1872,civil_rights_labor,Congress
10000,1985,US-1992-CASEY,1992,-7,0.2718,-0.2513,privacy_family,Supreme Court
10000,1985,US-1993-BRADY,1993,-8,0.3624,-0.2316,guns_crime,Congress
10000,1985,US-1993-FMLA,1993,-8,0.5856,-0.2467,labor_family,Congress
10000,1985,US-1993-NVRA,1993,-8,0.4143,-0.2813,democracy,Congress
10000,1985,US-1994-CRIME-BILL,1994,-9,0.4562,-0.2549,criminal_justice,Congress
10000,1985,US-1994-NAFTA,1994,-9,0.3822,-0.2392,trade,Congress/President
10000,1985,US-1994-VAWA,1994,-9,0.4312,-0.2772,gender_crime,Congress
10000,1985,US-1995-LOPEZ,1995,-10,0.2687,-0.2679,federalism_state_capacity,Supreme Court
10000,1985,US-1975-EPCA,1975,10,0.4342,-0.2352,energy_state_capacity,Congress
10000,1985,US-1987-DOLE,1987,-2,0.2844,-0.2669,spending_power_federalism,Supreme Court
10000,1985,US-1978-AIRFA,1978,7,0.3614,-0.2189,native_policy_religion,Congress
10000,1985,US-1982-VRA-AMENDMENTS,1982,3,0.3354,-0.1961,democracy_civil_rights,Congress
10000,1985,US-1990-IMMIGRATION-ACT,1990,-5,0.3652,-0.2242,immigration,Congress
10000,1985,US-1993-RFRA,1993,-8,0.2814,-0.2227,religion_civil_rights,Congress
20000,1985,US-1975-IDEA,1975,10,0.5697,-0.0518,disability_education,Congress
20000,1985,US-1975-ISDEAA,1975,10,0.3504,-0.2388,native_policy,Congress
20000,1985,US-1976-BUCKLEY,1976,9,0.3161,-0.258,campaign_finance,Supreme Court
20000,1985,US-1976-GREGG,1976,9,0.5405,-0.2416,criminal_justice,Supreme Court
20000,1985,US-1976-TSCA,1976,9,0.4348,-0.2555,environment_consumer,Congress
20000,1985,US-1977-CRA,1977,8,0.5564,-0.2517,housing_credit,Congress
20000,1985,US-1977-FED-DUAL-MANDATE,1977,8,0.5801,-0.2218,macroeconomic_governance,Congress
20000,1985,US-1978-AIRLINE-DEREG,1978,7,0.3324,-0.2339,deregulation,Congress
20000,1985,US-1978-BAKKE,1978,7,0.2772,-0.2124,civil_rights_education,Supreme Court
20000,1985,US-1978-FISA,1978,7,0.4201,-0.2141,privacy_security,Congress
20000,1985,US-1978-HUMPHREY-HAWKINS,1978,7,0.4183,-0.2383,macroeconomic_governance,Congress
20000,1985,US-1978-ICWA,1978,7,0.492,-0.2245,native_policy_family,Congress
20000,1985,US-1978-PREGNANCY-DISCRIM,1978,7,0.3856,-0.1688,gender_labor,Congress
20000,1985,US-1980-CERCLA,1980,5,0.4691,-0.2129,environment,Congress
20000,1985,US-1980-DIDMCA,1980,5,0.4491,-0.2305,finance_deregulation,Congress
20000,1985,US-1980-REFUGEE-ACT,1980,5,0.4149,-0.2202,immigration,Congress
20000,1985,US-1983-CHADHA,1983,2,0.349,-0.3293,separation_of_powers,Supreme Court
20000,1985,US-1984-CHEVRON,1984,1,0.3952,-0.2391,administrative_state,Supreme Court
20000,1985,US-1984-SENTENCING,1984,1,0.3342,-0.2202,criminal_justice,Congress
20000,1985,US-1986-BOWERS,1986,-1,0.3179,-0.2461,privacy_lgbtq,Supreme Court
20000,1985,US-1986-IRCA,1986,-1,0.3546,-0.1675,immigration,Congress
20000,1985,US-1986-TAX-REFORM,1986,-1,0.4638,-0.1849,tax,Congress
20000,1985,US-1988-CIVIL-LIBERTIES-ACT,1988,-3,0.2726,-0.2789,civil_liberties_reparations,Congress
20000,1985,US-1990-ADA,1990,-5,0.6423,-0.0688,disability_rights,Congress
20000,1985,US-1990-CLEAN-AIR-AMEND,1990,-5,0.5093,-0.2893,environment,Congress
20000,1985,US-1991-CIVIL-RIGHTS-ACT,1991,-6,0.4034,-0.1609,civil_rights_labor,Congress
20000,1985,US-1992-CASEY,1992,-7,0.3453,-0.228,privacy_family,Supreme Court
20000,1985,US-1993-BRADY,1993,-8,0.3347,-0.2331,guns_crime,Congress
20000,1985,US-1993-FMLA,1993,-8,0.6095,-0.2173,labor_family,Congress
20000,1985,US-1993-NVRA,1993,-8,0.3901,-0.2774,democracy,Congress
20000,1985,US-1994-CRIME-BILL,1994,-9,0.4768,-0.2693,criminal_justice,Congress
20000,1985,US-1994-NAFTA,1994,-9,0.3704,-0.25,trade,Congress/President
20000,1985,US-1994-VAWA,1994,-9,0.4581,-0.2864,gender_crime,Congress
20000,1985,US-1995-LOPEZ,1995,-10,0.2688,-0.2565,federalism_state_capacity,Supreme Court
20000,1985,US-1975-EPCA,1975,10,0.4672,-0.2563,energy_state_capacity,Congress
20000,1985,US-1987-DOLE,1987,-2,0.2662,-0.2663,spending_power_federalism,Supreme Court
20000,1985,US-1978-AIRFA,1978,7,0.4182,-0.2214,native_policy_religion,Congress
20000,1985,US-1982-VRA-AMENDMENTS,1982,3,0.3631,-0.1667,democracy_civil_rights,Congress
20000,1985,US-1990-IMMIGRATION-ACT,1990,-5,0.4445,-0.219,immigration,Congress
20000,1985,US-1993-RFRA,1993,-8,0.2993,-0.2173,religion_civil_rights,Congress
5000,1985,US-1975-IDEA,1975,10,0.6705,-0.1281,disability_education,Congress
5000,1985,US-1975-ISDEAA,1975,10,0.4771,-0.2544,native_policy,Congress
5000,1985,US-1976-BUCKLEY,1976,9,0.5153,-0.3202,campaign_finance,Supreme Court
5000,1985,US-1976-GREGG,1976,9,0.6157,-0.2558,criminal_justice,Supreme Court
5000,1985,US-1976-TSCA,1976,9,0.5461,-0.2682,environment_consumer,Congress
5000,1985,US-1977-CRA,1977,8,0.6864,-0.2303,housing_credit,Congress
5000,1985,US-1977-FED-DUAL-MANDATE,1977,8,0.704,-0.2124,macroeconomic_governance,Congress
5000,1985,US-1978-AIRLINE-DEREG,1978,7,0.4554,-0.2426,deregulation,Congress
5000,1985,US-1978-BAKKE,1978,7,0.4667,-0.2091,civil_rights_education,Supreme Court
5000,1985,US-1978-FISA,1978,7,0.5351,-0.2066,privacy_security,Congress
5000,1985,US-1978-HUMPHREY-HAWKINS,1978,7,0.5805,-0.2068,macroeconomic_governance,Congress
5000,1985,US-1978-ICWA,1978,7,0.5917,-0.2462,native_policy_family,Congress
5000,1985,US-1978-PREGNANCY-DISCRIM,1978,7,0.7005,-0.2083,gender_labor,Congress
5000,1985,US-1980-CERCLA,1980,5,0.553,-0.2371,environment,Congress
5000,1985,US-1980-DIDMCA,1980,5,0.6059,-0.2523,finance_deregulation,Congress
5000,1985,US-1980-REFUGEE-ACT,1980,5,0.5545,-0.2169,immigration,Congress
5000,1985,US-1983-CHADHA,1983,2,0.4666,-0.3032,separation_of_powers,Supreme Court
5000,1985,US-1984-CHEVRON,1984,1,0.4593,-0.1767,administrative_state,Supreme Court
5000,1985,US-1984-SENTENCING,1984,1,0.4084,-0.2389,criminal_justice,Congress
5000,1985,US-1986-BOWERS,1986,-1,0.4913,-0.2687,privacy_lgbtq,Supreme Court
5000,1985,US-1986-IRCA,1986,-1,0.4796,-0.2138,immigration,Congress
5000,1985,US-1986-TAX-REFORM,1986,-1,0.5795,-0.203,tax,Congress
5000,1985,US-1988-CIVIL-LIBERTIES-ACT,1988,-3,0.4951,-0.292,civil_liberties_reparations,Congress
5000,1985,US-1990-ADA,1990,-5,0.6875,-0.1451,disability_rights,Congress
5000,1985,US-1990-CLEAN-AIR-AMEND,1990,-5,0.6386,-0.3009,environment,Congress
5000,1985,US-1991-CIVIL-RIGHTS-ACT,1991,-6,0.5206,-0.2259,civil_rights_labor,Congress
5000,1985,US-1992-CASEY,1992,-7,0.4307,-0.2694,privacy_family,Supreme Court
5000,1985,US-1993-BRADY,1993,-8,0.4999,-0.2265,guns_crime,Congress
5000,1985,US-1993-FMLA,1993,-8,0.6879,-0.2425,labor_family,Congress
5000,1985,US-1993-NVRA,1993,-8,0.5683,-0.2797,democracy,Congress
5000,1985,US-1994-CRIME-BILL,1994,-9,0.5986,-0.2707,criminal_justice,Congress
5000,1985,US-1994-NAFTA,1994,-9,0.5295,-0.2472,trade,Congress/President
5000,1985,US-1994-VAWA,1994,-9,0.6106,-0.2975,gender_crime,Congress
5000,1985,US-1995-LOPEZ,1995,-10,0.4253,-0.2936,federalism_state_capacity,Supreme Court
5000,1985,US-1975-EPCA,1975,10,0.5788,-0.237,energy_state_capacity,Congress
5000,1985,US-1987-DOLE,1987,-2,0.4051,-0.26,spending_power_federalism,Supreme Court
5000,1985,US-1978-AIRFA,1978,7,0.5293,-0.2449,native_policy_religion,Congress
5000,1985,US-1982-VRA-AMENDMENTS,1982,3,0.5483,-0.2144,democracy_civil_rights,Congress
5000,1985,US-1990-IMMIGRATION-ACT,1990,-5,0.5482,-0.2381,immigration,Congress
5000,1985,US-1993-RFRA,1993,-8,0.4674,-0.2345,religion_civil_rights,Congress
10000,1986,US-1976-BUCKLEY,1976,10,0.1865,-0.2592,campaign_finance,Supreme Court
10000,1986,US-1976-GREGG,1976,10,0.3396,-0.2016,criminal_justice,Supreme Court
10000,1986,US-1976-TSCA,1976,10,0.3241,-0.2255,environment_consumer,Congress
10000,1986,US-1977-CRA,1977,9,0.3751,-0.1916,housing_credit,Congress
10000,1986,US-1977-FED-DUAL-MANDATE,1977,9,0.4181,-0.1768,macroeconomic_governance,Congress
10000,1986,US-1978-AIRLINE-DEREG,1978,8,0.2081,-0.1964,deregulation,Congress
10000,1986,US-1978-BAKKE,1978,8,0.1736,-0.1924,civil_rights_education,Supreme Court
10000,1986,US-1978-FISA,1978,8,0.2591,-0.1918,privacy_security,Congress
10000,1986,US-1978-HUMPHREY-HAWKINS,1978,8,0.2719,-0.195,macroeconomic_governance,Congress
10000,1986,US-1978-ICWA,1978,8,0.2617,-0.1905,native_policy_family,Congress
10000,1986,US-1978-PREGNANCY-DISCRIM,1978,8,0.3545,-0.1426,gender_labor,Congress
10000,1986,US-1980-CERCLA,1980,6,0.2486,-0.1876,environment,Congress
10000,1986,US-1980-DIDMCA,1980,6,0.2858,-0.1983,finance_deregulation,Congress
10000,1986,US-1980-REFUGEE-ACT,1980,6,0.2988,-0.1773,immigration,Congress
10000,1986,US-1983-CHADHA,1983,3,0.2238,-0.2631,separation_of_powers,Supreme Court
10000,1986,US-1984-CHEVRON,1984,2,0.1754,-0.1677,administrative_state,Supreme Court
10000,1986,US-1984-SENTENCING,1984,2,0.1699,-0.1949,criminal_justice,Congress
10000,1986,US-1986-BOWERS,1986,0,0.222,-0.2187,privacy_lgbtq,Supreme Court
10000,1986,US-1986-IRCA,1986,0,0.2003,-0.1668,immigration,Congress
10000,1986,US-1986-TAX-REFORM,1986,0,0.2527,-0.1677,tax,Congress
10000,1986,US-1988-CIVIL-LIBERTIES-ACT,1988,-2,0.1752,-0.239,civil_liberties_reparations,Congress
10000,1986,US-1990-ADA,1990,-4,0.3953,-0.0975,disability_rights,Congress
10000,1986,US-1990-CLEAN-AIR-AMEND,1990,-4,0.3431,-0.2459,environment,Congress
10000,1986,US-1991-CIVIL-RIGHTS-ACT,1991,-5,0.1821,-0.1693,civil_rights_labor,Congress
10000,1986,US-1992-CASEY,1992,-6,0.2155,-0.2116,privacy_family,Supreme Court
10000,1986,US-1993-BRADY,1993,-7,0.2115,-0.1864,guns_crime,Congress
10000,1986,US-1993-FMLA,1993,-7,0.3858,-0.2086,labor_family,Congress
10000,1986,US-1993-NVRA,1993,-7,0.2419,-0.2423,democracy,Congress
10000,1986,US-1994-CRIME-BILL,1994,-8,0.3508,-0.2216,criminal_justice,Congress
10000,1986,US-1994-NAFTA,1994,-8,0.2412,-0.2061,trade,Congress/President
10000,1986,US-1994-VAWA,1994,-8,0.2794,-0.2404,gender_crime,Congress
10000,1986,US-1995-LOPEZ,1995,-9,0.1681,-0.2341,federalism_state_capacity,Supreme Court
10000,1986,US-1996-DOMA,1996,-10,0.3033,-0.2065,lgbtq_family,Congress
10000,1986,US-1996-PRWORA,1996,-10,0.4014,-0.1952,welfare,Congress
10000,1986,US-1996-TELECOM,1996,-10,0.3039,-0.2572,communications,Congress
10000,1986,US-1987-DOLE,1987,-1,0.1611,-0.2277,spending_power_federalism,Supreme Court
10000,1986,US-1978-AIRFA,1978,8,0.2086,-0.1867,native_policy_religion,Congress
10000,1986,US-1982-VRA-AMENDMENTS,1982,4,0.2138,-0.1665,democracy_civil_rights,Congress
10000,1986,US-1990-IMMIGRATION-ACT,1990,-4,0.2325,-0.1889,immigration,Congress
10000,1986,US-1993-RFRA,1993,-7,0.1204,-0.1932,religion_civil_rights,Congress
10000,1986,US-1996-AEDPA,1996,-10,0.2093,-0.186,criminal_justice_security,Congress
10000,1986,US-1996-IIRIRA,1996,-10,0.2469,-0.1636,immigration_enforcement,Congress
20000,1986,US-1976-BUCKLEY,1976,10,0.3314,-0.1895,campaign_finance,Supreme Court
20000,1986,US-1976-GREGG,1976,10,0.508,-0.1878,criminal_justice,Supreme Court
20000,1986,US-1976-TSCA,1976,10,0.4716,-0.1937,environment_consumer,Congress
20000,1986,US-1977-CRA,1977,9,0.5812,-0.1606,housing_credit,Congress
20000,1986,US-1977-FED-DUAL-MANDATE,1977,9,0.5891,-0.1579,macroeconomic_governance,Congress
20000,1986,US-1978-AIRLINE-DEREG,1978,8,0.2922,-0.1917,deregulation,Congress
20000,1986,US-1978-BAKKE,1978,8,0.2424,-0.1625,civil_rights_education,Supreme Court
20000,1986,US-1978-FISA,1978,8,0.386,-0.15,privacy_security,Congress
20000,1986,US-1978-HUMPHREY-HAWKINS,1978,8,0.4183,-0.1626,macroeconomic_governance,Congress
20000,1986,US-1978-ICWA,1978,8,0.4176,-0.1708,native_policy_family,Congress
20000,1986,US-1978-PREGNANCY-DISCRIM,1978,8,0.4402,-0.1302,gender_labor,Congress
20000,1986,US-1980-CERCLA,1980,6,0.4144,-0.1679,environment,Congress
20000,1986,US-1980-DIDMCA,1980,6,0.4458,-0.1752,finance_deregulation,Congress
20000,1986,US-1980-REFUGEE-ACT,1980,6,0.4697,-0.1601,immigration,Congress
20000,1986,US-1983-CHADHA,1983,3,0.3725,-0.2559,separation_of_powers,Supreme Court
20000,1986,US-1984-CHEVRON,1984,2,0.2964,-0.1699,administrative_state,Supreme Court
20000,1986,US-1984-SENTENCING,1984,2,0.3059,-0.1758,criminal_justice,Congress
20000,1986,US-1986-BOWERS,1986,0,0.3403,-0.1826,privacy_lgbtq,Supreme Court
20000,1986,US-1986-IRCA,1986,0,0.3058,-0.112,immigration,Congress
20000,1986,US-1986-TAX-REFORM,1986,0,0.4767,-0.1437,tax,Congress
20000,1986,US-1988-CIVIL-LIBERTIES-ACT,1988,-2,0.2765,-0.2252,civil_liberties_reparations,Congress
20000,1986,US-1990-ADA,1990,-4,0.6276,-0.0749,disability_rights,Congress
20000,1986,US-1990-CLEAN-AIR-AMEND,1990,-4,0.4944,-0.2116,environment,Congress
20000,1986,US-1991-CIVIL-RIGHTS-ACT,1991,-5,0.3351,-0.1307,civil_rights_labor,Congress
20000,1986,US-1992-CASEY,1992,-6,0.3197,-0.1808,privacy_family,Supreme Court
20000,1986,US-1993-BRADY,1993,-7,0.2964,-0.1657,guns_crime,Congress
20000,1986,US-1993-FMLA,1993,-7,0.5783,-0.1565,labor_family,Congress
20000,1986,US-1993-NVRA,1993,-7,0.3378,-0.211,democracy,Congress
20000,1986,US-1994-CRIME-BILL,1994,-8,0.5027,-0.1882,criminal_justice,Congress
20000,1986,US-1994-NAFTA,1994,-8,0.3394,-0.1822,trade,Congress/President
20000,1986,US-1994-VAWA,1994,-8,0.4351,-0.1961,gender_crime,Congress
20000,1986,US-1995-LOPEZ,1995,-9,0.2861,-0.1975,federalism_state_capacity,Supreme Court
20000,1986,US-1996-DOMA,1996,-10,0.4176,-0.1796,lgbtq_family,Congress
20000,1986,US-1996-PRWORA,1996,-10,0.6085,-0.1632,welfare,Congress
20000,1986,US-1996-TELECOM,1996,-10,0.4098,-0.2152,communications,Congress
20000,1986,US-1987-DOLE,1987,-1,0.3017,-0.2057,spending_power_federalism,Supreme Court
20000,1986,US-1978-AIRFA,1978,8,0.4033,-0.1685,native_policy_religion,Congress
20000,1986,US-1982-VRA-AMENDMENTS,1982,4,0.3815,-0.1176,democracy_civil_rights,Congress
20000,1986,US-1990-IMMIGRATION-ACT,1990,-4,0.4082,-0.1678,immigration,Congress
20000,1986,US-1993-RFRA,1993,-7,0.2332,-0.169,religion_civil_rights,Congress
20000,1986,US-1996-AEDPA,1996,-10,0.3343,-0.1569,criminal_justice_security,Congress
20000,1986,US-1996-IIRIRA,1996,-10,0.3627,-0.139,immigration_enforcement,Congress
5000,1986,US-1976-BUCKLEY,1976,10,0.5381,-0.2721,campaign_finance,Supreme Court
5000,1986,US-1976-GREGG,1976,10,0.618,-0.1928,criminal_justice,Supreme Court
5000,1986,US-1976-TSCA,1976,10,0.5962,-0.2142,environment_consumer,Congress
5000,1986,US-1977-CRA,1977,9,0.7322,-0.1798,housing_credit,Congress
5000,1986,US-1977-FED-DUAL-MANDATE,1977,9,0.744,-0.1761,macroeconomic_governance,Congress
5000,1986,US-1978-AIRLINE-DEREG,1978,8,0.4646,-0.1982,deregulation,Congress
5000,1986,US-1978-BAKKE,1978,8,0.4409,-0.1773,civil_rights_education,Supreme Court
5000,1986,US-1978-FISA,1978,8,0.5148,-0.1811,privacy_security,Congress
5000,1986,US-1978-HUMPHREY-HAWKINS,1978,8,0.6023,-0.1765,macroeconomic_governance,Congress
5000,1986,US-1978-ICWA,1978,8,0.5976,-0.1946,native_policy_family,Congress
5000,1986,US-1978-PREGNANCY-DISCRIM,1978,8,0.6518,-0.1798,gender_labor,Congress
5000,1986,US-1980-CERCLA,1980,6,0.5609,-0.1971,environment,Congress
5000,1986,US-1980-DIDMCA,1980,6,0.5989,-0.1999,finance_deregulation,Congress
5000,1986,US-1980-REFUGEE-ACT,1980,6,0.5764,-0.1804,immigration,Congress
5000,1986,US-1983-CHADHA,1983,3,0.4649,-0.2525,separation_of_powers,Supreme Court
5000,1986,US-1984-CHEVRON,1984,2,0.4779,-0.1581,administrative_state,Supreme Court
5000,1986,US-1984-SENTENCING,1984,2,0.4535,-0.1967,criminal_justice,Congress
5000,1986,US-1986-BOWERS,1986,0,0.4575,-0.2249,privacy_lgbtq,Supreme Court
5000,1986,US-1986-IRCA,1986,0,0.4592,-0.1753,immigration,Congress
5000,1986,US-1986-TAX-REFORM,1986,0,0.5393,-0.1744,tax,Congress
5000,1986,US-1988-CIVIL-LIBERTIES-ACT,1988,-2,0.4394,-0.2332,civil_liberties_reparations,Congress
5000,1986,US-1990-ADA,1990,-4,0.7178,-0.1307,disability_rights,Congress
5000,1986,US-1990-CLEAN-AIR-AMEND,1990,-4,0.6572,-0.251,environment,Congress
5000,1986,US-1991-CIVIL-RIGHTS-ACT,1991,-5,0.5371,-0.2016,civil_rights_labor,Congress
5000,1986,US-1992-CASEY,1992,-6,0.5441,-0.2114,privacy_family,Supreme Court
5000,1986,US-1993-BRADY,1993,-7,0.5053,-0.1851,guns_crime,Congress
5000,1986,US-1993-FMLA,1993,-7,0.7142,-0.1922,labor_family,Congress
5000,1986,US-1993-NVRA,1993,-7,0.6127,-0.2284,democracy,Congress
5000,1986,US-1994-CRIME-BILL,1994,-8,0.6597,-0.2201,criminal_justice,Congress
5000,1986,US-1994-NAFTA,1994,-8,0.5617,-0.1956,trade,Congress/President
5000,1986,US-1994-VAWA,1994,-8,0.6061,-0.2442,gender_crime,Congress
5000,1986,US-1995-LOPEZ,1995,-9,0.4184,-0.236,federalism_state_capacity,Supreme Court
5000,1986,US-1996-DOMA,1996,-10,0.6236,-0.2173,lgbtq_family,Congress
5000,1986,US-1996-PRWORA,1996,-10,0.6472,-0.1772,welfare,Congress
5000,1986,US-1996-TELECOM,1996,-10,0.6074,-0.2466,communications,Congress
5000,1986,US-1987-DOLE,1987,-1,0.4324,-0.2128,spending_power_federalism,Supreme Court
5000,1986,US-1978-AIRFA,1978,8,0.5396,-0.1874,native_policy_religion,Congress
5000,1986,US-1982-VRA-AMENDMENTS,1982,4,0.4969,-0.1802,democracy_civil_rights,Congress
5000,1986,US-1990-IMMIGRATION-ACT,1990,-4,0.5379,-0.195,immigration,Congress
5000,1986,US-1993-RFRA,1993,-7,0.4395,-0.1877,religion_civil_rights,Congress
5000,1986,US-1996-AEDPA,1996,-10,0.5772,-0.1987,criminal_justice_security,Congress
5000,1986,US-1996-IIRIRA,1996,-10,0.5933,-0.1841,immigration_enforcement,Congress
10000,1987,US-1977-CRA,1977,10,0.5075,-0.247,housing_credit,Congress
10000,1987,US-1977-FED-DUAL-MANDATE,1977,10,0.5274,-0.2155,macroeconomic_governance,Congress
10000,1987,US-1978-AIRLINE-DEREG,1978,9,0.2723,-0.2417,deregulation,Congress
10000,1987,US-1978-BAKKE,1978,9,0.2835,-0.22,civil_rights_education,Supreme Court
10000,1987,US-1978-FISA,1978,9,0.3432,-0.2351,privacy_security,Congress
10000,1987,US-1978-HUMPHREY-HAWKINS,1978,9,0.3734,-0.2373,macroeconomic_governance,Congress
10000,1987,US-1978-ICWA,1978,9,0.4364,-0.2319,native_policy_family,Congress
10000,1987,US-1978-PREGNANCY-DISCRIM,1978,9,0.422,-0.1628,gender_labor,Congress
10000,1987,US-1980-CERCLA,1980,7,0.409,-0.243,environment,Congress
10000,1987,US-1980-DIDMCA,1980,7,0.4224,-0.2516,finance_deregulation,Congress
10000,1987,US-1980-REFUGEE-ACT,1980,7,0.3817,-0.215,immigration,Congress
10000,1987,US-1983-CHADHA,1983,4,0.3117,-0.3143,separation_of_powers,Supreme Court
10000,1987,US-1984-CHEVRON,1984,3,0.3173,-0.2289,administrative_state,Supreme Court
10000,1987,US-1984-SENTENCING,1984,3,0.2889,-0.2474,criminal_justice,Congress
10000,1987,US-1986-BOWERS,1986,1,0.3179,-0.2637,privacy_lgbtq,Supreme Court
10000,1987,US-1986-IRCA,1986,1,0.3205,-0.207,immigration,Congress
10000,1987,US-1986-TAX-REFORM,1986,1,0.383,-0.2075,tax,Congress
10000,1987,US-1988-CIVIL-LIBERTIES-ACT,1988,-1,0.2599,-0.2699,civil_liberties_reparations,Congress
10000,1987,US-1990-ADA,1990,-3,0.5587,-0.1115,disability_rights,Congress
10000,1987,US-1990-CLEAN-AIR-AMEND,1990,-3,0.483,-0.2932,environment,Congress
10000,1987,US-1991-CIVIL-RIGHTS-ACT,1991,-4,0.3175,-0.192,civil_rights_labor,Congress
10000,1987,US-1992-CASEY,1992,-5,0.3134,-0.2583,privacy_family,Supreme Court
10000,1987,US-1993-BRADY,1993,-6,0.2964,-0.2434,guns_crime,Congress
10000,1987,US-1993-FMLA,1993,-6,0.5359,-0.234,labor_family,Congress
10000,1987,US-1993-NVRA,1993,-6,0.3986,-0.2844,democracy,Congress
10000,1987,US-1994-CRIME-BILL,1994,-7,0.4583,-0.2662,criminal_justice,Congress
10000,1987,US-1994-NAFTA,1994,-7,0.3372,-0.2499,trade,Congress/President
10000,1987,US-1994-VAWA,1994,-7,0.4031,-0.2874,gender_crime,Congress
10000,1987,US-1995-LOPEZ,1995,-8,0.2428,-0.2878,federalism_state_capacity,Supreme Court
10000,1987,US-1996-DOMA,1996,-9,0.4001,-0.2518,lgbtq_family,Congress
10000,1987,US-1996-PRWORA,1996,-9,0.5145,-0.2319,welfare,Congress
10000,1987,US-1996-TELECOM,1996,-9,0.4193,-0.298,communications,Congress
10000,1987,US-1997-PRINTZ,1997,-10,0.2668,-0.2684,federalism_guns,Supreme Court
10000,1987,US-1987-DOLE,1987,0,0.2676,-0.2635,spending_power_federalism,Supreme Court
10000,1987,US-1997-RENO-ACLU,1997,-10,0.3484,-0.2997,speech_internet,Supreme Court
10000,1987,US-1978-AIRFA,1978,9,0.3607,-0.2465,native_policy_religion,Congress
10000,1987,US-1982-VRA-AMENDMENTS,1982,5,0.3372,-0.1957,democracy_civil_rights,Congress
10000,1987,US-1990-IMMIGRATION-ACT,1990,-3,0.3929,-0.243,immigration,Congress
10000,1987,US-1993-RFRA,1993,-6,0.2412,-0.2407,religion_civil_rights,Congress
10000,1987,US-1996-AEDPA,1996,-9,0.3438,-0.2394,criminal_justice_security,Congress
10000,1987,US-1996-IIRIRA,1996,-9,0.3802,-0.2177,immigration_enforcement,Congress
20000,1987,US-1977-CRA,1977,10,0.5517,-0.2661,housing_credit,Congress
20000,1987,US-1977-FED-DUAL-MANDATE,1977,10,0.5967,-0.241,macroeconomic_governance,Congress
20000,1987,US-1978-AIRLINE-DEREG,1978,9,0.3477,-0.2613,deregulation,Congress
20000,1987,US-1978-BAKKE,1978,9,0.2979,-0.2534,civil_rights_education,Supreme Court
20000,1987,US-1978-FISA,1978,9,0.4212,-0.2334,privacy_security,Congress
20000,1987,US-1978-HUMPHREY-HAWKINS,1978,9,0.4363,-0.2575,macroeconomic_governance,Congress
20000,1987,US-1978-ICWA,1978,9,0.506,-0.2483,native_policy_family,Congress
20000,1987,US-1978-PREGNANCY-DISCRIM,1978,9,0.4363,-0.17,gender_labor,Congress
20000,1987,US-1980-CERCLA,1980,7,0.4539,-0.2389,environment,Congress
20000,1987,US-1980-DIDMCA,1980,7,0.5109,-0.2705,finance_deregulation,Congress
20000,1987,US-1980-REFUGEE-ACT,1980,7,0.4499,-0.2385,immigration,Congress
20000,1987,US-1983-CHADHA,1983,4,0.3899,-0.3174,separation_of_powers,Supreme Court
20000,1987,US-1984-CHEVRON,1984,3,0.3753,-0.2669,administrative_state,Supreme Court
20000,1987,US-1984-SENTENCING,1984,3,0.3844,-0.266,criminal_justice,Congress
20000,1987,US-1986-BOWERS,1986,1,0.3978,-0.2591,privacy_lgbtq,Supreme Court
20000,1987,US-1986-IRCA,1986,1,0.362,-0.2328,immigration,Congress
20000,1987,US-1986-TAX-REFORM,1986,1,0.5164,-0.2228,tax,Congress
20000,1987,US-1988-CIVIL-LIBERTIES-ACT,1988,-1,0.2458,-0.2843,civil_liberties_reparations,Congress
20000,1987,US-1990-ADA,1990,-3,0.6459,-0.102,disability_rights,Congress
20000,1987,US-1990-CLEAN-AIR-AMEND,1990,-3,0.5477,-0.3088,environment,Congress
20000,1987,US-1991-CIVIL-RIGHTS-ACT,1991,-4,0.4022,-0.1998,civil_rights_labor,Congress
20000,1987,US-1992-CASEY,1992,-5,0.3585,-0.2421,privacy_family,Supreme Court
20000,1987,US-1993-BRADY,1993,-6,0.3287,-0.2529,guns_crime,Congress
20000,1987,US-1993-FMLA,1993,-6,0.6264,-0.2528,labor_family,Congress
20000,1987,US-1993-NVRA,1993,-6,0.4231,-0.3066,democracy,Congress
20000,1987,US-1994-CRIME-BILL,1994,-7,0.5298,-0.2876,criminal_justice,Congress
20000,1987,US-1994-NAFTA,1994,-7,0.381,-0.2584,trade,Congress/President
20000,1987,US-1994-VAWA,1994,-7,0.4467,-0.2975,gender_crime,Congress
20000,1987,US-1995-LOPEZ,1995,-8,0.335,-0.2874,federalism_state_capacity,Supreme Court
20000,1987,US-1996-DOMA,1996,-9,0.4925,-0.2652,lgbtq_family,Congress
20000,1987,US-1996-PRWORA,1996,-9,0.6259,-0.2475,welfare,Congress
20000,1987,US-1996-TELECOM,1996,-9,0.5191,-0.3042,communications,Congress
20000,1987,US-1997-PRINTZ,1997,-10,0.3276,-0.2852,federalism_guns,Supreme Court
20000,1987,US-1987-DOLE,1987,0,0.3199,-0.287,spending_power_federalism,Supreme Court
20000,1987,US-1997-RENO-ACLU,1997,-10,0.4088,-0.3011,speech_internet,Supreme Court
20000,1987,US-1978-AIRFA,1978,9,0.4508,-0.2653,native_policy_religion,Congress
20000,1987,US-1982-VRA-AMENDMENTS,1982,5,0.3908,-0.2161,democracy_civil_rights,Congress
20000,1987,US-1990-IMMIGRATION-ACT,1990,-3,0.4765,-0.2568,immigration,Congress
20000,1987,US-1993-RFRA,1993,-6,0.2471,-0.2689,religion_civil_rights,Congress
20000,1987,US-1996-AEDPA,1996,-9,0.4333,-0.2553,criminal_justice_security,Congress
20000,1987,US-1996-IIRIRA,1996,-9,0.4237,-0.2353,immigration_enforcement,Congress
5000,1987,US-1977-CRA,1977,10,0.6631,-0.2102,housing_credit,Congress
5000,1987,US-1977-FED-DUAL-MANDATE,1977,10,0.682,-0.1962,macroeconomic_governance,Congress
5000,1987,US-1978-AIRLINE-DEREG,1978,9,0.5017,-0.2234,deregulation,Congress
5000,1987,US-1978-BAKKE,1978,9,0.4928,-0.1957,civil_rights_education,Supreme Court
5000,1987,US-1978-FISA,1978,9,0.555,-0.2018,privacy_security,Congress
5000,1987,US-1978-HUMPHREY-HAWKINS,1978,9,0.587,-0.1908,macroeconomic_governance,Congress
5000,1987,US-1978-ICWA,1978,9,0.5907,-0.2311,native_policy_family,Congress
5000,1987,US-1978-PREGNANCY-DISCRIM,1978,9,0.6851,-0.1877,gender_labor,Congress
5000,1987,US-1980-CERCLA,1980,7,0.5798,-0.2218,environment,Congress
5000,1987,US-1980-DIDMCA,1980,7,0.6064,-0.2303,finance_deregulation,Congress
5000,1987,US-1980-REFUGEE-ACT,1980,7,0.5681,-0.198,immigration,Congress
5000,1987,US-1983-CHADHA,1983,4,0.4794,-0.2809,separation_of_powers,Supreme Court
5000,1987,US-1984-CHEVRON,1984,3,0.5431,-0.172,administrative_state,Supreme Court
5000,1987,US-1984-SENTENCING,1984,3,0.4747,-0.2169,criminal_justice,Congress
5000,1987,US-1986-BOWERS,1986,1,0.5019,-0.2405,privacy_lgbtq,Supreme Court
5000,1987,US-1986-IRCA,1986,1,0.5321,-0.2155,immigration,Congress
5000,1987,US-1986-TAX-REFORM,1986,1,0.5364,-0.201,tax,Congress
5000,1987,US-1988-CIVIL-LIBERTIES-ACT,1988,-1,0.4666,-0.2673,civil_liberties_reparations,Congress
5000,1987,US-1990-ADA,1990,-3,0.718,-0.1561,disability_rights,Congress
5000,1987,US-1990-CLEAN-AIR-AMEND,1990,-3,0.6411,-0.2775,environment,Congress
5000,1987,US-1991-CIVIL-RIGHTS-ACT,1991,-4,0.5542,-0.219,civil_rights_labor,Congress
5000,1987,US-1992-CASEY,1992,-5,0.4889,-0.2392,privacy_family,Supreme Court
5000,1987,US-1993-BRADY,1993,-6,0.5336,-0.2107,guns_crime,Congress
5000,1987,US-1993-FMLA,1993,-6,0.6573,-0.2296,labor_family,Congress
5000,1987,US-1993-NVRA,1993,-6,0.5664,-0.2562,democracy,Congress
5000,1987,US-1994-CRIME-BILL,1994,-7,0.634,-0.2611,criminal_justice,Congress
5000,1987,US-1994-NAFTA,1994,-7,0.5075,-0.2234,trade,Congress/President
5000,1987,US-1994-VAWA,1994,-7,0.5488,-0.2632,gender_crime,Congress
5000,1987,US-1995-LOPEZ,1995,-8,0.43,-0.2625,federalism_state_capacity,Supreme Court
5000,1987,US-1996-DOMA,1996,-9,0.6081,-0.2348,lgbtq_family,Congress
5000,1987,US-1996-PRWORA,1996,-9,0.6352,-0.2152,welfare,Congress
5000,1987,US-1996-TELECOM,1996,-9,0.5875,-0.2727,communications,Congress
5000,1987,US-1997-PRINTZ,1997,-10,0.4549,-0.2302,federalism_guns,Supreme Court
5000,1987,US-1987-DOLE,1987,0,0.417,-0.2389,spending_power_federalism,Supreme Court
5000,1987,US-1997-RENO-ACLU,1997,-10,0.5804,-0.2632,speech_internet,Supreme Court
5000,1987,US-1978-AIRFA,1978,9,0.5266,-0.2224,native_policy_religion,Congress
5000,1987,US-1982-VRA-AMENDMENTS,1982,5,0.5743,-0.195,democracy_civil_rights,Congress
5000,1987,US-1990-IMMIGRATION-ACT,1990,-3,0.5445,-0.2229,immigration,Congress
5000,1987,US-1993-RFRA,1993,-6,0.4753,-0.2109,religion_civil_rights,Congress
5000,1987,US-1996-AEDPA,1996,-9,0.5925,-0.2175,criminal_justice_security,Congress
5000,1987,US-1996-IIRIRA,1996,-9,0.6096,-0.2214,immigration_enforcement,Congress
10000,1988,US-1978-AIRLINE-DEREG,1978,10,0.354,-0.233,deregulation,Congress
10000,1988,US-1978-BAKKE,1978,10,0.3586,-0.2204,civil_rights_education,Supreme Court
10000,1988,US-1978-FISA,1978,10,0.4439,-0.2209,privacy_security,Congress
10000,1988,US-1978-HUMPHREY-HAWKINS,1978,10,0.4923,-0.2389,macroeconomic_governance,Congress
10000,1988,US-1978-ICWA,1978,10,0.521,-0.2323,native_policy_family,Congress
10000,1988,US-1978-PREGNANCY-DISCRIM,1978,10,0.5565,-0.1826,gender_labor,Congress
10000,1988,US-1980-CERCLA,1980,8,0.4626,-0.2408,environment,Congress
10000,1988,US-1980-DIDMCA,1980,8,0.4861,-0.2504,finance_deregulation,Congress
10000,1988,US-1980-REFUGEE-ACT,1980,8,0.4791,-0.2143,immigration,Congress
10000,1988,US-1983-CHADHA,1983,5,0.3708,-0.3082,separation_of_powers,Supreme Court
10000,1988,US-1984-CHEVRON,1984,4,0.3944,-0.2066,administrative_state,Supreme Court
10000,1988,US-1984-SENTENCING,1984,4,0.3262,-0.2334,criminal_justice,Congress
10000,1988,US-1986-BOWERS,1986,2,0.3953,-0.253,privacy_lgbtq,Supreme Court
10000,1988,US-1986-IRCA,1986,2,0.3731,-0.2013,immigration,Congress
10000,1988,US-1986-TAX-REFORM,1986,2,0.4578,-0.2004,tax,Congress
10000,1988,US-1988-CIVIL-LIBERTIES-ACT,1988,0,0.3235,-0.28,civil_liberties_reparations,Congress
10000,1988,US-1990-ADA,1990,-2,0.6247,-0.1339,disability_rights,Congress
10000,1988,US-1990-CLEAN-AIR-AMEND,1990,-2,0.5389,-0.2909,environment,Congress
10000,1988,US-1991-CIVIL-RIGHTS-ACT,1991,-3,0.3918,-0.2184,civil_rights_labor,Congress
10000,1988,US-1992-CASEY,1992,-4,0.3977,-0.2653,privacy_family,Supreme Court
10000,1988,US-1993-BRADY,1993,-5,0.3746,-0.2359,guns_crime,Congress
10000,1988,US-1993-FMLA,1993,-5,0.6077,-0.2417,labor_family,Congress
10000,1988,US-1993-NVRA,1993,-5,0.4514,-0.2949,democracy,Congress
10000,1988,US-1994-CRIME-BILL,1994,-6,0.5594,-0.2674,criminal_justice,Congress
10000,1988,US-1994-NAFTA,1994,-6,0.373,-0.2349,trade,Congress/President
10000,1988,US-1994-VAWA,1994,-6,0.4542,-0.2732,gender_crime,Congress
10000,1988,US-1995-LOPEZ,1995,-7,0.3313,-0.2771,federalism_state_capacity,Supreme Court
10000,1988,US-1996-DOMA,1996,-8,0.4703,-0.2449,lgbtq_family,Congress
10000,1988,US-1996-PRWORA,1996,-8,0.5658,-0.2294,welfare,Congress
10000,1988,US-1996-TELECOM,1996,-8,0.5104,-0.3012,communications,Congress
10000,1988,US-1997-PRINTZ,1997,-9,0.3289,-0.2622,federalism_guns,Supreme Court
10000,1988,US-1987-DOLE,1987,1,0.3127,-0.2648,spending_power_federalism,Supreme Court
10000,1988,US-1997-RENO-ACLU,1997,-9,0.4061,-0.2747,speech_internet,Supreme Court
10000,1988,US-1978-AIRFA,1978,10,0.3543,-0.2378,native_policy_religion,Congress
10000,1988,US-1982-VRA-AMENDMENTS,1982,6,0.3228,-0.2268,democracy_civil_rights,Congress
10000,1988,US-1990-IMMIGRATION-ACT,1990,-2,0.4079,-0.2318,immigration,Congress
10000,1988,US-1993-RFRA,1993,-5,0.24,-0.2407,religion_civil_rights,Congress
10000,1988,US-1996-AEDPA,1996,-8,0.3846,-0.2346,criminal_justice_security,Congress
10000,1988,US-1996-IIRIRA,1996,-8,0.4157,-0.2155,immigration_enforcement,Congress
20000,1988,US-1978-AIRLINE-DEREG,1978,10,0.3812,-0.2033,deregulation,Congress
20000,1988,US-1978-BAKKE,1978,10,0.3161,-0.2029,civil_rights_education,Supreme Court
20000,1988,US-1978-FISA,1978,10,0.4176,-0.1667,privacy_security,Congress
20000,1988,US-1978-HUMPHREY-HAWKINS,1978,10,0.4369,-0.2097,macroeconomic_governance,Congress
20000,1988,US-1978-ICWA,1978,10,0.4816,-0.2024,native_policy_family,Congress
20000,1988,US-1978-PREGNANCY-DISCRIM,1978,10,0.4574,-0.1247,gender_labor,Congress
20000,1988,US-1980-CERCLA,1980,8,0.4397,-0.1897,environment,Congress
20000,1988,US-1980-DIDMCA,1980,8,0.4642,-0.2162,finance_deregulation,Congress
20000,1988,US-1980-REFUGEE-ACT,1980,8,0.4747,-0.2005,immigration,Congress
20000,1988,US-1983-CHADHA,1983,5,0.3758,-0.2763,separation_of_powers,Supreme Court
20000,1988,US-1984-CHEVRON,1984,4,0.3879,-0.2079,administrative_state,Supreme Court
20000,1988,US-1984-SENTENCING,1984,4,0.3334,-0.2263,criminal_justice,Congress
20000,1988,US-1986-BOWERS,1986,2,0.3679,-0.1946,privacy_lgbtq,Supreme Court
20000,1988,US-1986-IRCA,1986,2,0.3459,-0.1589,immigration,Congress
20000,1988,US-1986-TAX-REFORM,1986,2,0.5028,-0.1826,tax,Congress
20000,1988,US-1988-CIVIL-LIBERTIES-ACT,1988,0,0.3121,-0.242,civil_liberties_reparations,Congress
20000,1988,US-1990-ADA,1990,-2,0.6561,-0.0976,disability_rights,Congress
20000,1988,US-1990-CLEAN-AIR-AMEND,1990,-2,0.5645,-0.2578,environment,Congress
20000,1988,US-1991-CIVIL-RIGHTS-ACT,1991,-3,0.4058,-0.1662,civil_rights_labor,Congress
20000,1988,US-1992-CASEY,1992,-4,0.4339,-0.2218,privacy_family,Supreme Court
20000,1988,US-1993-BRADY,1993,-5,0.3674,-0.1992,guns_crime,Congress
20000,1988,US-1993-FMLA,1993,-5,0.6052,-0.198,labor_family,Congress
20000,1988,US-1993-NVRA,1993,-5,0.4052,-0.2585,democracy,Congress
20000,1988,US-1994-CRIME-BILL,1994,-6,0.5447,-0.2383,criminal_justice,Congress
20000,1988,US-1994-NAFTA,1994,-6,0.3535,-0.2087,trade,Congress/President
20000,1988,US-1994-VAWA,1994,-6,0.4499,-0.2218,gender_crime,Congress
20000,1988,US-1995-LOPEZ,1995,-7,0.301,-0.2323,federalism_state_capacity,Supreme Court
20000,1988,US-1996-DOMA,1996,-8,0.4387,-0.2173,lgbtq_family,Congress
20000,1988,US-1996-PRWORA,1996,-8,0.6178,-0.2068,welfare,Congress
20000,1988,US-1996-TELECOM,1996,-8,0.5224,-0.2587,communications,Congress
20000,1988,US-1997-PRINTZ,1997,-9,0.3178,-0.222,federalism_guns,Supreme Court
20000,1988,US-1987-DOLE,1987,1,0.302,-0.2405,spending_power_federalism,Supreme Court
20000,1988,US-1997-RENO-ACLU,1997,-9,0.3752,-0.2395,speech_internet,Supreme Court
20000,1988,US-1978-AIRFA,1978,10,0.3967,-0.2015,native_policy_religion,Congress
20000,1988,US-1982-VRA-AMENDMENTS,1982,6,0.4055,-0.1759,democracy_civil_rights,Congress
20000,1988,US-1990-IMMIGRATION-ACT,1990,-2,0.4395,-0.2056,immigration,Congress
20000,1988,US-1993-RFRA,1993,-5,0.2707,-0.2039,religion_civil_rights,Congress
20000,1988,US-1996-AEDPA,1996,-8,0.3935,-0.1908,criminal_justice_security,Congress
20000,1988,US-1996-IIRIRA,1996,-8,0.4117,-0.1848,immigration_enforcement,Congress
5000,1988,US-1978-AIRLINE-DEREG,1978,10,0.4782,-0.2114,deregulation,Congress
5000,1988,US-1978-BAKKE,1978,10,0.4213,-0.1826,civil_rights_education,Supreme Court
5000,1988,US-1978-FISA,1978,10,0.5904,-0.1902,privacy_security,Congress
5000,1988,US-1978-HUMPHREY-HAWKINS,1978,10,0.6205,-0.1871,macroeconomic_governance,Congress
5000,1988,US-1978-ICWA,1978,10,0.6097,-0.2106,native_policy_family,Congress
5000,1988,US-1978-PREGNANCY-DISCRIM,1978,10,0.6918,-0.1895,gender_labor,Congress
5000,1988,US-1980-CERCLA,1980,8,0.578,-0.2133,environment,Congress
5000,1988,US-1980-DIDMCA,1980,8,0.5977,-0.2194,finance_deregulation,Congress
5000,1988,US-1980-REFUGEE-ACT,1980,8,0.594,-0.1854,immigration,Congress
5000,1988,US-1983-CHADHA,1983,5,0.4927,-0.2676,separation_of_powers,Supreme Court
5000,1988,US-1984-CHEVRON,1984,4,0.5064,-0.1715,administrative_state,Supreme Court
5000,1988,US-1984-SENTENCING,1984,4,0.4255,-0.2049,criminal_justice,Congress
5000,1988,US-1986-BOWERS,1986,2,0.4755,-0.2402,privacy_lgbtq,Supreme Court
5000,1988,US-1986-IRCA,1986,2,0.489,-0.2018,immigration,Congress
5000,1988,US-1986-TAX-REFORM,1986,2,0.5455,-0.1861,tax,Congress
5000,1988,US-1988-CIVIL-LIBERTIES-ACT,1988,0,0.4717,-0.2575,civil_liberties_reparations,Congress
5000,1988,US-1990-ADA,1990,-2,0.731,-0.1399,disability_rights,Congress
5000,1988,US-1990-CLEAN-AIR-AMEND,1990,-2,0.6421,-0.2723,environment,Congress
5000,1988,US-1991-CIVIL-RIGHTS-ACT,1991,-3,0.5188,-0.217,civil_rights_labor,Congress
5000,1988,US-1992-CASEY,1992,-4,0.4938,-0.245,privacy_family,Supreme Court
5000,1988,US-1993-BRADY,1993,-5,0.534,-0.1949,guns_crime,Congress
5000,1988,US-1993-FMLA,1993,-5,0.7175,-0.2109,labor_family,Congress
5000,1988,US-1993-NVRA,1993,-5,0.6002,-0.2556,democracy,Congress
5000,1988,US-1994-CRIME-BILL,1994,-6,0.6596,-0.2396,criminal_justice,Congress
5000,1988,US-1994-NAFTA,1994,-6,0.5543,-0.1998,trade,Congress/President
5000,1988,US-1994-VAWA,1994,-6,0.619,-0.2524,gender_crime,Congress
5000,1988,US-1995-LOPEZ,1995,-7,0.4106,-0.2562,federalism_state_capacity,Supreme Court
5000,1988,US-1996-DOMA,1996,-8,0.6332,-0.2227,lgbtq_family,Congress
5000,1988,US-1996-PRWORA,1996,-8,0.6525,-0.2058,welfare,Congress
5000,1988,US-1996-TELECOM,1996,-8,0.6052,-0.2768,communications,Congress
5000,1988,US-1997-PRINTZ,1997,-9,0.4673,-0.2283,federalism_guns,Supreme Court
5000,1988,US-1987-DOLE,1987,1,0.4292,-0.2289,spending_power_federalism,Supreme Court
5000,1988,US-1997-RENO-ACLU,1997,-9,0.5568,-0.2482,speech_internet,Supreme Court
5000,1988,US-1978-AIRFA,1978,10,0.4947,-0.2019,native_policy_religion,Congress
5000,1988,US-1982-VRA-AMENDMENTS,1982,6,0.4908,-0.1912,democracy_civil_rights,Congress
5000,1988,US-1990-IMMIGRATION-ACT,1990,-2,0.5393,-0.1979,immigration,Congress
5000,1988,US-1993-RFRA,1993,-5,0.425,-0.206,religion_civil_rights,Congress
5000,1988,US-1996-AEDPA,1996,-8,0.5669,-0.2116,criminal_justice_security,Congress
5000,1988,US-1996-IIRIRA,1996,-8,0.5834,-0.1956,immigration_enforcement,Congress
10000,1989,US-1980-CERCLA,1980,9,0.439,-0.2071,environment,Congress
10000,1989,US-1980-DIDMCA,1980,9,0.4643,-0.2281,finance_deregulation,Congress
10000,1989,US-1980-REFUGEE-ACT,1980,9,0.4161,-0.1974,immigration,Congress
10000,1989,US-1983-CHADHA,1983,6,0.3442,-0.2777,separation_of_powers,Supreme Court
10000,1989,US-1984-CHEVRON,1984,5,0.3213,-0.1781,administrative_state,Supreme Court
10000,1989,US-1984-SENTENCING,1984,5,0.3059,-0.2061,criminal_justice,Congress
10000,1989,US-1986-BOWERS,1986,3,0.3501,-0.2333,privacy_lgbtq,Supreme Court
10000,1989,US-1986-IRCA,1986,3,0.3527,-0.2017,immigration,Congress
10000,1989,US-1986-TAX-REFORM,1986,3,0.4349,-0.1918,tax,Congress
10000,1989,US-1988-CIVIL-LIBERTIES-ACT,1988,1,0.3161,-0.2537,civil_liberties_reparations,Congress
10000,1989,US-1990-ADA,1990,-1,0.5689,-0.0947,disability_rights,Congress
10000,1989,US-1990-CLEAN-AIR-AMEND,1990,-1,0.5262,-0.2677,environment,Congress
10000,1989,US-1991-CIVIL-RIGHTS-ACT,1991,-2,0.3225,-0.1802,civil_rights_labor,Congress
10000,1989,US-1992-CASEY,1992,-3,0.3551,-0.2317,privacy_family,Supreme Court
10000,1989,US-1993-BRADY,1993,-4,0.3323,-0.2139,guns_crime,Congress
10000,1989,US-1993-FMLA,1993,-4,0.5896,-0.2198,labor_family,Congress
10000,1989,US-1993-NVRA,1993,-4,0.4162,-0.2538,democracy,Congress
10000,1989,US-1994-CRIME-BILL,1994,-5,0.4621,-0.2502,criminal_justice,Congress
10000,1989,US-1994-NAFTA,1994,-5,0.3515,-0.2253,trade,Congress/President
10000,1989,US-1994-VAWA,1994,-5,0.415,-0.2663,gender_crime,Congress
10000,1989,US-1995-LOPEZ,1995,-6,0.2628,-0.2511,federalism_state_capacity,Supreme Court
10000,1989,US-1996-DOMA,1996,-7,0.4294,-0.2241,lgbtq_family,Congress
10000,1989,US-1996-PRWORA,1996,-7,0.591,-0.2242,welfare,Congress
10000,1989,US-1996-TELECOM,1996,-7,0.4958,-0.2732,communications,Congress
10000,1989,US-1997-PRINTZ,1997,-8,0.2797,-0.2382,federalism_guns,Supreme Court
10000,1989,US-1999-GLBA,1999,-10,0.3872,-0.2663,finance_deregulation,Congress
10000,1989,US-1987-DOLE,1987,2,0.2807,-0.2355,spending_power_federalism,Supreme Court
10000,1989,US-1997-RENO-ACLU,1997,-8,0.3848,-0.2535,speech_internet,Supreme Court
10000,1989,US-1982-VRA-AMENDMENTS,1982,7,0.3734,-0.1843,democracy_civil_rights,Congress
10000,1989,US-1990-IMMIGRATION-ACT,1990,-1,0.3839,-0.211,immigration,Congress
10000,1989,US-1993-RFRA,1993,-4,0.2732,-0.1929,religion_civil_rights,Congress
10000,1989,US-1996-AEDPA,1996,-7,0.3656,-0.2001,criminal_justice_security,Congress
10000,1989,US-1996-IIRIRA,1996,-7,0.3985,-0.1882,immigration_enforcement,Congress
20000,1989,US-1980-CERCLA,1980,9,0.538,-0.2143,environment,Congress
20000,1989,US-1980-DIDMCA,1980,9,0.535,-0.2539,finance_deregulation,Congress
20000,1989,US-1980-REFUGEE-ACT,1980,9,0.5084,-0.2197,immigration,Congress
20000,1989,US-1983-CHADHA,1983,6,0.4571,-0.298,separation_of_powers,Supreme Court
20000,1989,US-1984-CHEVRON,1984,5,0.4184,-0.2218,administrative_state,Supreme Court
20000,1989,US-1984-SENTENCING,1984,5,0.4219,-0.2344,criminal_justice,Congress
20000,1989,US-1986-BOWERS,1986,3,0.4123,-0.2409,privacy_lgbtq,Supreme Court
20000,1989,US-1986-IRCA,1986,3,0.4137,-0.1738,immigration,Congress
20000,1989,US-1986-TAX-REFORM,1986,3,0.5468,-0.2064,tax,Congress
20000,1989,US-1988-CIVIL-LIBERTIES-ACT,1988,1,0.3379,-0.2678,civil_liberties_reparations,Congress
20000,1989,US-1990-ADA,1990,-1,0.685,-0.0671,disability_rights,Congress
20000,1989,US-1990-CLEAN-AIR-AMEND,1990,-1,0.5853,-0.2913,environment,Congress
20000,1989,US-1991-CIVIL-RIGHTS-ACT,1991,-2,0.4424,-0.1596,civil_rights_labor,Congress
20000,1989,US-1992-CASEY,1992,-3,0.3866,-0.2301,privacy_family,Supreme Court
20000,1989,US-1993-BRADY,1993,-4,0.3931,-0.2366,guns_crime,Congress
20000,1989,US-1993-FMLA,1993,-4,0.6691,-0.2168,labor_family,Congress
20000,1989,US-1993-NVRA,1993,-4,0.4755,-0.2811,democracy,Congress
20000,1989,US-1994-CRIME-BILL,1994,-5,0.5613,-0.2469,criminal_justice,Congress
20000,1989,US-1994-NAFTA,1994,-5,0.4349,-0.2577,trade,Congress/President
20000,1989,US-1994-VAWA,1994,-5,0.5028,-0.2626,gender_crime,Congress
20000,1989,US-1995-LOPEZ,1995,-6,0.386,-0.2657,federalism_state_capacity,Supreme Court
20000,1989,US-1996-DOMA,1996,-7,0.5071,-0.2425,lgbtq_family,Congress
20000,1989,US-1996-PRWORA,1996,-7,0.6817,-0.2341,welfare,Congress
20000,1989,US-1996-TELECOM,1996,-7,0.5877,-0.2817,communications,Congress
20000,1989,US-1997-PRINTZ,1997,-8,0.3883,-0.2596,federalism_guns,Supreme Court
20000,1989,US-1999-GLBA,1999,-10,0.4694,-0.2683,finance_deregulation,Congress
20000,1989,US-1987-DOLE,1987,2,0.362,-0.276,spending_power_federalism,Supreme Court
20000,1989,US-1997-RENO-ACLU,1997,-8,0.4482,-0.2784,speech_internet,Supreme Court
20000,1989,US-1982-VRA-AMENDMENTS,1982,7,0.4491,-0.1977,democracy_civil_rights,Congress
20000,1989,US-1990-IMMIGRATION-ACT,1990,-1,0.4982,-0.2283,immigration,Congress
20000,1989,US-1993-RFRA,1993,-4,0.3345,-0.2144,religion_civil_rights,Congress
20000,1989,US-1996-AEDPA,1996,-7,0.4451,-0.2019,criminal_justice_security,Congress
20000,1989,US-1996-IIRIRA,1996,-7,0.4353,-0.1867,immigration_enforcement,Congress
5000,1989,US-1980-CERCLA,1980,9,0.5093,-0.2326,environment,Congress
5000,1989,US-1980-DIDMCA,1980,9,0.6145,-0.2395,finance_deregulation,Congress
5000,1989,US-1980-REFUGEE-ACT,1980,9,0.5478,-0.2025,immigration,Congress
5000,1989,US-1983-CHADHA,1983,6,0.5114,-0.2778,separation_of_powers,Supreme Court
5000,1989,US-1984-CHEVRON,1984,5,0.4144,-0.1703,administrative_state,Supreme Court
5000,1989,US-1984-SENTENCING,1984,5,0.4081,-0.2259,criminal_justice,Congress
5000,1989,US-1986-BOWERS,1986,3,0.4812,-0.2658,privacy_lgbtq,Supreme Court
5000,1989,US-1986-IRCA,1986,3,0.4646,-0.2476,immigration,Congress
5000,1989,US-1986-TAX-REFORM,1986,3,0.6154,-0.2142,tax,Congress
5000,1989,US-1988-CIVIL-LIBERTIES-ACT,1988,1,0.4635,-0.2592,civil_liberties_reparations,Congress
5000,1989,US-1990-ADA,1990,-1,0.6674,-0.119,disability_rights,Congress
5000,1989,US-1990-CLEAN-AIR-AMEND,1990,-1,0.6329,-0.2885,environment,Congress
5000,1989,US-1991-CIVIL-RIGHTS-ACT,1991,-2,0.5193,-0.2466,civil_rights_labor,Congress
5000,1989,US-1992-CASEY,1992,-3,0.4724,-0.2452,privacy_family,Supreme Court
5000,1989,US-1993-BRADY,1993,-4,0.4684,-0.2319,guns_crime,Congress
5000,1989,US-1993-FMLA,1993,-4,0.7011,-0.2204,labor_family,Congress
5000,1989,US-1993-NVRA,1993,-4,0.575,-0.2589,democracy,Congress
5000,1989,US-1994-CRIME-BILL,1994,-5,0.5748,-0.257,criminal_justice,Congress
5000,1989,US-1994-NAFTA,1994,-5,0.5446,-0.2335,trade,Congress/President
5000,1989,US-1994-VAWA,1994,-5,0.5449,-0.2903,gender_crime,Congress
5000,1989,US-1995-LOPEZ,1995,-6,0.461,-0.281,federalism_state_capacity,Supreme Court
5000,1989,US-1996-DOMA,1996,-7,0.5454,-0.2471,lgbtq_family,Congress
5000,1989,US-1996-PRWORA,1996,-7,0.7149,-0.2188,welfare,Congress
5000,1989,US-1996-TELECOM,1996,-7,0.6255,-0.2836,communications,Congress
5000,1989,US-1997-PRINTZ,1997,-8,0.3971,-0.2462,federalism_guns,Supreme Court
5000,1989,US-1999-GLBA,1999,-10,0.5973,-0.2756,finance_deregulation,Congress
5000,1989,US-1987-DOLE,1987,2,0.4084,-0.2465,spending_power_federalism,Supreme Court
5000,1989,US-1997-RENO-ACLU,1997,-8,0.585,-0.2773,speech_internet,Supreme Court
5000,1989,US-1982-VRA-AMENDMENTS,1982,7,0.5299,-0.2239,democracy_civil_rights,Congress
5000,1989,US-1990-IMMIGRATION-ACT,1990,-1,0.5388,-0.2293,immigration,Congress
5000,1989,US-1993-RFRA,1993,-4,0.4924,-0.2366,religion_civil_rights,Congress
5000,1989,US-1996-AEDPA,1996,-7,0.5856,-0.2355,criminal_justice_security,Congress
5000,1989,US-1996-IIRIRA,1996,-7,0.6506,-0.237,immigration_enforcement,Congress
10000,1990,US-1980-CERCLA,1980,10,0.2994,-0.2207,environment,Congress
10000,1990,US-1980-DIDMCA,1980,10,0.3285,-0.2148,finance_deregulation,Congress
10000,1990,US-1980-REFUGEE-ACT,1980,10,0.283,-0.1962,immigration,Congress
10000,1990,US-1983-CHADHA,1983,7,0.2454,-0.2894,separation_of_powers,Supreme Court
10000,1990,US-1984-CHEVRON,1984,6,0.2047,-0.1863,administrative_state,Supreme Court
10000,1990,US-1984-SENTENCING,1984,6,0.2042,-0.2119,criminal_justice,Congress
10000,1990,US-1986-BOWERS,1986,4,0.2638,-0.2561,privacy_lgbtq,Supreme Court
10000,1990,US-1986-IRCA,1986,4,0.2045,-0.217,immigration,Congress
10000,1990,US-1986-TAX-REFORM,1986,4,0.3084,-0.1833,tax,Congress
10000,1990,US-1988-CIVIL-LIBERTIES-ACT,1988,2,0.1785,-0.265,civil_liberties_reparations,Congress
10000,1990,US-1990-ADA,1990,0,0.4049,-0.1192,disability_rights,Congress
10000,1990,US-1990-CLEAN-AIR-AMEND,1990,0,0.3631,-0.2686,environment,Congress
10000,1990,US-1991-CIVIL-RIGHTS-ACT,1991,-1,0.227,-0.2036,civil_rights_labor,Congress
10000,1990,US-1992-CASEY,1992,-2,0.2178,-0.2396,privacy_family,Supreme Court
10000,1990,US-1993-BRADY,1993,-3,0.225,-0.2152,guns_crime,Congress
10000,1990,US-1993-FMLA,1993,-3,0.4184,-0.2334,labor_family,Congress
10000,1990,US-1993-NVRA,1993,-3,0.2764,-0.2491,democracy,Congress
10000,1990,US-1994-CRIME-BILL,1994,-4,0.3466,-0.2522,criminal_justice,Congress
10000,1990,US-1994-NAFTA,1994,-4,0.2448,-0.2207,trade,Congress/President
10000,1990,US-1994-VAWA,1994,-4,0.3013,-0.2766,gender_crime,Congress
10000,1990,US-1995-LOPEZ,1995,-5,0.1941,-0.2692,federalism_state_capacity,Supreme Court
10000,1990,US-1996-DOMA,1996,-6,0.3335,-0.2263,lgbtq_family,Congress
10000,1990,US-1996-PRWORA,1996,-6,0.4445,-0.216,welfare,Congress
10000,1990,US-1996-TELECOM,1996,-6,0.3144,-0.2618,communications,Congress
10000,1990,US-1997-PRINTZ,1997,-7,0.1856,-0.2436,federalism_guns,Supreme Court
10000,1990,US-1999-GLBA,1999,-9,0.2809,-0.2648,finance_deregulation,Congress
10000,1990,US-2000-BUSH-GORE,2000,-10,0.2047,-0.285,democracy_elections,Supreme Court
10000,1990,US-1987-DOLE,1987,3,0.1917,-0.2406,spending_power_federalism,Supreme Court
10000,1990,US-1997-RENO-ACLU,1997,-7,0.2752,-0.2751,speech_internet,Supreme Court
10000,1990,US-1982-VRA-AMENDMENTS,1982,8,0.2702,-0.1933,democracy_civil_rights,Congress
10000,1990,US-1990-IMMIGRATION-ACT,1990,0,0.2752,-0.2163,immigration,Congress
10000,1990,US-1993-RFRA,1993,-3,0.1707,-0.2249,religion_civil_rights,Congress
10000,1990,US-1996-AEDPA,1996,-6,0.2888,-0.2199,criminal_justice_security,Congress
10000,1990,US-1996-IIRIRA,1996,-6,0.3098,-0.2026,immigration_enforcement,Congress
20000,1990,US-1980-CERCLA,1980,10,0.4868,-0.1913,environment,Congress
20000,1990,US-1980-DIDMCA,1980,10,0.4935,-0.2278,finance_deregulation,Congress
20000,1990,US-1980-REFUGEE-ACT,1980,10,0.4558,-0.2012,immigration,Congress
20000,1990,US-1983-CHADHA,1983,7,0.3645,-0.2692,separation_of_powers,Supreme Court
20000,1990,US-1984-CHEVRON,1984,6,0.4262,-0.2031,administrative_state,Supreme Court
20000,1990,US-1984-SENTENCING,1984,6,0.3662,-0.2125,criminal_justice,Congress
20000,1990,US-1986-BOWERS,1986,4,0.3557,-0.2142,privacy_lgbtq,Supreme Court
20000,1990,US-1986-IRCA,1986,4,0.3837,-0.1596,immigration,Congress
20000,1990,US-1986-TAX-REFORM,1986,4,0.525,-0.1804,tax,Congress
20000,1990,US-1988-CIVIL-LIBERTIES-ACT,1988,2,0.2854,-0.248,civil_liberties_reparations,Congress
20000,1990,US-1990-ADA,1990,0,0.6216,-0.0721,disability_rights,Congress
20000,1990,US-1990-CLEAN-AIR-AMEND,1990,0,0.5674,-0.2741,environment,Congress
20000,1990,US-1991-CIVIL-RIGHTS-ACT,1991,-1,0.394,-0.1574,civil_rights_labor,Congress
20000,1990,US-1992-CASEY,1992,-2,0.4315,-0.2135,privacy_family,Supreme Court
20000,1990,US-1993-BRADY,1993,-3,0.3935,-0.2137,guns_crime,Congress
20000,1990,US-1993-FMLA,1993,-3,0.5847,-0.2065,labor_family,Congress
20000,1990,US-1993-NVRA,1993,-3,0.4457,-0.2543,democracy,Congress
20000,1990,US-1994-CRIME-BILL,1994,-4,0.5274,-0.2409,criminal_justice,Congress
20000,1990,US-1994-NAFTA,1994,-4,0.3833,-0.2235,trade,Congress/President
20000,1990,US-1994-VAWA,1994,-4,0.4496,-0.2428,gender_crime,Congress
20000,1990,US-1995-LOPEZ,1995,-5,0.3126,-0.2431,federalism_state_capacity,Supreme Court
20000,1990,US-1996-DOMA,1996,-6,0.461,-0.2219,lgbtq_family,Congress
20000,1990,US-1996-PRWORA,1996,-6,0.609,-0.1947,welfare,Congress
20000,1990,US-1996-TELECOM,1996,-6,0.5237,-0.2533,communications,Congress
20000,1990,US-1997-PRINTZ,1997,-7,0.3203,-0.2281,federalism_guns,Supreme Court
20000,1990,US-1999-GLBA,1999,-9,0.3906,-0.2498,finance_deregulation,Congress
20000,1990,US-2000-BUSH-GORE,2000,-10,0.3095,-0.266,democracy_elections,Supreme Court
20000,1990,US-1987-DOLE,1987,3,0.316,-0.2396,spending_power_federalism,Supreme Court
20000,1990,US-1997-RENO-ACLU,1997,-7,0.3908,-0.2588,speech_internet,Supreme Court
20000,1990,US-1982-VRA-AMENDMENTS,1982,8,0.4388,-0.1644,democracy_civil_rights,Congress
20000,1990,US-1990-IMMIGRATION-ACT,1990,0,0.4392,-0.2142,immigration,Congress
20000,1990,US-1993-RFRA,1993,-3,0.2859,-0.2157,religion_civil_rights,Congress
20000,1990,US-1996-AEDPA,1996,-6,0.4434,-0.1982,criminal_justice_security,Congress
20000,1990,US-1996-IIRIRA,1996,-6,0.4388,-0.1853,immigration_enforcement,Congress
5000,1990,US-1980-CERCLA,1980,10,0.5317,-0.246,environment,Congress
5000,1990,US-1980-DIDMCA,1980,10,0.5854,-0.2516,finance_deregulation,Congress
5000,1990,US-1980-REFUGEE-ACT,1980,10,0.5098,-0.2136,immigration,Congress
5000,1990,US-1983-CHADHA,1983,7,0.4242,-0.303,separation_of_powers,Supreme Court
5000,1990,US-1984-CHEVRON,1984,6,0.4535,-0.194,administrative_state,Supreme Court
5000,1990,US-1984-SENTENCING,1984,6,0.4236,-0.2376,criminal_justice,Congress
5000,1990,US-1986-BOWERS,1986,4,0.4617,-0.273,privacy_lgbtq,Supreme Court
5000,1990,US-1986-IRCA,1986,4,0.4607,-0.2214,immigration,Congress
5000,1990,US-1986-TAX-REFORM,1986,4,0.5379,-0.2251,tax,Congress
5000,1990,US-1988-CIVIL-LIBERTIES-ACT,1988,2,0.3848,-0.2776,civil_liberties_reparations,Congress
5000,1990,US-1990-ADA,1990,0,0.6637,-0.1329,disability_rights,Congress
5000,1990,US-1990-CLEAN-AIR-AMEND,1990,0,0.6396,-0.3061,environment,Congress
5000,1990,US-1991-CIVIL-RIGHTS-ACT,1991,-1,0.509,-0.2415,civil_rights_labor,Congress
5000,1990,US-1992-CASEY,1992,-2,0.4683,-0.2594,privacy_family,Supreme Court
5000,1990,US-1993-BRADY,1993,-3,0.5141,-0.2407,guns_crime,Congress
5000,1990,US-1993-FMLA,1993,-3,0.6556,-0.2492,labor_family,Congress
5000,1990,US-1993-NVRA,1993,-3,0.5709,-0.2795,democracy,Congress
5000,1990,US-1994-CRIME-BILL,1994,-4,0.5929,-0.28,criminal_justice,Congress
5000,1990,US-1994-NAFTA,1994,-4,0.4773,-0.2403,trade,Congress/President
5000,1990,US-1994-VAWA,1994,-4,0.5334,-0.285,gender_crime,Congress
5000,1990,US-1995-LOPEZ,1995,-5,0.3821,-0.283,federalism_state_capacity,Supreme Court
5000,1990,US-1996-DOMA,1996,-6,0.563,-0.2447,lgbtq_family,Congress
5000,1990,US-1996-PRWORA,1996,-6,0.6466,-0.2422,welfare,Congress
5000,1990,US-1996-TELECOM,1996,-6,0.5479,-0.3006,communications,Congress
5000,1990,US-1997-PRINTZ,1997,-7,0.4161,-0.2687,federalism_guns,Supreme Court
5000,1990,US-1999-GLBA,1999,-9,0.5593,-0.2904,finance_deregulation,Congress
5000,1990,US-2000-BUSH-GORE,2000,-10,0.3694,-0.2884,democracy_elections,Supreme Court
5000,1990,US-1987-DOLE,1987,3,0.3856,-0.2593,spending_power_federalism,Supreme Court
5000,1990,US-1997-RENO-ACLU,1997,-7,0.5312,-0.281,speech_internet,Supreme Court
5000,1990,US-1982-VRA-AMENDMENTS,1982,8,0.4956,-0.2186,democracy_civil_rights,Congress
5000,1990,US-1990-IMMIGRATION-ACT,1990,0,0.5105,-0.2437,immigration,Congress
5000,1990,US-1993-RFRA,1993,-3,0.386,-0.2429,religion_civil_rights,Congress
5000,1990,US-1996-AEDPA,1996,-6,0.5592,-0.24,criminal_justice_security,Congress
5000,1990,US-1996-IIRIRA,1996,-6,0.5945,-0.2452,immigration_enforcement,Congress
10000,1991,US-1983-CHADHA,1983,8,0.3012,-0.2849,separation_of_powers,Supreme Court
10000,1991,US-1984-CHEVRON,1984,7,0.2163,-0.1842,administrative_state,Supreme Court
10000,1991,US-1984-SENTENCING,1984,7,0.2343,-0.216,criminal_justice,Congress
10000,1991,US-1986-BOWERS,1986,5,0.2957,-0.2335,privacy_lgbtq,Supreme Court
10000,1991,US-1986-IRCA,1986,5,0.2484,-0.2011,immigration,Congress
10000,1991,US-1986-TAX-REFORM,1986,5,0.3621,-0.1806,tax,Congress
10000,1991,US-1988-CIVIL-LIBERTIES-ACT,1988,3,0.2179,-0.2592,civil_liberties_reparations,Congress
10000,1991,US-1990-ADA,1990,1,0.5133,-0.1025,disability_rights,Congress
10000,1991,US-1990-CLEAN-AIR-AMEND,1990,1,0.4533,-0.2864,environment,Congress
10000,1991,US-1991-CIVIL-RIGHTS-ACT,1991,0,0.2572,-0.1891,civil_rights_labor,Congress
10000,1991,US-1992-CASEY,1992,-1,0.2885,-0.2614,privacy_family,Supreme Court
10000,1991,US-1993-BRADY,1993,-2,0.2531,-0.2181,guns_crime,Congress
10000,1991,US-1993-FMLA,1993,-2,0.5147,-0.2296,labor_family,Congress
10000,1991,US-1993-NVRA,1993,-2,0.3351,-0.2728,democracy,Congress
10000,1991,US-1994-CRIME-BILL,1994,-3,0.4215,-0.2581,criminal_justice,Congress
10000,1991,US-1994-NAFTA,1994,-3,0.2815,-0.2228,trade,Congress/President
10000,1991,US-1994-VAWA,1994,-3,0.3684,-0.2649,gender_crime,Congress
10000,1991,US-1995-LOPEZ,1995,-4,0.2436,-0.2534,federalism_state_capacity,Supreme Court
10000,1991,US-1996-DOMA,1996,-5,0.3624,-0.2214,lgbtq_family,Congress
10000,1991,US-1996-PRWORA,1996,-5,0.4762,-0.2245,welfare,Congress
10000,1991,US-1996-TELECOM,1996,-5,0.3681,-0.2895,communications,Congress
10000,1991,US-1997-PRINTZ,1997,-6,0.2282,-0.2357,federalism_guns,Supreme Court
10000,1991,US-1999-GLBA,1999,-8,0.361,-0.2764,finance_deregulation,Congress
10000,1991,US-2000-BUSH-GORE,2000,-9,0.233,-0.2861,democracy_elections,Supreme Court
10000,1991,US-2001-NCLB,2001,-10,0.4575,-0.2173,education_accountability,Congress
10000,1991,US-2001-PATRIOT,2001,-10,0.2995,-0.2357,security_surveillance,Congress
10000,1991,US-1987-DOLE,1987,4,0.2242,-0.2422,spending_power_federalism,Supreme Court
10000,1991,US-1997-RENO-ACLU,1997,-6,0.3456,-0.274,speech_internet,Supreme Court
10000,1991,US-1982-VRA-AMENDMENTS,1982,9,0.338,-0.1737,democracy_civil_rights,Congress
10000,1991,US-1990-IMMIGRATION-ACT,1990,1,0.3475,-0.2158,immigration,Congress
10000,1991,US-1993-RFRA,1993,-2,0.2374,-0.2173,religion_civil_rights,Congress
10000,1991,US-1996-AEDPA,1996,-5,0.3141,-0.2268,criminal_justice_security,Congress
10000,1991,US-1996-IIRIRA,1996,-5,0.3844,-0.2024,immigration_enforcement,Congress
10000,1991,US-2001-AUMF,2001,-10,0.2708,-0.2006,war_powers_security,Congress
20000,1991,US-1983-CHADHA,1983,8,0.4331,-0.2488,separation_of_powers,Supreme Court
20000,1991,US-1984-CHEVRON,1984,7,0.37,-0.1757,administrative_state,Supreme Court
20000,1991,US-1984-SENTENCING,1984,7,0.4066,-0.1857,criminal_justice,Congress
20000,1991,US-1986-BOWERS,1986,5,0.3811,-0.1847,privacy_lgbtq,Supreme Court
20000,1991,US-1986-IRCA,1986,5,0.4148,-0.1479,immigration,Congress
20000,1991,US-1986-TAX-REFORM,1986,5,0.5431,-0.1483,tax,Congress
20000,1991,US-1988-CIVIL-LIBERTIES-ACT,1988,3,0.3584,-0.2283,civil_liberties_reparations,Congress
20000,1991,US-1990-ADA,1990,1,0.6712,-0.0654,disability_rights,Congress
20000,1991,US-1990-CLEAN-AIR-AMEND,1990,1,0.5936,-0.2508,environment,Congress
20000,1991,US-1991-CIVIL-RIGHTS-ACT,1991,0,0.4776,-0.1333,civil_rights_labor,Congress
20000,1991,US-1992-CASEY,1992,-1,0.4468,-0.1747,privacy_family,Supreme Court
20000,1991,US-1993-BRADY,1993,-2,0.3754,-0.189,guns_crime,Congress
20000,1991,US-1993-FMLA,1993,-2,0.6344,-0.1978,labor_family,Congress
20000,1991,US-1993-NVRA,1993,-2,0.4517,-0.2395,democracy,Congress
20000,1991,US-1994-CRIME-BILL,1994,-3,0.5891,-0.2159,criminal_justice,Congress
20000,1991,US-1994-NAFTA,1994,-3,0.445,-0.1954,trade,Congress/President
20000,1991,US-1994-VAWA,1994,-3,0.5268,-0.2359,gender_crime,Congress
20000,1991,US-1995-LOPEZ,1995,-4,0.3797,-0.2067,federalism_state_capacity,Supreme Court
20000,1991,US-1996-DOMA,1996,-5,0.4657,-0.1974,lgbtq_family,Congress
20000,1991,US-1996-PRWORA,1996,-5,0.6362,-0.1657,welfare,Congress
20000,1991,US-1996-TELECOM,1996,-5,0.5759,-0.234,communications,Congress
20000,1991,US-1997-PRINTZ,1997,-6,0.3533,-0.2084,federalism_guns,Supreme Court
20000,1991,US-1999-GLBA,1999,-8,0.4629,-0.219,finance_deregulation,Congress
20000,1991,US-2000-BUSH-GORE,2000,-9,0.3461,-0.2241,democracy_elections,Supreme Court
20000,1991,US-2001-NCLB,2001,-10,0.6191,-0.1811,education_accountability,Congress
20000,1991,US-2001-PATRIOT,2001,-10,0.5376,-0.1884,security_surveillance,Congress
20000,1991,US-1987-DOLE,1987,4,0.3517,-0.2113,spending_power_federalism,Supreme Court
20000,1991,US-1997-RENO-ACLU,1997,-6,0.4423,-0.228,speech_internet,Supreme Court
20000,1991,US-1982-VRA-AMENDMENTS,1982,9,0.4911,-0.1443,democracy_civil_rights,Congress
20000,1991,US-1990-IMMIGRATION-ACT,1990,1,0.5272,-0.181,immigration,Congress
20000,1991,US-1993-RFRA,1993,-2,0.3972,-0.1775,religion_civil_rights,Congress
20000,1991,US-1996-AEDPA,1996,-5,0.5269,-0.1945,criminal_justice_security,Congress
20000,1991,US-1996-IIRIRA,1996,-5,0.5185,-0.1619,immigration_enforcement,Congress
20000,1991,US-2001-AUMF,2001,-10,0.41,-0.1862,war_powers_security,Congress
5000,1991,US-1983-CHADHA,1983,8,0.405,-0.2412,separation_of_powers,Supreme Court
5000,1991,US-1984-CHEVRON,1984,7,0.3961,-0.1484,administrative_state,Supreme Court
5000,1991,US-1984-SENTENCING,1984,7,0.3524,-0.1941,criminal_justice,Congress
5000,1991,US-1986-BOWERS,1986,5,0.3818,-0.2036,privacy_lgbtq,Supreme Court
5000,1991,US-1986-IRCA,1986,5,0.3883,-0.189,immigration,Congress
5000,1991,US-1986-TAX-REFORM,1986,5,0.4906,-0.1642,tax,Congress
5000,1991,US-1988-CIVIL-LIBERTIES-ACT,1988,3,0.402,-0.2283,civil_liberties_reparations,Congress
5000,1991,US-1990-ADA,1990,1,0.6378,-0.1338,disability_rights,Congress
5000,1991,US-1990-CLEAN-AIR-AMEND,1990,1,0.5688,-0.2575,environment,Congress
5000,1991,US-1991-CIVIL-RIGHTS-ACT,1991,0,0.4596,-0.2045,civil_rights_labor,Congress
5000,1991,US-1992-CASEY,1992,-1,0.3725,-0.2213,privacy_family,Supreme Court
5000,1991,US-1993-BRADY,1993,-2,0.4363,-0.1952,guns_crime,Congress
5000,1991,US-1993-FMLA,1993,-2,0.598,-0.19,labor_family,Congress
5000,1991,US-1993-NVRA,1993,-2,0.5221,-0.2311,democracy,Congress
5000,1991,US-1994-CRIME-BILL,1994,-3,0.5764,-0.2259,criminal_justice,Congress
5000,1991,US-1994-NAFTA,1994,-3,0.3875,-0.1864,trade,Congress/President
5000,1991,US-1994-VAWA,1994,-3,0.4638,-0.2262,gender_crime,Congress
5000,1991,US-1995-LOPEZ,1995,-4,0.356,-0.2237,federalism_state_capacity,Supreme Court
5000,1991,US-1996-DOMA,1996,-5,0.491,-0.1853,lgbtq_family,Congress
5000,1991,US-1996-PRWORA,1996,-5,0.6092,-0.1858,welfare,Congress
5000,1991,US-1996-TELECOM,1996,-5,0.5037,-0.2615,communications,Congress
5000,1991,US-1997-PRINTZ,1997,-6,0.3602,-0.2025,federalism_guns,Supreme Court
5000,1991,US-1999-GLBA,1999,-8,0.4534,-0.2331,finance_deregulation,Congress
5000,1991,US-2000-BUSH-GORE,2000,-9,0.3628,-0.2327,democracy_elections,Supreme Court
5000,1991,US-2001-NCLB,2001,-10,0.5595,-0.1913,education_accountability,Congress
5000,1991,US-2001-PATRIOT,2001,-10,0.4404,-0.2156,security_surveillance,Congress
5000,1991,US-1987-DOLE,1987,4,0.3595,-0.2041,spending_power_federalism,Supreme Court
5000,1991,US-1997-RENO-ACLU,1997,-6,0.4839,-0.2332,speech_internet,Supreme Court
5000,1991,US-1982-VRA-AMENDMENTS,1982,9,0.5058,-0.1763,democracy_civil_rights,Congress
5000,1991,US-1990-IMMIGRATION-ACT,1990,1,0.462,-0.1957,immigration,Congress
5000,1991,US-1993-RFRA,1993,-2,0.3935,-0.1816,religion_civil_rights,Congress
5000,1991,US-1996-AEDPA,1996,-5,0.5233,-0.2015,criminal_justice_security,Congress
5000,1991,US-1996-IIRIRA,1996,-5,0.5426,-0.1993,immigration_enforcement,Congress
5000,1991,US-2001-AUMF,2001,-10,0.3836,-0.1571,war_powers_security,Congress
10000,1992,US-1983-CHADHA,1983,9,0.354,-0.2967,separation_of_powers,Supreme Court
10000,1992,US-1984-CHEVRON,1984,8,0.3432,-0.1978,administrative_state,Supreme Court
10000,1992,US-1984-SENTENCING,1984,8,0.3267,-0.2255,criminal_justice,Congress
10000,1992,US-1986-BOWERS,1986,6,0.3658,-0.2478,privacy_lgbtq,Supreme Court
10000,1992,US-1986-IRCA,1986,6,0.372,-0.1942,immigration,Congress
10000,1992,US-1986-TAX-REFORM,1986,6,0.4796,-0.1967,tax,Congress
10000,1992,US-1988-CIVIL-LIBERTIES-ACT,1988,4,0.2387,-0.2563,civil_liberties_reparations,Congress
10000,1992,US-1990-ADA,1990,2,0.5589,-0.1307,disability_rights,Congress
10000,1992,US-1990-CLEAN-AIR-AMEND,1990,2,0.5693,-0.2848,environment,Congress
10000,1992,US-1991-CIVIL-RIGHTS-ACT,1991,1,0.344,-0.2137,civil_rights_labor,Congress
10000,1992,US-1992-CASEY,1992,0,0.3672,-0.2564,privacy_family,Supreme Court
10000,1992,US-1993-BRADY,1993,-1,0.3514,-0.2282,guns_crime,Congress
10000,1992,US-1993-FMLA,1993,-1,0.5727,-0.2222,labor_family,Congress
10000,1992,US-1993-NVRA,1993,-1,0.4325,-0.2649,democracy,Congress
10000,1992,US-1994-CRIME-BILL,1994,-2,0.4895,-0.2665,criminal_justice,Congress
10000,1992,US-1994-NAFTA,1994,-2,0.3592,-0.216,trade,Congress/President
10000,1992,US-1994-VAWA,1994,-2,0.4542,-0.2651,gender_crime,Congress
10000,1992,US-1995-LOPEZ,1995,-3,0.2645,-0.2646,federalism_state_capacity,Supreme Court
10000,1992,US-1996-DOMA,1996,-4,0.453,-0.2213,lgbtq_family,Congress
10000,1992,US-1996-PRWORA,1996,-4,0.5817,-0.2277,welfare,Congress
10000,1992,US-1996-TELECOM,1996,-4,0.5096,-0.2999,communications,Congress
10000,1992,US-1997-PRINTZ,1997,-5,0.2884,-0.2445,federalism_guns,Supreme Court
10000,1992,US-1999-GLBA,1999,-7,0.409,-0.265,finance_deregulation,Congress
10000,1992,US-2000-BUSH-GORE,2000,-8,0.297,-0.2928,democracy_elections,Supreme Court
10000,1992,US-2001-NCLB,2001,-9,0.5748,-0.2203,education_accountability,Congress
10000,1992,US-2001-PATRIOT,2001,-9,0.3935,-0.254,security_surveillance,Congress
10000,1992,US-2002-HAVA,2002,-10,0.5094,-0.2585,democracy,Congress
10000,1992,US-2002-HOMELAND-SECURITY,2002,-10,0.3671,-0.2231,security_state,Congress
10000,1992,US-2002-SOX,2002,-10,0.2065,-0.2096,finance_corporate_governance,Congress
10000,1992,US-1987-DOLE,1987,5,0.2864,-0.2569,spending_power_federalism,Supreme Court
10000,1992,US-1997-RENO-ACLU,1997,-5,0.4226,-0.2801,speech_internet,Supreme Court
10000,1992,US-1982-VRA-AMENDMENTS,1982,10,0.4104,-0.2045,democracy_civil_rights,Congress
10000,1992,US-1990-IMMIGRATION-ACT,1990,2,0.4361,-0.2283,immigration,Congress
10000,1992,US-1993-RFRA,1993,-1,0.2744,-0.2295,religion_civil_rights,Congress
10000,1992,US-1996-AEDPA,1996,-4,0.4222,-0.2473,criminal_justice_security,Congress
10000,1992,US-1996-IIRIRA,1996,-4,0.4898,-0.2143,immigration_enforcement,Congress
10000,1992,US-2001-AUMF,2001,-9,0.2881,-0.2159,war_powers_security,Congress
10000,1992,US-2002-IRAQ-AUMF,2002,-10,0.2297,-0.2286,war_powers_security,Congress
20000,1992,US-1983-CHADHA,1983,9,0.474,-0.2843,separation_of_powers,Supreme Court
20000,1992,US-1984-CHEVRON,1984,8,0.5491,-0.2505,administrative_state,Supreme Court
20000,1992,US-1984-SENTENCING,1984,8,0.4715,-0.2461,criminal_justice,Congress
20000,1992,US-1986-BOWERS,1986,6,0.4285,-0.2305,privacy_lgbtq,Supreme Court
20000,1992,US-1986-IRCA,1986,6,0.4862,-0.1856,immigration,Congress
20000,1992,US-1986-TAX-REFORM,1986,6,0.6048,-0.2047,tax,Congress
20000,1992,US-1988-CIVIL-LIBERTIES-ACT,1988,4,0.3246,-0.2581,civil_liberties_reparations,Congress
20000,1992,US-1990-ADA,1990,2,0.7264,-0.085,disability_rights,Congress
20000,1992,US-1990-CLEAN-AIR-AMEND,1990,2,0.6791,-0.2869,environment,Congress
20000,1992,US-1991-CIVIL-RIGHTS-ACT,1991,1,0.5308,-0.1876,civil_rights_labor,Congress
20000,1992,US-1992-CASEY,1992,0,0.5483,-0.2473,privacy_family,Supreme Court
20000,1992,US-1993-BRADY,1993,-1,0.4656,-0.2321,guns_crime,Congress
20000,1992,US-1993-FMLA,1993,-1,0.6874,-0.2247,labor_family,Congress
20000,1992,US-1993-NVRA,1993,-1,0.5379,-0.2851,democracy,Congress
20000,1992,US-1994-CRIME-BILL,1994,-2,0.6085,-0.2663,criminal_justice,Congress
20000,1992,US-1994-NAFTA,1994,-2,0.46,-0.2256,trade,Congress/President
20000,1992,US-1994-VAWA,1994,-2,0.5485,-0.2696,gender_crime,Congress
20000,1992,US-1995-LOPEZ,1995,-3,0.3814,-0.2351,federalism_state_capacity,Supreme Court
20000,1992,US-1996-DOMA,1996,-4,0.5424,-0.237,lgbtq_family,Congress
20000,1992,US-1996-PRWORA,1996,-4,0.67,-0.2245,welfare,Congress
20000,1992,US-1996-TELECOM,1996,-4,0.676,-0.2833,communications,Congress
20000,1992,US-1997-PRINTZ,1997,-5,0.4342,-0.2485,federalism_guns,Supreme Court
20000,1992,US-1999-GLBA,1999,-7,0.5395,-0.2479,finance_deregulation,Congress
20000,1992,US-2000-BUSH-GORE,2000,-8,0.395,-0.2924,democracy_elections,Supreme Court
20000,1992,US-2001-NCLB,2001,-9,0.6888,-0.2332,education_accountability,Congress
20000,1992,US-2001-PATRIOT,2001,-9,0.5837,-0.2358,security_surveillance,Congress
20000,1992,US-2002-HAVA,2002,-10,0.6166,-0.2758,democracy,Congress
20000,1992,US-2002-HOMELAND-SECURITY,2002,-10,0.5109,-0.2438,security_state,Congress
20000,1992,US-2002-SOX,2002,-10,0.4248,-0.2425,finance_corporate_governance,Congress
20000,1992,US-1987-DOLE,1987,5,0.3959,-0.2562,spending_power_federalism,Supreme Court
20000,1992,US-1997-RENO-ACLU,1997,-5,0.5405,-0.2669,speech_internet,Supreme Court
20000,1992,US-1982-VRA-AMENDMENTS,1982,10,0.5631,-0.2021,democracy_civil_rights,Congress
20000,1992,US-1990-IMMIGRATION-ACT,1990,2,0.5968,-0.2224,immigration,Congress
20000,1992,US-1993-RFRA,1993,-1,0.4605,-0.2414,religion_civil_rights,Congress
20000,1992,US-1996-AEDPA,1996,-4,0.5994,-0.2431,criminal_justice_security,Congress
20000,1992,US-1996-IIRIRA,1996,-4,0.6142,-0.2189,immigration_enforcement,Congress
20000,1992,US-2001-AUMF,2001,-9,0.4915,-0.2246,war_powers_security,Congress
20000,1992,US-2002-IRAQ-AUMF,2002,-10,0.3764,-0.246,war_powers_security,Congress
5000,1992,US-1983-CHADHA,1983,9,0.4903,-0.2597,separation_of_powers,Supreme Court
5000,1992,US-1984-CHEVRON,1984,8,0.428,-0.1473,administrative_state,Supreme Court
5000,1992,US-1984-SENTENCING,1984,8,0.444,-0.1969,criminal_justice,Congress
5000,1992,US-1986-BOWERS,1986,6,0.5213,-0.2269,privacy_lgbtq,Supreme Court
5000,1992,US-1986-IRCA,1986,6,0.504,-0.1946,immigration,Congress
5000,1992,US-1986-TAX-REFORM,1986,6,0.6065,-0.167,tax,Congress
5000,1992,US-1988-CIVIL-LIBERTIES-ACT,1988,4,0.5443,-0.2508,civil_liberties_reparations,Congress
5000,1992,US-1990-ADA,1990,2,0.6846,-0.1189,disability_rights,Congress
5000,1992,US-1990-CLEAN-AIR-AMEND,1990,2,0.6287,-0.2665,environment,Congress
5000,1992,US-1991-CIVIL-RIGHTS-ACT,1991,1,0.5002,-0.2106,civil_rights_labor,Congress
5000,1992,US-1992-CASEY,1992,0,0.515,-0.2282,privacy_family,Supreme Court
5000,1992,US-1993-BRADY,1993,-1,0.4711,-0.2069,guns_crime,Congress
5000,1992,US-1993-FMLA,1993,-1,0.7074,-0.1974,labor_family,Congress
5000,1992,US-1993-NVRA,1993,-1,0.5886,-0.2396,democracy,Congress
5000,1992,US-1994-CRIME-BILL,1994,-2,0.6431,-0.234,criminal_justice,Congress
5000,1992,US-1994-NAFTA,1994,-2,0.5349,-0.1905,trade,Congress/President
5000,1992,US-1994-VAWA,1994,-2,0.5707,-0.2514,gender_crime,Congress
5000,1992,US-1995-LOPEZ,1995,-3,0.4325,-0.2351,federalism_state_capacity,Supreme Court
5000,1992,US-1996-DOMA,1996,-4,0.6121,-0.2069,lgbtq_family,Congress
5000,1992,US-1996-PRWORA,1996,-4,0.6945,-0.1816,welfare,Congress
5000,1992,US-1996-TELECOM,1996,-4,0.6058,-0.2652,communications,Congress
5000,1992,US-1997-PRINTZ,1997,-5,0.4265,-0.2148,federalism_guns,Supreme Court
5000,1992,US-1999-GLBA,1999,-7,0.6449,-0.2545,finance_deregulation,Congress
5000,1992,US-2000-BUSH-GORE,2000,-8,0.4128,-0.2568,democracy_elections,Supreme Court
5000,1992,US-2001-NCLB,2001,-9,0.6734,-0.1953,education_accountability,Congress
5000,1992,US-2001-PATRIOT,2001,-9,0.4934,-0.2206,security_surveillance,Congress
5000,1992,US-2002-HAVA,2002,-10,0.6835,-0.2298,democracy,Congress
5000,1992,US-2002-HOMELAND-SECURITY,2002,-10,0.4825,-0.1889,security_state,Congress
5000,1992,US-2002-SOX,2002,-10,0.2958,-0.1868,finance_corporate_governance,Congress
5000,1992,US-1987-DOLE,1987,5,0.4192,-0.2096,spending_power_federalism,Supreme Court
5000,1992,US-1997-RENO-ACLU,1997,-5,0.5716,-0.2451,speech_internet,Supreme Court
5000,1992,US-1982-VRA-AMENDMENTS,1982,10,0.5389,-0.1948,democracy_civil_rights,Congress
5000,1992,US-1990-IMMIGRATION-ACT,1990,2,0.5373,-0.2035,immigration,Congress
5000,1992,US-1993-RFRA,1993,-1,0.4445,-0.2054,religion_civil_rights,Congress
5000,1992,US-1996-AEDPA,1996,-4,0.5825,-0.219,criminal_justice_security,Congress
5000,1992,US-1996-IIRIRA,1996,-4,0.6151,-0.2035,immigration_enforcement,Congress
5000,1992,US-2001-AUMF,2001,-9,0.431,-0.1734,war_powers_security,Congress
5000,1992,US-2002-IRAQ-AUMF,2002,-10,0.4572,-0.1886,war_powers_security,Congress
10000,1993,US-1983-CHADHA,1983,10,0.412,-0.2784,separation_of_powers,Supreme Court
10000,1993,US-1984-CHEVRON,1984,9,0.4179,-0.1818,administrative_state,Supreme Court
10000,1993,US-1984-SENTENCING,1984,9,0.3755,-0.2246,criminal_justice,Congress
10000,1993,US-1986-BOWERS,1986,7,0.4449,-0.238,privacy_lgbtq,Supreme Court
10000,1993,US-1986-IRCA,1986,7,0.3954,-0.1764,immigration,Congress
10000,1993,US-1986-TAX-REFORM,1986,7,0.4813,-0.1827,tax,Congress
10000,1993,US-1988-CIVIL-LIBERTIES-ACT,1988,5,0.2868,-0.2554,civil_liberties_reparations,Congress
10000,1993,US-1990-ADA,1990,3,0.6377,-0.0765,disability_rights,Congress
10000,1993,US-1990-CLEAN-AIR-AMEND,1990,3,0.5559,-0.2765,environment,Congress
10000,1993,US-1991-CIVIL-RIGHTS-ACT,1991,2,0.3691,-0.1959,civil_rights_labor,Congress
10000,1993,US-1992-CASEY,1992,1,0.427,-0.2378,privacy_family,Supreme Court
10000,1993,US-1993-BRADY,1993,0,0.3963,-0.2133,guns_crime,Congress
10000,1993,US-1993-FMLA,1993,0,0.6249,-0.2255,labor_family,Congress
10000,1993,US-1993-NVRA,1993,0,0.4946,-0.2506,democracy,Congress
10000,1993,US-1994-CRIME-BILL,1994,-1,0.4915,-0.2594,criminal_justice,Congress
10000,1993,US-1994-NAFTA,1994,-1,0.3624,-0.2247,trade,Congress/President
10000,1993,US-1994-VAWA,1994,-1,0.4764,-0.2589,gender_crime,Congress
10000,1993,US-1995-LOPEZ,1995,-2,0.3292,-0.2578,federalism_state_capacity,Supreme Court
10000,1993,US-1996-DOMA,1996,-3,0.506,-0.2192,lgbtq_family,Congress
10000,1993,US-1996-PRWORA,1996,-3,0.6112,-0.2197,welfare,Congress
10000,1993,US-1996-TELECOM,1996,-3,0.5136,-0.2835,communications,Congress
10000,1993,US-1997-PRINTZ,1997,-4,0.3278,-0.2384,federalism_guns,Supreme Court
10000,1993,US-1999-GLBA,1999,-6,0.4602,-0.2662,finance_deregulation,Congress
10000,1993,US-2000-BUSH-GORE,2000,-7,0.3607,-0.2815,democracy_elections,Supreme Court
10000,1993,US-2001-NCLB,2001,-8,0.5936,-0.2164,education_accountability,Congress
10000,1993,US-2001-PATRIOT,2001,-8,0.4137,-0.2308,security_surveillance,Congress
10000,1993,US-2002-HAVA,2002,-9,0.5424,-0.2496,democracy,Congress
10000,1993,US-2002-HOMELAND-SECURITY,2002,-9,0.4058,-0.2072,security_state,Congress
10000,1993,US-2002-SOX,2002,-9,0.2073,-0.2083,finance_corporate_governance,Congress
10000,1993,US-2003-LAWRENCE,2003,-10,0.4255,-0.2438,privacy_lgbtq,Supreme Court
10000,1993,US-2003-MEDICARE-MMA,2003,-10,0.532,-0.2152,health_social_insurance,Congress
10000,1993,US-1987-DOLE,1987,6,0.3199,-0.2479,spending_power_federalism,Supreme Court
10000,1993,US-1997-RENO-ACLU,1997,-4,0.4655,-0.2671,speech_internet,Supreme Court
10000,1993,US-1990-IMMIGRATION-ACT,1990,3,0.4428,-0.2188,immigration,Congress
10000,1993,US-1993-RFRA,1993,0,0.2997,-0.2145,religion_civil_rights,Congress
10000,1993,US-1996-AEDPA,1996,-3,0.4079,-0.2154,criminal_justice_security,Congress
10000,1993,US-1996-IIRIRA,1996,-3,0.4436,-0.1944,immigration_enforcement,Congress
10000,1993,US-2001-AUMF,2001,-8,0.3111,-0.2042,war_powers_security,Congress
10000,1993,US-2002-IRAQ-AUMF,2002,-9,0.2357,-0.2256,war_powers_security,Congress
20000,1993,US-1983-CHADHA,1983,10,0.4679,-0.3247,separation_of_powers,Supreme Court
20000,1993,US-1984-CHEVRON,1984,9,0.4543,-0.2647,administrative_state,Supreme Court
20000,1993,US-1984-SENTENCING,1984,9,0.4844,-0.2947,criminal_justice,Congress
20000,1993,US-1986-BOWERS,1986,7,0.433,-0.2775,privacy_lgbtq,Supreme Court
20000,1993,US-1986-IRCA,1986,7,0.4521,-0.2316,immigration,Congress
20000,1993,US-1986-TAX-REFORM,1986,7,0.5847,-0.232,tax,Congress
20000,1993,US-1988-CIVIL-LIBERTIES-ACT,1988,5,0.2974,-0.3293,civil_liberties_reparations,Congress
20000,1993,US-1990-ADA,1990,3,0.7491,-0.1157,disability_rights,Congress
20000,1993,US-1990-CLEAN-AIR-AMEND,1990,3,0.6328,-0.3369,environment,Congress
20000,1993,US-1991-CIVIL-RIGHTS-ACT,1991,2,0.5345,-0.229,civil_rights_labor,Congress
20000,1993,US-1992-CASEY,1992,1,0.4631,-0.3054,privacy_family,Supreme Court
20000,1993,US-1993-BRADY,1993,0,0.4305,-0.2849,guns_crime,Congress
20000,1993,US-1993-FMLA,1993,0,0.7145,-0.2835,labor_family,Congress
20000,1993,US-1993-NVRA,1993,0,0.5282,-0.3365,democracy,Congress
20000,1993,US-1994-CRIME-BILL,1994,-1,0.5988,-0.3084,criminal_justice,Congress
20000,1993,US-1994-NAFTA,1994,-1,0.4049,-0.2709,trade,Congress/President
20000,1993,US-1994-VAWA,1994,-1,0.5479,-0.3202,gender_crime,Congress
20000,1993,US-1995-LOPEZ,1995,-2,0.4256,-0.3137,federalism_state_capacity,Supreme Court
20000,1993,US-1996-DOMA,1996,-3,0.5194,-0.2721,lgbtq_family,Congress
20000,1993,US-1996-PRWORA,1996,-3,0.6643,-0.2618,welfare,Congress
20000,1993,US-1996-TELECOM,1996,-3,0.644,-0.3187,communications,Congress
20000,1993,US-1997-PRINTZ,1997,-4,0.444,-0.316,federalism_guns,Supreme Court
20000,1993,US-1999-GLBA,1999,-6,0.5197,-0.2988,finance_deregulation,Congress
20000,1993,US-2000-BUSH-GORE,2000,-7,0.3471,-0.3453,democracy_elections,Supreme Court
20000,1993,US-2001-NCLB,2001,-8,0.6546,-0.2798,education_accountability,Congress
20000,1993,US-2001-PATRIOT,2001,-8,0.6057,-0.2806,security_surveillance,Congress
20000,1993,US-2002-HAVA,2002,-9,0.6097,-0.3345,democracy,Congress
20000,1993,US-2002-HOMELAND-SECURITY,2002,-9,0.5237,-0.2787,security_state,Congress
20000,1993,US-2002-SOX,2002,-9,0.3898,-0.2761,finance_corporate_governance,Congress
20000,1993,US-2003-LAWRENCE,2003,-10,0.3981,-0.299,privacy_lgbtq,Supreme Court
20000,1993,US-2003-MEDICARE-MMA,2003,-10,0.6011,-0.2647,health_social_insurance,Congress
20000,1993,US-1987-DOLE,1987,6,0.3772,-0.3166,spending_power_federalism,Supreme Court
20000,1993,US-1997-RENO-ACLU,1997,-4,0.4869,-0.3281,speech_internet,Supreme Court
20000,1993,US-1990-IMMIGRATION-ACT,1990,3,0.5686,-0.2894,immigration,Congress
20000,1993,US-1993-RFRA,1993,0,0.41,-0.2973,religion_civil_rights,Congress
20000,1993,US-1996-AEDPA,1996,-3,0.5486,-0.2803,criminal_justice_security,Congress
20000,1993,US-1996-IIRIRA,1996,-3,0.5605,-0.2824,immigration_enforcement,Congress
20000,1993,US-2001-AUMF,2001,-8,0.4268,-0.2837,war_powers_security,Congress
20000,1993,US-2002-IRAQ-AUMF,2002,-9,0.2441,-0.3164,war_powers_security,Congress
5000,1993,US-1983-CHADHA,1983,10,0.3167,-0.2601,separation_of_powers,Supreme Court
5000,1993,US-1984-CHEVRON,1984,9,0.3244,-0.1601,administrative_state,Supreme Court
5000,1993,US-1984-SENTENCING,1984,9,0.2938,-0.2068,criminal_justice,Congress
5000,1993,US-1986-BOWERS,1986,7,0.3512,-0.2351,privacy_lgbtq,Supreme Court
5000,1993,US-1986-IRCA,1986,7,0.3466,-0.1962,immigration,Congress
5000,1993,US-1986-TAX-REFORM,1986,7,0.3754,-0.1866,tax,Congress
5000,1993,US-1988-CIVIL-LIBERTIES-ACT,1988,5,0.3025,-0.2656,civil_liberties_reparations,Congress
5000,1993,US-1990-ADA,1990,3,0.5104,-0.1081,disability_rights,Congress
5000,1993,US-1990-CLEAN-AIR-AMEND,1990,3,0.4639,-0.2759,environment,Congress
5000,1993,US-1991-CIVIL-RIGHTS-ACT,1991,2,0.3197,-0.2067,civil_rights_labor,Congress
5000,1993,US-1992-CASEY,1992,1,0.3145,-0.2326,privacy_family,Supreme Court
5000,1993,US-1993-BRADY,1993,0,0.3281,-0.214,guns_crime,Congress
5000,1993,US-1993-FMLA,1993,0,0.5113,-0.2088,labor_family,Congress
5000,1993,US-1993-NVRA,1993,0,0.4157,-0.2396,democracy,Congress
5000,1993,US-1994-CRIME-BILL,1994,-1,0.4463,-0.2499,criminal_justice,Congress
5000,1993,US-1994-NAFTA,1994,-1,0.3114,-0.2069,trade,Congress/President
5000,1993,US-1994-VAWA,1994,-1,0.4077,-0.2645,gender_crime,Congress
5000,1993,US-1995-LOPEZ,1995,-2,0.2599,-0.2421,federalism_state_capacity,Supreme Court
5000,1993,US-1996-DOMA,1996,-3,0.4569,-0.2165,lgbtq_family,Congress
5000,1993,US-1996-PRWORA,1996,-3,0.4799,-0.1931,welfare,Congress
5000,1993,US-1996-TELECOM,1996,-3,0.3727,-0.2685,communications,Congress
5000,1993,US-1997-PRINTZ,1997,-4,0.2678,-0.2225,federalism_guns,Supreme Court
5000,1993,US-1999-GLBA,1999,-6,0.4066,-0.2586,finance_deregulation,Congress
5000,1993,US-2000-BUSH-GORE,2000,-7,0.2755,-0.27,democracy_elections,Supreme Court
5000,1993,US-2001-NCLB,2001,-8,0.4796,-0.2018,education_accountability,Congress
5000,1993,US-2001-PATRIOT,2001,-8,0.3273,-0.2204,security_surveillance,Congress
5000,1993,US-2002-HAVA,2002,-9,0.4743,-0.233,democracy,Congress
5000,1993,US-2002-HOMELAND-SECURITY,2002,-9,0.3295,-0.1982,security_state,Congress
5000,1993,US-2002-SOX,2002,-9,0.1642,-0.1765,finance_corporate_governance,Congress
5000,1993,US-2003-LAWRENCE,2003,-10,0.3496,-0.2339,privacy_lgbtq,Supreme Court
5000,1993,US-2003-MEDICARE-MMA,2003,-10,0.4566,-0.2124,health_social_insurance,Congress
5000,1993,US-1987-DOLE,1987,6,0.2618,-0.2194,spending_power_federalism,Supreme Court
5000,1993,US-1997-RENO-ACLU,1997,-4,0.3713,-0.2536,speech_internet,Supreme Court
5000,1993,US-1990-IMMIGRATION-ACT,1990,3,0.3511,-0.2045,immigration,Congress
5000,1993,US-1993-RFRA,1993,0,0.2864,-0.2064,religion_civil_rights,Congress
5000,1993,US-1996-AEDPA,1996,-3,0.3785,-0.2164,criminal_justice_security,Congress
5000,1993,US-1996-IIRIRA,1996,-3,0.4266,-0.1983,immigration_enforcement,Congress
5000,1993,US-2001-AUMF,2001,-8,0.2788,-0.1843,war_powers_security,Congress
5000,1993,US-2002-IRAQ-AUMF,2002,-9,0.2793,-0.1985,war_powers_security,Congress
10000,1994,US-1984-CHEVRON,1984,10,0.3155,-0.2168,administrative_state,Supreme Court
10000,1994,US-1984-SENTENCING,1984,10,0.3457,-0.2685,criminal_justice,Congress
10000,1994,US-1986-BOWERS,1986,8,0.4238,-0.2742,privacy_lgbtq,Supreme Court
10000,1994,US-1986-IRCA,1986,8,0.4135,-0.2289,immigration,Congress
10000,1994,US-1986-TAX-REFORM,1986,8,0.4706,-0.2306,tax,Congress
10000,1994,US-1988-CIVIL-LIBERTIES-ACT,1988,6,0.3399,-0.2912,civil_liberties_reparations,Congress
10000,1994,US-1990-ADA,1990,4,0.5916,-0.1386,disability_rights,Congress
10000,1994,US-1990-CLEAN-AIR-AMEND,1990,4,0.4986,-0.3219,environment,Congress
10000,1994,US-1991-CIVIL-RIGHTS-ACT,1991,3,0.3326,-0.2257,civil_rights_labor,Congress
10000,1994,US-1992-CASEY,1992,2,0.4006,-0.297,privacy_family,Supreme Court
10000,1994,US-1993-BRADY,1993,1,0.3246,-0.2538,guns_crime,Congress
10000,1994,US-1993-FMLA,1993,1,0.594,-0.271,labor_family,Congress
10000,1994,US-1993-NVRA,1993,1,0.4547,-0.3061,democracy,Congress
10000,1994,US-1994-CRIME-BILL,1994,0,0.5187,-0.3082,criminal_justice,Congress
10000,1994,US-1994-NAFTA,1994,0,0.3514,-0.2575,trade,Congress/President
10000,1994,US-1994-VAWA,1994,0,0.4508,-0.2986,gender_crime,Congress
10000,1994,US-1995-LOPEZ,1995,-1,0.3203,-0.2967,federalism_state_capacity,Supreme Court
10000,1994,US-1996-DOMA,1996,-2,0.4711,-0.2528,lgbtq_family,Congress
10000,1994,US-1996-PRWORA,1996,-2,0.6191,-0.2644,welfare,Congress
10000,1994,US-1996-TELECOM,1996,-2,0.4512,-0.3289,communications,Congress
10000,1994,US-1997-PRINTZ,1997,-3,0.3101,-0.2882,federalism_guns,Supreme Court
10000,1994,US-1999-GLBA,1999,-5,0.5031,-0.3035,finance_deregulation,Congress
10000,1994,US-2000-BUSH-GORE,2000,-6,0.3385,-0.3067,democracy_elections,Supreme Court
10000,1994,US-2001-NCLB,2001,-7,0.5637,-0.255,education_accountability,Congress
10000,1994,US-2001-PATRIOT,2001,-7,0.3818,-0.2858,security_surveillance,Congress
10000,1994,US-2002-HAVA,2002,-8,0.5206,-0.2933,democracy,Congress
10000,1994,US-2002-HOMELAND-SECURITY,2002,-8,0.3826,-0.2582,security_state,Congress
10000,1994,US-2002-SOX,2002,-8,0.225,-0.2345,finance_corporate_governance,Congress
10000,1994,US-2003-LAWRENCE,2003,-9,0.437,-0.2889,privacy_lgbtq,Supreme Court
10000,1994,US-2003-MEDICARE-MMA,2003,-9,0.572,-0.2578,health_social_insurance,Congress
10000,1994,US-1987-DOLE,1987,7,0.3428,-0.286,spending_power_federalism,Supreme Court
10000,1994,US-1997-RENO-ACLU,1997,-3,0.4598,-0.319,speech_internet,Supreme Court
10000,1994,US-1990-IMMIGRATION-ACT,1990,4,0.4313,-0.2671,immigration,Congress
10000,1994,US-1993-RFRA,1993,1,0.2941,-0.2653,religion_civil_rights,Congress
10000,1994,US-1996-AEDPA,1996,-2,0.4144,-0.2841,criminal_justice_security,Congress
10000,1994,US-1996-IIRIRA,1996,-2,0.4864,-0.2551,immigration_enforcement,Congress
10000,1994,US-2001-AUMF,2001,-7,0.3468,-0.2556,war_powers_security,Congress
10000,1994,US-2002-IRAQ-AUMF,2002,-8,0.2988,-0.2533,war_powers_security,Congress
20000,1994,US-1984-CHEVRON,1984,10,0.3089,-0.2134,administrative_state,Supreme Court
20000,1994,US-1984-SENTENCING,1984,10,0.3426,-0.2333,criminal_justice,Congress
20000,1994,US-1986-BOWERS,1986,8,0.4047,-0.2188,privacy_lgbtq,Supreme Court
20000,1994,US-1986-IRCA,1986,8,0.3091,-0.1717,immigration,Congress
20000,1994,US-1986-TAX-REFORM,1986,8,0.4273,-0.1652,tax,Congress
20000,1994,US-1988-CIVIL-LIBERTIES-ACT,1988,6,0.2192,-0.2595,civil_liberties_reparations,Congress
20000,1994,US-1990-ADA,1990,4,0.6063,-0.0846,disability_rights,Congress
20000,1994,US-1990-CLEAN-AIR-AMEND,1990,4,0.4833,-0.2768,environment,Congress
20000,1994,US-1991-CIVIL-RIGHTS-ACT,1991,3,0.3298,-0.1669,civil_rights_labor,Congress
20000,1994,US-1992-CASEY,1992,2,0.2765,-0.238,privacy_family,Supreme Court
20000,1994,US-1993-BRADY,1993,1,0.3329,-0.2129,guns_crime,Congress
20000,1994,US-1993-FMLA,1993,1,0.5925,-0.2063,labor_family,Congress
20000,1994,US-1993-NVRA,1993,1,0.4148,-0.2665,democracy,Congress
20000,1994,US-1994-CRIME-BILL,1994,0,0.4706,-0.2429,criminal_justice,Congress
20000,1994,US-1994-NAFTA,1994,0,0.3233,-0.2067,trade,Congress/President
20000,1994,US-1994-VAWA,1994,0,0.4241,-0.2509,gender_crime,Congress
20000,1994,US-1995-LOPEZ,1995,-1,0.3308,-0.2441,federalism_state_capacity,Supreme Court
20000,1994,US-1996-DOMA,1996,-2,0.4392,-0.2142,lgbtq_family,Congress
20000,1994,US-1996-PRWORA,1996,-2,0.5696,-0.1952,welfare,Congress
20000,1994,US-1996-TELECOM,1996,-2,0.4727,-0.2659,communications,Congress
20000,1994,US-1997-PRINTZ,1997,-3,0.3096,-0.2482,federalism_guns,Supreme Court
20000,1994,US-1999-GLBA,1999,-5,0.4413,-0.2349,finance_deregulation,Congress
20000,1994,US-2000-BUSH-GORE,2000,-6,0.2897,-0.2827,democracy_elections,Supreme Court
20000,1994,US-2001-NCLB,2001,-7,0.5421,-0.2055,education_accountability,Congress
20000,1994,US-2001-PATRIOT,2001,-7,0.429,-0.2138,security_surveillance,Congress
20000,1994,US-2002-HAVA,2002,-8,0.4446,-0.2614,democracy,Congress
20000,1994,US-2002-HOMELAND-SECURITY,2002,-8,0.3688,-0.2134,security_state,Congress
20000,1994,US-2002-SOX,2002,-8,0.2388,-0.2045,finance_corporate_governance,Congress
20000,1994,US-2003-LAWRENCE,2003,-9,0.3958,-0.2398,privacy_lgbtq,Supreme Court
20000,1994,US-2003-MEDICARE-MMA,2003,-9,0.5461,-0.1978,health_social_insurance,Congress
20000,1994,US-1987-DOLE,1987,7,0.2907,-0.2478,spending_power_federalism,Supreme Court
20000,1994,US-1997-RENO-ACLU,1997,-3,0.4109,-0.2701,speech_internet,Supreme Court
20000,1994,US-1990-IMMIGRATION-ACT,1990,4,0.4249,-0.2325,immigration,Congress
20000,1994,US-1993-RFRA,1993,1,0.2066,-0.2268,religion_civil_rights,Congress
20000,1994,US-1996-AEDPA,1996,-2,0.3643,-0.2294,criminal_justice_security,Congress
20000,1994,US-1996-IIRIRA,1996,-2,0.3982,-0.2094,immigration_enforcement,Congress
20000,1994,US-2001-AUMF,2001,-7,0.2503,-0.2161,war_powers_security,Congress
20000,1994,US-2002-IRAQ-AUMF,2002,-8,0.2063,-0.2515,war_powers_security,Congress
5000,1994,US-1984-CHEVRON,1984,10,0.2736,-0.1831,administrative_state,Supreme Court
5000,1994,US-1984-SENTENCING,1984,10,0.2347,-0.2224,criminal_justice,Congress
5000,1994,US-1986-BOWERS,1986,8,0.2626,-0.2249,privacy_lgbtq,Supreme Court
5000,1994,US-1986-IRCA,1986,8,0.2815,-0.2032,immigration,Congress
5000,1994,US-1986-TAX-REFORM,1986,8,0.3294,-0.2043,tax,Congress
5000,1994,US-1988-CIVIL-LIBERTIES-ACT,1988,6,0.2471,-0.2535,civil_liberties_reparations,Congress
5000,1994,US-1990-ADA,1990,4,0.4646,-0.1386,disability_rights,Congress
5000,1994,US-1990-CLEAN-AIR-AMEND,1990,4,0.4061,-0.2842,environment,Congress
5000,1994,US-1991-CIVIL-RIGHTS-ACT,1991,3,0.2894,-0.2366,civil_rights_labor,Congress
5000,1994,US-1992-CASEY,1992,2,0.3081,-0.2494,privacy_family,Supreme Court
5000,1994,US-1993-BRADY,1993,1,0.2866,-0.2099,guns_crime,Congress
5000,1994,US-1993-FMLA,1993,1,0.4461,-0.2164,labor_family,Congress
5000,1994,US-1993-NVRA,1993,1,0.3505,-0.2622,democracy,Congress
5000,1994,US-1994-CRIME-BILL,1994,0,0.4149,-0.2686,criminal_justice,Congress
5000,1994,US-1994-NAFTA,1994,0,0.2893,-0.2144,trade,Congress/President
5000,1994,US-1994-VAWA,1994,0,0.363,-0.2605,gender_crime,Congress
5000,1994,US-1995-LOPEZ,1995,-1,0.2229,-0.2463,federalism_state_capacity,Supreme Court
5000,1994,US-1996-DOMA,1996,-2,0.3734,-0.2173,lgbtq_family,Congress
5000,1994,US-1996-PRWORA,1996,-2,0.4765,-0.2039,welfare,Congress
5000,1994,US-1996-TELECOM,1996,-2,0.3393,-0.2783,communications,Congress
5000,1994,US-1997-PRINTZ,1997,-3,0.22,-0.2451,federalism_guns,Supreme Court
5000,1994,US-1999-GLBA,1999,-5,0.374,-0.2597,finance_deregulation,Congress
5000,1994,US-2000-BUSH-GORE,2000,-6,0.2212,-0.2709,democracy_elections,Supreme Court
5000,1994,US-2001-NCLB,2001,-7,0.4267,-0.2174,education_accountability,Congress
5000,1994,US-2001-PATRIOT,2001,-7,0.2787,-0.2525,security_surveillance,Congress
5000,1994,US-2002-HAVA,2002,-8,0.4066,-0.2458,democracy,Congress
5000,1994,US-2002-HOMELAND-SECURITY,2002,-8,0.2628,-0.2285,security_state,Congress
5000,1994,US-2002-SOX,2002,-8,0.1325,-0.2007,finance_corporate_governance,Congress
5000,1994,US-2003-LAWRENCE,2003,-9,0.2795,-0.2341,privacy_lgbtq,Supreme Court
5000,1994,US-2003-MEDICARE-MMA,2003,-9,0.396,-0.2259,health_social_insurance,Congress
5000,1994,US-1987-DOLE,1987,7,0.2261,-0.2362,spending_power_federalism,Supreme Court
5000,1994,US-1997-RENO-ACLU,1997,-3,0.3228,-0.2584,speech_internet,Supreme Court
5000,1994,US-1990-IMMIGRATION-ACT,1990,4,0.2917,-0.2304,immigration,Congress
5000,1994,US-1993-RFRA,1993,1,0.1949,-0.2322,religion_civil_rights,Congress
5000,1994,US-1996-AEDPA,1996,-2,0.3245,-0.24,criminal_justice_security,Congress
5000,1994,US-1996-IIRIRA,1996,-2,0.3736,-0.2281,immigration_enforcement,Congress
5000,1994,US-2001-AUMF,2001,-7,0.2061,-0.2014,war_powers_security,Congress
5000,1994,US-2002-IRAQ-AUMF,2002,-8,0.1725,-0.1933,war_powers_security,Congress
10000,1995,US-1986-BOWERS,1986,9,0.2886,-0.2111,privacy_lgbtq,Supreme Court
10000,1995,US-1986-IRCA,1986,9,0.2619,-0.1641,immigration,Congress
10000,1995,US-1986-TAX-REFORM,1986,9,0.371,-0.1779,tax,Congress
10000,1995,US-1988-CIVIL-LIBERTIES-ACT,1988,7,0.1559,-0.2394,civil_liberties_reparations,Congress
10000,1995,US-1990-ADA,1990,5,0.4868,-0.067,disability_rights,Congress
10000,1995,US-1990-CLEAN-AIR-AMEND,1990,5,0.4442,-0.2618,environment,Congress
10000,1995,US-1991-CIVIL-RIGHTS-ACT,1991,4,0.2537,-0.1818,civil_rights_labor,Congress
10000,1995,US-1992-CASEY,1992,3,0.3286,-0.2301,privacy_family,Supreme Court
10000,1995,US-1993-BRADY,1993,2,0.259,-0.2116,guns_crime,Congress
10000,1995,US-1993-FMLA,1993,2,0.5266,-0.2015,labor_family,Congress
10000,1995,US-1993-NVRA,1993,2,0.3222,-0.2511,democracy,Congress
10000,1995,US-1994-CRIME-BILL,1994,1,0.4394,-0.2401,criminal_justice,Congress
10000,1995,US-1994-NAFTA,1994,1,0.2715,-0.2024,trade,Congress/President
10000,1995,US-1994-VAWA,1994,1,0.3766,-0.2423,gender_crime,Congress
10000,1995,US-1995-LOPEZ,1995,0,0.2091,-0.2288,federalism_state_capacity,Supreme Court
10000,1995,US-1996-DOMA,1996,-1,0.3983,-0.2012,lgbtq_family,Congress
10000,1995,US-1996-PRWORA,1996,-1,0.4984,-0.2064,welfare,Congress
10000,1995,US-1996-TELECOM,1996,-1,0.3488,-0.2691,communications,Congress
10000,1995,US-1997-PRINTZ,1997,-2,0.2127,-0.2308,federalism_guns,Supreme Court
10000,1995,US-1999-GLBA,1999,-4,0.406,-0.243,finance_deregulation,Congress
10000,1995,US-2000-BUSH-GORE,2000,-5,0.2234,-0.2686,democracy_elections,Supreme Court
10000,1995,US-2001-NCLB,2001,-6,0.4439,-0.2034,education_accountability,Congress
10000,1995,US-2001-PATRIOT,2001,-6,0.2502,-0.2229,security_surveillance,Congress
10000,1995,US-2002-HAVA,2002,-7,0.3868,-0.2362,democracy,Congress
10000,1995,US-2002-HOMELAND-SECURITY,2002,-7,0.2795,-0.1983,security_state,Congress
10000,1995,US-2002-SOX,2002,-7,0.127,-0.1953,finance_corporate_governance,Congress
10000,1995,US-2003-LAWRENCE,2003,-8,0.2747,-0.2235,privacy_lgbtq,Supreme Court
10000,1995,US-2003-MEDICARE-MMA,2003,-8,0.4632,-0.2079,health_social_insurance,Congress
10000,1995,US-1987-DOLE,1987,8,0.2221,-0.2293,spending_power_federalism,Supreme Court
10000,1995,US-1997-RENO-ACLU,1997,-2,0.3337,-0.2552,speech_internet,Supreme Court
10000,1995,US-2005-KELO,2005,-10,0.344,-0.2407,property_development,Supreme Court
10000,1995,US-1990-IMMIGRATION-ACT,1990,5,0.3187,-0.2047,immigration,Congress
10000,1995,US-1993-RFRA,1993,2,0.1855,-0.2049,religion_civil_rights,Congress
10000,1995,US-1996-AEDPA,1996,-1,0.3147,-0.2131,criminal_justice_security,Congress
10000,1995,US-1996-IIRIRA,1996,-1,0.3297,-0.193,immigration_enforcement,Congress
10000,1995,US-2001-AUMF,2001,-6,0.2203,-0.1909,war_powers_security,Congress
10000,1995,US-2002-IRAQ-AUMF,2002,-7,0.1349,-0.2056,war_powers_security,Congress
20000,1995,US-1986-BOWERS,1986,9,0.5707,-0.2199,privacy_lgbtq,Supreme Court
20000,1995,US-1986-IRCA,1986,9,0.6171,-0.1928,immigration,Congress
20000,1995,US-1986-TAX-REFORM,1986,9,0.7224,-0.1847,tax,Congress
20000,1995,US-1988-CIVIL-LIBERTIES-ACT,1988,7,0.481,-0.2676,civil_liberties_reparations,Congress
20000,1995,US-1990-ADA,1990,5,0.8103,-0.0762,disability_rights,Congress
20000,1995,US-1990-CLEAN-AIR-AMEND,1990,5,0.7716,-0.2793,environment,Congress
20000,1995,US-1991-CIVIL-RIGHTS-ACT,1991,4,0.6177,-0.1736,civil_rights_labor,Congress
20000,1995,US-1992-CASEY,1992,3,0.6842,-0.2508,privacy_family,Supreme Court
20000,1995,US-1993-BRADY,1993,2,0.5932,-0.2201,guns_crime,Congress
20000,1995,US-1993-FMLA,1993,2,0.7974,-0.2318,labor_family,Congress
20000,1995,US-1993-NVRA,1993,2,0.6537,-0.2813,democracy,Congress
20000,1995,US-1994-CRIME-BILL,1994,1,0.7084,-0.2606,criminal_justice,Congress
20000,1995,US-1994-NAFTA,1994,1,0.5633,-0.2168,trade,Congress/President
20000,1995,US-1994-VAWA,1994,1,0.7157,-0.2685,gender_crime,Congress
20000,1995,US-1995-LOPEZ,1995,0,0.5037,-0.2396,federalism_state_capacity,Supreme Court
20000,1995,US-1996-DOMA,1996,-1,0.677,-0.2239,lgbtq_family,Congress
20000,1995,US-1996-PRWORA,1996,-1,0.7686,-0.2173,welfare,Congress
20000,1995,US-1996-TELECOM,1996,-1,0.7506,-0.2759,communications,Congress
20000,1995,US-1997-PRINTZ,1997,-2,0.504,-0.2547,federalism_guns,Supreme Court
20000,1995,US-1999-GLBA,1999,-4,0.6719,-0.247,finance_deregulation,Congress
20000,1995,US-2000-BUSH-GORE,2000,-5,0.4946,-0.2954,democracy_elections,Supreme Court
20000,1995,US-2001-NCLB,2001,-6,0.7732,-0.2211,education_accountability,Congress
20000,1995,US-2001-PATRIOT,2001,-6,0.6986,-0.235,security_surveillance,Congress
20000,1995,US-2002-HAVA,2002,-7,0.724,-0.2757,democracy,Congress
20000,1995,US-2002-HOMELAND-SECURITY,2002,-7,0.6329,-0.2335,security_state,Congress
20000,1995,US-2002-SOX,2002,-7,0.4902,-0.2499,finance_corporate_governance,Congress
20000,1995,US-2003-LAWRENCE,2003,-8,0.554,-0.2574,privacy_lgbtq,Supreme Court
20000,1995,US-2003-MEDICARE-MMA,2003,-8,0.7288,-0.2189,health_social_insurance,Congress
20000,1995,US-1987-DOLE,1987,8,0.4852,-0.253,spending_power_federalism,Supreme Court
20000,1995,US-1997-RENO-ACLU,1997,-2,0.6187,-0.2894,speech_internet,Supreme Court
20000,1995,US-2005-KELO,2005,-10,0.6577,-0.2682,property_development,Supreme Court
20000,1995,US-1990-IMMIGRATION-ACT,1990,5,0.6674,-0.2068,immigration,Congress
20000,1995,US-1993-RFRA,1993,2,0.497,-0.2331,religion_civil_rights,Congress
20000,1995,US-1996-AEDPA,1996,-1,0.6817,-0.2261,criminal_justice_security,Congress
20000,1995,US-1996-IIRIRA,1996,-1,0.6575,-0.2126,immigration_enforcement,Congress
20000,1995,US-2001-AUMF,2001,-6,0.5303,-0.2078,war_powers_security,Congress
20000,1995,US-2002-IRAQ-AUMF,2002,-7,0.4169,-0.2288,war_powers_security,Congress
5000,1995,US-1986-BOWERS,1986,9,0.4098,-0.2639,privacy_lgbtq,Supreme Court
5000,1995,US-1986-IRCA,1986,9,0.4481,-0.2209,immigration,Congress
5000,1995,US-1986-TAX-REFORM,1986,9,0.5387,-0.2275,tax,Congress
5000,1995,US-1988-CIVIL-LIBERTIES-ACT,1988,7,0.3488,-0.3048,civil_liberties_reparations,Congress
5000,1995,US-1990-ADA,1990,5,0.631,-0.1485,disability_rights,Congress
5000,1995,US-1990-CLEAN-AIR-AMEND,1990,5,0.5668,-0.3164,environment,Congress
5000,1995,US-1991-CIVIL-RIGHTS-ACT,1991,4,0.3802,-0.2544,civil_rights_labor,Congress
5000,1995,US-1992-CASEY,1992,3,0.4614,-0.2731,privacy_family,Supreme Court
5000,1995,US-1993-BRADY,1993,2,0.4301,-0.2519,guns_crime,Congress
5000,1995,US-1993-FMLA,1993,2,0.6331,-0.2494,labor_family,Congress
5000,1995,US-1993-NVRA,1993,2,0.4859,-0.288,democracy,Congress
5000,1995,US-1994-CRIME-BILL,1994,1,0.565,-0.2938,criminal_justice,Congress
5000,1995,US-1994-NAFTA,1994,1,0.4023,-0.2462,trade,Congress/President
5000,1995,US-1994-VAWA,1994,1,0.5188,-0.3122,gender_crime,Congress
5000,1995,US-1995-LOPEZ,1995,0,0.2903,-0.2844,federalism_state_capacity,Supreme Court
5000,1995,US-1996-DOMA,1996,-1,0.5369,-0.2486,lgbtq_family,Congress
5000,1995,US-1996-PRWORA,1996,-1,0.633,-0.2421,welfare,Congress
5000,1995,US-1996-TELECOM,1996,-1,0.4866,-0.3261,communications,Congress
5000,1995,US-1997-PRINTZ,1997,-2,0.3082,-0.2669,federalism_guns,Supreme Court
5000,1995,US-1999-GLBA,1999,-4,0.6075,-0.2929,finance_deregulation,Congress
5000,1995,US-2000-BUSH-GORE,2000,-5,0.3033,-0.2988,democracy_elections,Supreme Court
5000,1995,US-2001-NCLB,2001,-6,0.5637,-0.2353,education_accountability,Congress
5000,1995,US-2001-PATRIOT,2001,-6,0.371,-0.2797,security_surveillance,Congress
5000,1995,US-2002-HAVA,2002,-7,0.5904,-0.2798,democracy,Congress
5000,1995,US-2002-HOMELAND-SECURITY,2002,-7,0.3919,-0.2506,security_state,Congress
5000,1995,US-2002-SOX,2002,-7,0.1958,-0.2171,finance_corporate_governance,Congress
5000,1995,US-2003-LAWRENCE,2003,-8,0.4101,-0.2742,privacy_lgbtq,Supreme Court
5000,1995,US-2003-MEDICARE-MMA,2003,-8,0.6507,-0.2687,health_social_insurance,Congress
5000,1995,US-1987-DOLE,1987,8,0.3126,-0.2582,spending_power_federalism,Supreme Court
5000,1995,US-1997-RENO-ACLU,1997,-2,0.4773,-0.2852,speech_internet,Supreme Court
5000,1995,US-2005-KELO,2005,-10,0.4597,-0.28,property_development,Supreme Court
5000,1995,US-1990-IMMIGRATION-ACT,1990,5,0.4065,-0.2535,immigration,Congress
5000,1995,US-1993-RFRA,1993,2,0.29,-0.261,religion_civil_rights,Congress
5000,1995,US-1996-AEDPA,1996,-1,0.473,-0.2642,criminal_justice_security,Congress
5000,1995,US-1996-IIRIRA,1996,-1,0.5165,-0.2604,immigration_enforcement,Congress
5000,1995,US-2001-AUMF,2001,-6,0.3308,-0.2314,war_powers_security,Congress
5000,1995,US-2002-IRAQ-AUMF,2002,-7,0.2809,-0.2402,war_powers_security,Congress
10000,1996,US-1986-BOWERS,1986,10,0.5026,-0.2464,privacy_lgbtq,Supreme Court
10000,1996,US-1986-IRCA,1986,10,0.4323,-0.1959,immigration,Congress
10000,1996,US-1986-TAX-REFORM,1986,10,0.5289,-0.1868,tax,Congress
10000,1996,US-1988-CIVIL-LIBERTIES-ACT,1988,8,0.3835,-0.2513,civil_liberties_reparations,Congress
10000,1996,US-1990-ADA,1990,6,0.7025,-0.07,disability_rights,Congress
10000,1996,US-1990-CLEAN-AIR-AMEND,1990,6,0.6141,-0.2767,environment,Congress
10000,1996,US-1991-CIVIL-RIGHTS-ACT,1991,5,0.4157,-0.1804,civil_rights_labor,Congress
10000,1996,US-1992-CASEY,1992,4,0.4968,-0.2245,privacy_family,Supreme Court
10000,1996,US-1993-BRADY,1993,3,0.3863,-0.2122,guns_crime,Congress
10000,1996,US-1993-FMLA,1993,3,0.6956,-0.2217,labor_family,Congress
10000,1996,US-1993-NVRA,1993,3,0.5472,-0.257,democracy,Congress
10000,1996,US-1994-CRIME-BILL,1994,2,0.6081,-0.2442,criminal_justice,Congress
10000,1996,US-1994-NAFTA,1994,2,0.5055,-0.2094,trade,Congress/President
10000,1996,US-1994-VAWA,1994,2,0.6097,-0.2511,gender_crime,Congress
10000,1996,US-1995-LOPEZ,1995,1,0.4198,-0.2478,federalism_state_capacity,Supreme Court
10000,1996,US-1996-DOMA,1996,0,0.6026,-0.2134,lgbtq_family,Congress
10000,1996,US-1996-PRWORA,1996,0,0.6575,-0.2207,welfare,Congress
10000,1996,US-1996-TELECOM,1996,0,0.5696,-0.2813,communications,Congress
10000,1996,US-1997-PRINTZ,1997,-1,0.4156,-0.2309,federalism_guns,Supreme Court
10000,1996,US-1999-GLBA,1999,-3,0.5915,-0.2697,finance_deregulation,Congress
10000,1996,US-2000-BUSH-GORE,2000,-4,0.473,-0.2675,democracy_elections,Supreme Court
10000,1996,US-2001-NCLB,2001,-5,0.6193,-0.2052,education_accountability,Congress
10000,1996,US-2001-PATRIOT,2001,-5,0.5072,-0.2288,security_surveillance,Congress
10000,1996,US-2002-HAVA,2002,-6,0.6109,-0.2354,democracy,Congress
10000,1996,US-2002-HOMELAND-SECURITY,2002,-6,0.5047,-0.2075,security_state,Congress
10000,1996,US-2002-SOX,2002,-6,0.2231,-0.1883,finance_corporate_governance,Congress
10000,1996,US-2003-LAWRENCE,2003,-7,0.4896,-0.2541,privacy_lgbtq,Supreme Court
10000,1996,US-2003-MEDICARE-MMA,2003,-7,0.615,-0.2145,health_social_insurance,Congress
10000,1996,US-1987-DOLE,1987,9,0.4265,-0.2471,spending_power_federalism,Supreme Court
10000,1996,US-1997-RENO-ACLU,1997,-1,0.5585,-0.267,speech_internet,Supreme Court
10000,1996,US-2005-KELO,2005,-9,0.5817,-0.2502,property_development,Supreme Court
10000,1996,US-1990-IMMIGRATION-ACT,1990,6,0.5162,-0.2233,immigration,Congress
10000,1996,US-1993-RFRA,1993,3,0.3761,-0.1974,religion_civil_rights,Congress
10000,1996,US-1996-AEDPA,1996,0,0.5428,-0.2064,criminal_justice_security,Congress
10000,1996,US-1996-IIRIRA,1996,0,0.5447,-0.2056,immigration_enforcement,Congress
10000,1996,US-2001-AUMF,2001,-5,0.421,-0.1981,war_powers_security,Congress
10000,1996,US-2002-IRAQ-AUMF,2002,-6,0.3259,-0.2132,war_powers_security,Congress
20000,1996,US-1986-BOWERS,1986,10,0.3942,-0.2889,privacy_lgbtq,Supreme Court
20000,1996,US-1986-IRCA,1986,10,0.3219,-0.2499,immigration,Congress
20000,1996,US-1986-TAX-REFORM,1986,10,0.5207,-0.2158,tax,Congress
20000,1996,US-1988-CIVIL-LIBERTIES-ACT,1988,8,0.2597,-0.3142,civil_liberties_reparations,Congress
20000,1996,US-1990-ADA,1990,6,0.6567,-0.0757,disability_rights,Congress
20000,1996,US-1990-CLEAN-AIR-AMEND,1990,6,0.5653,-0.329,environment,Congress
20000,1996,US-1991-CIVIL-RIGHTS-ACT,1991,5,0.3813,-0.1933,civil_rights_labor,Congress
20000,1996,US-1992-CASEY,1992,4,0.4278,-0.2881,privacy_family,Supreme Court
20000,1996,US-1993-BRADY,1993,3,0.3196,-0.2805,guns_crime,Congress
20000,1996,US-1993-FMLA,1993,3,0.6565,-0.2587,labor_family,Congress
20000,1996,US-1993-NVRA,1993,3,0.4321,-0.3377,democracy,Congress
20000,1996,US-1994-CRIME-BILL,1994,2,0.5065,-0.3007,criminal_justice,Congress
20000,1996,US-1994-NAFTA,1994,2,0.412,-0.277,trade,Congress/President
20000,1996,US-1994-VAWA,1994,2,0.5206,-0.3198,gender_crime,Congress
20000,1996,US-1995-LOPEZ,1995,1,0.3406,-0.2879,federalism_state_capacity,Supreme Court
20000,1996,US-1996-DOMA,1996,0,0.4895,-0.2947,lgbtq_family,Congress
20000,1996,US-1996-PRWORA,1996,0,0.6246,-0.2633,welfare,Congress
20000,1996,US-1996-TELECOM,1996,0,0.502,-0.3275,communications,Congress
20000,1996,US-1997-PRINTZ,1997,-1,0.3037,-0.3048,federalism_guns,Supreme Court
20000,1996,US-1999-GLBA,1999,-3,0.4667,-0.3067,finance_deregulation,Congress
20000,1996,US-2000-BUSH-GORE,2000,-4,0.3763,-0.3527,democracy_elections,Supreme Court
20000,1996,US-2001-NCLB,2001,-5,0.5762,-0.2861,education_accountability,Congress
20000,1996,US-2001-PATRIOT,2001,-5,0.528,-0.2885,security_surveillance,Congress
20000,1996,US-2002-HAVA,2002,-6,0.5128,-0.3259,democracy,Congress
20000,1996,US-2002-HOMELAND-SECURITY,2002,-6,0.4463,-0.2737,security_state,Congress
20000,1996,US-2002-SOX,2002,-6,0.284,-0.2941,finance_corporate_governance,Congress
20000,1996,US-2003-LAWRENCE,2003,-7,0.3927,-0.3087,privacy_lgbtq,Supreme Court
20000,1996,US-2003-MEDICARE-MMA,2003,-7,0.5701,-0.2552,health_social_insurance,Congress
20000,1996,US-1987-DOLE,1987,9,0.3111,-0.3073,spending_power_federalism,Supreme Court
20000,1996,US-1997-RENO-ACLU,1997,-1,0.4466,-0.3273,speech_internet,Supreme Court
20000,1996,US-2005-KELO,2005,-9,0.465,-0.3134,property_development,Supreme Court
20000,1996,US-1990-IMMIGRATION-ACT,1990,6,0.4907,-0.2756,immigration,Congress
20000,1996,US-1993-RFRA,1993,3,0.2976,-0.2858,religion_civil_rights,Congress
20000,1996,US-1996-AEDPA,1996,0,0.4805,-0.2666,criminal_justice_security,Congress
20000,1996,US-1996-IIRIRA,1996,0,0.4792,-0.2531,immigration_enforcement,Congress
20000,1996,US-2001-AUMF,2001,-5,0.3441,-0.2574,war_powers_security,Congress
20000,1996,US-2002-IRAQ-AUMF,2002,-6,0.215,-0.2902,war_powers_security,Congress
5000,1996,US-1986-BOWERS,1986,10,0.5245,-0.2201,privacy_lgbtq,Supreme Court
5000,1996,US-1986-IRCA,1986,10,0.4847,-0.1809,immigration,Congress
5000,1996,US-1986-TAX-REFORM,1986,10,0.5758,-0.169,tax,Congress
5000,1996,US-1988-CIVIL-LIBERTIES-ACT,1988,8,0.4783,-0.2341,civil_liberties_reparations,Congress
5000,1996,US-1990-ADA,1990,6,0.6858,-0.079,disability_rights,Congress
5000,1996,US-1990-CLEAN-AIR-AMEND,1990,6,0.6686,-0.2541,environment,Congress
5000,1996,US-1991-CIVIL-RIGHTS-ACT,1991,5,0.5044,-0.1871,civil_rights_labor,Congress
5000,1996,US-1992-CASEY,1992,4,0.5101,-0.1987,privacy_family,Supreme Court
5000,1996,US-1993-BRADY,1993,3,0.4555,-0.19,guns_crime,Congress
5000,1996,US-1993-FMLA,1993,3,0.6967,-0.1879,labor_family,Congress
5000,1996,US-1993-NVRA,1993,3,0.5845,-0.2262,democracy,Congress
5000,1996,US-1994-CRIME-BILL,1994,2,0.6218,-0.2202,criminal_justice,Congress
5000,1996,US-1994-NAFTA,1994,2,0.5095,-0.1826,trade,Congress/President
5000,1996,US-1994-VAWA,1994,2,0.658,-0.2359,gender_crime,Congress
5000,1996,US-1995-LOPEZ,1995,1,0.4351,-0.2232,federalism_state_capacity,Supreme Court
5000,1996,US-1996-DOMA,1996,0,0.5994,-0.1883,lgbtq_family,Congress
5000,1996,US-1996-PRWORA,1996,0,0.6738,-0.1798,welfare,Congress
5000,1996,US-1996-TELECOM,1996,0,0.5671,-0.2516,communications,Congress
5000,1996,US-1997-PRINTZ,1997,-1,0.4098,-0.2094,federalism_guns,Supreme Court
5000,1996,US-1999-GLBA,1999,-3,0.6082,-0.2266,finance_deregulation,Congress
5000,1996,US-2000-BUSH-GORE,2000,-4,0.4474,-0.2252,democracy_elections,Supreme Court
5000,1996,US-2001-NCLB,2001,-5,0.6531,-0.1734,education_accountability,Congress
5000,1996,US-2001-PATRIOT,2001,-5,0.5292,-0.2031,security_surveillance,Congress
5000,1996,US-2002-HAVA,2002,-6,0.6944,-0.2065,democracy,Congress
5000,1996,US-2002-HOMELAND-SECURITY,2002,-6,0.5171,-0.1699,security_state,Congress
5000,1996,US-2002-SOX,2002,-6,0.2792,-0.1624,finance_corporate_governance,Congress
5000,1996,US-2003-LAWRENCE,2003,-7,0.5143,-0.2219,privacy_lgbtq,Supreme Court
5000,1996,US-2003-MEDICARE-MMA,2003,-7,0.6591,-0.193,health_social_insurance,Congress
5000,1996,US-1987-DOLE,1987,9,0.4209,-0.1979,spending_power_federalism,Supreme Court
5000,1996,US-1997-RENO-ACLU,1997,-1,0.5373,-0.2254,speech_internet,Supreme Court
5000,1996,US-2005-KELO,2005,-9,0.5782,-0.2116,property_development,Supreme Court
5000,1996,US-1990-IMMIGRATION-ACT,1990,6,0.5182,-0.187,immigration,Congress
5000,1996,US-1993-RFRA,1993,3,0.4111,-0.1923,religion_civil_rights,Congress
5000,1996,US-1996-AEDPA,1996,0,0.5802,-0.1969,criminal_justice_security,Congress
5000,1996,US-1996-IIRIRA,1996,0,0.6216,-0.1911,immigration_enforcement,Congress
5000,1996,US-2001-AUMF,2001,-5,0.4379,-0.1684,war_powers_security,Congress
5000,1996,US-2002-IRAQ-AUMF,2002,-6,0.3727,-0.1829,war_powers_security,Congress
10000,1997,US-1988-CIVIL-LIBERTIES-ACT,1988,9,0.3459,-0.2253,civil_liberties_reparations,Congress
10000,1997,US-1990-ADA,1990,7,0.6665,-0.0695,disability_rights,Congress
10000,1997,US-1990-CLEAN-AIR-AMEND,1990,7,0.5839,-0.2666,environment,Congress
10000,1997,US-1991-CIVIL-RIGHTS-ACT,1991,6,0.3829,-0.1537,civil_rights_labor,Congress
10000,1997,US-1992-CASEY,1992,5,0.4229,-0.2093,privacy_family,Supreme Court
10000,1997,US-1993-BRADY,1993,4,0.3826,-0.2007,guns_crime,Congress
10000,1997,US-1993-FMLA,1993,4,0.6449,-0.2076,labor_family,Congress
10000,1997,US-1993-NVRA,1993,4,0.4511,-0.2528,democracy,Congress
10000,1997,US-1994-CRIME-BILL,1994,3,0.5585,-0.2334,criminal_justice,Congress
10000,1997,US-1994-NAFTA,1994,3,0.3523,-0.2028,trade,Congress/President
10000,1997,US-1994-VAWA,1994,3,0.5091,-0.2399,gender_crime,Congress
10000,1997,US-1995-LOPEZ,1995,2,0.3604,-0.2139,federalism_state_capacity,Supreme Court
10000,1997,US-1996-DOMA,1996,1,0.5463,-0.2023,lgbtq_family,Congress
10000,1997,US-1996-PRWORA,1996,1,0.6462,-0.2064,welfare,Congress
10000,1997,US-1996-TELECOM,1996,1,0.4799,-0.2794,communications,Congress
10000,1997,US-1997-PRINTZ,1997,0,0.3332,-0.2125,federalism_guns,Supreme Court
10000,1997,US-1999-GLBA,1999,-2,0.4879,-0.2518,finance_deregulation,Congress
10000,1997,US-2000-BUSH-GORE,2000,-3,0.3465,-0.2577,democracy_elections,Supreme Court
10000,1997,US-2001-NCLB,2001,-4,0.6181,-0.2042,education_accountability,Congress
10000,1997,US-2001-PATRIOT,2001,-4,0.3943,-0.2142,security_surveillance,Congress
10000,1997,US-2002-HAVA,2002,-5,0.5618,-0.2367,democracy,Congress
10000,1997,US-2002-HOMELAND-SECURITY,2002,-5,0.4013,-0.1949,security_state,Congress
10000,1997,US-2002-SOX,2002,-5,0.2289,-0.1709,finance_corporate_governance,Congress
10000,1997,US-2003-LAWRENCE,2003,-6,0.445,-0.2343,privacy_lgbtq,Supreme Court
10000,1997,US-2003-MEDICARE-MMA,2003,-6,0.5853,-0.2021,health_social_insurance,Congress
10000,1997,US-2007-MASS-EPA,2007,-10,0.4907,-0.2371,climate_environment,Supreme Court
10000,1997,US-1987-DOLE,1987,10,0.3751,-0.2231,spending_power_federalism,Supreme Court
10000,1997,US-1997-RENO-ACLU,1997,0,0.4776,-0.2484,speech_internet,Supreme Court
10000,1997,US-2005-KELO,2005,-8,0.4989,-0.2311,property_development,Supreme Court
10000,1997,US-1990-IMMIGRATION-ACT,1990,7,0.4919,-0.1943,immigration,Congress
10000,1997,US-1993-RFRA,1993,4,0.3795,-0.1807,religion_civil_rights,Congress
10000,1997,US-1996-AEDPA,1996,1,0.4913,-0.1977,criminal_justice_security,Congress
10000,1997,US-1996-IIRIRA,1996,1,0.5056,-0.181,immigration_enforcement,Congress
10000,1997,US-2001-AUMF,2001,-4,0.385,-0.1764,war_powers_security,Congress
10000,1997,US-2002-IRAQ-AUMF,2002,-5,0.2959,-0.1884,war_powers_security,Congress
20000,1997,US-1988-CIVIL-LIBERTIES-ACT,1988,9,0.304,-0.2218,civil_liberties_reparations,Congress
20000,1997,US-1990-ADA,1990,7,0.6628,-0.0596,disability_rights,Congress
20000,1997,US-1990-CLEAN-AIR-AMEND,1990,7,0.5945,-0.2489,environment,Congress
20000,1997,US-1991-CIVIL-RIGHTS-ACT,1991,6,0.4362,-0.1211,civil_rights_labor,Congress
20000,1997,US-1992-CASEY,1992,5,0.4314,-0.1962,privacy_family,Supreme Court
20000,1997,US-1993-BRADY,1993,4,0.4203,-0.1899,guns_crime,Congress
20000,1997,US-1993-FMLA,1993,4,0.641,-0.1819,labor_family,Congress
20000,1997,US-1993-NVRA,1993,4,0.4597,-0.2472,democracy,Congress
20000,1997,US-1994-CRIME-BILL,1994,3,0.5668,-0.2107,criminal_justice,Congress
20000,1997,US-1994-NAFTA,1994,3,0.375,-0.1948,trade,Congress/President
20000,1997,US-1994-VAWA,1994,3,0.4909,-0.2013,gender_crime,Congress
20000,1997,US-1995-LOPEZ,1995,2,0.3557,-0.2046,federalism_state_capacity,Supreme Court
20000,1997,US-1996-DOMA,1996,1,0.4852,-0.196,lgbtq_family,Congress
20000,1997,US-1996-PRWORA,1996,1,0.651,-0.188,welfare,Congress
20000,1997,US-1996-TELECOM,1996,1,0.543,-0.2381,communications,Congress
20000,1997,US-1997-PRINTZ,1997,0,0.382,-0.2055,federalism_guns,Supreme Court
20000,1997,US-1999-GLBA,1999,-2,0.4576,-0.2235,finance_deregulation,Congress
20000,1997,US-2000-BUSH-GORE,2000,-3,0.3316,-0.242,democracy_elections,Supreme Court
20000,1997,US-2001-NCLB,2001,-4,0.6151,-0.1896,education_accountability,Congress
20000,1997,US-2001-PATRIOT,2001,-4,0.491,-0.189,security_surveillance,Congress
20000,1997,US-2002-HAVA,2002,-5,0.5394,-0.2391,democracy,Congress
20000,1997,US-2002-HOMELAND-SECURITY,2002,-5,0.4429,-0.1831,security_state,Congress
20000,1997,US-2002-SOX,2002,-5,0.2947,-0.18,finance_corporate_governance,Congress
20000,1997,US-2003-LAWRENCE,2003,-6,0.4275,-0.2093,privacy_lgbtq,Supreme Court
20000,1997,US-2003-MEDICARE-MMA,2003,-6,0.5964,-0.1858,health_social_insurance,Congress
20000,1997,US-2007-MASS-EPA,2007,-10,0.4575,-0.2183,climate_environment,Supreme Court
20000,1997,US-1987-DOLE,1987,10,0.3497,-0.2262,spending_power_federalism,Supreme Court
20000,1997,US-1997-RENO-ACLU,1997,0,0.465,-0.2389,speech_internet,Supreme Court
20000,1997,US-2005-KELO,2005,-8,0.4204,-0.2168,property_development,Supreme Court
20000,1997,US-1990-IMMIGRATION-ACT,1990,7,0.4913,-0.1918,immigration,Congress
20000,1997,US-1993-RFRA,1993,4,0.3246,-0.1861,religion_civil_rights,Congress
20000,1997,US-1996-AEDPA,1996,1,0.501,-0.1857,criminal_justice_security,Congress
20000,1997,US-1996-IIRIRA,1996,1,0.4865,-0.1763,immigration_enforcement,Congress
20000,1997,US-2001-AUMF,2001,-4,0.3504,-0.1832,war_powers_security,Congress
20000,1997,US-2002-IRAQ-AUMF,2002,-5,0.2115,-0.2187,war_powers_security,Congress
5000,1997,US-1988-CIVIL-LIBERTIES-ACT,1988,9,0.2937,-0.2155,civil_liberties_reparations,Congress
5000,1997,US-1990-ADA,1990,7,0.5484,-0.1002,disability_rights,Congress
5000,1997,US-1990-CLEAN-AIR-AMEND,1990,7,0.5343,-0.2492,environment,Congress
5000,1997,US-1991-CIVIL-RIGHTS-ACT,1991,6,0.3487,-0.18,civil_rights_labor,Congress
5000,1997,US-1992-CASEY,1992,5,0.341,-0.2262,privacy_family,Supreme Court
5000,1997,US-1993-BRADY,1993,4,0.3275,-0.1882,guns_crime,Congress
5000,1997,US-1993-FMLA,1993,4,0.5799,-0.1831,labor_family,Congress
5000,1997,US-1993-NVRA,1993,4,0.4031,-0.2167,democracy,Congress
5000,1997,US-1994-CRIME-BILL,1994,3,0.5326,-0.2141,criminal_justice,Congress
5000,1997,US-1994-NAFTA,1994,3,0.3297,-0.1854,trade,Congress/President
5000,1997,US-1994-VAWA,1994,3,0.4494,-0.2217,gender_crime,Congress
5000,1997,US-1995-LOPEZ,1995,2,0.2848,-0.206,federalism_state_capacity,Supreme Court
5000,1997,US-1996-DOMA,1996,1,0.4701,-0.1863,lgbtq_family,Congress
5000,1997,US-1996-PRWORA,1996,1,0.5668,-0.1694,welfare,Congress
5000,1997,US-1996-TELECOM,1996,1,0.3827,-0.2427,communications,Congress
5000,1997,US-1997-PRINTZ,1997,0,0.283,-0.1947,federalism_guns,Supreme Court
5000,1997,US-1999-GLBA,1999,-2,0.4427,-0.2098,finance_deregulation,Congress
5000,1997,US-2000-BUSH-GORE,2000,-3,0.2976,-0.2278,democracy_elections,Supreme Court
5000,1997,US-2001-NCLB,2001,-4,0.5226,-0.1796,education_accountability,Congress
5000,1997,US-2001-PATRIOT,2001,-4,0.3264,-0.2007,security_surveillance,Congress
5000,1997,US-2002-HAVA,2002,-5,0.5392,-0.2023,democracy,Congress
5000,1997,US-2002-HOMELAND-SECURITY,2002,-5,0.3297,-0.1659,security_state,Congress
5000,1997,US-2002-SOX,2002,-5,0.1627,-0.1532,finance_corporate_governance,Congress
5000,1997,US-2003-LAWRENCE,2003,-6,0.3244,-0.2141,privacy_lgbtq,Supreme Court
5000,1997,US-2003-MEDICARE-MMA,2003,-6,0.5012,-0.1921,health_social_insurance,Congress
5000,1997,US-2007-MASS-EPA,2007,-10,0.3929,-0.2209,climate_environment,Supreme Court
5000,1997,US-1987-DOLE,1987,10,0.289,-0.1905,spending_power_federalism,Supreme Court
5000,1997,US-1997-RENO-ACLU,1997,0,0.3596,-0.2157,speech_internet,Supreme Court
5000,1997,US-2005-KELO,2005,-8,0.3995,-0.2057,property_development,Supreme Court
5000,1997,US-1990-IMMIGRATION-ACT,1990,7,0.3856,-0.1709,immigration,Congress
5000,1997,US-1993-RFRA,1993,4,0.2679,-0.1782,religion_civil_rights,Congress
5000,1997,US-1996-AEDPA,1996,1,0.422,-0.1884,criminal_justice_security,Congress
5000,1997,US-1996-IIRIRA,1996,1,0.458,-0.178,immigration_enforcement,Congress
5000,1997,US-2001-AUMF,2001,-4,0.2544,-0.1588,war_powers_security,Congress
5000,1997,US-2002-IRAQ-AUMF,2002,-5,0.2102,-0.166,war_powers_security,Congress
10000,1998,US-1988-CIVIL-LIBERTIES-ACT,1988,10,0.3578,-0.2415,civil_liberties_reparations,Congress
10000,1998,US-1990-ADA,1990,8,0.6832,-0.1158,disability_rights,Congress
10000,1998,US-1990-CLEAN-AIR-AMEND,1990,8,0.6161,-0.2704,environment,Congress
10000,1998,US-1991-CIVIL-RIGHTS-ACT,1991,7,0.4072,-0.1996,civil_rights_labor,Congress
10000,1998,US-1992-CASEY,1992,6,0.4423,-0.2365,privacy_family,Supreme Court
10000,1998,US-1993-BRADY,1993,5,0.4609,-0.2081,guns_crime,Congress
10000,1998,US-1993-FMLA,1993,5,0.6554,-0.2224,labor_family,Congress
10000,1998,US-1993-NVRA,1993,5,0.5483,-0.2699,democracy,Congress
10000,1998,US-1994-CRIME-BILL,1994,4,0.5835,-0.2529,criminal_justice,Congress
10000,1998,US-1994-NAFTA,1994,4,0.4275,-0.2053,trade,Congress/President
10000,1998,US-1994-VAWA,1994,4,0.5265,-0.2431,gender_crime,Congress
10000,1998,US-1995-LOPEZ,1995,3,0.3941,-0.2428,federalism_state_capacity,Supreme Court
10000,1998,US-1996-DOMA,1996,2,0.5573,-0.2076,lgbtq_family,Congress
10000,1998,US-1996-PRWORA,1996,2,0.6421,-0.2148,welfare,Congress
10000,1998,US-1996-TELECOM,1996,2,0.5487,-0.2759,communications,Congress
10000,1998,US-1997-PRINTZ,1997,1,0.3868,-0.2295,federalism_guns,Supreme Court
10000,1998,US-1999-GLBA,1999,-1,0.5421,-0.2491,finance_deregulation,Congress
10000,1998,US-2000-BUSH-GORE,2000,-2,0.3715,-0.2589,democracy_elections,Supreme Court
10000,1998,US-2001-NCLB,2001,-3,0.65,-0.2135,education_accountability,Congress
10000,1998,US-2001-PATRIOT,2001,-3,0.4638,-0.2252,security_surveillance,Congress
10000,1998,US-2002-HAVA,2002,-4,0.6014,-0.2403,democracy,Congress
10000,1998,US-2002-HOMELAND-SECURITY,2002,-4,0.4747,-0.1991,security_state,Congress
10000,1998,US-2002-SOX,2002,-4,0.2732,-0.1952,finance_corporate_governance,Congress
10000,1998,US-2003-LAWRENCE,2003,-5,0.4647,-0.2421,privacy_lgbtq,Supreme Court
10000,1998,US-2003-MEDICARE-MMA,2003,-5,0.629,-0.2058,health_social_insurance,Congress
10000,1998,US-2007-MASS-EPA,2007,-9,0.4966,-0.2453,climate_environment,Supreme Court
10000,1998,US-2008-HELLER,2008,-10,0.3192,-0.2378,guns,Supreme Court
10000,1998,US-1997-RENO-ACLU,1997,1,0.525,-0.2548,speech_internet,Supreme Court
10000,1998,US-2005-KELO,2005,-7,0.5092,-0.2367,property_development,Supreme Court
10000,1998,US-1990-IMMIGRATION-ACT,1990,8,0.5329,-0.2034,immigration,Congress
10000,1998,US-1993-RFRA,1993,5,0.3684,-0.1981,religion_civil_rights,Congress
10000,1998,US-1996-AEDPA,1996,2,0.5855,-0.2104,criminal_justice_security,Congress
10000,1998,US-1996-IIRIRA,1996,2,0.5992,-0.2039,immigration_enforcement,Congress
10000,1998,US-2001-AUMF,2001,-3,0.3997,-0.1866,war_powers_security,Congress
10000,1998,US-2002-IRAQ-AUMF,2002,-4,0.3289,-0.2113,war_powers_security,Congress
20000,1998,US-1988-CIVIL-LIBERTIES-ACT,1988,10,0.3103,-0.2879,civil_liberties_reparations,Congress
20000,1998,US-1990-ADA,1990,8,0.7485,-0.0612,disability_rights,Congress
20000,1998,US-1990-CLEAN-AIR-AMEND,1990,8,0.6288,-0.305,environment,Congress
20000,1998,US-1991-CIVIL-RIGHTS-ACT,1991,7,0.4618,-0.1698,civil_rights_labor,Congress
20000,1998,US-1992-CASEY,1992,6,0.3589,-0.2609,privacy_family,Supreme Court
20000,1998,US-1993-BRADY,1993,5,0.4332,-0.2348,guns_crime,Congress
20000,1998,US-1993-FMLA,1993,5,0.7583,-0.2402,labor_family,Congress
20000,1998,US-1993-NVRA,1993,5,0.524,-0.3057,democracy,Congress
20000,1998,US-1994-CRIME-BILL,1994,4,0.5839,-0.2862,criminal_justice,Congress
20000,1998,US-1994-NAFTA,1994,4,0.4577,-0.2262,trade,Congress/President
20000,1998,US-1994-VAWA,1994,4,0.5538,-0.2691,gender_crime,Congress
20000,1998,US-1995-LOPEZ,1995,3,0.4208,-0.2633,federalism_state_capacity,Supreme Court
20000,1998,US-1996-DOMA,1996,2,0.5279,-0.2322,lgbtq_family,Congress
20000,1998,US-1996-PRWORA,1996,2,0.6402,-0.2497,welfare,Congress
20000,1998,US-1996-TELECOM,1996,2,0.6237,-0.3066,communications,Congress
20000,1998,US-1997-PRINTZ,1997,1,0.3943,-0.2617,federalism_guns,Supreme Court
20000,1998,US-1999-GLBA,1999,-1,0.579,-0.2613,finance_deregulation,Congress
20000,1998,US-2000-BUSH-GORE,2000,-2,0.3386,-0.2856,democracy_elections,Supreme Court
20000,1998,US-2001-NCLB,2001,-3,0.6309,-0.2303,education_accountability,Congress
20000,1998,US-2001-PATRIOT,2001,-3,0.5751,-0.2514,security_surveillance,Congress
20000,1998,US-2002-HAVA,2002,-4,0.5778,-0.2886,democracy,Congress
20000,1998,US-2002-HOMELAND-SECURITY,2002,-4,0.5261,-0.236,security_state,Congress
20000,1998,US-2002-SOX,2002,-4,0.3718,-0.2283,finance_corporate_governance,Congress
20000,1998,US-2003-LAWRENCE,2003,-5,0.4765,-0.2601,privacy_lgbtq,Supreme Court
20000,1998,US-2003-MEDICARE-MMA,2003,-5,0.6294,-0.229,health_social_insurance,Congress
20000,1998,US-2007-MASS-EPA,2007,-9,0.5236,-0.274,climate_environment,Supreme Court
20000,1998,US-2008-HELLER,2008,-10,0.3451,-0.2412,guns,Supreme Court
20000,1998,US-1997-RENO-ACLU,1997,1,0.4927,-0.2802,speech_internet,Supreme Court
20000,1998,US-2005-KELO,2005,-7,0.4857,-0.271,property_development,Supreme Court
20000,1998,US-1990-IMMIGRATION-ACT,1990,8,0.5791,-0.2322,immigration,Congress
20000,1998,US-1993-RFRA,1993,5,0.388,-0.2355,religion_civil_rights,Congress
20000,1998,US-1996-AEDPA,1996,2,0.5393,-0.2373,criminal_justice_security,Congress
20000,1998,US-1996-IIRIRA,1996,2,0.56,-0.2377,immigration_enforcement,Congress
20000,1998,US-2001-AUMF,2001,-3,0.3922,-0.2256,war_powers_security,Congress
20000,1998,US-2002-IRAQ-AUMF,2002,-4,0.2715,-0.2533,war_powers_security,Congress
5000,1998,US-1988-CIVIL-LIBERTIES-ACT,1988,10,0.4267,-0.2624,civil_liberties_reparations,Congress
5000,1998,US-1990-ADA,1990,8,0.6325,-0.1386,disability_rights,Congress
5000,1998,US-1990-CLEAN-AIR-AMEND,1990,8,0.5685,-0.2959,environment,Congress
5000,1998,US-1991-CIVIL-RIGHTS-ACT,1991,7,0.4982,-0.2543,civil_rights_labor,Congress
5000,1998,US-1992-CASEY,1992,6,0.4556,-0.2628,privacy_family,Supreme Court
5000,1998,US-1993-BRADY,1993,5,0.461,-0.2295,guns_crime,Congress
5000,1998,US-1993-FMLA,1993,5,0.6264,-0.2335,labor_family,Congress
5000,1998,US-1993-NVRA,1993,5,0.4967,-0.2827,democracy,Congress
5000,1998,US-1994-CRIME-BILL,1994,4,0.5854,-0.2714,criminal_justice,Congress
5000,1998,US-1994-NAFTA,1994,4,0.4702,-0.2275,trade,Congress/President
5000,1998,US-1994-VAWA,1994,4,0.4733,-0.2627,gender_crime,Congress
5000,1998,US-1995-LOPEZ,1995,3,0.4305,-0.2652,federalism_state_capacity,Supreme Court
5000,1998,US-1996-DOMA,1996,2,0.5548,-0.2411,lgbtq_family,Congress
5000,1998,US-1996-PRWORA,1996,2,0.6201,-0.2291,welfare,Congress
5000,1998,US-1996-TELECOM,1996,2,0.5275,-0.2889,communications,Congress
5000,1998,US-1997-PRINTZ,1997,1,0.3996,-0.2514,federalism_guns,Supreme Court
5000,1998,US-1999-GLBA,1999,-1,0.5502,-0.2755,finance_deregulation,Congress
5000,1998,US-2000-BUSH-GORE,2000,-2,0.4491,-0.2748,democracy_elections,Supreme Court
5000,1998,US-2001-NCLB,2001,-3,0.5754,-0.2383,education_accountability,Congress
5000,1998,US-2001-PATRIOT,2001,-3,0.4517,-0.2554,security_surveillance,Congress
5000,1998,US-2002-HAVA,2002,-4,0.5951,-0.2634,democracy,Congress
5000,1998,US-2002-HOMELAND-SECURITY,2002,-4,0.4819,-0.2208,security_state,Congress
5000,1998,US-2002-SOX,2002,-4,0.2676,-0.2165,finance_corporate_governance,Congress
5000,1998,US-2003-LAWRENCE,2003,-5,0.4255,-0.2542,privacy_lgbtq,Supreme Court
5000,1998,US-2003-MEDICARE-MMA,2003,-5,0.6297,-0.2311,health_social_insurance,Congress
5000,1998,US-2007-MASS-EPA,2007,-9,0.5396,-0.2654,climate_environment,Supreme Court
5000,1998,US-2008-HELLER,2008,-10,0.3914,-0.2629,guns,Supreme Court
5000,1998,US-1997-RENO-ACLU,1997,1,0.5395,-0.2816,speech_internet,Supreme Court
5000,1998,US-2005-KELO,2005,-7,0.5402,-0.2496,property_development,Supreme Court
5000,1998,US-1990-IMMIGRATION-ACT,1990,8,0.5507,-0.2401,immigration,Congress
5000,1998,US-1993-RFRA,1993,5,0.4256,-0.2266,religion_civil_rights,Congress
5000,1998,US-1996-AEDPA,1996,2,0.5714,-0.2478,criminal_justice_security,Congress
5000,1998,US-1996-IIRIRA,1996,2,0.6081,-0.2406,immigration_enforcement,Congress
5000,1998,US-2001-AUMF,2001,-3,0.4189,-0.199,war_powers_security,Congress
5000,1998,US-2002-IRAQ-AUMF,2002,-4,0.4296,-0.2159,war_powers_security,Congress
10000,1999,US-1990-ADA,1990,9,0.576,-0.1085,disability_rights,Congress
10000,1999,US-1990-CLEAN-AIR-AMEND,1990,9,0.4752,-0.2972,environment,Congress
10000,1999,US-1991-CIVIL-RIGHTS-ACT,1991,8,0.3046,-0.2154,civil_rights_labor,Congress
10000,1999,US-1992-CASEY,1992,7,0.2954,-0.26,privacy_family,Supreme Court
10000,1999,US-1993-BRADY,1993,6,0.3187,-0.2432,guns_crime,Congress
10000,1999,US-1993-FMLA,1993,6,0.5682,-0.2328,labor_family,Congress
10000,1999,US-1993-NVRA,1993,6,0.4269,-0.2855,democracy,Congress
10000,1999,US-1994-CRIME-BILL,1994,5,0.4682,-0.2696,criminal_justice,Congress
10000,1999,US-1994-NAFTA,1994,5,0.2828,-0.233,trade,Congress/President
10000,1999,US-1994-VAWA,1994,5,0.4185,-0.2733,gender_crime,Congress
10000,1999,US-1995-LOPEZ,1995,4,0.2747,-0.2691,federalism_state_capacity,Supreme Court
10000,1999,US-1996-DOMA,1996,3,0.442,-0.2431,lgbtq_family,Congress
10000,1999,US-1996-PRWORA,1996,3,0.4947,-0.2344,welfare,Congress
10000,1999,US-1996-TELECOM,1996,3,0.3865,-0.3074,communications,Congress
10000,1999,US-1997-PRINTZ,1997,2,0.2873,-0.2652,federalism_guns,Supreme Court
10000,1999,US-1999-GLBA,1999,0,0.4209,-0.2858,finance_deregulation,Congress
10000,1999,US-2000-BUSH-GORE,2000,-1,0.3195,-0.2953,democracy_elections,Supreme Court
10000,1999,US-2001-NCLB,2001,-2,0.4759,-0.2333,education_accountability,Congress
10000,1999,US-2001-PATRIOT,2001,-2,0.297,-0.2528,security_surveillance,Congress
10000,1999,US-2002-HAVA,2002,-3,0.4466,-0.276,democracy,Congress
10000,1999,US-2002-HOMELAND-SECURITY,2002,-3,0.3485,-0.2317,security_state,Congress
10000,1999,US-2002-SOX,2002,-3,0.2278,-0.222,finance_corporate_governance,Congress
10000,1999,US-2003-LAWRENCE,2003,-4,0.3417,-0.2644,privacy_lgbtq,Supreme Court
10000,1999,US-2003-MEDICARE-MMA,2003,-4,0.4884,-0.2303,health_social_insurance,Congress
10000,1999,US-2007-MASS-EPA,2007,-8,0.4155,-0.2706,climate_environment,Supreme Court
10000,1999,US-2008-HELLER,2008,-9,0.2641,-0.2639,guns,Supreme Court
10000,1999,US-2009-ARRA,2009,-10,0.3967,-0.2232,macroeconomic_governance,Congress
10000,1999,US-1997-RENO-ACLU,1997,2,0.4016,-0.2982,speech_internet,Supreme Court
10000,1999,US-2005-KELO,2005,-6,0.3769,-0.2655,property_development,Supreme Court
10000,1999,US-1990-IMMIGRATION-ACT,1990,9,0.3777,-0.2252,immigration,Congress
10000,1999,US-1993-RFRA,1993,6,0.3098,-0.2301,religion_civil_rights,Congress
10000,1999,US-1996-AEDPA,1996,3,0.3705,-0.2309,criminal_justice_security,Congress
10000,1999,US-1996-IIRIRA,1996,3,0.4116,-0.2257,immigration_enforcement,Congress
10000,1999,US-2001-AUMF,2001,-2,0.326,-0.2134,war_powers_security,Congress
10000,1999,US-2002-IRAQ-AUMF,2002,-3,0.2664,-0.2287,war_powers_security,Congress
10000,1999,US-2009-LILLY-LEDBETTER,2009,-10,0.2118,-0.2008,gender_labor,Congress
10000,1999,US-2009-HATE-CRIMES,2009,-10,0.3492,-0.1214,civil_rights_criminal_justice,Congress
20000,1999,US-1990-ADA,1990,9,0.6481,-0.0982,disability_rights,Congress
20000,1999,US-1990-CLEAN-AIR-AMEND,1990,9,0.5746,-0.2903,environment,Congress
20000,1999,US-1991-CIVIL-RIGHTS-ACT,1991,8,0.4157,-0.1786,civil_rights_labor,Congress
20000,1999,US-1992-CASEY,1992,7,0.4396,-0.2609,privacy_family,Supreme Court
20000,1999,US-1993-BRADY,1993,6,0.4426,-0.2444,guns_crime,Congress
20000,1999,US-1993-FMLA,1993,6,0.6346,-0.2368,labor_family,Congress
20000,1999,US-1993-NVRA,1993,6,0.504,-0.288,democracy,Congress
20000,1999,US-1994-CRIME-BILL,1994,5,0.5252,-0.273,criminal_justice,Congress
20000,1999,US-1994-NAFTA,1994,5,0.3493,-0.2364,trade,Congress/President
20000,1999,US-1994-VAWA,1994,5,0.473,-0.2609,gender_crime,Congress
20000,1999,US-1995-LOPEZ,1995,4,0.3603,-0.2456,federalism_state_capacity,Supreme Court
20000,1999,US-1996-DOMA,1996,3,0.495,-0.2406,lgbtq_family,Congress
20000,1999,US-1996-PRWORA,1996,3,0.5867,-0.2423,welfare,Congress
20000,1999,US-1996-TELECOM,1996,3,0.524,-0.2918,communications,Congress
20000,1999,US-1997-PRINTZ,1997,2,0.3568,-0.2573,federalism_guns,Supreme Court
20000,1999,US-1999-GLBA,1999,0,0.4292,-0.2701,finance_deregulation,Congress
20000,1999,US-2000-BUSH-GORE,2000,-1,0.3672,-0.2885,democracy_elections,Supreme Court
20000,1999,US-2001-NCLB,2001,-2,0.5682,-0.2342,education_accountability,Congress
20000,1999,US-2001-PATRIOT,2001,-2,0.4565,-0.2356,security_surveillance,Congress
20000,1999,US-2002-HAVA,2002,-3,0.5219,-0.2737,democracy,Congress
20000,1999,US-2002-HOMELAND-SECURITY,2002,-3,0.4579,-0.2324,security_state,Congress
20000,1999,US-2002-SOX,2002,-3,0.3484,-0.235,finance_corporate_governance,Congress
20000,1999,US-2003-LAWRENCE,2003,-4,0.3881,-0.246,privacy_lgbtq,Supreme Court
20000,1999,US-2003-MEDICARE-MMA,2003,-4,0.5342,-0.2213,health_social_insurance,Congress
20000,1999,US-2007-MASS-EPA,2007,-8,0.4681,-0.2695,climate_environment,Supreme Court
20000,1999,US-2008-HELLER,2008,-9,0.3648,-0.2511,guns,Supreme Court
20000,1999,US-2009-ARRA,2009,-10,0.5015,-0.219,macroeconomic_governance,Congress
20000,1999,US-1997-RENO-ACLU,1997,2,0.4664,-0.2825,speech_internet,Supreme Court
20000,1999,US-2005-KELO,2005,-6,0.4008,-0.2555,property_development,Supreme Court
20000,1999,US-1990-IMMIGRATION-ACT,1990,9,0.4663,-0.23,immigration,Congress
20000,1999,US-1993-RFRA,1993,6,0.3686,-0.2269,religion_civil_rights,Congress
20000,1999,US-1996-AEDPA,1996,3,0.4724,-0.2368,criminal_justice_security,Congress
20000,1999,US-1996-IIRIRA,1996,3,0.4906,-0.2287,immigration_enforcement,Congress
20000,1999,US-2001-AUMF,2001,-2,0.3615,-0.2219,war_powers_security,Congress
20000,1999,US-2002-IRAQ-AUMF,2002,-3,0.2594,-0.2492,war_powers_security,Congress
20000,1999,US-2009-LILLY-LEDBETTER,2009,-10,0.3221,-0.1755,gender_labor,Congress
20000,1999,US-2009-HATE-CRIMES,2009,-10,0.4149,-0.1123,civil_rights_criminal_justice,Congress
5000,1999,US-1990-ADA,1990,9,0.6424,-0.0948,disability_rights,Congress
5000,1999,US-1990-CLEAN-AIR-AMEND,1990,9,0.551,-0.2652,environment,Congress
5000,1999,US-1991-CIVIL-RIGHTS-ACT,1991,8,0.4065,-0.1982,civil_rights_labor,Congress
5000,1999,US-1992-CASEY,1992,7,0.476,-0.2354,privacy_family,Supreme Court
5000,1999,US-1993-BRADY,1993,6,0.4084,-0.1958,guns_crime,Congress
5000,1999,US-1993-FMLA,1993,6,0.6093,-0.2031,labor_family,Congress
5000,1999,US-1993-NVRA,1993,6,0.5126,-0.2465,democracy,Congress
5000,1999,US-1994-CRIME-BILL,1994,5,0.528,-0.2374,criminal_justice,Congress
5000,1999,US-1994-NAFTA,1994,5,0.4842,-0.1948,trade,Congress/President
5000,1999,US-1994-VAWA,1994,5,0.5128,-0.2447,gender_crime,Congress
5000,1999,US-1995-LOPEZ,1995,4,0.3429,-0.2198,federalism_state_capacity,Supreme Court
5000,1999,US-1996-DOMA,1996,3,0.5292,-0.2132,lgbtq_family,Congress
5000,1999,US-1996-PRWORA,1996,3,0.5794,-0.202,welfare,Congress
5000,1999,US-1996-TELECOM,1996,3,0.5168,-0.2761,communications,Congress
5000,1999,US-1997-PRINTZ,1997,2,0.3432,-0.2167,federalism_guns,Supreme Court
5000,1999,US-1999-GLBA,1999,0,0.5372,-0.2427,finance_deregulation,Congress
5000,1999,US-2000-BUSH-GORE,2000,-1,0.3841,-0.2451,democracy_elections,Supreme Court
5000,1999,US-2001-NCLB,2001,-2,0.5556,-0.1963,education_accountability,Congress
5000,1999,US-2001-PATRIOT,2001,-2,0.3961,-0.2079,security_surveillance,Congress
5000,1999,US-2002-HAVA,2002,-3,0.5631,-0.2305,democracy,Congress
5000,1999,US-2002-HOMELAND-SECURITY,2002,-3,0.4329,-0.1904,security_state,Congress
5000,1999,US-2002-SOX,2002,-3,0.2414,-0.1654,finance_corporate_governance,Congress
5000,1999,US-2003-LAWRENCE,2003,-4,0.3751,-0.2322,privacy_lgbtq,Supreme Court
5000,1999,US-2003-MEDICARE-MMA,2003,-4,0.5572,-0.2009,health_social_insurance,Congress
5000,1999,US-2007-MASS-EPA,2007,-8,0.5224,-0.226,climate_environment,Supreme Court
5000,1999,US-2008-HELLER,2008,-9,0.4172,-0.2342,guns,Supreme Court
5000,1999,US-2009-ARRA,2009,-10,0.4852,-0.1795,macroeconomic_governance,Congress
5000,1999,US-1997-RENO-ACLU,1997,2,0.4922,-0.2481,speech_internet,Supreme Court
5000,1999,US-2005-KELO,2005,-6,0.5077,-0.2191,property_development,Supreme Court
5000,1999,US-1990-IMMIGRATION-ACT,1990,9,0.4791,-0.1882,immigration,Congress
5000,1999,US-1993-RFRA,1993,6,0.4239,-0.1981,religion_civil_rights,Congress
5000,1999,US-1996-AEDPA,1996,3,0.4585,-0.2049,criminal_justice_security,Congress
5000,1999,US-1996-IIRIRA,1996,3,0.5527,-0.1917,immigration_enforcement,Congress
5000,1999,US-2001-AUMF,2001,-2,0.4337,-0.1585,war_powers_security,Congress
5000,1999,US-2002-IRAQ-AUMF,2002,-3,0.3709,-0.1672,war_powers_security,Congress
5000,1999,US-2009-LILLY-LEDBETTER,2009,-10,0.2714,-0.1776,gender_labor,Congress
5000,1999,US-2009-HATE-CRIMES,2009,-10,0.4032,-0.1236,civil_rights_criminal_justice,Congress
10000,2000,US-1990-ADA,1990,10,0.6431,-0.1058,disability_rights,Congress
10000,2000,US-1990-CLEAN-AIR-AMEND,1990,10,0.5786,-0.2903,environment,Congress
10000,2000,US-1991-CIVIL-RIGHTS-ACT,1991,9,0.3885,-0.1963,civil_rights_labor,Congress
10000,2000,US-1992-CASEY,1992,8,0.4656,-0.242,privacy_family,Supreme Court
10000,2000,US-1993-BRADY,1993,7,0.4231,-0.2433,guns_crime,Congress
10000,2000,US-1993-FMLA,1993,7,0.6272,-0.2454,labor_family,Congress
10000,2000,US-1993-NVRA,1993,7,0.512,-0.2798,democracy,Congress
10000,2000,US-1994-CRIME-BILL,1994,6,0.5136,-0.2643,criminal_justice,Congress
10000,2000,US-1994-NAFTA,1994,6,0.3536,-0.2301,trade,Congress/President
10000,2000,US-1994-VAWA,1994,6,0.5274,-0.2801,gender_crime,Congress
10000,2000,US-1995-LOPEZ,1995,5,0.3167,-0.2822,federalism_state_capacity,Supreme Court
10000,2000,US-1996-DOMA,1996,4,0.5315,-0.2437,lgbtq_family,Congress
10000,2000,US-1996-PRWORA,1996,4,0.6014,-0.2331,welfare,Congress
10000,2000,US-1996-TELECOM,1996,4,0.499,-0.2925,communications,Congress
10000,2000,US-1997-PRINTZ,1997,3,0.3667,-0.269,federalism_guns,Supreme Court
10000,2000,US-1999-GLBA,1999,1,0.4807,-0.2832,finance_deregulation,Congress
10000,2000,US-2000-BUSH-GORE,2000,0,0.4126,-0.2972,democracy_elections,Supreme Court
10000,2000,US-2001-NCLB,2001,-1,0.5924,-0.2258,education_accountability,Congress
10000,2000,US-2001-PATRIOT,2001,-1,0.4053,-0.2424,security_surveillance,Congress
10000,2000,US-2002-HAVA,2002,-2,0.5654,-0.2685,democracy,Congress
10000,2000,US-2002-HOMELAND-SECURITY,2002,-2,0.4287,-0.2248,security_state,Congress
10000,2000,US-2002-SOX,2002,-2,0.2487,-0.2026,finance_corporate_governance,Congress
10000,2000,US-2003-LAWRENCE,2003,-3,0.4143,-0.2819,privacy_lgbtq,Supreme Court
10000,2000,US-2003-MEDICARE-MMA,2003,-3,0.5692,-0.2306,health_social_insurance,Congress
10000,2000,US-2007-MASS-EPA,2007,-7,0.4667,-0.2711,climate_environment,Supreme Court
10000,2000,US-2008-HELLER,2008,-8,0.3209,-0.2804,guns,Supreme Court
10000,2000,US-2009-ARRA,2009,-9,0.4775,-0.2157,macroeconomic_governance,Congress
10000,2000,US-2010-ACA,2010,-10,0.499,-0.2617,health_social_insurance,Congress
10000,2000,US-2010-CITIZENS-UNITED,2010,-10,0.4631,-0.2815,campaign_finance,Supreme Court
10000,2000,US-2010-DODD-FRANK,2010,-10,0.5454,-0.2287,finance,Congress
10000,2000,US-2010-MCDONALD,2010,-10,0.5516,-0.3051,guns,Supreme Court
10000,2000,US-1997-RENO-ACLU,1997,3,0.4831,-0.2842,speech_internet,Supreme Court
10000,2000,US-2005-KELO,2005,-5,0.5105,-0.2722,property_development,Supreme Court
10000,2000,US-1990-IMMIGRATION-ACT,1990,10,0.4914,-0.2296,immigration,Congress
10000,2000,US-1993-RFRA,1993,7,0.3976,-0.2128,religion_civil_rights,Congress
10000,2000,US-1996-AEDPA,1996,4,0.4974,-0.2319,criminal_justice_security,Congress
10000,2000,US-1996-IIRIRA,1996,4,0.515,-0.2071,immigration_enforcement,Congress
10000,2000,US-2001-AUMF,2001,-1,0.3707,-0.2147,war_powers_security,Congress
10000,2000,US-2002-IRAQ-AUMF,2002,-2,0.2498,-0.231,war_powers_security,Congress
10000,2000,US-2009-LILLY-LEDBETTER,2009,-9,0.3035,-0.1941,gender_labor,Congress
10000,2000,US-2009-HATE-CRIMES,2009,-9,0.3843,-0.0987,civil_rights_criminal_justice,Congress
10000,2000,US-2010-DADT-REPEAL,2010,-10,0.3858,-0.2416,lgbtq_military,Congress/President
20000,2000,US-1990-ADA,1990,10,0.8223,-0.0804,disability_rights,Congress
20000,2000,US-1990-CLEAN-AIR-AMEND,1990,10,0.7097,-0.2875,environment,Congress
20000,2000,US-1991-CIVIL-RIGHTS-ACT,1991,9,0.5714,-0.1794,civil_rights_labor,Congress
20000,2000,US-1992-CASEY,1992,8,0.6259,-0.2571,privacy_family,Supreme Court
20000,2000,US-1993-BRADY,1993,7,0.5867,-0.2289,guns_crime,Congress
20000,2000,US-1993-FMLA,1993,7,0.8081,-0.2379,labor_family,Congress
20000,2000,US-1993-NVRA,1993,7,0.6335,-0.285,democracy,Congress
20000,2000,US-1994-CRIME-BILL,1994,6,0.6649,-0.2566,criminal_justice,Congress
20000,2000,US-1994-NAFTA,1994,6,0.5911,-0.2232,trade,Congress/President
20000,2000,US-1994-VAWA,1994,6,0.6975,-0.2747,gender_crime,Congress
20000,2000,US-1995-LOPEZ,1995,5,0.5506,-0.2484,federalism_state_capacity,Supreme Court
20000,2000,US-1996-DOMA,1996,4,0.6741,-0.2319,lgbtq_family,Congress
20000,2000,US-1996-PRWORA,1996,4,0.7816,-0.228,welfare,Congress
20000,2000,US-1996-TELECOM,1996,4,0.6997,-0.2868,communications,Congress
20000,2000,US-1997-PRINTZ,1997,3,0.5515,-0.2622,federalism_guns,Supreme Court
20000,2000,US-1999-GLBA,1999,1,0.7047,-0.2496,finance_deregulation,Congress
20000,2000,US-2000-BUSH-GORE,2000,0,0.5911,-0.2906,democracy_elections,Supreme Court
20000,2000,US-2001-NCLB,2001,-1,0.7497,-0.2331,education_accountability,Congress
20000,2000,US-2001-PATRIOT,2001,-1,0.652,-0.2393,security_surveillance,Congress
20000,2000,US-2002-HAVA,2002,-2,0.6946,-0.2737,democracy,Congress
20000,2000,US-2002-HOMELAND-SECURITY,2002,-2,0.6203,-0.2346,security_state,Congress
20000,2000,US-2002-SOX,2002,-2,0.4298,-0.2247,finance_corporate_governance,Congress
20000,2000,US-2003-LAWRENCE,2003,-3,0.5939,-0.2738,privacy_lgbtq,Supreme Court
20000,2000,US-2003-MEDICARE-MMA,2003,-3,0.7604,-0.2195,health_social_insurance,Congress
20000,2000,US-2007-MASS-EPA,2007,-7,0.6999,-0.2757,climate_environment,Supreme Court
20000,2000,US-2008-HELLER,2008,-8,0.5423,-0.259,guns,Supreme Court
20000,2000,US-2009-ARRA,2009,-9,0.677,-0.2082,macroeconomic_governance,Congress
20000,2000,US-2010-ACA,2010,-10,0.6457,-0.2375,health_social_insurance,Congress
20000,2000,US-2010-CITIZENS-UNITED,2010,-10,0.625,-0.2817,campaign_finance,Supreme Court
20000,2000,US-2010-DODD-FRANK,2010,-10,0.6907,-0.2188,finance,Congress
20000,2000,US-2010-MCDONALD,2010,-10,0.7397,-0.2846,guns,Supreme Court
20000,2000,US-1997-RENO-ACLU,1997,3,0.6339,-0.2818,speech_internet,Supreme Court
20000,2000,US-2005-KELO,2005,-5,0.6895,-0.2584,property_development,Supreme Court
20000,2000,US-1990-IMMIGRATION-ACT,1990,10,0.6673,-0.2274,immigration,Congress
20000,2000,US-1993-RFRA,1993,7,0.5469,-0.2303,religion_civil_rights,Congress
20000,2000,US-1996-AEDPA,1996,4,0.6466,-0.2342,criminal_justice_security,Congress
20000,2000,US-1996-IIRIRA,1996,4,0.6249,-0.2201,immigration_enforcement,Congress
20000,2000,US-2001-AUMF,2001,-1,0.5368,-0.2263,war_powers_security,Congress
20000,2000,US-2002-IRAQ-AUMF,2002,-2,0.4342,-0.2477,war_powers_security,Congress
20000,2000,US-2009-LILLY-LEDBETTER,2009,-9,0.4523,-0.1746,gender_labor,Congress
20000,2000,US-2009-HATE-CRIMES,2009,-9,0.5955,-0.0759,civil_rights_criminal_justice,Congress
20000,2000,US-2010-DADT-REPEAL,2010,-10,0.5694,-0.2361,lgbtq_military,Congress/President
5000,2000,US-1990-ADA,1990,10,0.7123,-0.157,disability_rights,Congress
5000,2000,US-1990-CLEAN-AIR-AMEND,1990,10,0.6416,-0.3513,environment,Congress
5000,2000,US-1991-CIVIL-RIGHTS-ACT,1991,9,0.4971,-0.2961,civil_rights_labor,Congress
5000,2000,US-1992-CASEY,1992,8,0.5071,-0.3062,privacy_family,Supreme Court
5000,2000,US-1993-BRADY,1993,7,0.5356,-0.2753,guns_crime,Congress
5000,2000,US-1993-FMLA,1993,7,0.6777,-0.2885,labor_family,Congress
5000,2000,US-1993-NVRA,1993,7,0.577,-0.3156,democracy,Congress
5000,2000,US-1994-CRIME-BILL,1994,6,0.6298,-0.3263,criminal_justice,Congress
5000,2000,US-1994-NAFTA,1994,6,0.4828,-0.2861,trade,Congress/President
5000,2000,US-1994-VAWA,1994,6,0.5931,-0.3303,gender_crime,Congress
5000,2000,US-1995-LOPEZ,1995,5,0.3934,-0.334,federalism_state_capacity,Supreme Court
5000,2000,US-1996-DOMA,1996,4,0.6465,-0.2818,lgbtq_family,Congress
5000,2000,US-1996-PRWORA,1996,4,0.68,-0.2816,welfare,Congress
5000,2000,US-1996-TELECOM,1996,4,0.5779,-0.3495,communications,Congress
5000,2000,US-1997-PRINTZ,1997,3,0.4121,-0.3006,federalism_guns,Supreme Court
5000,2000,US-1999-GLBA,1999,1,0.6189,-0.3304,finance_deregulation,Congress
5000,2000,US-2000-BUSH-GORE,2000,0,0.4026,-0.33,democracy_elections,Supreme Court
5000,2000,US-2001-NCLB,2001,-1,0.6693,-0.2769,education_accountability,Congress
5000,2000,US-2001-PATRIOT,2001,-1,0.4855,-0.3147,security_surveillance,Congress
5000,2000,US-2002-HAVA,2002,-2,0.6485,-0.3091,democracy,Congress
5000,2000,US-2002-HOMELAND-SECURITY,2002,-2,0.4883,-0.2863,security_state,Congress
5000,2000,US-2002-SOX,2002,-2,0.2724,-0.2594,finance_corporate_governance,Congress
5000,2000,US-2003-LAWRENCE,2003,-3,0.4662,-0.3156,privacy_lgbtq,Supreme Court
5000,2000,US-2003-MEDICARE-MMA,2003,-3,0.6784,-0.2861,health_social_insurance,Congress
5000,2000,US-2007-MASS-EPA,2007,-7,0.5464,-0.3222,climate_environment,Supreme Court
5000,2000,US-2008-HELLER,2008,-8,0.4433,-0.3381,guns,Supreme Court
5000,2000,US-2009-ARRA,2009,-9,0.5228,-0.2776,macroeconomic_governance,Congress
5000,2000,US-2010-ACA,2010,-10,0.597,-0.3147,health_social_insurance,Congress
5000,2000,US-2010-CITIZENS-UNITED,2010,-10,0.5596,-0.3295,campaign_finance,Supreme Court
5000,2000,US-2010-DODD-FRANK,2010,-10,0.6467,-0.2866,finance,Congress
5000,2000,US-2010-MCDONALD,2010,-10,0.6291,-0.3435,guns,Supreme Court
5000,2000,US-1997-RENO-ACLU,1997,3,0.557,-0.3311,speech_internet,Supreme Court
5000,2000,US-2005-KELO,2005,-5,0.5714,-0.315,property_development,Supreme Court
5000,2000,US-1990-IMMIGRATION-ACT,1990,10,0.5607,-0.2849,immigration,Congress
5000,2000,US-1993-RFRA,1993,7,0.4361,-0.2902,religion_civil_rights,Congress
5000,2000,US-1996-AEDPA,1996,4,0.5724,-0.3048,criminal_justice_security,Congress
5000,2000,US-1996-IIRIRA,1996,4,0.6364,-0.2884,immigration_enforcement,Congress
5000,2000,US-2001-AUMF,2001,-1,0.423,-0.2748,war_powers_security,Congress
5000,2000,US-2002-IRAQ-AUMF,2002,-2,0.3877,-0.2842,war_powers_security,Congress
5000,2000,US-2009-LILLY-LEDBETTER,2009,-9,0.3354,-0.2683,gender_labor,Congress
5000,2000,US-2009-HATE-CRIMES,2009,-9,0.517,-0.2035,civil_rights_criminal_justice,Congress
5000,2000,US-2010-DADT-REPEAL,2010,-10,0.4657,-0.2805,lgbtq_military,Congress/President
10000,2001,US-1991-CIVIL-RIGHTS-ACT,1991,10,0.5627,-0.2167,civil_rights_labor,Congress
10000,2001,US-1992-CASEY,1992,9,0.5851,-0.2723,privacy_family,Supreme Court
10000,2001,US-1993-BRADY,1993,8,0.5717,-0.2553,guns_crime,Congress
10000,2001,US-1993-FMLA,1993,8,0.7067,-0.2511,labor_family,Congress
10000,2001,US-1993-NVRA,1993,8,0.6408,-0.3129,democracy,Congress
10000,2001,US-1994-CRIME-BILL,1994,7,0.6642,-0.2987,criminal_justice,Congress
10000,2001,US-1994-NAFTA,1994,7,0.514,-0.2527,trade,Congress/President
10000,2001,US-1994-VAWA,1994,7,0.6325,-0.3039,gender_crime,Congress
10000,2001,US-1995-LOPEZ,1995,6,0.4434,-0.2799,federalism_state_capacity,Supreme Court
10000,2001,US-1996-DOMA,1996,5,0.667,-0.2573,lgbtq_family,Congress
10000,2001,US-1996-PRWORA,1996,5,0.7193,-0.2584,welfare,Congress
10000,2001,US-1996-TELECOM,1996,5,0.6785,-0.3178,communications,Congress
10000,2001,US-1997-PRINTZ,1997,4,0.5104,-0.289,federalism_guns,Supreme Court
10000,2001,US-1999-GLBA,1999,2,0.6433,-0.2952,finance_deregulation,Congress
10000,2001,US-2000-BUSH-GORE,2000,1,0.4996,-0.3078,democracy_elections,Supreme Court
10000,2001,US-2001-NCLB,2001,0,0.7173,-0.2545,education_accountability,Congress
10000,2001,US-2001-PATRIOT,2001,0,0.548,-0.2673,security_surveillance,Congress
10000,2001,US-2002-HAVA,2002,-1,0.6795,-0.2965,democracy,Congress
10000,2001,US-2002-HOMELAND-SECURITY,2002,-1,0.5575,-0.2516,security_state,Congress
10000,2001,US-2002-SOX,2002,-1,0.3632,-0.2305,finance_corporate_governance,Congress
10000,2001,US-2003-LAWRENCE,2003,-2,0.5642,-0.3005,privacy_lgbtq,Supreme Court
10000,2001,US-2003-MEDICARE-MMA,2003,-2,0.6659,-0.2506,health_social_insurance,Congress
10000,2001,US-2007-MASS-EPA,2007,-6,0.5572,-0.2817,climate_environment,Supreme Court
10000,2001,US-2008-HELLER,2008,-7,0.4507,-0.2791,guns,Supreme Court
10000,2001,US-2009-ARRA,2009,-8,0.5876,-0.2387,macroeconomic_governance,Congress
10000,2001,US-2010-ACA,2010,-9,0.6493,-0.2736,health_social_insurance,Congress
10000,2001,US-2010-CITIZENS-UNITED,2010,-9,0.5994,-0.3112,campaign_finance,Supreme Court
10000,2001,US-2010-DODD-FRANK,2010,-9,0.6544,-0.2486,finance,Congress
10000,2001,US-2010-MCDONALD,2010,-9,0.6646,-0.3151,guns,Supreme Court
10000,2001,US-1997-RENO-ACLU,1997,4,0.6407,-0.3058,speech_internet,Supreme Court
10000,2001,US-2005-KELO,2005,-4,0.6107,-0.2852,property_development,Supreme Court
10000,2001,US-1993-RFRA,1993,8,0.5352,-0.2365,religion_civil_rights,Congress
10000,2001,US-1996-AEDPA,1996,5,0.6288,-0.2545,criminal_justice_security,Congress
10000,2001,US-1996-IIRIRA,1996,5,0.6513,-0.2323,immigration_enforcement,Congress
10000,2001,US-2001-AUMF,2001,0,0.4792,-0.2282,war_powers_security,Congress
10000,2001,US-2002-IRAQ-AUMF,2002,-1,0.4149,-0.2299,war_powers_security,Congress
10000,2001,US-2009-LILLY-LEDBETTER,2009,-8,0.4173,-0.203,gender_labor,Congress
10000,2001,US-2009-HATE-CRIMES,2009,-8,0.534,-0.1106,civil_rights_criminal_justice,Congress
10000,2001,US-2010-DADT-REPEAL,2010,-9,0.5111,-0.2319,lgbtq_military,Congress/President
20000,2001,US-1991-CIVIL-RIGHTS-ACT,1991,10,0.6471,-0.1816,civil_rights_labor,Congress
20000,2001,US-1992-CASEY,1992,9,0.6497,-0.2287,privacy_family,Supreme Court
20000,2001,US-1993-BRADY,1993,8,0.6174,-0.2155,guns_crime,Congress
20000,2001,US-1993-FMLA,1993,8,0.7861,-0.23,labor_family,Congress
20000,2001,US-1993-NVRA,1993,8,0.6559,-0.2891,democracy,Congress
20000,2001,US-1994-CRIME-BILL,1994,7,0.7418,-0.257,criminal_justice,Congress
20000,2001,US-1994-NAFTA,1994,7,0.5449,-0.2203,trade,Congress/President
20000,2001,US-1994-VAWA,1994,7,0.6638,-0.2619,gender_crime,Congress
20000,2001,US-1995-LOPEZ,1995,6,0.5189,-0.2283,federalism_state_capacity,Supreme Court
20000,2001,US-1996-DOMA,1996,5,0.6494,-0.2213,lgbtq_family,Congress
20000,2001,US-1996-PRWORA,1996,5,0.7708,-0.2228,welfare,Congress
20000,2001,US-1996-TELECOM,1996,5,0.7568,-0.278,communications,Congress
20000,2001,US-1997-PRINTZ,1997,4,0.5484,-0.2564,federalism_guns,Supreme Court
20000,2001,US-1999-GLBA,1999,2,0.6487,-0.2437,finance_deregulation,Congress
20000,2001,US-2000-BUSH-GORE,2000,1,0.522,-0.259,democracy_elections,Supreme Court
20000,2001,US-2001-NCLB,2001,0,0.7778,-0.2143,education_accountability,Congress
20000,2001,US-2001-PATRIOT,2001,0,0.6693,-0.2278,security_surveillance,Congress
20000,2001,US-2002-HAVA,2002,-1,0.7369,-0.2713,democracy,Congress
20000,2001,US-2002-HOMELAND-SECURITY,2002,-1,0.6334,-0.2299,security_state,Congress
20000,2001,US-2002-SOX,2002,-1,0.5593,-0.2228,finance_corporate_governance,Congress
20000,2001,US-2003-LAWRENCE,2003,-2,0.5712,-0.2514,privacy_lgbtq,Supreme Court
20000,2001,US-2003-MEDICARE-MMA,2003,-2,0.7324,-0.2028,health_social_insurance,Congress
20000,2001,US-2007-MASS-EPA,2007,-6,0.609,-0.261,climate_environment,Supreme Court
20000,2001,US-2008-HELLER,2008,-7,0.4946,-0.228,guns,Supreme Court
20000,2001,US-2009-ARRA,2009,-8,0.653,-0.2228,macroeconomic_governance,Congress
20000,2001,US-2010-ACA,2010,-9,0.7,-0.2227,health_social_insurance,Congress
20000,2001,US-2010-CITIZENS-UNITED,2010,-9,0.5676,-0.276,campaign_finance,Supreme Court
20000,2001,US-2010-DODD-FRANK,2010,-9,0.7217,-0.2109,finance,Congress
20000,2001,US-2010-MCDONALD,2010,-9,0.6929,-0.2753,guns,Supreme Court
20000,2001,US-1997-RENO-ACLU,1997,4,0.6375,-0.2834,speech_internet,Supreme Court
20000,2001,US-2005-KELO,2005,-4,0.6395,-0.259,property_development,Supreme Court
20000,2001,US-1993-RFRA,1993,8,0.5987,-0.2083,religion_civil_rights,Congress
20000,2001,US-1996-AEDPA,1996,5,0.6773,-0.2222,criminal_justice_security,Congress
20000,2001,US-1996-IIRIRA,1996,5,0.6659,-0.215,immigration_enforcement,Congress
20000,2001,US-2001-AUMF,2001,0,0.5193,-0.2248,war_powers_security,Congress
20000,2001,US-2002-IRAQ-AUMF,2002,-1,0.4243,-0.2256,war_powers_security,Congress
20000,2001,US-2009-LILLY-LEDBETTER,2009,-8,0.4596,-0.1618,gender_labor,Congress
20000,2001,US-2009-HATE-CRIMES,2009,-8,0.6345,-0.0873,civil_rights_criminal_justice,Congress
20000,2001,US-2010-DADT-REPEAL,2010,-9,0.5691,-0.2079,lgbtq_military,Congress/President
5000,2001,US-1991-CIVIL-RIGHTS-ACT,1991,10,0.4785,-0.191,civil_rights_labor,Congress
5000,2001,US-1992-CASEY,1992,9,0.5593,-0.2307,privacy_family,Supreme Court
5000,2001,US-1993-BRADY,1993,8,0.4819,-0.2007,guns_crime,Congress
5000,2001,US-1993-FMLA,1993,8,0.6733,-0.1983,labor_family,Congress
5000,2001,US-1993-NVRA,1993,8,0.5488,-0.2436,democracy,Congress
5000,2001,US-1994-CRIME-BILL,1994,7,0.6224,-0.2418,criminal_justice,Congress
5000,2001,US-1994-NAFTA,1994,7,0.4969,-0.1997,trade,Congress/President
5000,2001,US-1994-VAWA,1994,7,0.6289,-0.2402,gender_crime,Congress
5000,2001,US-1995-LOPEZ,1995,6,0.3428,-0.2182,federalism_state_capacity,Supreme Court
5000,2001,US-1996-DOMA,1996,5,0.62,-0.2084,lgbtq_family,Congress
5000,2001,US-1996-PRWORA,1996,5,0.619,-0.1948,welfare,Congress
5000,2001,US-1996-TELECOM,1996,5,0.5485,-0.2689,communications,Congress
5000,2001,US-1997-PRINTZ,1997,4,0.369,-0.2092,federalism_guns,Supreme Court
5000,2001,US-1999-GLBA,1999,2,0.6158,-0.2512,finance_deregulation,Congress
5000,2001,US-2000-BUSH-GORE,2000,1,0.41,-0.2334,democracy_elections,Supreme Court
5000,2001,US-2001-NCLB,2001,0,0.6345,-0.2,education_accountability,Congress
5000,2001,US-2001-PATRIOT,2001,0,0.4612,-0.2107,security_surveillance,Congress
5000,2001,US-2002-HAVA,2002,-1,0.6559,-0.2306,democracy,Congress
5000,2001,US-2002-HOMELAND-SECURITY,2002,-1,0.4385,-0.1832,security_state,Congress
5000,2001,US-2002-SOX,2002,-1,0.2288,-0.165,finance_corporate_governance,Congress
5000,2001,US-2003-LAWRENCE,2003,-2,0.472,-0.2309,privacy_lgbtq,Supreme Court
5000,2001,US-2003-MEDICARE-MMA,2003,-2,0.5932,-0.2175,health_social_insurance,Congress
5000,2001,US-2007-MASS-EPA,2007,-6,0.514,-0.2362,climate_environment,Supreme Court
5000,2001,US-2008-HELLER,2008,-7,0.422,-0.2383,guns,Supreme Court
5000,2001,US-2009-ARRA,2009,-8,0.5345,-0.1876,macroeconomic_governance,Congress
5000,2001,US-2010-ACA,2010,-9,0.5962,-0.2124,health_social_insurance,Congress
5000,2001,US-2010-CITIZENS-UNITED,2010,-9,0.5318,-0.2477,campaign_finance,Supreme Court
5000,2001,US-2010-DODD-FRANK,2010,-9,0.6089,-0.194,finance,Congress
5000,2001,US-2010-MCDONALD,2010,-9,0.6525,-0.2359,guns,Supreme Court
5000,2001,US-1997-RENO-ACLU,1997,4,0.5495,-0.2447,speech_internet,Supreme Court
5000,2001,US-2005-KELO,2005,-4,0.5234,-0.2213,property_development,Supreme Court
5000,2001,US-1993-RFRA,1993,8,0.3954,-0.1845,religion_civil_rights,Congress
5000,2001,US-1996-AEDPA,1996,5,0.5699,-0.2007,criminal_justice_security,Congress
5000,2001,US-1996-IIRIRA,1996,5,0.5974,-0.1922,immigration_enforcement,Congress
5000,2001,US-2001-AUMF,2001,0,0.3818,-0.1646,war_powers_security,Congress
5000,2001,US-2002-IRAQ-AUMF,2002,-1,0.3966,-0.1743,war_powers_security,Congress
5000,2001,US-2009-LILLY-LEDBETTER,2009,-8,0.3018,-0.1757,gender_labor,Congress
5000,2001,US-2009-HATE-CRIMES,2009,-8,0.5081,-0.086,civil_rights_criminal_justice,Congress
5000,2001,US-2010-DADT-REPEAL,2010,-9,0.4854,-0.1949,lgbtq_military,Congress/President
10000,2002,US-1992-CASEY,1992,10,0.4234,-0.2779,privacy_family,Supreme Court
10000,2002,US-1993-BRADY,1993,9,0.3979,-0.2534,guns_crime,Congress
10000,2002,US-1993-FMLA,1993,9,0.6739,-0.2438,labor_family,Congress
10000,2002,US-1993-NVRA,1993,9,0.5127,-0.3034,democracy,Congress
10000,2002,US-1994-CRIME-BILL,1994,8,0.5695,-0.2855,criminal_justice,Congress
10000,2002,US-1994-NAFTA,1994,8,0.4506,-0.247,trade,Congress/President
10000,2002,US-1994-VAWA,1994,8,0.5952,-0.2988,gender_crime,Congress
10000,2002,US-1995-LOPEZ,1995,7,0.3797,-0.2744,federalism_state_capacity,Supreme Court
10000,2002,US-1996-DOMA,1996,6,0.5731,-0.2443,lgbtq_family,Congress
10000,2002,US-1996-PRWORA,1996,6,0.6238,-0.2469,welfare,Congress
10000,2002,US-1996-TELECOM,1996,6,0.5058,-0.3041,communications,Congress
10000,2002,US-1997-PRINTZ,1997,5,0.3822,-0.2835,federalism_guns,Supreme Court
10000,2002,US-1999-GLBA,1999,3,0.5456,-0.2924,finance_deregulation,Congress
10000,2002,US-2000-BUSH-GORE,2000,2,0.4596,-0.2974,democracy_elections,Supreme Court
10000,2002,US-2001-NCLB,2001,1,0.5875,-0.2492,education_accountability,Congress
10000,2002,US-2001-PATRIOT,2001,1,0.4276,-0.269,security_surveillance,Congress
10000,2002,US-2002-HAVA,2002,0,0.5753,-0.2862,democracy,Congress
10000,2002,US-2002-HOMELAND-SECURITY,2002,0,0.4675,-0.2431,security_state,Congress
10000,2002,US-2002-SOX,2002,0,0.2089,-0.2234,finance_corporate_governance,Congress
10000,2002,US-2003-LAWRENCE,2003,-1,0.4613,-0.2878,privacy_lgbtq,Supreme Court
10000,2002,US-2003-MEDICARE-MMA,2003,-1,0.5955,-0.2432,health_social_insurance,Congress
10000,2002,US-2007-MASS-EPA,2007,-5,0.528,-0.2904,climate_environment,Supreme Court
10000,2002,US-2008-HELLER,2008,-6,0.3545,-0.2772,guns,Supreme Court
10000,2002,US-2009-ARRA,2009,-7,0.5302,-0.2344,macroeconomic_governance,Congress
10000,2002,US-2010-ACA,2010,-8,0.495,-0.2647,health_social_insurance,Congress
10000,2002,US-2010-CITIZENS-UNITED,2010,-8,0.5531,-0.3028,campaign_finance,Supreme Court
10000,2002,US-2010-DODD-FRANK,2010,-8,0.5423,-0.2373,finance,Congress
10000,2002,US-2010-MCDONALD,2010,-8,0.5836,-0.3066,guns,Supreme Court
10000,2002,US-2012-NFIB,2012,-10,0.578,-0.2596,health_federalism,Supreme Court
10000,2002,US-1997-RENO-ACLU,1997,5,0.5151,-0.3104,speech_internet,Supreme Court
10000,2002,US-2005-KELO,2005,-3,0.5011,-0.2813,property_development,Supreme Court
10000,2002,US-1993-RFRA,1993,9,0.3891,-0.2278,religion_civil_rights,Congress
10000,2002,US-1996-AEDPA,1996,6,0.5479,-0.2604,criminal_justice_security,Congress
10000,2002,US-1996-IIRIRA,1996,6,0.5251,-0.2365,immigration_enforcement,Congress
10000,2002,US-2001-AUMF,2001,1,0.4027,-0.2268,war_powers_security,Congress
10000,2002,US-2002-IRAQ-AUMF,2002,0,0.32,-0.2433,war_powers_security,Congress
10000,2002,US-2009-LILLY-LEDBETTER,2009,-7,0.3072,-0.2188,gender_labor,Congress
10000,2002,US-2009-HATE-CRIMES,2009,-7,0.429,-0.1129,civil_rights_criminal_justice,Congress
10000,2002,US-2010-DADT-REPEAL,2010,-8,0.4352,-0.2454,lgbtq_military,Congress/President
20000,2002,US-1992-CASEY,1992,10,0.4805,-0.2823,privacy_family,Supreme Court
20000,2002,US-1993-BRADY,1993,9,0.5042,-0.2753,guns_crime,Congress
20000,2002,US-1993-FMLA,1993,9,0.7298,-0.2854,labor_family,Congress
20000,2002,US-1993-NVRA,1993,9,0.5545,-0.3321,democracy,Congress
20000,2002,US-1994-CRIME-BILL,1994,8,0.6349,-0.301,criminal_justice,Congress
20000,2002,US-1994-NAFTA,1994,8,0.5403,-0.265,trade,Congress/President
20000,2002,US-1994-VAWA,1994,8,0.6148,-0.3266,gender_crime,Congress
20000,2002,US-1995-LOPEZ,1995,7,0.4504,-0.3117,federalism_state_capacity,Supreme Court
20000,2002,US-1996-DOMA,1996,6,0.5881,-0.2766,lgbtq_family,Congress
20000,2002,US-1996-PRWORA,1996,6,0.7183,-0.2571,welfare,Congress
20000,2002,US-1996-TELECOM,1996,6,0.6724,-0.3323,communications,Congress
20000,2002,US-1997-PRINTZ,1997,5,0.4527,-0.3165,federalism_guns,Supreme Court
20000,2002,US-1999-GLBA,1999,3,0.6108,-0.3005,finance_deregulation,Congress
20000,2002,US-2000-BUSH-GORE,2000,2,0.4442,-0.3204,democracy_elections,Supreme Court
20000,2002,US-2001-NCLB,2001,1,0.7072,-0.2558,education_accountability,Congress
20000,2002,US-2001-PATRIOT,2001,1,0.6113,-0.2757,security_surveillance,Congress
20000,2002,US-2002-HAVA,2002,0,0.6302,-0.3172,democracy,Congress
20000,2002,US-2002-HOMELAND-SECURITY,2002,0,0.583,-0.2697,security_state,Congress
20000,2002,US-2002-SOX,2002,0,0.4229,-0.2839,finance_corporate_governance,Congress
20000,2002,US-2003-LAWRENCE,2003,-1,0.4975,-0.3152,privacy_lgbtq,Supreme Court
20000,2002,US-2003-MEDICARE-MMA,2003,-1,0.6562,-0.2675,health_social_insurance,Congress
20000,2002,US-2007-MASS-EPA,2007,-5,0.5486,-0.327,climate_environment,Supreme Court
20000,2002,US-2008-HELLER,2008,-6,0.4379,-0.2927,guns,Supreme Court
20000,2002,US-2009-ARRA,2009,-7,0.6235,-0.2529,macroeconomic_governance,Congress
20000,2002,US-2010-ACA,2010,-8,0.5696,-0.2764,health_social_insurance,Congress
20000,2002,US-2010-CITIZENS-UNITED,2010,-8,0.555,-0.3219,campaign_finance,Supreme Court
20000,2002,US-2010-DODD-FRANK,2010,-8,0.604,-0.271,finance,Congress
20000,2002,US-2010-MCDONALD,2010,-8,0.6578,-0.3269,guns,Supreme Court
20000,2002,US-2012-NFIB,2012,-10,0.6364,-0.2869,health_federalism,Supreme Court
20000,2002,US-1997-RENO-ACLU,1997,5,0.5808,-0.3349,speech_internet,Supreme Court
20000,2002,US-2005-KELO,2005,-3,0.5417,-0.3139,property_development,Supreme Court
20000,2002,US-1993-RFRA,1993,9,0.4527,-0.2769,religion_civil_rights,Congress
20000,2002,US-1996-AEDPA,1996,6,0.5878,-0.2769,criminal_justice_security,Congress
20000,2002,US-1996-IIRIRA,1996,6,0.5784,-0.2766,immigration_enforcement,Congress
20000,2002,US-2001-AUMF,2001,1,0.4865,-0.27,war_powers_security,Congress
20000,2002,US-2002-IRAQ-AUMF,2002,0,0.3602,-0.2991,war_powers_security,Congress
20000,2002,US-2009-LILLY-LEDBETTER,2009,-7,0.3527,-0.2272,gender_labor,Congress
20000,2002,US-2009-HATE-CRIMES,2009,-7,0.51,-0.1054,civil_rights_criminal_justice,Congress
20000,2002,US-2010-DADT-REPEAL,2010,-8,0.4401,-0.2662,lgbtq_military,Congress/President
5000,2002,US-1992-CASEY,1992,10,0.439,-0.2544,privacy_family,Supreme Court
5000,2002,US-1993-BRADY,1993,9,0.4793,-0.2216,guns_crime,Congress
5000,2002,US-1993-FMLA,1993,9,0.6932,-0.2132,labor_family,Congress
5000,2002,US-1993-NVRA,1993,9,0.5146,-0.2717,democracy,Congress
5000,2002,US-1994-CRIME-BILL,1994,8,0.6178,-0.2711,criminal_justice,Congress
5000,2002,US-1994-NAFTA,1994,8,0.4775,-0.2233,trade,Congress/President
5000,2002,US-1994-VAWA,1994,8,0.5688,-0.2716,gender_crime,Congress
5000,2002,US-1995-LOPEZ,1995,7,0.406,-0.2423,federalism_state_capacity,Supreme Court
5000,2002,US-1996-DOMA,1996,6,0.6473,-0.2412,lgbtq_family,Congress
5000,2002,US-1996-PRWORA,1996,6,0.6617,-0.2073,welfare,Congress
5000,2002,US-1996-TELECOM,1996,6,0.5067,-0.2788,communications,Congress
5000,2002,US-1997-PRINTZ,1997,5,0.4251,-0.2389,federalism_guns,Supreme Court
5000,2002,US-1999-GLBA,1999,3,0.6482,-0.254,finance_deregulation,Congress
5000,2002,US-2000-BUSH-GORE,2000,2,0.3701,-0.2666,democracy_elections,Supreme Court
5000,2002,US-2001-NCLB,2001,1,0.6274,-0.2248,education_accountability,Congress
5000,2002,US-2001-PATRIOT,2001,1,0.4455,-0.242,security_surveillance,Congress
5000,2002,US-2002-HAVA,2002,0,0.6006,-0.2514,democracy,Congress
5000,2002,US-2002-HOMELAND-SECURITY,2002,0,0.4627,-0.2149,security_state,Congress
5000,2002,US-2002-SOX,2002,0,0.2218,-0.2022,finance_corporate_governance,Congress
5000,2002,US-2003-LAWRENCE,2003,-1,0.4703,-0.255,privacy_lgbtq,Supreme Court
5000,2002,US-2003-MEDICARE-MMA,2003,-1,0.6601,-0.2264,health_social_insurance,Congress
5000,2002,US-2007-MASS-EPA,2007,-5,0.5696,-0.2714,climate_environment,Supreme Court
5000,2002,US-2008-HELLER,2008,-6,0.3854,-0.2554,guns,Supreme Court
5000,2002,US-2009-ARRA,2009,-7,0.5222,-0.2131,macroeconomic_governance,Congress
5000,2002,US-2010-ACA,2010,-8,0.559,-0.2406,health_social_insurance,Congress
5000,2002,US-2010-CITIZENS-UNITED,2010,-8,0.5391,-0.267,campaign_finance,Supreme Court
5000,2002,US-2010-DODD-FRANK,2010,-8,0.5888,-0.2273,finance,Congress
5000,2002,US-2010-MCDONALD,2010,-8,0.5762,-0.2706,guns,Supreme Court
5000,2002,US-2012-NFIB,2012,-10,0.5795,-0.2253,health_federalism,Supreme Court
5000,2002,US-1997-RENO-ACLU,1997,5,0.5283,-0.2638,speech_internet,Supreme Court
5000,2002,US-2005-KELO,2005,-3,0.5448,-0.2423,property_development,Supreme Court
5000,2002,US-1993-RFRA,1993,9,0.3584,-0.2315,religion_civil_rights,Congress
5000,2002,US-1996-AEDPA,1996,6,0.514,-0.2344,criminal_justice_security,Congress
5000,2002,US-1996-IIRIRA,1996,6,0.5772,-0.2307,immigration_enforcement,Congress
5000,2002,US-2001-AUMF,2001,1,0.3734,-0.1948,war_powers_security,Congress
5000,2002,US-2002-IRAQ-AUMF,2002,0,0.3407,-0.2082,war_powers_security,Congress
5000,2002,US-2009-LILLY-LEDBETTER,2009,-7,0.2767,-0.2089,gender_labor,Congress
5000,2002,US-2009-HATE-CRIMES,2009,-7,0.4708,-0.1101,civil_rights_criminal_justice,Congress
5000,2002,US-2010-DADT-REPEAL,2010,-8,0.4355,-0.2253,lgbtq_military,Congress/President
10000,2003,US-1993-BRADY,1993,10,0.4944,-0.28,guns_crime,Congress
10000,2003,US-1993-FMLA,1993,10,0.7072,-0.2851,labor_family,Congress
10000,2003,US-1993-NVRA,1993,10,0.5787,-0.3202,democracy,Congress
10000,2003,US-1994-CRIME-BILL,1994,9,0.5943,-0.3249,criminal_justice,Congress
10000,2003,US-1994-NAFTA,1994,9,0.5306,-0.2765,trade,Congress/President
10000,2003,US-1994-VAWA,1994,9,0.6417,-0.3103,gender_crime,Congress
10000,2003,US-1995-LOPEZ,1995,8,0.4238,-0.2976,federalism_state_capacity,Supreme Court
10000,2003,US-1996-DOMA,1996,7,0.63,-0.2684,lgbtq_family,Congress
10000,2003,US-1996-PRWORA,1996,7,0.6904,-0.2885,welfare,Congress
10000,2003,US-1996-TELECOM,1996,7,0.6299,-0.3306,communications,Congress
10000,2003,US-1997-PRINTZ,1997,6,0.4689,-0.2884,federalism_guns,Supreme Court
10000,2003,US-1999-GLBA,1999,4,0.5936,-0.3221,finance_deregulation,Congress
10000,2003,US-2000-BUSH-GORE,2000,3,0.4692,-0.3339,democracy_elections,Supreme Court
10000,2003,US-2001-NCLB,2001,2,0.6857,-0.2899,education_accountability,Congress
10000,2003,US-2001-PATRIOT,2001,2,0.5581,-0.2927,security_surveillance,Congress
10000,2003,US-2002-HAVA,2002,1,0.6407,-0.3169,democracy,Congress
10000,2003,US-2002-HOMELAND-SECURITY,2002,1,0.5363,-0.2733,security_state,Congress
10000,2003,US-2002-SOX,2002,1,0.3176,-0.2771,finance_corporate_governance,Congress
10000,2003,US-2003-LAWRENCE,2003,0,0.5239,-0.2999,privacy_lgbtq,Supreme Court
10000,2003,US-2003-MEDICARE-MMA,2003,0,0.6469,-0.2762,health_social_insurance,Congress
10000,2003,US-2007-MASS-EPA,2007,-4,0.5765,-0.3076,climate_environment,Supreme Court
10000,2003,US-2008-HELLER,2008,-5,0.4813,-0.3094,guns,Supreme Court
10000,2003,US-2009-ARRA,2009,-6,0.5561,-0.2713,macroeconomic_governance,Congress
10000,2003,US-2010-ACA,2010,-7,0.6121,-0.3011,health_social_insurance,Congress
10000,2003,US-2010-CITIZENS-UNITED,2010,-7,0.5586,-0.3158,campaign_finance,Supreme Court
10000,2003,US-2010-DODD-FRANK,2010,-7,0.5781,-0.2798,finance,Congress
10000,2003,US-2010-MCDONALD,2010,-7,0.6542,-0.3175,guns,Supreme Court
10000,2003,US-2012-NFIB,2012,-9,0.6493,-0.2657,health_federalism,Supreme Court
10000,2003,US-2013-SHELBY,2013,-10,0.5026,-0.2797,democracy_civil_rights,Supreme Court
10000,2003,US-2013-WINDSOR,2013,-10,0.4583,-0.2768,lgbtq_family,Supreme Court
10000,2003,US-1997-RENO-ACLU,1997,6,0.6266,-0.3265,speech_internet,Supreme Court
10000,2003,US-2005-KELO,2005,-2,0.5796,-0.3018,property_development,Supreme Court
10000,2003,US-1993-RFRA,1993,10,0.4837,-0.2615,religion_civil_rights,Congress
10000,2003,US-1996-AEDPA,1996,7,0.6052,-0.2797,criminal_justice_security,Congress
10000,2003,US-1996-IIRIRA,1996,7,0.6065,-0.2619,immigration_enforcement,Congress
10000,2003,US-2001-AUMF,2001,2,0.4743,-0.2656,war_powers_security,Congress
10000,2003,US-2002-IRAQ-AUMF,2002,1,0.3184,-0.2815,war_powers_security,Congress
10000,2003,US-2009-LILLY-LEDBETTER,2009,-6,0.3711,-0.2227,gender_labor,Congress
10000,2003,US-2009-HATE-CRIMES,2009,-6,0.5016,-0.1454,civil_rights_criminal_justice,Congress
10000,2003,US-2010-DADT-REPEAL,2010,-7,0.4557,-0.2561,lgbtq_military,Congress/President
20000,2003,US-1993-BRADY,1993,10,0.5068,-0.3153,guns_crime,Congress
20000,2003,US-1993-FMLA,1993,10,0.7242,-0.329,labor_family,Congress
20000,2003,US-1993-NVRA,1993,10,0.5818,-0.363,democracy,Congress
20000,2003,US-1994-CRIME-BILL,1994,9,0.5747,-0.3408,criminal_justice,Congress
20000,2003,US-1994-NAFTA,1994,9,0.4943,-0.2896,trade,Congress/President
20000,2003,US-1994-VAWA,1994,9,0.5947,-0.3622,gender_crime,Congress
20000,2003,US-1995-LOPEZ,1995,8,0.4128,-0.3292,federalism_state_capacity,Supreme Court
20000,2003,US-1996-DOMA,1996,7,0.5972,-0.3004,lgbtq_family,Congress
20000,2003,US-1996-PRWORA,1996,7,0.6948,-0.2949,welfare,Congress
20000,2003,US-1996-TELECOM,1996,7,0.6282,-0.3391,communications,Congress
20000,2003,US-1997-PRINTZ,1997,6,0.4445,-0.343,federalism_guns,Supreme Court
20000,2003,US-1999-GLBA,1999,4,0.5498,-0.3303,finance_deregulation,Congress
20000,2003,US-2000-BUSH-GORE,2000,3,0.4743,-0.3573,democracy_elections,Supreme Court
20000,2003,US-2001-NCLB,2001,2,0.6668,-0.3233,education_accountability,Congress
20000,2003,US-2001-PATRIOT,2001,2,0.5555,-0.3244,security_surveillance,Congress
20000,2003,US-2002-HAVA,2002,1,0.6211,-0.357,democracy,Congress
20000,2003,US-2002-HOMELAND-SECURITY,2002,1,0.5079,-0.3217,security_state,Congress
20000,2003,US-2002-SOX,2002,1,0.3412,-0.3434,finance_corporate_governance,Congress
20000,2003,US-2003-LAWRENCE,2003,0,0.4577,-0.3408,privacy_lgbtq,Supreme Court
20000,2003,US-2003-MEDICARE-MMA,2003,0,0.6456,-0.2965,health_social_insurance,Congress
20000,2003,US-2007-MASS-EPA,2007,-4,0.5717,-0.349,climate_environment,Supreme Court
20000,2003,US-2008-HELLER,2008,-5,0.4548,-0.3355,guns,Supreme Court
20000,2003,US-2009-ARRA,2009,-6,0.5825,-0.3028,macroeconomic_governance,Congress
20000,2003,US-2010-ACA,2010,-7,0.6124,-0.3177,health_social_insurance,Congress
20000,2003,US-2010-CITIZENS-UNITED,2010,-7,0.4807,-0.3401,campaign_finance,Supreme Court
20000,2003,US-2010-DODD-FRANK,2010,-7,0.5715,-0.3133,finance,Congress
20000,2003,US-2010-MCDONALD,2010,-7,0.634,-0.355,guns,Supreme Court
20000,2003,US-2012-NFIB,2012,-9,0.6521,-0.3018,health_federalism,Supreme Court
20000,2003,US-2013-SHELBY,2013,-10,0.5036,-0.3075,democracy_civil_rights,Supreme Court
20000,2003,US-2013-WINDSOR,2013,-10,0.4399,-0.3341,lgbtq_family,Supreme Court
20000,2003,US-1997-RENO-ACLU,1997,6,0.5572,-0.347,speech_internet,Supreme Court
20000,2003,US-2005-KELO,2005,-2,0.5437,-0.3407,property_development,Supreme Court
20000,2003,US-1993-RFRA,1993,10,0.4584,-0.3156,religion_civil_rights,Congress
20000,2003,US-1996-AEDPA,1996,7,0.5492,-0.3151,criminal_justice_security,Congress
20000,2003,US-1996-IIRIRA,1996,7,0.5453,-0.2979,immigration_enforcement,Congress
20000,2003,US-2001-AUMF,2001,2,0.4682,-0.3002,war_powers_security,Congress
20000,2003,US-2002-IRAQ-AUMF,2002,1,0.318,-0.3297,war_powers_security,Congress
20000,2003,US-2009-LILLY-LEDBETTER,2009,-6,0.3678,-0.2538,gender_labor,Congress
20000,2003,US-2009-HATE-CRIMES,2009,-6,0.4901,-0.1947,civil_rights_criminal_justice,Congress
20000,2003,US-2010-DADT-REPEAL,2010,-7,0.4593,-0.3015,lgbtq_military,Congress/President
5000,2003,US-1993-BRADY,1993,10,0.5385,-0.2798,guns_crime,Congress
5000,2003,US-1993-FMLA,1993,10,0.7231,-0.2799,labor_family,Congress
5000,2003,US-1993-NVRA,1993,10,0.5771,-0.3201,democracy,Congress
5000,2003,US-1994-CRIME-BILL,1994,9,0.5701,-0.3151,criminal_justice,Congress
5000,2003,US-1994-NAFTA,1994,9,0.5118,-0.2612,trade,Congress/President
5000,2003,US-1994-VAWA,1994,9,0.6327,-0.3275,gender_crime,Congress
5000,2003,US-1995-LOPEZ,1995,8,0.3973,-0.3194,federalism_state_capacity,Supreme Court
5000,2003,US-1996-DOMA,1996,7,0.642,-0.2772,lgbtq_family,Congress
5000,2003,US-1996-PRWORA,1996,7,0.6854,-0.2684,welfare,Congress
5000,2003,US-1996-TELECOM,1996,7,0.575,-0.3264,communications,Congress
5000,2003,US-1997-PRINTZ,1997,6,0.414,-0.286,federalism_guns,Supreme Court
5000,2003,US-1999-GLBA,1999,4,0.6263,-0.314,finance_deregulation,Congress
5000,2003,US-2000-BUSH-GORE,2000,3,0.4033,-0.3233,democracy_elections,Supreme Court
5000,2003,US-2001-NCLB,2001,2,0.6719,-0.2789,education_accountability,Congress
5000,2003,US-2001-PATRIOT,2001,2,0.4688,-0.2872,security_surveillance,Congress
5000,2003,US-2002-HAVA,2002,1,0.6558,-0.3074,democracy,Congress
5000,2003,US-2002-HOMELAND-SECURITY,2002,1,0.4655,-0.2515,security_state,Congress
5000,2003,US-2002-SOX,2002,1,0.2233,-0.2395,finance_corporate_governance,Congress
5000,2003,US-2003-LAWRENCE,2003,0,0.524,-0.3128,privacy_lgbtq,Supreme Court
5000,2003,US-2003-MEDICARE-MMA,2003,0,0.6599,-0.2724,health_social_insurance,Congress
5000,2003,US-2007-MASS-EPA,2007,-4,0.5347,-0.3174,climate_environment,Supreme Court
5000,2003,US-2008-HELLER,2008,-5,0.4526,-0.3168,guns,Supreme Court
5000,2003,US-2009-ARRA,2009,-6,0.5175,-0.2576,macroeconomic_governance,Congress
5000,2003,US-2010-ACA,2010,-7,0.612,-0.2902,health_social_insurance,Congress
5000,2003,US-2010-CITIZENS-UNITED,2010,-7,0.5739,-0.324,campaign_finance,Supreme Court
5000,2003,US-2010-DODD-FRANK,2010,-7,0.6075,-0.2666,finance,Congress
5000,2003,US-2010-MCDONALD,2010,-7,0.6792,-0.3344,guns,Supreme Court
5000,2003,US-2012-NFIB,2012,-9,0.6254,-0.2551,health_federalism,Supreme Court
5000,2003,US-2013-SHELBY,2013,-10,0.4552,-0.2646,democracy_civil_rights,Supreme Court
5000,2003,US-2013-WINDSOR,2013,-10,0.4643,-0.2638,lgbtq_family,Supreme Court
5000,2003,US-1997-RENO-ACLU,1997,6,0.5977,-0.3247,speech_internet,Supreme Court
5000,2003,US-2005-KELO,2005,-2,0.5762,-0.3078,property_development,Supreme Court
5000,2003,US-1993-RFRA,1993,10,0.4049,-0.2514,religion_civil_rights,Congress
5000,2003,US-1996-AEDPA,1996,7,0.5195,-0.2731,criminal_justice_security,Congress
5000,2003,US-1996-IIRIRA,1996,7,0.6184,-0.2634,immigration_enforcement,Congress
5000,2003,US-2001-AUMF,2001,2,0.4157,-0.2388,war_powers_security,Congress
5000,2003,US-2002-IRAQ-AUMF,2002,1,0.3281,-0.2476,war_powers_security,Congress
5000,2003,US-2009-LILLY-LEDBETTER,2009,-6,0.3278,-0.2451,gender_labor,Congress
5000,2003,US-2009-HATE-CRIMES,2009,-6,0.4801,-0.1784,civil_rights_criminal_justice,Congress
5000,2003,US-2010-DADT-REPEAL,2010,-7,0.4487,-0.2574,lgbtq_military,Congress/President
10000,2004,US-1994-CRIME-BILL,1994,10,0.5465,-0.298,criminal_justice,Congress
10000,2004,US-1994-NAFTA,1994,10,0.4491,-0.2611,trade,Congress/President
10000,2004,US-1994-VAWA,1994,10,0.5464,-0.2919,gender_crime,Congress
10000,2004,US-1995-LOPEZ,1995,9,0.3535,-0.2934,federalism_state_capacity,Supreme Court
10000,2004,US-1996-DOMA,1996,8,0.5396,-0.2624,lgbtq_family,Congress
10000,2004,US-1996-PRWORA,1996,8,0.6691,-0.2508,welfare,Congress
10000,2004,US-1996-TELECOM,1996,8,0.5252,-0.3328,communications,Congress
10000,2004,US-1997-PRINTZ,1997,7,0.351,-0.2802,federalism_guns,Supreme Court
10000,2004,US-1999-GLBA,1999,5,0.549,-0.2948,finance_deregulation,Congress
10000,2004,US-2000-BUSH-GORE,2000,4,0.4152,-0.313,democracy_elections,Supreme Court
10000,2004,US-2001-NCLB,2001,3,0.6221,-0.2355,education_accountability,Congress
10000,2004,US-2001-PATRIOT,2001,3,0.4478,-0.271,security_surveillance,Congress
10000,2004,US-2002-HAVA,2002,2,0.5527,-0.2862,democracy,Congress
10000,2004,US-2002-HOMELAND-SECURITY,2002,2,0.4551,-0.23,security_state,Congress
10000,2004,US-2002-SOX,2002,2,0.2257,-0.2262,finance_corporate_governance,Congress
10000,2004,US-2003-LAWRENCE,2003,1,0.4357,-0.2951,privacy_lgbtq,Supreme Court
10000,2004,US-2003-MEDICARE-MMA,2003,1,0.6156,-0.2511,health_social_insurance,Congress
10000,2004,US-2007-MASS-EPA,2007,-3,0.5214,-0.2992,climate_environment,Supreme Court
10000,2004,US-2008-HELLER,2008,-4,0.3871,-0.3016,guns,Supreme Court
10000,2004,US-2009-ARRA,2009,-5,0.4847,-0.2196,macroeconomic_governance,Congress
10000,2004,US-2010-ACA,2010,-6,0.4927,-0.2612,health_social_insurance,Congress
10000,2004,US-2010-CITIZENS-UNITED,2010,-6,0.5097,-0.3181,campaign_finance,Supreme Court
10000,2004,US-2010-DODD-FRANK,2010,-6,0.5196,-0.2452,finance,Congress
10000,2004,US-2010-MCDONALD,2010,-6,0.5986,-0.3249,guns,Supreme Court
10000,2004,US-2012-NFIB,2012,-8,0.6408,-0.2606,health_federalism,Supreme Court
10000,2004,US-2013-SHELBY,2013,-9,0.4473,-0.2497,democracy_civil_rights,Supreme Court
10000,2004,US-2013-WINDSOR,2013,-9,0.3704,-0.2607,lgbtq_family,Supreme Court
10000,2004,US-2014-HOBBY-LOBBY,2014,-10,0.4386,-0.2916,religion_health,Supreme Court
10000,2004,US-1997-RENO-ACLU,1997,7,0.5309,-0.3287,speech_internet,Supreme Court
10000,2004,US-2005-KELO,2005,-1,0.524,-0.2992,property_development,Supreme Court
10000,2004,US-1996-AEDPA,1996,8,0.4565,-0.2339,criminal_justice_security,Congress
10000,2004,US-1996-IIRIRA,1996,8,0.5044,-0.2226,immigration_enforcement,Congress
10000,2004,US-2001-AUMF,2001,3,0.3442,-0.2308,war_powers_security,Congress
10000,2004,US-2002-IRAQ-AUMF,2002,2,0.3407,-0.2481,war_powers_security,Congress
10000,2004,US-2009-LILLY-LEDBETTER,2009,-5,0.2453,-0.1886,gender_labor,Congress
10000,2004,US-2009-HATE-CRIMES,2009,-5,0.3899,-0.1006,civil_rights_criminal_justice,Congress
10000,2004,US-2010-DADT-REPEAL,2010,-6,0.3853,-0.2442,lgbtq_military,Congress/President
20000,2004,US-1994-CRIME-BILL,1994,10,0.68,-0.318,criminal_justice,Congress
20000,2004,US-1994-NAFTA,1994,10,0.5439,-0.2791,trade,Congress/President
20000,2004,US-1994-VAWA,1994,10,0.638,-0.3186,gender_crime,Congress
20000,2004,US-1995-LOPEZ,1995,9,0.452,-0.2967,federalism_state_capacity,Supreme Court
20000,2004,US-1996-DOMA,1996,8,0.5959,-0.2844,lgbtq_family,Congress
20000,2004,US-1996-PRWORA,1996,8,0.761,-0.2913,welfare,Congress
20000,2004,US-1996-TELECOM,1996,8,0.7148,-0.3434,communications,Congress
20000,2004,US-1997-PRINTZ,1997,7,0.4828,-0.2944,federalism_guns,Supreme Court
20000,2004,US-1999-GLBA,1999,5,0.5973,-0.3059,finance_deregulation,Congress
20000,2004,US-2000-BUSH-GORE,2000,4,0.4837,-0.3187,democracy_elections,Supreme Court
20000,2004,US-2001-NCLB,2001,3,0.7474,-0.2845,education_accountability,Congress
20000,2004,US-2001-PATRIOT,2001,3,0.6508,-0.2821,security_surveillance,Congress
20000,2004,US-2002-HAVA,2002,2,0.6393,-0.3267,democracy,Congress
20000,2004,US-2002-HOMELAND-SECURITY,2002,2,0.5775,-0.2677,security_state,Congress
20000,2004,US-2002-SOX,2002,2,0.4165,-0.2435,finance_corporate_governance,Congress
20000,2004,US-2003-LAWRENCE,2003,1,0.5112,-0.315,privacy_lgbtq,Supreme Court
20000,2004,US-2003-MEDICARE-MMA,2003,1,0.6459,-0.2738,health_social_insurance,Congress
20000,2004,US-2007-MASS-EPA,2007,-3,0.5831,-0.3169,climate_environment,Supreme Court
20000,2004,US-2008-HELLER,2008,-4,0.4431,-0.2957,guns,Supreme Court
20000,2004,US-2009-ARRA,2009,-5,0.6215,-0.2576,macroeconomic_governance,Congress
20000,2004,US-2010-ACA,2010,-6,0.6515,-0.2915,health_social_insurance,Congress
20000,2004,US-2010-CITIZENS-UNITED,2010,-6,0.5228,-0.3288,campaign_finance,Supreme Court
20000,2004,US-2010-DODD-FRANK,2010,-6,0.664,-0.2741,finance,Congress
20000,2004,US-2010-MCDONALD,2010,-6,0.6757,-0.3319,guns,Supreme Court
20000,2004,US-2012-NFIB,2012,-8,0.6898,-0.2729,health_federalism,Supreme Court
20000,2004,US-2013-SHELBY,2013,-9,0.5142,-0.274,democracy_civil_rights,Supreme Court
20000,2004,US-2013-WINDSOR,2013,-9,0.4713,-0.2924,lgbtq_family,Supreme Court
20000,2004,US-2014-HOBBY-LOBBY,2014,-10,0.5094,-0.3331,religion_health,Supreme Court
20000,2004,US-1997-RENO-ACLU,1997,7,0.5691,-0.3406,speech_internet,Supreme Court
20000,2004,US-2005-KELO,2005,-1,0.5626,-0.3223,property_development,Supreme Court
20000,2004,US-1996-AEDPA,1996,8,0.5938,-0.2885,criminal_justice_security,Congress
20000,2004,US-1996-IIRIRA,1996,8,0.6089,-0.2501,immigration_enforcement,Congress
20000,2004,US-2001-AUMF,2001,3,0.4617,-0.2645,war_powers_security,Congress
20000,2004,US-2002-IRAQ-AUMF,2002,2,0.3326,-0.2923,war_powers_security,Congress
20000,2004,US-2009-LILLY-LEDBETTER,2009,-5,0.3719,-0.2076,gender_labor,Congress
20000,2004,US-2009-HATE-CRIMES,2009,-5,0.5619,-0.1412,civil_rights_criminal_justice,Congress
20000,2004,US-2010-DADT-REPEAL,2010,-6,0.4482,-0.2606,lgbtq_military,Congress/President
5000,2004,US-1994-CRIME-BILL,1994,10,0.7062,-0.2999,criminal_justice,Congress
5000,2004,US-1994-NAFTA,1994,10,0.5942,-0.2555,trade,Congress/President
5000,2004,US-1994-VAWA,1994,10,0.6755,-0.3095,gender_crime,Congress
5000,2004,US-1995-LOPEZ,1995,9,0.4999,-0.2954,federalism_state_capacity,Supreme Court
5000,2004,US-1996-DOMA,1996,8,0.7054,-0.2745,lgbtq_family,Congress
5000,2004,US-1996-PRWORA,1996,8,0.7721,-0.252,welfare,Congress
5000,2004,US-1996-TELECOM,1996,8,0.6864,-0.3349,communications,Congress
5000,2004,US-1997-PRINTZ,1997,7,0.4963,-0.2822,federalism_guns,Supreme Court
5000,2004,US-1999-GLBA,1999,5,0.6841,-0.3098,finance_deregulation,Congress
5000,2004,US-2000-BUSH-GORE,2000,4,0.5058,-0.3211,democracy_elections,Supreme Court
5000,2004,US-2001-NCLB,2001,3,0.7241,-0.2611,education_accountability,Congress
5000,2004,US-2001-PATRIOT,2001,3,0.5994,-0.2851,security_surveillance,Congress
5000,2004,US-2002-HAVA,2002,2,0.7389,-0.2994,democracy,Congress
5000,2004,US-2002-HOMELAND-SECURITY,2002,2,0.6011,-0.2509,security_state,Congress
5000,2004,US-2002-SOX,2002,2,0.4422,-0.2386,finance_corporate_governance,Congress
5000,2004,US-2003-LAWRENCE,2003,1,0.5918,-0.2908,privacy_lgbtq,Supreme Court
5000,2004,US-2003-MEDICARE-MMA,2003,1,0.7264,-0.2691,health_social_insurance,Congress
5000,2004,US-2007-MASS-EPA,2007,-3,0.6375,-0.3093,climate_environment,Supreme Court
5000,2004,US-2008-HELLER,2008,-4,0.5046,-0.2978,guns,Supreme Court
5000,2004,US-2009-ARRA,2009,-5,0.6358,-0.2503,macroeconomic_governance,Congress
5000,2004,US-2010-ACA,2010,-6,0.6701,-0.279,health_social_insurance,Congress
5000,2004,US-2010-CITIZENS-UNITED,2010,-6,0.6457,-0.3123,campaign_finance,Supreme Court
5000,2004,US-2010-DODD-FRANK,2010,-6,0.719,-0.2685,finance,Congress
5000,2004,US-2010-MCDONALD,2010,-6,0.7488,-0.3119,guns,Supreme Court
5000,2004,US-2012-NFIB,2012,-8,0.7229,-0.2544,health_federalism,Supreme Court
5000,2004,US-2013-SHELBY,2013,-9,0.6149,-0.2554,democracy_civil_rights,Supreme Court
5000,2004,US-2013-WINDSOR,2013,-9,0.5579,-0.2567,lgbtq_family,Supreme Court
5000,2004,US-2014-HOBBY-LOBBY,2014,-10,0.6584,-0.2804,religion_health,Supreme Court
5000,2004,US-1997-RENO-ACLU,1997,7,0.647,-0.3064,speech_internet,Supreme Court
5000,2004,US-2005-KELO,2005,-1,0.6758,-0.2966,property_development,Supreme Court
5000,2004,US-1996-AEDPA,1996,8,0.6345,-0.2699,criminal_justice_security,Congress
5000,2004,US-1996-IIRIRA,1996,8,0.707,-0.2632,immigration_enforcement,Congress
5000,2004,US-2001-AUMF,2001,3,0.4983,-0.229,war_powers_security,Congress
5000,2004,US-2002-IRAQ-AUMF,2002,2,0.5363,-0.2428,war_powers_security,Congress
5000,2004,US-2009-LILLY-LEDBETTER,2009,-5,0.4416,-0.227,gender_labor,Congress
5000,2004,US-2009-HATE-CRIMES,2009,-5,0.6248,-0.1342,civil_rights_criminal_justice,Congress
5000,2004,US-2010-DADT-REPEAL,2010,-6,0.5827,-0.2439,lgbtq_military,Congress/President
10000,2005,US-1995-LOPEZ,1995,10,0.3516,-0.2994,federalism_state_capacity,Supreme Court
10000,2005,US-1996-DOMA,1996,9,0.4917,-0.2709,lgbtq_family,Congress
10000,2005,US-1996-PRWORA,1996,9,0.6101,-0.2726,welfare,Congress
10000,2005,US-1996-TELECOM,1996,9,0.5171,-0.3221,communications,Congress
10000,2005,US-1997-PRINTZ,1997,8,0.3456,-0.2817,federalism_guns,Supreme Court
10000,2005,US-1999-GLBA,1999,6,0.4956,-0.3107,finance_deregulation,Congress
10000,2005,US-2000-BUSH-GORE,2000,5,0.38,-0.3146,democracy_elections,Supreme Court
10000,2005,US-2001-NCLB,2001,4,0.5324,-0.263,education_accountability,Congress
10000,2005,US-2001-PATRIOT,2001,4,0.4009,-0.2723,security_surveillance,Congress
10000,2005,US-2002-HAVA,2002,3,0.5095,-0.3117,democracy,Congress
10000,2005,US-2002-HOMELAND-SECURITY,2002,3,0.426,-0.2499,security_state,Congress
10000,2005,US-2002-SOX,2002,3,0.216,-0.2457,finance_corporate_governance,Congress
10000,2005,US-2003-LAWRENCE,2003,2,0.3995,-0.2962,privacy_lgbtq,Supreme Court
10000,2005,US-2003-MEDICARE-MMA,2003,2,0.5717,-0.2738,health_social_insurance,Congress
10000,2005,US-2007-MASS-EPA,2007,-2,0.4567,-0.2989,climate_environment,Supreme Court
10000,2005,US-2008-HELLER,2008,-3,0.3179,-0.2911,guns,Supreme Court
10000,2005,US-2009-ARRA,2009,-4,0.4665,-0.2467,macroeconomic_governance,Congress
10000,2005,US-2010-ACA,2010,-5,0.4463,-0.2877,health_social_insurance,Congress
10000,2005,US-2010-CITIZENS-UNITED,2010,-5,0.4523,-0.319,campaign_finance,Supreme Court
10000,2005,US-2010-DODD-FRANK,2010,-5,0.4729,-0.26,finance,Congress
10000,2005,US-2010-MCDONALD,2010,-5,0.5036,-0.3073,guns,Supreme Court
10000,2005,US-2012-NFIB,2012,-7,0.5431,-0.2703,health_federalism,Supreme Court
10000,2005,US-2013-SHELBY,2013,-8,0.4244,-0.2679,democracy_civil_rights,Supreme Court
10000,2005,US-2013-WINDSOR,2013,-8,0.3382,-0.2748,lgbtq_family,Supreme Court
10000,2005,US-2014-HOBBY-LOBBY,2014,-9,0.4479,-0.3115,religion_health,Supreme Court
10000,2005,US-2015-OBERGEFELL,2015,-10,0.5878,-0.281,lgbtq_family,Supreme Court
10000,2005,US-1997-RENO-ACLU,1997,8,0.4726,-0.3117,speech_internet,Supreme Court
10000,2005,US-2005-KELO,2005,0,0.4777,-0.2968,property_development,Supreme Court
10000,2005,US-1996-AEDPA,1996,9,0.4099,-0.2707,criminal_justice_security,Congress
10000,2005,US-1996-IIRIRA,1996,9,0.4713,-0.2369,immigration_enforcement,Congress
10000,2005,US-2001-AUMF,2001,4,0.3092,-0.2428,war_powers_security,Congress
10000,2005,US-2002-IRAQ-AUMF,2002,3,0.2636,-0.2637,war_powers_security,Congress
10000,2005,US-2009-LILLY-LEDBETTER,2009,-4,0.2657,-0.202,gender_labor,Congress
10000,2005,US-2009-HATE-CRIMES,2009,-4,0.3572,-0.1236,civil_rights_criminal_justice,Congress
10000,2005,US-2010-DADT-REPEAL,2010,-5,0.3664,-0.2498,lgbtq_military,Congress/President
20000,2005,US-1995-LOPEZ,1995,10,0.4234,-0.2807,federalism_state_capacity,Supreme Court
20000,2005,US-1996-DOMA,1996,9,0.5498,-0.2517,lgbtq_family,Congress
20000,2005,US-1996-PRWORA,1996,9,0.7327,-0.262,welfare,Congress
20000,2005,US-1996-TELECOM,1996,9,0.636,-0.2959,communications,Congress
20000,2005,US-1997-PRINTZ,1997,8,0.4364,-0.2824,federalism_guns,Supreme Court
20000,2005,US-1999-GLBA,1999,6,0.5555,-0.2801,finance_deregulation,Congress
20000,2005,US-2000-BUSH-GORE,2000,5,0.4257,-0.3306,democracy_elections,Supreme Court
20000,2005,US-2001-NCLB,2001,4,0.6682,-0.2668,education_accountability,Congress
20000,2005,US-2001-PATRIOT,2001,4,0.5556,-0.2598,security_surveillance,Congress
20000,2005,US-2002-HAVA,2002,3,0.6107,-0.3199,democracy,Congress
20000,2005,US-2002-HOMELAND-SECURITY,2002,3,0.5348,-0.2644,security_state,Congress
20000,2005,US-2002-SOX,2002,3,0.3506,-0.2536,finance_corporate_governance,Congress
20000,2005,US-2003-LAWRENCE,2003,2,0.4428,-0.2875,privacy_lgbtq,Supreme Court
20000,2005,US-2003-MEDICARE-MMA,2003,2,0.6502,-0.2528,health_social_insurance,Congress
20000,2005,US-2007-MASS-EPA,2007,-2,0.5581,-0.2889,climate_environment,Supreme Court
20000,2005,US-2008-HELLER,2008,-3,0.4045,-0.2718,guns,Supreme Court
20000,2005,US-2009-ARRA,2009,-4,0.5757,-0.2552,macroeconomic_governance,Congress
20000,2005,US-2010-ACA,2010,-5,0.5793,-0.2726,health_social_insurance,Congress
20000,2005,US-2010-CITIZENS-UNITED,2010,-5,0.4754,-0.3006,campaign_finance,Supreme Court
20000,2005,US-2010-DODD-FRANK,2010,-5,0.5956,-0.2627,finance,Congress
20000,2005,US-2010-MCDONALD,2010,-5,0.5934,-0.2796,guns,Supreme Court
20000,2005,US-2012-NFIB,2012,-7,0.6462,-0.268,health_federalism,Supreme Court
20000,2005,US-2013-SHELBY,2013,-8,0.5164,-0.2595,democracy_civil_rights,Supreme Court
20000,2005,US-2013-WINDSOR,2013,-8,0.4009,-0.2811,lgbtq_family,Supreme Court
20000,2005,US-2014-HOBBY-LOBBY,2014,-9,0.467,-0.3257,religion_health,Supreme Court
20000,2005,US-2015-OBERGEFELL,2015,-10,0.6703,-0.266,lgbtq_family,Supreme Court
20000,2005,US-1997-RENO-ACLU,1997,8,0.5314,-0.3177,speech_internet,Supreme Court
20000,2005,US-2005-KELO,2005,0,0.5577,-0.2864,property_development,Supreme Court
20000,2005,US-1996-AEDPA,1996,9,0.5236,-0.2754,criminal_justice_security,Congress
20000,2005,US-1996-IIRIRA,1996,9,0.5714,-0.2617,immigration_enforcement,Congress
20000,2005,US-2001-AUMF,2001,4,0.4275,-0.2585,war_powers_security,Congress
20000,2005,US-2002-IRAQ-AUMF,2002,3,0.3413,-0.297,war_powers_security,Congress
20000,2005,US-2009-LILLY-LEDBETTER,2009,-4,0.3178,-0.2149,gender_labor,Congress
20000,2005,US-2009-HATE-CRIMES,2009,-4,0.5215,-0.125,civil_rights_criminal_justice,Congress
20000,2005,US-2010-DADT-REPEAL,2010,-5,0.4077,-0.2541,lgbtq_military,Congress/President
5000,2005,US-1995-LOPEZ,1995,10,0.5836,-0.297,federalism_state_capacity,Supreme Court
5000,2005,US-1996-DOMA,1996,9,0.763,-0.2692,lgbtq_family,Congress
5000,2005,US-1996-PRWORA,1996,9,0.8136,-0.2682,welfare,Congress
5000,2005,US-1996-TELECOM,1996,9,0.7708,-0.3235,communications,Congress
5000,2005,US-1997-PRINTZ,1997,8,0.6157,-0.2751,federalism_guns,Supreme Court
5000,2005,US-1999-GLBA,1999,6,0.7588,-0.3132,finance_deregulation,Congress
5000,2005,US-2000-BUSH-GORE,2000,5,0.5724,-0.313,democracy_elections,Supreme Court
5000,2005,US-2001-NCLB,2001,4,0.7906,-0.2763,education_accountability,Congress
5000,2005,US-2001-PATRIOT,2001,4,0.6927,-0.2882,security_surveillance,Congress
5000,2005,US-2002-HAVA,2002,3,0.7791,-0.3061,democracy,Congress
5000,2005,US-2002-HOMELAND-SECURITY,2002,3,0.6564,-0.255,security_state,Congress
5000,2005,US-2002-SOX,2002,3,0.4664,-0.2524,finance_corporate_governance,Congress
5000,2005,US-2003-LAWRENCE,2003,2,0.6752,-0.2953,privacy_lgbtq,Supreme Court
5000,2005,US-2003-MEDICARE-MMA,2003,2,0.7927,-0.2738,health_social_insurance,Congress
5000,2005,US-2007-MASS-EPA,2007,-2,0.645,-0.3107,climate_environment,Supreme Court
5000,2005,US-2008-HELLER,2008,-3,0.5679,-0.3059,guns,Supreme Court
5000,2005,US-2009-ARRA,2009,-4,0.6903,-0.2629,macroeconomic_governance,Congress
5000,2005,US-2010-ACA,2010,-5,0.7634,-0.2911,health_social_insurance,Congress
5000,2005,US-2010-CITIZENS-UNITED,2010,-5,0.7506,-0.31,campaign_finance,Supreme Court
5000,2005,US-2010-DODD-FRANK,2010,-5,0.7635,-0.2723,finance,Congress
5000,2005,US-2010-MCDONALD,2010,-5,0.7807,-0.3065,guns,Supreme Court
5000,2005,US-2012-NFIB,2012,-7,0.741,-0.2637,health_federalism,Supreme Court
5000,2005,US-2013-SHELBY,2013,-8,0.6551,-0.2673,democracy_civil_rights,Supreme Court
5000,2005,US-2013-WINDSOR,2013,-8,0.6391,-0.2633,lgbtq_family,Supreme Court
5000,2005,US-2014-HOBBY-LOBBY,2014,-9,0.7416,-0.2964,religion_health,Supreme Court
5000,2005,US-2015-OBERGEFELL,2015,-10,0.8361,-0.2837,lgbtq_family,Supreme Court
5000,2005,US-1997-RENO-ACLU,1997,8,0.7074,-0.3048,speech_internet,Supreme Court
5000,2005,US-2005-KELO,2005,0,0.7191,-0.2903,property_development,Supreme Court
5000,2005,US-1996-AEDPA,1996,9,0.6825,-0.285,criminal_justice_security,Congress
5000,2005,US-1996-IIRIRA,1996,9,0.746,-0.2627,immigration_enforcement,Congress
5000,2005,US-2001-AUMF,2001,4,0.5564,-0.2374,war_powers_security,Congress
5000,2005,US-2002-IRAQ-AUMF,2002,3,0.5587,-0.2499,war_powers_security,Congress
5000,2005,US-2009-LILLY-LEDBETTER,2009,-4,0.5207,-0.2296,gender_labor,Congress
5000,2005,US-2009-HATE-CRIMES,2009,-4,0.6701,-0.1368,civil_rights_criminal_justice,Congress
5000,2005,US-2010-DADT-REPEAL,2010,-5,0.6372,-0.2567,lgbtq_military,Congress/President
10000,2006,US-1996-DOMA,1996,10,0.4336,-0.2517,lgbtq_family,Congress
10000,2006,US-1996-PRWORA,1996,10,0.4955,-0.2377,welfare,Congress
10000,2006,US-1996-TELECOM,1996,10,0.3416,-0.2976,communications,Congress
10000,2006,US-1997-PRINTZ,1997,9,0.2506,-0.2649,federalism_guns,Supreme Court
10000,2006,US-1999-GLBA,1999,7,0.4167,-0.2744,finance_deregulation,Congress
10000,2006,US-2000-BUSH-GORE,2000,6,0.3119,-0.3025,democracy_elections,Supreme Court
10000,2006,US-2001-NCLB,2001,5,0.4307,-0.2415,education_accountability,Congress
10000,2006,US-2001-PATRIOT,2001,5,0.2617,-0.2465,security_surveillance,Congress
10000,2006,US-2002-HAVA,2002,4,0.3798,-0.2832,democracy,Congress
10000,2006,US-2002-HOMELAND-SECURITY,2002,4,0.3116,-0.2176,security_state,Congress
10000,2006,US-2002-SOX,2002,4,0.1016,-0.2224,finance_corporate_governance,Congress
10000,2006,US-2003-LAWRENCE,2003,3,0.2886,-0.28,privacy_lgbtq,Supreme Court
10000,2006,US-2003-MEDICARE-MMA,2003,3,0.458,-0.2443,health_social_insurance,Congress
10000,2006,US-2007-MASS-EPA,2007,-1,0.4153,-0.2903,climate_environment,Supreme Court
10000,2006,US-2008-HELLER,2008,-2,0.2622,-0.2725,guns,Supreme Court
10000,2006,US-2009-ARRA,2009,-3,0.3497,-0.2279,macroeconomic_governance,Congress
10000,2006,US-2010-ACA,2010,-4,0.358,-0.2517,health_social_insurance,Congress
10000,2006,US-2010-CITIZENS-UNITED,2010,-4,0.394,-0.2993,campaign_finance,Supreme Court
10000,2006,US-2010-DODD-FRANK,2010,-4,0.3788,-0.2336,finance,Congress
10000,2006,US-2010-MCDONALD,2010,-4,0.4308,-0.2778,guns,Supreme Court
10000,2006,US-2012-NFIB,2012,-6,0.4518,-0.2625,health_federalism,Supreme Court
10000,2006,US-2013-SHELBY,2013,-7,0.2993,-0.2549,democracy_civil_rights,Supreme Court
10000,2006,US-2013-WINDSOR,2013,-7,0.2596,-0.2711,lgbtq_family,Supreme Court
10000,2006,US-2014-HOBBY-LOBBY,2014,-8,0.3629,-0.2908,religion_health,Supreme Court
10000,2006,US-2015-OBERGEFELL,2015,-9,0.5612,-0.2691,lgbtq_family,Supreme Court
10000,2006,US-1997-RENO-ACLU,1997,9,0.372,-0.3056,speech_internet,Supreme Court
10000,2006,US-2005-KELO,2005,1,0.3658,-0.2679,property_development,Supreme Court
10000,2006,US-1996-AEDPA,1996,10,0.3489,-0.2282,criminal_justice_security,Congress
10000,2006,US-1996-IIRIRA,1996,10,0.3327,-0.2161,immigration_enforcement,Congress
10000,2006,US-2001-AUMF,2001,5,0.271,-0.2192,war_powers_security,Congress
10000,2006,US-2002-IRAQ-AUMF,2002,4,0.2242,-0.2393,war_powers_security,Congress
10000,2006,US-2009-LILLY-LEDBETTER,2009,-3,0.1858,-0.2059,gender_labor,Congress
10000,2006,US-2009-HATE-CRIMES,2009,-3,0.3022,-0.1033,civil_rights_criminal_justice,Congress
10000,2006,US-2010-DADT-REPEAL,2010,-4,0.291,-0.2328,lgbtq_military,Congress/President
20000,2006,US-1996-DOMA,1996,10,0.4206,-0.3138,lgbtq_family,Congress
20000,2006,US-1996-PRWORA,1996,10,0.5754,-0.3067,welfare,Congress
20000,2006,US-1996-TELECOM,1996,10,0.3979,-0.3684,communications,Congress
20000,2006,US-1997-PRINTZ,1997,9,0.2824,-0.3488,federalism_guns,Supreme Court
20000,2006,US-1999-GLBA,1999,7,0.4193,-0.3438,finance_deregulation,Congress
20000,2006,US-2000-BUSH-GORE,2000,6,0.2785,-0.3659,democracy_elections,Supreme Court
20000,2006,US-2001-NCLB,2001,5,0.4347,-0.3153,education_accountability,Congress
20000,2006,US-2001-PATRIOT,2001,5,0.3766,-0.329,security_surveillance,Congress
20000,2006,US-2002-HAVA,2002,4,0.3875,-0.3722,democracy,Congress
20000,2006,US-2002-HOMELAND-SECURITY,2002,4,0.3574,-0.3311,security_state,Congress
20000,2006,US-2002-SOX,2002,4,0.1631,-0.3426,finance_corporate_governance,Congress
20000,2006,US-2003-LAWRENCE,2003,3,0.2857,-0.3641,privacy_lgbtq,Supreme Court
20000,2006,US-2003-MEDICARE-MMA,2003,3,0.4844,-0.3043,health_social_insurance,Congress
20000,2006,US-2007-MASS-EPA,2007,-1,0.3989,-0.3584,climate_environment,Supreme Court
20000,2006,US-2008-HELLER,2008,-2,0.2595,-0.3301,guns,Supreme Court
20000,2006,US-2009-ARRA,2009,-3,0.4213,-0.3204,macroeconomic_governance,Congress
20000,2006,US-2010-ACA,2010,-4,0.3555,-0.3307,health_social_insurance,Congress
20000,2006,US-2010-CITIZENS-UNITED,2010,-4,0.3758,-0.3601,campaign_finance,Supreme Court
20000,2006,US-2010-DODD-FRANK,2010,-4,0.3886,-0.3137,finance,Congress
20000,2006,US-2010-MCDONALD,2010,-4,0.4265,-0.3533,guns,Supreme Court
20000,2006,US-2012-NFIB,2012,-6,0.4377,-0.3173,health_federalism,Supreme Court
20000,2006,US-2013-SHELBY,2013,-7,0.3408,-0.3213,democracy_civil_rights,Supreme Court
20000,2006,US-2013-WINDSOR,2013,-7,0.2318,-0.3427,lgbtq_family,Supreme Court
20000,2006,US-2014-HOBBY-LOBBY,2014,-8,0.3364,-0.3812,religion_health,Supreme Court
20000,2006,US-2015-OBERGEFELL,2015,-9,0.5458,-0.3337,lgbtq_family,Supreme Court
20000,2006,US-1997-RENO-ACLU,1997,9,0.3914,-0.3763,speech_internet,Supreme Court
20000,2006,US-2005-KELO,2005,1,0.3968,-0.3467,property_development,Supreme Court
20000,2006,US-1996-AEDPA,1996,10,0.3358,-0.3314,criminal_justice_security,Congress
20000,2006,US-1996-IIRIRA,1996,10,0.3799,-0.3187,immigration_enforcement,Congress
20000,2006,US-2001-AUMF,2001,5,0.2784,-0.3193,war_powers_security,Congress
20000,2006,US-2002-IRAQ-AUMF,2002,4,0.25,-0.3421,war_powers_security,Congress
20000,2006,US-2009-LILLY-LEDBETTER,2009,-3,0.2002,-0.2819,gender_labor,Congress
20000,2006,US-2009-HATE-CRIMES,2009,-3,0.374,-0.2118,civil_rights_criminal_justice,Congress
20000,2006,US-2010-DADT-REPEAL,2010,-4,0.3126,-0.3271,lgbtq_military,Congress/President
5000,2006,US-1996-DOMA,1996,10,0.5819,-0.2234,lgbtq_family,Congress
5000,2006,US-1996-PRWORA,1996,10,0.6578,-0.2109,welfare,Congress
5000,2006,US-1996-TELECOM,1996,10,0.5208,-0.2766,communications,Congress
5000,2006,US-1997-PRINTZ,1997,9,0.3031,-0.2136,federalism_guns,Supreme Court
5000,2006,US-1999-GLBA,1999,7,0.56,-0.245,finance_deregulation,Congress
5000,2006,US-2000-BUSH-GORE,2000,6,0.3276,-0.2703,democracy_elections,Supreme Court
5000,2006,US-2001-NCLB,2001,5,0.5966,-0.2132,education_accountability,Congress
5000,2006,US-2001-PATRIOT,2001,5,0.4059,-0.2283,security_surveillance,Congress
5000,2006,US-2002-HAVA,2002,4,0.5601,-0.2476,democracy,Congress
5000,2006,US-2002-HOMELAND-SECURITY,2002,4,0.4406,-0.2071,security_state,Congress
5000,2006,US-2002-SOX,2002,4,0.1959,-0.1933,finance_corporate_governance,Congress
5000,2006,US-2003-LAWRENCE,2003,3,0.3902,-0.2368,privacy_lgbtq,Supreme Court
5000,2006,US-2003-MEDICARE-MMA,2003,3,0.6142,-0.2297,health_social_insurance,Congress
5000,2006,US-2007-MASS-EPA,2007,-1,0.5161,-0.263,climate_environment,Supreme Court
5000,2006,US-2008-HELLER,2008,-2,0.3515,-0.2557,guns,Supreme Court
5000,2006,US-2009-ARRA,2009,-3,0.5009,-0.2046,macroeconomic_governance,Congress
5000,2006,US-2010-ACA,2010,-4,0.5593,-0.2346,health_social_insurance,Congress
5000,2006,US-2010-CITIZENS-UNITED,2010,-4,0.543,-0.2663,campaign_finance,Supreme Court
5000,2006,US-2010-DODD-FRANK,2010,-4,0.5628,-0.2119,finance,Congress
5000,2006,US-2010-MCDONALD,2010,-4,0.5656,-0.2468,guns,Supreme Court
5000,2006,US-2012-NFIB,2012,-6,0.5327,-0.2091,health_federalism,Supreme Court
5000,2006,US-2013-SHELBY,2013,-7,0.4011,-0.2116,democracy_civil_rights,Supreme Court
5000,2006,US-2013-WINDSOR,2013,-7,0.3756,-0.2226,lgbtq_family,Supreme Court
5000,2006,US-2014-HOBBY-LOBBY,2014,-8,0.4975,-0.2315,religion_health,Supreme Court
5000,2006,US-2015-OBERGEFELL,2015,-9,0.6814,-0.2206,lgbtq_family,Supreme Court
5000,2006,US-1997-RENO-ACLU,1997,9,0.5256,-0.2634,speech_internet,Supreme Court
5000,2006,US-2005-KELO,2005,1,0.5145,-0.2359,property_development,Supreme Court
5000,2006,US-1996-AEDPA,1996,10,0.4884,-0.2236,criminal_justice_security,Congress
5000,2006,US-1996-IIRIRA,1996,10,0.536,-0.2049,immigration_enforcement,Congress
5000,2006,US-2001-AUMF,2001,5,0.3119,-0.1774,war_powers_security,Congress
5000,2006,US-2002-IRAQ-AUMF,2002,4,0.3668,-0.1823,war_powers_security,Congress
5000,2006,US-2009-LILLY-LEDBETTER,2009,-3,0.2459,-0.193,gender_labor,Congress
5000,2006,US-2009-HATE-CRIMES,2009,-3,0.469,-0.1337,civil_rights_criminal_justice,Congress
5000,2006,US-2010-DADT-REPEAL,2010,-4,0.4461,-0.1936,lgbtq_military,Congress/President
10000,2007,US-1997-PRINTZ,1997,10,0.183,-0.2035,federalism_guns,Supreme Court
10000,2007,US-1999-GLBA,1999,8,0.4137,-0.2335,finance_deregulation,Congress
10000,2007,US-2000-BUSH-GORE,2000,7,0.245,-0.2552,democracy_elections,Supreme Court
10000,2007,US-2001-NCLB,2001,6,0.3951,-0.1887,education_accountability,Congress
10000,2007,US-2001-PATRIOT,2001,6,0.2438,-0.1896,security_surveillance,Congress
10000,2007,US-2002-HAVA,2002,5,0.3523,-0.2337,democracy,Congress
10000,2007,US-2002-HOMELAND-SECURITY,2002,5,0.2585,-0.1737,security_state,Congress
10000,2007,US-2002-SOX,2002,5,0.1435,-0.1742,finance_corporate_governance,Congress
10000,2007,US-2003-LAWRENCE,2003,4,0.2135,-0.2115,privacy_lgbtq,Supreme Court
10000,2007,US-2003-MEDICARE-MMA,2003,4,0.5122,-0.2097,health_social_insurance,Congress
10000,2007,US-2007-MASS-EPA,2007,0,0.3949,-0.2594,climate_environment,Supreme Court
10000,2007,US-2008-HELLER,2008,-1,0.1688,-0.2383,guns,Supreme Court
10000,2007,US-2009-ARRA,2009,-2,0.3639,-0.1909,macroeconomic_governance,Congress
10000,2007,US-2010-ACA,2010,-3,0.2664,-0.2101,health_social_insurance,Congress
10000,2007,US-2010-CITIZENS-UNITED,2010,-3,0.2856,-0.2386,campaign_finance,Supreme Court
10000,2007,US-2010-DODD-FRANK,2010,-3,0.3302,-0.1908,finance,Congress
10000,2007,US-2010-MCDONALD,2010,-3,0.3495,-0.2377,guns,Supreme Court
10000,2007,US-2012-NFIB,2012,-5,0.4383,-0.2132,health_federalism,Supreme Court
10000,2007,US-2013-SHELBY,2013,-6,0.3391,-0.1942,democracy_civil_rights,Supreme Court
10000,2007,US-2013-WINDSOR,2013,-6,0.1864,-0.2088,lgbtq_family,Supreme Court
10000,2007,US-2014-HOBBY-LOBBY,2014,-7,0.2624,-0.2307,religion_health,Supreme Court
10000,2007,US-2015-OBERGEFELL,2015,-8,0.4313,-0.2175,lgbtq_family,Supreme Court
10000,2007,US-2017-TCJA,2017,-10,0.2523,-0.1909,tax,Congress
10000,2007,US-1997-RENO-ACLU,1997,10,0.2584,-0.2431,speech_internet,Supreme Court
10000,2007,US-2005-KELO,2005,2,0.3137,-0.2157,property_development,Supreme Court
10000,2007,US-2001-AUMF,2001,6,0.186,-0.1682,war_powers_security,Congress
10000,2007,US-2002-IRAQ-AUMF,2002,5,0.1631,-0.1969,war_powers_security,Congress
10000,2007,US-2009-LILLY-LEDBETTER,2009,-2,0.1576,-0.1679,gender_labor,Congress
10000,2007,US-2009-HATE-CRIMES,2009,-2,0.3545,-0.0787,civil_rights_criminal_justice,Congress
10000,2007,US-2010-DADT-REPEAL,2010,-3,0.3351,-0.2074,lgbtq_military,Congress/President
20000,2007,US-1997-PRINTZ,1997,10,0.4423,-0.2695,federalism_guns,Supreme Court
20000,2007,US-1999-GLBA,1999,8,0.5116,-0.2752,finance_deregulation,Congress
20000,2007,US-2000-BUSH-GORE,2000,7,0.3839,-0.2784,democracy_elections,Supreme Court
20000,2007,US-2001-NCLB,2001,6,0.6346,-0.2208,education_accountability,Congress
20000,2007,US-2001-PATRIOT,2001,6,0.5626,-0.2585,security_surveillance,Congress
20000,2007,US-2002-HAVA,2002,5,0.5792,-0.2883,democracy,Congress
20000,2007,US-2002-HOMELAND-SECURITY,2002,5,0.5398,-0.2377,security_state,Congress
20000,2007,US-2002-SOX,2002,5,0.3377,-0.246,finance_corporate_governance,Congress
20000,2007,US-2003-LAWRENCE,2003,4,0.439,-0.284,privacy_lgbtq,Supreme Court
20000,2007,US-2003-MEDICARE-MMA,2003,4,0.6467,-0.2552,health_social_insurance,Congress
20000,2007,US-2007-MASS-EPA,2007,0,0.5117,-0.2974,climate_environment,Supreme Court
20000,2007,US-2008-HELLER,2008,-1,0.3052,-0.2786,guns,Supreme Court
20000,2007,US-2009-ARRA,2009,-2,0.5985,-0.2419,macroeconomic_governance,Congress
20000,2007,US-2010-ACA,2010,-3,0.5302,-0.2395,health_social_insurance,Congress
20000,2007,US-2010-CITIZENS-UNITED,2010,-3,0.4496,-0.3155,campaign_finance,Supreme Court
20000,2007,US-2010-DODD-FRANK,2010,-3,0.5313,-0.2442,finance,Congress
20000,2007,US-2010-MCDONALD,2010,-3,0.5345,-0.2886,guns,Supreme Court
20000,2007,US-2012-NFIB,2012,-5,0.6167,-0.2594,health_federalism,Supreme Court
20000,2007,US-2013-SHELBY,2013,-6,0.5214,-0.2561,democracy_civil_rights,Supreme Court
20000,2007,US-2013-WINDSOR,2013,-6,0.3434,-0.2688,lgbtq_family,Supreme Court
20000,2007,US-2014-HOBBY-LOBBY,2014,-7,0.4677,-0.3003,religion_health,Supreme Court
20000,2007,US-2015-OBERGEFELL,2015,-8,0.6343,-0.2588,lgbtq_family,Supreme Court
20000,2007,US-2017-TCJA,2017,-10,0.4642,-0.227,tax,Congress
20000,2007,US-1997-RENO-ACLU,1997,10,0.5082,-0.3243,speech_internet,Supreme Court
20000,2007,US-2005-KELO,2005,2,0.4725,-0.2852,property_development,Supreme Court
20000,2007,US-2001-AUMF,2001,6,0.394,-0.2322,war_powers_security,Congress
20000,2007,US-2002-IRAQ-AUMF,2002,5,0.3645,-0.2786,war_powers_security,Congress
20000,2007,US-2009-LILLY-LEDBETTER,2009,-2,0.3567,-0.188,gender_labor,Congress
20000,2007,US-2009-HATE-CRIMES,2009,-2,0.5482,-0.0896,civil_rights_criminal_justice,Congress
20000,2007,US-2010-DADT-REPEAL,2010,-3,0.4837,-0.2701,lgbtq_military,Congress/President
5000,2007,US-1997-PRINTZ,1997,10,0.4164,-0.1819,federalism_guns,Supreme Court
5000,2007,US-1999-GLBA,1999,8,0.6506,-0.2376,finance_deregulation,Congress
5000,2007,US-2000-BUSH-GORE,2000,7,0.4202,-0.2427,democracy_elections,Supreme Court
5000,2007,US-2001-NCLB,2001,6,0.62,-0.1871,education_accountability,Congress
5000,2007,US-2001-PATRIOT,2001,6,0.4685,-0.2045,security_surveillance,Congress
5000,2007,US-2002-HAVA,2002,5,0.6582,-0.2191,democracy,Congress
5000,2007,US-2002-HOMELAND-SECURITY,2002,5,0.4631,-0.1792,security_state,Congress
5000,2007,US-2002-SOX,2002,5,0.229,-0.1671,finance_corporate_governance,Congress
5000,2007,US-2003-LAWRENCE,2003,4,0.4273,-0.2089,privacy_lgbtq,Supreme Court
5000,2007,US-2003-MEDICARE-MMA,2003,4,0.6084,-0.1971,health_social_insurance,Congress
5000,2007,US-2007-MASS-EPA,2007,0,0.5512,-0.2364,climate_environment,Supreme Court
5000,2007,US-2008-HELLER,2008,-1,0.4284,-0.2266,guns,Supreme Court
5000,2007,US-2009-ARRA,2009,-2,0.5259,-0.1835,macroeconomic_governance,Congress
5000,2007,US-2010-ACA,2010,-3,0.5706,-0.2095,health_social_insurance,Congress
5000,2007,US-2010-CITIZENS-UNITED,2010,-3,0.5232,-0.2366,campaign_finance,Supreme Court
5000,2007,US-2010-DODD-FRANK,2010,-3,0.5983,-0.1892,finance,Congress
5000,2007,US-2010-MCDONALD,2010,-3,0.6697,-0.2313,guns,Supreme Court
5000,2007,US-2012-NFIB,2012,-5,0.6823,-0.1835,health_federalism,Supreme Court
5000,2007,US-2013-SHELBY,2013,-6,0.5159,-0.1856,democracy_civil_rights,Supreme Court
5000,2007,US-2013-WINDSOR,2013,-6,0.4168,-0.1758,lgbtq_family,Supreme Court
5000,2007,US-2014-HOBBY-LOBBY,2014,-7,0.5103,-0.211,religion_health,Supreme Court
5000,2007,US-2015-OBERGEFELL,2015,-8,0.71,-0.2002,lgbtq_family,Supreme Court
5000,2007,US-2017-TCJA,2017,-10,0.4097,-0.1956,tax,Congress
5000,2007,US-1997-RENO-ACLU,1997,10,0.5398,-0.2183,speech_internet,Supreme Court
5000,2007,US-2005-KELO,2005,2,0.5638,-0.209,property_development,Supreme Court
5000,2007,US-2001-AUMF,2001,6,0.4083,-0.1486,war_powers_security,Congress
5000,2007,US-2002-IRAQ-AUMF,2002,5,0.4485,-0.1592,war_powers_security,Congress
5000,2007,US-2009-LILLY-LEDBETTER,2009,-2,0.3232,-0.1586,gender_labor,Congress
5000,2007,US-2009-HATE-CRIMES,2009,-2,0.5744,-0.1103,civil_rights_criminal_justice,Congress
5000,2007,US-2010-DADT-REPEAL,2010,-3,0.538,-0.1746,lgbtq_military,Congress/President
10000,2008,US-1999-GLBA,1999,9,0.5858,-0.3059,finance_deregulation,Congress
10000,2008,US-2000-BUSH-GORE,2000,8,0.4389,-0.3367,democracy_elections,Supreme Court
10000,2008,US-2001-NCLB,2001,7,0.655,-0.2689,education_accountability,Congress
10000,2008,US-2001-PATRIOT,2001,7,0.4611,-0.2887,security_surveillance,Congress
10000,2008,US-2002-HAVA,2002,6,0.6252,-0.3146,democracy,Congress
10000,2008,US-2002-HOMELAND-SECURITY,2002,6,0.4652,-0.262,security_state,Congress
10000,2008,US-2002-SOX,2002,6,0.2662,-0.257,finance_corporate_governance,Congress
10000,2008,US-2003-LAWRENCE,2003,5,0.4748,-0.3113,privacy_lgbtq,Supreme Court
10000,2008,US-2003-MEDICARE-MMA,2003,5,0.6945,-0.2767,health_social_insurance,Congress
10000,2008,US-2007-MASS-EPA,2007,1,0.5275,-0.3196,climate_environment,Supreme Court
10000,2008,US-2008-HELLER,2008,0,0.3928,-0.3007,guns,Supreme Court
10000,2008,US-2009-ARRA,2009,-1,0.525,-0.2617,macroeconomic_governance,Congress
10000,2008,US-2010-ACA,2010,-2,0.5607,-0.2866,health_social_insurance,Congress
10000,2008,US-2010-CITIZENS-UNITED,2010,-2,0.5427,-0.3243,campaign_finance,Supreme Court
10000,2008,US-2010-DODD-FRANK,2010,-2,0.5565,-0.2736,finance,Congress
10000,2008,US-2010-MCDONALD,2010,-2,0.6277,-0.3174,guns,Supreme Court
10000,2008,US-2012-NFIB,2012,-4,0.6282,-0.2918,health_federalism,Supreme Court
10000,2008,US-2013-SHELBY,2013,-5,0.4891,-0.2772,democracy_civil_rights,Supreme Court
10000,2008,US-2013-WINDSOR,2013,-5,0.4067,-0.2937,lgbtq_family,Supreme Court
10000,2008,US-2014-HOBBY-LOBBY,2014,-6,0.5461,-0.3088,religion_health,Supreme Court
10000,2008,US-2015-OBERGEFELL,2015,-7,0.6724,-0.2874,lgbtq_family,Supreme Court
10000,2008,US-2017-TCJA,2017,-9,0.4071,-0.2601,tax,Congress
10000,2008,US-2018-JANUS,2018,-10,0.4603,-0.3041,labor_first_amendment,Supreme Court
10000,2008,US-2005-KELO,2005,3,0.5608,-0.3084,property_development,Supreme Court
10000,2008,US-2001-AUMF,2001,7,0.3619,-0.2375,war_powers_security,Congress
10000,2008,US-2002-IRAQ-AUMF,2002,6,0.2827,-0.2636,war_powers_security,Congress
10000,2008,US-2009-LILLY-LEDBETTER,2009,-1,0.297,-0.2279,gender_labor,Congress
10000,2008,US-2009-HATE-CRIMES,2009,-1,0.3902,-0.1129,civil_rights_criminal_justice,Congress
10000,2008,US-2010-DADT-REPEAL,2010,-2,0.4148,-0.2599,lgbtq_military,Congress/President
10000,2008,US-2018-FIRST-STEP,2018,-10,0.4583,-0.2722,criminal_justice_reform,Congress/President
20000,2008,US-1999-GLBA,1999,9,0.5909,-0.3207,finance_deregulation,Congress
20000,2008,US-2000-BUSH-GORE,2000,8,0.4713,-0.3528,democracy_elections,Supreme Court
20000,2008,US-2001-NCLB,2001,7,0.6721,-0.2934,education_accountability,Congress
20000,2008,US-2001-PATRIOT,2001,7,0.5347,-0.3138,security_surveillance,Congress
20000,2008,US-2002-HAVA,2002,6,0.6337,-0.3503,democracy,Congress
20000,2008,US-2002-HOMELAND-SECURITY,2002,6,0.5167,-0.3136,security_state,Congress
20000,2008,US-2002-SOX,2002,6,0.3715,-0.3141,finance_corporate_governance,Congress
20000,2008,US-2003-LAWRENCE,2003,5,0.5055,-0.3114,privacy_lgbtq,Supreme Court
20000,2008,US-2003-MEDICARE-MMA,2003,5,0.7065,-0.2835,health_social_insurance,Congress
20000,2008,US-2007-MASS-EPA,2007,1,0.5326,-0.3461,climate_environment,Supreme Court
20000,2008,US-2008-HELLER,2008,0,0.4203,-0.3095,guns,Supreme Court
20000,2008,US-2009-ARRA,2009,-1,0.5728,-0.2962,macroeconomic_governance,Congress
20000,2008,US-2010-ACA,2010,-2,0.5735,-0.3117,health_social_insurance,Congress
20000,2008,US-2010-CITIZENS-UNITED,2010,-2,0.5125,-0.3259,campaign_finance,Supreme Court
20000,2008,US-2010-DODD-FRANK,2010,-2,0.5789,-0.3088,finance,Congress
20000,2008,US-2010-MCDONALD,2010,-2,0.626,-0.3311,guns,Supreme Court
20000,2008,US-2012-NFIB,2012,-4,0.665,-0.3063,health_federalism,Supreme Court
20000,2008,US-2013-SHELBY,2013,-5,0.5311,-0.2948,democracy_civil_rights,Supreme Court
20000,2008,US-2013-WINDSOR,2013,-5,0.3988,-0.3272,lgbtq_family,Supreme Court
20000,2008,US-2014-HOBBY-LOBBY,2014,-6,0.5327,-0.3457,religion_health,Supreme Court
20000,2008,US-2015-OBERGEFELL,2015,-7,0.6579,-0.2974,lgbtq_family,Supreme Court
20000,2008,US-2017-TCJA,2017,-9,0.4346,-0.2824,tax,Congress
20000,2008,US-2018-JANUS,2018,-10,0.4427,-0.3064,labor_first_amendment,Supreme Court
20000,2008,US-2005-KELO,2005,3,0.5619,-0.3266,property_development,Supreme Court
20000,2008,US-2001-AUMF,2001,7,0.4062,-0.2851,war_powers_security,Congress
20000,2008,US-2002-IRAQ-AUMF,2002,6,0.332,-0.3101,war_powers_security,Congress
20000,2008,US-2009-LILLY-LEDBETTER,2009,-1,0.3313,-0.2462,gender_labor,Congress
20000,2008,US-2009-HATE-CRIMES,2009,-1,0.4433,-0.1543,civil_rights_criminal_justice,Congress
20000,2008,US-2010-DADT-REPEAL,2010,-2,0.4278,-0.2846,lgbtq_military,Congress/President
20000,2008,US-2018-FIRST-STEP,2018,-10,0.4548,-0.3209,criminal_justice_reform,Congress/President
5000,2008,US-1999-GLBA,1999,9,0.495,-0.2646,finance_deregulation,Congress
5000,2008,US-2000-BUSH-GORE,2000,8,0.2736,-0.2844,democracy_elections,Supreme Court
5000,2008,US-2001-NCLB,2001,7,0.5333,-0.2299,education_accountability,Congress
5000,2008,US-2001-PATRIOT,2001,7,0.3774,-0.2361,security_surveillance,Congress
5000,2008,US-2002-HAVA,2002,6,0.5401,-0.2662,democracy,Congress
5000,2008,US-2002-HOMELAND-SECURITY,2002,6,0.3735,-0.2074,security_state,Congress
5000,2008,US-2002-SOX,2002,6,0.2106,-0.2072,finance_corporate_governance,Congress
5000,2008,US-2003-LAWRENCE,2003,5,0.354,-0.2491,privacy_lgbtq,Supreme Court
5000,2008,US-2003-MEDICARE-MMA,2003,5,0.5506,-0.245,health_social_insurance,Congress
5000,2008,US-2007-MASS-EPA,2007,1,0.4326,-0.2785,climate_environment,Supreme Court
5000,2008,US-2008-HELLER,2008,0,0.3001,-0.2569,guns,Supreme Court
5000,2008,US-2009-ARRA,2009,-1,0.4577,-0.2204,macroeconomic_governance,Congress
5000,2008,US-2010-ACA,2010,-2,0.4784,-0.2447,health_social_insurance,Congress
5000,2008,US-2010-CITIZENS-UNITED,2010,-2,0.4479,-0.2699,campaign_finance,Supreme Court
5000,2008,US-2010-DODD-FRANK,2010,-2,0.5329,-0.2272,finance,Congress
5000,2008,US-2010-MCDONALD,2010,-2,0.5444,-0.2664,guns,Supreme Court
5000,2008,US-2012-NFIB,2012,-4,0.5442,-0.224,health_federalism,Supreme Court
5000,2008,US-2013-SHELBY,2013,-5,0.4058,-0.2322,democracy_civil_rights,Supreme Court
5000,2008,US-2013-WINDSOR,2013,-5,0.2973,-0.2358,lgbtq_family,Supreme Court
5000,2008,US-2014-HOBBY-LOBBY,2014,-6,0.425,-0.2462,religion_health,Supreme Court
5000,2008,US-2015-OBERGEFELL,2015,-7,0.5957,-0.2351,lgbtq_family,Supreme Court
5000,2008,US-2017-TCJA,2017,-9,0.3284,-0.2248,tax,Congress
5000,2008,US-2018-JANUS,2018,-10,0.3167,-0.2502,labor_first_amendment,Supreme Court
5000,2008,US-2005-KELO,2005,3,0.465,-0.2544,property_development,Supreme Court
5000,2008,US-2001-AUMF,2001,7,0.2765,-0.1749,war_powers_security,Congress
5000,2008,US-2002-IRAQ-AUMF,2002,6,0.2918,-0.1871,war_powers_security,Congress
5000,2008,US-2009-LILLY-LEDBETTER,2009,-1,0.2105,-0.1955,gender_labor,Congress
5000,2008,US-2009-HATE-CRIMES,2009,-1,0.3993,-0.11,civil_rights_criminal_justice,Congress
5000,2008,US-2010-DADT-REPEAL,2010,-2,0.3849,-0.2013,lgbtq_military,Congress/President
5000,2008,US-2018-FIRST-STEP,2018,-10,0.409,-0.2174,criminal_justice_reform,Congress/President
10000,2009,US-1999-GLBA,1999,10,0.4118,-0.3111,finance_deregulation,Congress
10000,2009,US-2000-BUSH-GORE,2000,9,0.3168,-0.3164,democracy_elections,Supreme Court
10000,2009,US-2001-NCLB,2001,8,0.5077,-0.2815,education_accountability,Congress
10000,2009,US-2001-PATRIOT,2001,8,0.3929,-0.2766,security_surveillance,Congress
10000,2009,US-2002-HAVA,2002,7,0.4845,-0.3052,democracy,Congress
10000,2009,US-2002-HOMELAND-SECURITY,2002,7,0.3586,-0.2547,security_state,Congress
10000,2009,US-2002-SOX,2002,7,0.1787,-0.2531,finance_corporate_governance,Congress
10000,2009,US-2003-LAWRENCE,2003,6,0.3675,-0.3196,privacy_lgbtq,Supreme Court
10000,2009,US-2003-MEDICARE-MMA,2003,6,0.5016,-0.2689,health_social_insurance,Congress
10000,2009,US-2007-MASS-EPA,2007,2,0.3798,-0.3091,climate_environment,Supreme Court
10000,2009,US-2008-HELLER,2008,1,0.2582,-0.2972,guns,Supreme Court
10000,2009,US-2009-ARRA,2009,0,0.382,-0.2432,macroeconomic_governance,Congress
10000,2009,US-2010-ACA,2010,-1,0.434,-0.2922,health_social_insurance,Congress
10000,2009,US-2010-CITIZENS-UNITED,2010,-1,0.4189,-0.3234,campaign_finance,Supreme Court
10000,2009,US-2010-DODD-FRANK,2010,-1,0.4201,-0.2622,finance,Congress
10000,2009,US-2010-MCDONALD,2010,-1,0.4919,-0.3189,guns,Supreme Court
10000,2009,US-2012-NFIB,2012,-3,0.4788,-0.2712,health_federalism,Supreme Court
10000,2009,US-2013-SHELBY,2013,-4,0.3366,-0.2712,democracy_civil_rights,Supreme Court
10000,2009,US-2013-WINDSOR,2013,-4,0.3049,-0.289,lgbtq_family,Supreme Court
10000,2009,US-2014-HOBBY-LOBBY,2014,-5,0.4114,-0.3287,religion_health,Supreme Court
10000,2009,US-2015-OBERGEFELL,2015,-6,0.5364,-0.2901,lgbtq_family,Supreme Court
10000,2009,US-2017-TCJA,2017,-8,0.2878,-0.2547,tax,Congress
10000,2009,US-2018-JANUS,2018,-9,0.3274,-0.3027,labor_first_amendment,Supreme Court
10000,2009,US-2019-RUCHO,2019,-10,0.3829,-0.3299,democracy_redistricting,Supreme Court
10000,2009,US-2005-KELO,2005,4,0.3861,-0.2966,property_development,Supreme Court
10000,2009,US-2001-AUMF,2001,8,0.3019,-0.2247,war_powers_security,Congress
10000,2009,US-2002-IRAQ-AUMF,2002,7,0.1935,-0.2306,war_powers_security,Congress
10000,2009,US-2009-LILLY-LEDBETTER,2009,0,0.2296,-0.2336,gender_labor,Congress
10000,2009,US-2009-HATE-CRIMES,2009,0,0.3212,-0.1289,civil_rights_criminal_justice,Congress
10000,2009,US-2010-DADT-REPEAL,2010,-1,0.3378,-0.2484,lgbtq_military,Congress/President
10000,2009,US-2018-FIRST-STEP,2018,-9,0.3738,-0.2606,criminal_justice_reform,Congress/President
20000,2009,US-1999-GLBA,1999,10,0.3947,-0.2971,finance_deregulation,Congress
20000,2009,US-2000-BUSH-GORE,2000,9,0.2478,-0.3525,democracy_elections,Supreme Court
20000,2009,US-2001-NCLB,2001,8,0.4879,-0.2937,education_accountability,Congress
20000,2009,US-2001-PATRIOT,2001,8,0.4316,-0.2972,security_surveillance,Congress
20000,2009,US-2002-HAVA,2002,7,0.4335,-0.3469,democracy,Congress
20000,2009,US-2002-HOMELAND-SECURITY,2002,7,0.3221,-0.2936,security_state,Congress
20000,2009,US-2002-SOX,2002,7,0.2097,-0.2883,finance_corporate_governance,Congress
20000,2009,US-2003-LAWRENCE,2003,6,0.3013,-0.3237,privacy_lgbtq,Supreme Court
20000,2009,US-2003-MEDICARE-MMA,2003,6,0.4828,-0.2556,health_social_insurance,Congress
20000,2009,US-2007-MASS-EPA,2007,2,0.3706,-0.321,climate_environment,Supreme Court
20000,2009,US-2008-HELLER,2008,1,0.2177,-0.3034,guns,Supreme Court
20000,2009,US-2009-ARRA,2009,0,0.3719,-0.268,macroeconomic_governance,Congress
20000,2009,US-2010-ACA,2010,-1,0.3988,-0.2874,health_social_insurance,Congress
20000,2009,US-2010-CITIZENS-UNITED,2010,-1,0.3253,-0.3323,campaign_finance,Supreme Court
20000,2009,US-2010-DODD-FRANK,2010,-1,0.3759,-0.2796,finance,Congress
20000,2009,US-2010-MCDONALD,2010,-1,0.4526,-0.3085,guns,Supreme Court
20000,2009,US-2012-NFIB,2012,-3,0.4458,-0.3025,health_federalism,Supreme Court
20000,2009,US-2013-SHELBY,2013,-4,0.3283,-0.2731,democracy_civil_rights,Supreme Court
20000,2009,US-2013-WINDSOR,2013,-4,0.2144,-0.307,lgbtq_family,Supreme Court
20000,2009,US-2014-HOBBY-LOBBY,2014,-5,0.3262,-0.3532,religion_health,Supreme Court
20000,2009,US-2015-OBERGEFELL,2015,-6,0.5166,-0.299,lgbtq_family,Supreme Court
20000,2009,US-2017-TCJA,2017,-8,0.2534,-0.2741,tax,Congress
20000,2009,US-2018-JANUS,2018,-9,0.233,-0.2769,labor_first_amendment,Supreme Court
20000,2009,US-2019-RUCHO,2019,-10,0.2867,-0.3846,democracy_redistricting,Supreme Court
20000,2009,US-2005-KELO,2005,4,0.3702,-0.3133,property_development,Supreme Court
20000,2009,US-2001-AUMF,2001,8,0.2744,-0.2838,war_powers_security,Congress
20000,2009,US-2002-IRAQ-AUMF,2002,7,0.1505,-0.3153,war_powers_security,Congress
20000,2009,US-2009-LILLY-LEDBETTER,2009,0,0.1804,-0.2341,gender_labor,Congress
20000,2009,US-2009-HATE-CRIMES,2009,0,0.3345,-0.1323,civil_rights_criminal_justice,Congress
20000,2009,US-2010-DADT-REPEAL,2010,-1,0.2786,-0.2949,lgbtq_military,Congress/President
20000,2009,US-2018-FIRST-STEP,2018,-9,0.3087,-0.3205,criminal_justice_reform,Congress/President
5000,2009,US-1999-GLBA,1999,10,0.626,-0.2568,finance_deregulation,Congress
5000,2009,US-2000-BUSH-GORE,2000,9,0.4948,-0.2554,democracy_elections,Supreme Court
5000,2009,US-2001-NCLB,2001,8,0.6994,-0.2258,education_accountability,Congress
5000,2009,US-2001-PATRIOT,2001,8,0.5661,-0.2377,security_surveillance,Congress
5000,2009,US-2002-HAVA,2002,7,0.6906,-0.2479,democracy,Congress
5000,2009,US-2002-HOMELAND-SECURITY,2002,7,0.5119,-0.2055,security_state,Congress
5000,2009,US-2002-SOX,2002,7,0.3215,-0.2132,finance_corporate_governance,Congress
5000,2009,US-2003-LAWRENCE,2003,6,0.5218,-0.2388,privacy_lgbtq,Supreme Court
5000,2009,US-2003-MEDICARE-MMA,2003,6,0.6772,-0.239,health_social_insurance,Congress
5000,2009,US-2007-MASS-EPA,2007,2,0.5817,-0.2724,climate_environment,Supreme Court
5000,2009,US-2008-HELLER,2008,1,0.4814,-0.2491,guns,Supreme Court
5000,2009,US-2009-ARRA,2009,0,0.578,-0.2159,macroeconomic_governance,Congress
5000,2009,US-2010-ACA,2010,-1,0.6606,-0.2466,health_social_insurance,Congress
5000,2009,US-2010-CITIZENS-UNITED,2010,-1,0.6401,-0.2625,campaign_finance,Supreme Court
5000,2009,US-2010-DODD-FRANK,2010,-1,0.6575,-0.2274,finance,Congress
5000,2009,US-2010-MCDONALD,2010,-1,0.7013,-0.2449,guns,Supreme Court
5000,2009,US-2012-NFIB,2012,-3,0.6578,-0.2217,health_federalism,Supreme Court
5000,2009,US-2013-SHELBY,2013,-4,0.4979,-0.232,democracy_civil_rights,Supreme Court
5000,2009,US-2013-WINDSOR,2013,-4,0.517,-0.2205,lgbtq_family,Supreme Court
5000,2009,US-2014-HOBBY-LOBBY,2014,-5,0.628,-0.2484,religion_health,Supreme Court
5000,2009,US-2015-OBERGEFELL,2015,-6,0.7386,-0.2235,lgbtq_family,Supreme Court
5000,2009,US-2017-TCJA,2017,-8,0.4897,-0.2327,tax,Congress
5000,2009,US-2018-JANUS,2018,-9,0.5127,-0.2483,labor_first_amendment,Supreme Court
5000,2009,US-2019-RUCHO,2019,-10,0.6257,-0.2605,democracy_redistricting,Supreme Court
5000,2009,US-2005-KELO,2005,4,0.5941,-0.2494,property_development,Supreme Court
5000,2009,US-2001-AUMF,2001,8,0.4203,-0.188,war_powers_security,Congress
5000,2009,US-2002-IRAQ-AUMF,2002,7,0.3725,-0.1939,war_powers_security,Congress
5000,2009,US-2009-LILLY-LEDBETTER,2009,0,0.332,-0.2011,gender_labor,Congress
5000,2009,US-2009-HATE-CRIMES,2009,0,0.507,-0.1041,civil_rights_criminal_justice,Congress
5000,2009,US-2010-DADT-REPEAL,2010,-1,0.5188,-0.2042,lgbtq_military,Congress/President
5000,2009,US-2018-FIRST-STEP,2018,-9,0.5243,-0.2172,criminal_justice_reform,Congress/President
10000,2010,US-2000-BUSH-GORE,2000,10,0.3129,-0.3138,democracy_elections,Supreme Court
10000,2010,US-2001-NCLB,2001,9,0.5418,-0.2667,education_accountability,Congress
10000,2010,US-2001-PATRIOT,2001,9,0.3437,-0.2638,security_surveillance,Congress
10000,2010,US-2002-HAVA,2002,8,0.4725,-0.2977,democracy,Congress
10000,2010,US-2002-HOMELAND-SECURITY,2002,8,0.3578,-0.2371,security_state,Congress
10000,2010,US-2002-SOX,2002,8,0.2169,-0.2363,finance_corporate_governance,Congress
10000,2010,US-2003-LAWRENCE,2003,7,0.4089,-0.3007,privacy_lgbtq,Supreme Court
10000,2010,US-2003-MEDICARE-MMA,2003,7,0.5213,-0.264,health_social_insurance,Congress
10000,2010,US-2007-MASS-EPA,2007,3,0.4697,-0.2973,climate_environment,Supreme Court
10000,2010,US-2008-HELLER,2008,2,0.3302,-0.2962,guns,Supreme Court
10000,2010,US-2009-ARRA,2009,1,0.4089,-0.2306,macroeconomic_governance,Congress
10000,2010,US-2010-ACA,2010,0,0.4166,-0.2847,health_social_insurance,Congress
10000,2010,US-2010-CITIZENS-UNITED,2010,0,0.4264,-0.3299,campaign_finance,Supreme Court
10000,2010,US-2010-DODD-FRANK,2010,0,0.4711,-0.2438,finance,Congress
10000,2010,US-2010-MCDONALD,2010,0,0.5008,-0.3185,guns,Supreme Court
10000,2010,US-2012-NFIB,2012,-2,0.5195,-0.2783,health_federalism,Supreme Court
10000,2010,US-2013-SHELBY,2013,-3,0.3487,-0.2531,democracy_civil_rights,Supreme Court
10000,2010,US-2013-WINDSOR,2013,-3,0.2912,-0.2763,lgbtq_family,Supreme Court
10000,2010,US-2014-HOBBY-LOBBY,2014,-4,0.4099,-0.3115,religion_health,Supreme Court
10000,2010,US-2015-OBERGEFELL,2015,-5,0.5795,-0.289,lgbtq_family,Supreme Court
10000,2010,US-2017-TCJA,2017,-7,0.3296,-0.2405,tax,Congress
10000,2010,US-2018-JANUS,2018,-8,0.3464,-0.3099,labor_first_amendment,Supreme Court
10000,2010,US-2019-RUCHO,2019,-9,0.3331,-0.3332,democracy_redistricting,Supreme Court
10000,2010,US-2020-BOSTOCK,2020,-10,0.4877,-0.2432,lgbtq_labor,Supreme Court
10000,2010,US-2020-CARES,2020,-10,0.4822,-0.2148,crisis_social_insurance,Congress
10000,2010,US-2020-MCGIRT,2020,-10,0.2595,-0.225,native_policy,Supreme Court
10000,2010,US-2005-KELO,2005,5,0.4436,-0.2891,property_development,Supreme Court
10000,2010,US-2001-AUMF,2001,9,0.3278,-0.2364,war_powers_security,Congress
10000,2010,US-2002-IRAQ-AUMF,2002,8,0.2686,-0.2448,war_powers_security,Congress
10000,2010,US-2009-LILLY-LEDBETTER,2009,1,0.2183,-0.2327,gender_labor,Congress
10000,2010,US-2009-HATE-CRIMES,2009,1,0.3712,-0.1112,civil_rights_criminal_justice,Congress
10000,2010,US-2010-DADT-REPEAL,2010,0,0.3983,-0.2358,lgbtq_military,Congress/President
10000,2010,US-2018-FIRST-STEP,2018,-8,0.4052,-0.2589,criminal_justice_reform,Congress/President
20000,2010,US-2000-BUSH-GORE,2000,10,0.4954,-0.3626,democracy_elections,Supreme Court
20000,2010,US-2001-NCLB,2001,9,0.736,-0.3322,education_accountability,Congress
20000,2010,US-2001-PATRIOT,2001,9,0.632,-0.3452,security_surveillance,Congress
20000,2010,US-2002-HAVA,2002,8,0.6736,-0.3716,democracy,Congress
20000,2010,US-2002-HOMELAND-SECURITY,2002,8,0.5983,-0.3336,security_state,Congress
20000,2010,US-2002-SOX,2002,8,0.4611,-0.3241,finance_corporate_governance,Congress
20000,2010,US-2003-LAWRENCE,2003,7,0.552,-0.3614,privacy_lgbtq,Supreme Court
20000,2010,US-2003-MEDICARE-MMA,2003,7,0.6804,-0.2937,health_social_insurance,Congress
20000,2010,US-2007-MASS-EPA,2007,3,0.5902,-0.3324,climate_environment,Supreme Court
20000,2010,US-2008-HELLER,2008,2,0.4293,-0.3416,guns,Supreme Court
20000,2010,US-2009-ARRA,2009,1,0.6248,-0.3108,macroeconomic_governance,Congress
20000,2010,US-2010-ACA,2010,0,0.622,-0.3261,health_social_insurance,Congress
20000,2010,US-2010-CITIZENS-UNITED,2010,0,0.5682,-0.3818,campaign_finance,Supreme Court
20000,2010,US-2010-DODD-FRANK,2010,0,0.6628,-0.3093,finance,Congress
20000,2010,US-2010-MCDONALD,2010,0,0.6326,-0.3602,guns,Supreme Court
20000,2010,US-2012-NFIB,2012,-2,0.645,-0.3268,health_federalism,Supreme Court
20000,2010,US-2013-SHELBY,2013,-3,0.535,-0.3069,democracy_civil_rights,Supreme Court
20000,2010,US-2013-WINDSOR,2013,-3,0.4374,-0.3416,lgbtq_family,Supreme Court
20000,2010,US-2014-HOBBY-LOBBY,2014,-4,0.5663,-0.3847,religion_health,Supreme Court
20000,2010,US-2015-OBERGEFELL,2015,-5,0.7023,-0.3447,lgbtq_family,Supreme Court
20000,2010,US-2017-TCJA,2017,-7,0.5106,-0.3099,tax,Congress
20000,2010,US-2018-JANUS,2018,-8,0.4435,-0.3356,labor_first_amendment,Supreme Court
20000,2010,US-2019-RUCHO,2019,-9,0.5315,-0.3858,democracy_redistricting,Supreme Court
20000,2010,US-2020-BOSTOCK,2020,-10,0.559,-0.3033,lgbtq_labor,Supreme Court
20000,2010,US-2020-CARES,2020,-10,0.6905,-0.3069,crisis_social_insurance,Congress
20000,2010,US-2020-MCGIRT,2020,-10,0.4424,-0.2645,native_policy,Supreme Court
20000,2010,US-2005-KELO,2005,5,0.606,-0.3363,property_development,Supreme Court
20000,2010,US-2001-AUMF,2001,9,0.4953,-0.3335,war_powers_security,Congress
20000,2010,US-2002-IRAQ-AUMF,2002,8,0.4009,-0.3526,war_powers_security,Congress
20000,2010,US-2009-LILLY-LEDBETTER,2009,1,0.3831,-0.3064,gender_labor,Congress
20000,2010,US-2009-HATE-CRIMES,2009,1,0.5587,-0.1808,civil_rights_criminal_justice,Congress
20000,2010,US-2010-DADT-REPEAL,2010,0,0.4766,-0.3229,lgbtq_military,Congress/President
20000,2010,US-2018-FIRST-STEP,2018,-8,0.584,-0.3486,criminal_justice_reform,Congress/President
5000,2010,US-2000-BUSH-GORE,2000,10,0.3135,-0.255,democracy_elections,Supreme Court
5000,2010,US-2001-NCLB,2001,9,0.5083,-0.2181,education_accountability,Congress
5000,2010,US-2001-PATRIOT,2001,9,0.3355,-0.2229,security_surveillance,Congress
5000,2010,US-2002-HAVA,2002,8,0.4751,-0.2418,democracy,Congress
5000,2010,US-2002-HOMELAND-SECURITY,2002,8,0.3233,-0.1935,security_state,Congress
5000,2010,US-2002-SOX,2002,8,0.2061,-0.1848,finance_corporate_governance,Congress
5000,2010,US-2003-LAWRENCE,2003,7,0.3409,-0.2172,privacy_lgbtq,Supreme Court
5000,2010,US-2003-MEDICARE-MMA,2003,7,0.4829,-0.2251,health_social_insurance,Congress
5000,2010,US-2007-MASS-EPA,2007,3,0.4121,-0.2688,climate_environment,Supreme Court
5000,2010,US-2008-HELLER,2008,2,0.2896,-0.2524,guns,Supreme Court
5000,2010,US-2009-ARRA,2009,1,0.4015,-0.1994,macroeconomic_governance,Congress
5000,2010,US-2010-ACA,2010,0,0.4459,-0.2322,health_social_insurance,Congress
5000,2010,US-2010-CITIZENS-UNITED,2010,0,0.4168,-0.2602,campaign_finance,Supreme Court
5000,2010,US-2010-DODD-FRANK,2010,0,0.484,-0.2081,finance,Congress
5000,2010,US-2010-MCDONALD,2010,0,0.551,-0.2445,guns,Supreme Court
5000,2010,US-2012-NFIB,2012,-2,0.5062,-0.2159,health_federalism,Supreme Court
5000,2010,US-2013-SHELBY,2013,-3,0.3429,-0.2074,democracy_civil_rights,Supreme Court
5000,2010,US-2013-WINDSOR,2013,-3,0.3147,-0.208,lgbtq_family,Supreme Court
5000,2010,US-2014-HOBBY-LOBBY,2014,-4,0.4332,-0.2357,religion_health,Supreme Court
5000,2010,US-2015-OBERGEFELL,2015,-5,0.5803,-0.2177,lgbtq_family,Supreme Court
5000,2010,US-2017-TCJA,2017,-7,0.3148,-0.2138,tax,Congress
5000,2010,US-2018-JANUS,2018,-8,0.3274,-0.23,labor_first_amendment,Supreme Court
5000,2010,US-2019-RUCHO,2019,-9,0.3623,-0.264,democracy_redistricting,Supreme Court
5000,2010,US-2020-BOSTOCK,2020,-10,0.4273,-0.2086,lgbtq_labor,Supreme Court
5000,2010,US-2020-CARES,2020,-10,0.484,-0.1813,crisis_social_insurance,Congress
5000,2010,US-2020-MCGIRT,2020,-10,0.2648,-0.193,native_policy,Supreme Court
5000,2010,US-2005-KELO,2005,5,0.4316,-0.235,property_development,Supreme Court
5000,2010,US-2001-AUMF,2001,9,0.3066,-0.1711,war_powers_security,Congress
5000,2010,US-2002-IRAQ-AUMF,2002,8,0.2615,-0.175,war_powers_security,Congress
5000,2010,US-2009-LILLY-LEDBETTER,2009,1,0.2121,-0.1883,gender_labor,Congress
5000,2010,US-2009-HATE-CRIMES,2009,1,0.3825,-0.1131,civil_rights_criminal_justice,Congress
5000,2010,US-2010-DADT-REPEAL,2010,0,0.409,-0.1921,lgbtq_military,Congress/President
5000,2010,US-2018-FIRST-STEP,2018,-8,0.3462,-0.2013,criminal_justice_reform,Congress/President
10000,2011,US-2001-NCLB,2001,10,0.3986,-0.2721,education_accountability,Congress
10000,2011,US-2001-PATRIOT,2001,10,0.2279,-0.2536,security_surveillance,Congress
10000,2011,US-2002-HAVA,2002,9,0.3406,-0.3063,democracy,Congress
10000,2011,US-2002-HOMELAND-SECURITY,2002,9,0.2631,-0.2516,security_state,Congress
10000,2011,US-2002-SOX,2002,9,0.1066,-0.2468,finance_corporate_governance,Congress
10000,2011,US-2003-LAWRENCE,2003,8,0.2757,-0.2909,privacy_lgbtq,Supreme Court
10000,2011,US-2003-MEDICARE-MMA,2003,8,0.4202,-0.2575,health_social_insurance,Congress
10000,2011,US-2007-MASS-EPA,2007,4,0.3463,-0.3124,climate_environment,Supreme Court
10000,2011,US-2008-HELLER,2008,3,0.2453,-0.31,guns,Supreme Court
10000,2011,US-2009-ARRA,2009,2,0.2983,-0.2502,macroeconomic_governance,Congress
10000,2011,US-2010-ACA,2010,1,0.2871,-0.2753,health_social_insurance,Congress
10000,2011,US-2010-CITIZENS-UNITED,2010,1,0.333,-0.3124,campaign_finance,Supreme Court
10000,2011,US-2010-DODD-FRANK,2010,1,0.3334,-0.2614,finance,Congress
10000,2011,US-2010-MCDONALD,2010,1,0.3725,-0.2985,guns,Supreme Court
10000,2011,US-2012-NFIB,2012,-1,0.4202,-0.2758,health_federalism,Supreme Court
10000,2011,US-2013-SHELBY,2013,-2,0.2356,-0.2752,democracy_civil_rights,Supreme Court
10000,2011,US-2013-WINDSOR,2013,-2,0.2068,-0.2794,lgbtq_family,Supreme Court
10000,2011,US-2014-HOBBY-LOBBY,2014,-3,0.2997,-0.3145,religion_health,Supreme Court
10000,2011,US-2015-OBERGEFELL,2015,-4,0.4739,-0.2819,lgbtq_family,Supreme Court
10000,2011,US-2017-TCJA,2017,-6,0.2064,-0.2571,tax,Congress
10000,2011,US-2018-JANUS,2018,-7,0.2527,-0.2963,labor_first_amendment,Supreme Court
10000,2011,US-2019-RUCHO,2019,-8,0.2896,-0.3314,democracy_redistricting,Supreme Court
10000,2011,US-2020-BOSTOCK,2020,-9,0.4098,-0.2321,lgbtq_labor,Supreme Court
10000,2011,US-2020-CARES,2020,-9,0.3121,-0.2076,crisis_social_insurance,Congress
10000,2011,US-2020-MCGIRT,2020,-9,0.2002,-0.2238,native_policy,Supreme Court
10000,2011,US-2005-KELO,2005,6,0.2881,-0.288,property_development,Supreme Court
10000,2011,US-2001-AUMF,2001,10,0.2029,-0.2286,war_powers_security,Congress
10000,2011,US-2002-IRAQ-AUMF,2002,9,0.185,-0.2505,war_powers_security,Congress
10000,2011,US-2009-LILLY-LEDBETTER,2009,2,0.1136,-0.2003,gender_labor,Congress
10000,2011,US-2009-HATE-CRIMES,2009,2,0.189,-0.1163,civil_rights_criminal_justice,Congress
10000,2011,US-2010-DADT-REPEAL,2010,1,0.2605,-0.2474,lgbtq_military,Congress/President
10000,2011,US-2018-FIRST-STEP,2018,-7,0.2531,-0.259,criminal_justice_reform,Congress/President
10000,2011,US-2021-AMERICAN-RESCUE-PLAN,2021,-10,0.3049,-0.2325,crisis_social_policy,Congress/President
10000,2011,US-2021-IIJA,2021,-10,0.2956,-0.2602,infrastructure_industrial_policy,Congress/President
10000,2011,US-2021-JUNETEENTH,2021,-10,0.3456,-0.2058,civil_rights_memory,Congress/President
20000,2011,US-2001-NCLB,2001,10,0.6764,-0.3095,education_accountability,Congress
20000,2011,US-2001-PATRIOT,2001,10,0.573,-0.2653,security_surveillance,Congress
20000,2011,US-2002-HAVA,2002,9,0.6225,-0.3539,democracy,Congress
20000,2011,US-2002-HOMELAND-SECURITY,2002,9,0.5607,-0.3149,security_state,Congress
20000,2011,US-2002-SOX,2002,9,0.3544,-0.2979,finance_corporate_governance,Congress
20000,2011,US-2003-LAWRENCE,2003,8,0.4307,-0.3307,privacy_lgbtq,Supreme Court
20000,2011,US-2003-MEDICARE-MMA,2003,8,0.6575,-0.2599,health_social_insurance,Congress
20000,2011,US-2007-MASS-EPA,2007,4,0.561,-0.3219,climate_environment,Supreme Court
20000,2011,US-2008-HELLER,2008,3,0.3903,-0.3114,guns,Supreme Court
20000,2011,US-2009-ARRA,2009,2,0.5674,-0.2709,macroeconomic_governance,Congress
20000,2011,US-2010-ACA,2010,1,0.5222,-0.2994,health_social_insurance,Congress
20000,2011,US-2010-CITIZENS-UNITED,2010,1,0.4723,-0.3229,campaign_finance,Supreme Court
20000,2011,US-2010-DODD-FRANK,2010,1,0.5787,-0.2877,finance,Congress
20000,2011,US-2010-MCDONALD,2010,1,0.5926,-0.3089,guns,Supreme Court
20000,2011,US-2012-NFIB,2012,-1,0.6202,-0.299,health_federalism,Supreme Court
20000,2011,US-2013-SHELBY,2013,-2,0.4641,-0.2876,democracy_civil_rights,Supreme Court
20000,2011,US-2013-WINDSOR,2013,-2,0.3546,-0.3271,lgbtq_family,Supreme Court
20000,2011,US-2014-HOBBY-LOBBY,2014,-3,0.4691,-0.3676,religion_health,Supreme Court
20000,2011,US-2015-OBERGEFELL,2015,-4,0.664,-0.307,lgbtq_family,Supreme Court
20000,2011,US-2017-TCJA,2017,-6,0.3929,-0.2609,tax,Congress
20000,2011,US-2018-JANUS,2018,-7,0.3502,-0.324,labor_first_amendment,Supreme Court
20000,2011,US-2019-RUCHO,2019,-8,0.457,-0.3839,democracy_redistricting,Supreme Court
20000,2011,US-2020-BOSTOCK,2020,-9,0.5412,-0.2724,lgbtq_labor,Supreme Court
20000,2011,US-2020-CARES,2020,-9,0.6369,-0.2717,crisis_social_insurance,Congress
20000,2011,US-2020-MCGIRT,2020,-9,0.3989,-0.2211,native_policy,Supreme Court
20000,2011,US-2005-KELO,2005,6,0.5244,-0.3073,property_development,Supreme Court
20000,2011,US-2001-AUMF,2001,10,0.4503,-0.2825,war_powers_security,Congress
20000,2011,US-2002-IRAQ-AUMF,2002,9,0.3368,-0.3301,war_powers_security,Congress
20000,2011,US-2009-LILLY-LEDBETTER,2009,2,0.2803,-0.2495,gender_labor,Congress
20000,2011,US-2009-HATE-CRIMES,2009,2,0.411,-0.1583,civil_rights_criminal_justice,Congress
20000,2011,US-2010-DADT-REPEAL,2010,1,0.4078,-0.3059,lgbtq_military,Congress/President
20000,2011,US-2018-FIRST-STEP,2018,-7,0.5065,-0.3365,criminal_justice_reform,Congress/President
20000,2011,US-2021-AMERICAN-RESCUE-PLAN,2021,-10,0.5235,-0.2966,crisis_social_policy,Congress/President
20000,2011,US-2021-IIJA,2021,-10,0.5566,-0.3034,infrastructure_industrial_policy,Congress/President
20000,2011,US-2021-JUNETEENTH,2021,-10,0.5838,-0.269,civil_rights_memory,Congress/President
5000,2011,US-2001-NCLB,2001,10,0.8324,-0.2619,education_accountability,Congress
5000,2011,US-2001-PATRIOT,2001,10,0.7428,-0.2818,security_surveillance,Congress
5000,2011,US-2002-HAVA,2002,9,0.8437,-0.2878,democracy,Congress
5000,2011,US-2002-HOMELAND-SECURITY,2002,9,0.726,-0.2493,security_state,Congress
5000,2011,US-2002-SOX,2002,9,0.4954,-0.2592,finance_corporate_governance,Congress
5000,2011,US-2003-LAWRENCE,2003,8,0.7174,-0.2865,privacy_lgbtq,Supreme Court
5000,2011,US-2003-MEDICARE-MMA,2003,8,0.8095,-0.2706,health_social_insurance,Congress
5000,2011,US-2007-MASS-EPA,2007,4,0.7376,-0.3055,climate_environment,Supreme Court
5000,2011,US-2008-HELLER,2008,3,0.6513,-0.2851,guns,Supreme Court
5000,2011,US-2009-ARRA,2009,2,0.7314,-0.2488,macroeconomic_governance,Congress
5000,2011,US-2010-ACA,2010,1,0.7955,-0.2748,health_social_insurance,Congress
5000,2011,US-2010-CITIZENS-UNITED,2010,1,0.7982,-0.3171,campaign_finance,Supreme Court
5000,2011,US-2010-DODD-FRANK,2010,1,0.8378,-0.2684,finance,Congress
5000,2011,US-2010-MCDONALD,2010,1,0.8549,-0.2946,guns,Supreme Court
5000,2011,US-2012-NFIB,2012,-1,0.771,-0.2621,health_federalism,Supreme Court
5000,2011,US-2013-SHELBY,2013,-2,0.6758,-0.265,democracy_civil_rights,Supreme Court
5000,2011,US-2013-WINDSOR,2013,-2,0.6715,-0.2698,lgbtq_family,Supreme Court
5000,2011,US-2014-HOBBY-LOBBY,2014,-3,0.7771,-0.2897,religion_health,Supreme Court
5000,2011,US-2015-OBERGEFELL,2015,-4,0.8611,-0.2665,lgbtq_family,Supreme Court
5000,2011,US-2017-TCJA,2017,-6,0.6666,-0.2616,tax,Congress
5000,2011,US-2018-JANUS,2018,-7,0.7005,-0.2758,labor_first_amendment,Supreme Court
5000,2011,US-2019-RUCHO,2019,-8,0.7384,-0.3204,democracy_redistricting,Supreme Court
5000,2011,US-2020-BOSTOCK,2020,-9,0.7638,-0.251,lgbtq_labor,Supreme Court
5000,2011,US-2020-CARES,2020,-9,0.7606,-0.2159,crisis_social_insurance,Congress
5000,2011,US-2020-MCGIRT,2020,-9,0.6355,-0.2633,native_policy,Supreme Court
5000,2011,US-2005-KELO,2005,6,0.7795,-0.2769,property_development,Supreme Court
5000,2011,US-2001-AUMF,2001,10,0.6169,-0.2182,war_powers_security,Congress
5000,2011,US-2002-IRAQ-AUMF,2002,9,0.5547,-0.2312,war_powers_security,Congress
5000,2011,US-2009-LILLY-LEDBETTER,2009,2,0.4928,-0.2457,gender_labor,Congress
5000,2011,US-2009-HATE-CRIMES,2009,2,0.7213,-0.1395,civil_rights_criminal_justice,Congress
5000,2011,US-2010-DADT-REPEAL,2010,1,0.6967,-0.2412,lgbtq_military,Congress/President
5000,2011,US-2018-FIRST-STEP,2018,-7,0.7081,-0.2665,criminal_justice_reform,Congress/President
5000,2011,US-2021-AMERICAN-RESCUE-PLAN,2021,-10,0.7521,-0.2244,crisis_social_policy,Congress/President
5000,2011,US-2021-IIJA,2021,-10,0.7413,-0.2488,infrastructure_industrial_policy,Congress/President
5000,2011,US-2021-JUNETEENTH,2021,-10,0.8082,-0.2164,civil_rights_memory,Congress/President
10000,2012,US-2002-HAVA,2002,10,0.5645,-0.3107,democracy,Congress
10000,2012,US-2002-HOMELAND-SECURITY,2002,10,0.4446,-0.2654,security_state,Congress
10000,2012,US-2002-SOX,2002,10,0.2689,-0.2712,finance_corporate_governance,Congress
10000,2012,US-2003-LAWRENCE,2003,9,0.4072,-0.3068,privacy_lgbtq,Supreme Court
10000,2012,US-2003-MEDICARE-MMA,2003,9,0.5823,-0.2537,health_social_insurance,Congress
10000,2012,US-2007-MASS-EPA,2007,5,0.4787,-0.3132,climate_environment,Supreme Court
10000,2012,US-2008-HELLER,2008,4,0.3017,-0.3009,guns,Supreme Court
10000,2012,US-2009-ARRA,2009,3,0.4675,-0.2514,macroeconomic_governance,Congress
10000,2012,US-2010-ACA,2010,2,0.4726,-0.2958,health_social_insurance,Congress
10000,2012,US-2010-CITIZENS-UNITED,2010,2,0.4672,-0.3217,campaign_finance,Supreme Court
10000,2012,US-2010-DODD-FRANK,2010,2,0.531,-0.2558,finance,Congress
10000,2012,US-2010-MCDONALD,2010,2,0.5611,-0.312,guns,Supreme Court
10000,2012,US-2012-NFIB,2012,0,0.5419,-0.2683,health_federalism,Supreme Court
10000,2012,US-2013-SHELBY,2013,-1,0.376,-0.2638,democracy_civil_rights,Supreme Court
10000,2012,US-2013-WINDSOR,2013,-1,0.3113,-0.287,lgbtq_family,Supreme Court
10000,2012,US-2014-HOBBY-LOBBY,2014,-2,0.4724,-0.3285,religion_health,Supreme Court
10000,2012,US-2015-OBERGEFELL,2015,-3,0.609,-0.2835,lgbtq_family,Supreme Court
10000,2012,US-2017-TCJA,2017,-5,0.4112,-0.2528,tax,Congress
10000,2012,US-2018-JANUS,2018,-6,0.3792,-0.3088,labor_first_amendment,Supreme Court
10000,2012,US-2019-RUCHO,2019,-7,0.3954,-0.3501,democracy_redistricting,Supreme Court
10000,2012,US-2020-BOSTOCK,2020,-8,0.501,-0.2336,lgbtq_labor,Supreme Court
10000,2012,US-2020-CARES,2020,-8,0.552,-0.2363,crisis_social_insurance,Congress
10000,2012,US-2020-MCGIRT,2020,-8,0.3116,-0.2352,native_policy,Supreme Court
10000,2012,US-2022-BRUEN,2022,-10,0.3354,-0.2905,guns,Supreme Court
10000,2012,US-2022-CHIPS,2022,-10,0.4997,-0.2547,industrial_policy,Congress
10000,2012,US-2022-DOBBS,2022,-10,0.3971,-0.3069,privacy_family,Supreme Court
10000,2012,US-2022-IRA,2022,-10,0.5266,-0.287,climate_industrial_policy,Congress
10000,2012,US-2005-KELO,2005,7,0.4317,-0.2896,property_development,Supreme Court
10000,2012,US-2002-IRAQ-AUMF,2002,10,0.2527,-0.2658,war_powers_security,Congress
10000,2012,US-2009-LILLY-LEDBETTER,2009,3,0.2539,-0.2263,gender_labor,Congress
10000,2012,US-2009-HATE-CRIMES,2009,3,0.3538,-0.1279,civil_rights_criminal_justice,Congress
10000,2012,US-2010-DADT-REPEAL,2010,2,0.3795,-0.2476,lgbtq_military,Congress/President
10000,2012,US-2018-FIRST-STEP,2018,-6,0.4353,-0.2619,criminal_justice_reform,Congress/President
10000,2012,US-2021-AMERICAN-RESCUE-PLAN,2021,-9,0.4491,-0.2438,crisis_social_policy,Congress/President
10000,2012,US-2021-IIJA,2021,-9,0.4424,-0.2551,infrastructure_industrial_policy,Congress/President
10000,2012,US-2021-JUNETEENTH,2021,-9,0.51,-0.2216,civil_rights_memory,Congress/President
10000,2012,US-2022-BIPARTISAN-SAFER-COMMUNITIES,2022,-10,0.3358,-0.265,guns_mental_health,Congress/President
10000,2012,US-2022-RESPECT-MARRIAGE,2022,-10,0.3685,-0.3164,lgbtq_family,Congress/President
10000,2012,US-2022-ELECTORAL-COUNT-REFORM,2022,-10,0.3385,-0.267,democracy_elections,Congress/President
20000,2012,US-2002-HAVA,2002,10,0.6382,-0.3426,democracy,Congress
20000,2012,US-2002-HOMELAND-SECURITY,2002,10,0.5508,-0.302,security_state,Congress
20000,2012,US-2002-SOX,2002,10,0.4114,-0.312,finance_corporate_governance,Congress
20000,2012,US-2003-LAWRENCE,2003,9,0.4363,-0.3083,privacy_lgbtq,Supreme Court
20000,2012,US-2003-MEDICARE-MMA,2003,9,0.6179,-0.2608,health_social_insurance,Congress
20000,2012,US-2007-MASS-EPA,2007,5,0.5175,-0.3302,climate_environment,Supreme Court
20000,2012,US-2008-HELLER,2008,4,0.4135,-0.2918,guns,Supreme Court
20000,2012,US-2009-ARRA,2009,3,0.5753,-0.2856,macroeconomic_governance,Congress
20000,2012,US-2010-ACA,2010,2,0.5595,-0.2889,health_social_insurance,Congress
20000,2012,US-2010-CITIZENS-UNITED,2010,2,0.4521,-0.3309,campaign_finance,Supreme Court
20000,2012,US-2010-DODD-FRANK,2010,2,0.5965,-0.2772,finance,Congress
20000,2012,US-2010-MCDONALD,2010,2,0.5842,-0.3014,guns,Supreme Court
20000,2012,US-2012-NFIB,2012,0,0.5907,-0.2806,health_federalism,Supreme Court
20000,2012,US-2013-SHELBY,2013,-1,0.471,-0.2793,democracy_civil_rights,Supreme Court
20000,2012,US-2013-WINDSOR,2013,-1,0.3587,-0.2947,lgbtq_family,Supreme Court
20000,2012,US-2014-HOBBY-LOBBY,2014,-2,0.5049,-0.3597,religion_health,Supreme Court
20000,2012,US-2015-OBERGEFELL,2015,-3,0.6321,-0.2882,lgbtq_family,Supreme Court
20000,2012,US-2017-TCJA,2017,-5,0.4691,-0.2773,tax,Congress
20000,2012,US-2018-JANUS,2018,-6,0.3938,-0.294,labor_first_amendment,Supreme Court
20000,2012,US-2019-RUCHO,2019,-7,0.4936,-0.3615,democracy_redistricting,Supreme Court
20000,2012,US-2020-BOSTOCK,2020,-8,0.5215,-0.263,lgbtq_labor,Supreme Court
20000,2012,US-2020-CARES,2020,-8,0.6287,-0.2832,crisis_social_insurance,Congress
20000,2012,US-2020-MCGIRT,2020,-8,0.3833,-0.2335,native_policy,Supreme Court
20000,2012,US-2022-BRUEN,2022,-10,0.4572,-0.2876,guns,Supreme Court
20000,2012,US-2022-CHIPS,2022,-10,0.5729,-0.2911,industrial_policy,Congress
20000,2012,US-2022-DOBBS,2022,-10,0.4431,-0.3177,privacy_family,Supreme Court
20000,2012,US-2022-IRA,2022,-10,0.6298,-0.324,climate_industrial_policy,Congress
20000,2012,US-2005-KELO,2005,7,0.5138,-0.3115,property_development,Supreme Court
20000,2012,US-2002-IRAQ-AUMF,2002,10,0.3268,-0.3396,war_powers_security,Congress
20000,2012,US-2009-LILLY-LEDBETTER,2009,3,0.3531,-0.2585,gender_labor,Congress
20000,2012,US-2009-HATE-CRIMES,2009,3,0.5008,-0.1401,civil_rights_criminal_justice,Congress
20000,2012,US-2010-DADT-REPEAL,2010,2,0.47,-0.2799,lgbtq_military,Congress/President
20000,2012,US-2018-FIRST-STEP,2018,-6,0.5262,-0.315,criminal_justice_reform,Congress/President
20000,2012,US-2021-AMERICAN-RESCUE-PLAN,2021,-9,0.5507,-0.275,crisis_social_policy,Congress/President
20000,2012,US-2021-IIJA,2021,-9,0.5768,-0.2901,infrastructure_industrial_policy,Congress/President
20000,2012,US-2021-JUNETEENTH,2021,-9,0.5861,-0.2317,civil_rights_memory,Congress/President
20000,2012,US-2022-BIPARTISAN-SAFER-COMMUNITIES,2022,-10,0.4006,-0.3039,guns_mental_health,Congress/President
20000,2012,US-2022-RESPECT-MARRIAGE,2022,-10,0.5033,-0.3396,lgbtq_family,Congress/President
20000,2012,US-2022-ELECTORAL-COUNT-REFORM,2022,-10,0.4642,-0.301,democracy_elections,Congress/President
5000,2012,US-2002-HAVA,2002,10,0.5474,-0.2517,democracy,Congress
5000,2012,US-2002-HOMELAND-SECURITY,2002,10,0.3823,-0.202,security_state,Congress
5000,2012,US-2002-SOX,2002,10,0.2602,-0.1999,finance_corporate_governance,Congress
5000,2012,US-2003-LAWRENCE,2003,9,0.3961,-0.2592,privacy_lgbtq,Supreme Court
5000,2012,US-2003-MEDICARE-MMA,2003,9,0.5696,-0.2441,health_social_insurance,Congress
5000,2012,US-2007-MASS-EPA,2007,5,0.4561,-0.2897,climate_environment,Supreme Court
5000,2012,US-2008-HELLER,2008,4,0.2685,-0.2796,guns,Supreme Court
5000,2012,US-2009-ARRA,2009,3,0.4871,-0.2196,macroeconomic_governance,Congress
5000,2012,US-2010-ACA,2010,2,0.4729,-0.2525,health_social_insurance,Congress
5000,2012,US-2010-CITIZENS-UNITED,2010,2,0.4569,-0.2833,campaign_finance,Supreme Court
5000,2012,US-2010-DODD-FRANK,2010,2,0.5514,-0.2277,finance,Congress
5000,2012,US-2010-MCDONALD,2010,2,0.5443,-0.265,guns,Supreme Court
5000,2012,US-2012-NFIB,2012,0,0.5442,-0.2368,health_federalism,Supreme Court
5000,2012,US-2013-SHELBY,2013,-1,0.4231,-0.2315,democracy_civil_rights,Supreme Court
5000,2012,US-2013-WINDSOR,2013,-1,0.3263,-0.2357,lgbtq_family,Supreme Court
5000,2012,US-2014-HOBBY-LOBBY,2014,-2,0.4644,-0.2452,religion_health,Supreme Court
5000,2012,US-2015-OBERGEFELL,2015,-3,0.5912,-0.2477,lgbtq_family,Supreme Court
5000,2012,US-2017-TCJA,2017,-5,0.404,-0.2286,tax,Congress
5000,2012,US-2018-JANUS,2018,-6,0.3483,-0.2607,labor_first_amendment,Supreme Court
5000,2012,US-2019-RUCHO,2019,-7,0.4192,-0.2848,democracy_redistricting,Supreme Court
5000,2012,US-2020-BOSTOCK,2020,-8,0.5308,-0.2231,lgbtq_labor,Supreme Court
5000,2012,US-2020-CARES,2020,-8,0.5063,-0.193,crisis_social_insurance,Congress
5000,2012,US-2020-MCGIRT,2020,-8,0.3186,-0.2441,native_policy,Supreme Court
5000,2012,US-2022-BRUEN,2022,-10,0.2509,-0.2672,guns,Supreme Court
5000,2012,US-2022-CHIPS,2022,-10,0.4584,-0.198,industrial_policy,Congress
5000,2012,US-2022-DOBBS,2022,-10,0.3715,-0.2598,privacy_family,Supreme Court
5000,2012,US-2022-IRA,2022,-10,0.4438,-0.2479,climate_industrial_policy,Congress
5000,2012,US-2005-KELO,2005,7,0.4369,-0.2516,property_development,Supreme Court
5000,2012,US-2002-IRAQ-AUMF,2002,10,0.3568,-0.2043,war_powers_security,Congress
5000,2012,US-2009-LILLY-LEDBETTER,2009,3,0.3073,-0.2004,gender_labor,Congress
5000,2012,US-2009-HATE-CRIMES,2009,3,0.4831,-0.1355,civil_rights_criminal_justice,Congress
5000,2012,US-2010-DADT-REPEAL,2010,2,0.4964,-0.2186,lgbtq_military,Congress/President
5000,2012,US-2018-FIRST-STEP,2018,-6,0.4453,-0.2253,criminal_justice_reform,Congress/President
5000,2012,US-2021-AMERICAN-RESCUE-PLAN,2021,-9,0.5928,-0.2019,crisis_social_policy,Congress/President
5000,2012,US-2021-IIJA,2021,-9,0.5082,-0.2226,infrastructure_industrial_policy,Congress/President
5000,2012,US-2021-JUNETEENTH,2021,-9,0.5214,-0.1821,civil_rights_memory,Congress/President
5000,2012,US-2022-BIPARTISAN-SAFER-COMMUNITIES,2022,-10,0.4162,-0.2268,guns_mental_health,Congress/President
5000,2012,US-2022-RESPECT-MARRIAGE,2022,-10,0.4277,-0.2953,lgbtq_family,Congress/President
5000,2012,US-2022-ELECTORAL-COUNT-REFORM,2022,-10,0.4113,-0.2255,democracy_elections,Congress/President
10000,2013,US-2003-LAWRENCE,2003,10,0.4302,-0.2849,privacy_lgbtq,Supreme Court
10000,2013,US-2003-MEDICARE-MMA,2003,10,0.6032,-0.2667,health_social_insurance,Congress
10000,2013,US-2007-MASS-EPA,2007,6,0.5269,-0.2852,climate_environment,Supreme Court
10000,2013,US-2008-HELLER,2008,5,0.3894,-0.2766,guns,Supreme Court
10000,2013,US-2009-ARRA,2009,4,0.505,-0.2366,macroeconomic_governance,Congress
10000,2013,US-2010-ACA,2010,3,0.4841,-0.2831,health_social_insurance,Congress
10000,2013,US-2010-CITIZENS-UNITED,2010,3,0.4691,-0.2993,campaign_finance,Supreme Court
10000,2013,US-2010-DODD-FRANK,2010,3,0.5708,-0.2542,finance,Congress
10000,2013,US-2010-MCDONALD,2010,3,0.5292,-0.271,guns,Supreme Court
10000,2013,US-2012-NFIB,2012,1,0.5678,-0.2695,health_federalism,Supreme Court
10000,2013,US-2013-SHELBY,2013,0,0.4205,-0.2745,democracy_civil_rights,Supreme Court
10000,2013,US-2013-WINDSOR,2013,0,0.3973,-0.2808,lgbtq_family,Supreme Court
10000,2013,US-2014-HOBBY-LOBBY,2014,-1,0.4643,-0.3136,religion_health,Supreme Court
10000,2013,US-2015-OBERGEFELL,2015,-2,0.6067,-0.2784,lgbtq_family,Supreme Court
10000,2013,US-2017-TCJA,2017,-4,0.4143,-0.2399,tax,Congress
10000,2013,US-2018-JANUS,2018,-5,0.4537,-0.2964,labor_first_amendment,Supreme Court
10000,2013,US-2019-RUCHO,2019,-6,0.4717,-0.318,democracy_redistricting,Supreme Court
10000,2013,US-2020-BOSTOCK,2020,-7,0.5907,-0.2118,lgbtq_labor,Supreme Court
10000,2013,US-2020-CARES,2020,-7,0.5117,-0.2232,crisis_social_insurance,Congress
10000,2013,US-2020-MCGIRT,2020,-7,0.3315,-0.2217,native_policy,Supreme Court
10000,2013,US-2022-BRUEN,2022,-9,0.4005,-0.2617,guns,Supreme Court
10000,2013,US-2022-CHIPS,2022,-9,0.5313,-0.2437,industrial_policy,Congress
10000,2013,US-2022-DOBBS,2022,-9,0.4581,-0.2791,privacy_family,Supreme Court
10000,2013,US-2022-IRA,2022,-9,0.526,-0.2684,climate_industrial_policy,Congress
10000,2013,US-2005-KELO,2005,8,0.5512,-0.2799,property_development,Supreme Court
10000,2013,US-2009-LILLY-LEDBETTER,2009,4,0.3172,-0.2235,gender_labor,Congress
10000,2013,US-2009-HATE-CRIMES,2009,4,0.446,-0.1045,civil_rights_criminal_justice,Congress
10000,2013,US-2010-DADT-REPEAL,2010,3,0.4484,-0.2408,lgbtq_military,Congress/President
10000,2013,US-2018-FIRST-STEP,2018,-5,0.4489,-0.2557,criminal_justice_reform,Congress/President
10000,2013,US-2021-AMERICAN-RESCUE-PLAN,2021,-8,0.5364,-0.2254,crisis_social_policy,Congress/President
10000,2013,US-2021-IIJA,2021,-8,0.5376,-0.2545,infrastructure_industrial_policy,Congress/President
10000,2013,US-2021-JUNETEENTH,2021,-8,0.5468,-0.2229,civil_rights_memory,Congress/President
10000,2013,US-2022-BIPARTISAN-SAFER-COMMUNITIES,2022,-9,0.3941,-0.2556,guns_mental_health,Congress/President
10000,2013,US-2022-RESPECT-MARRIAGE,2022,-9,0.467,-0.3006,lgbtq_family,Congress/President
10000,2013,US-2022-ELECTORAL-COUNT-REFORM,2022,-9,0.3614,-0.2718,democracy_elections,Congress/President
20000,2013,US-2003-LAWRENCE,2003,10,0.3096,-0.2951,privacy_lgbtq,Supreme Court
20000,2013,US-2003-MEDICARE-MMA,2003,10,0.487,-0.2666,health_social_insurance,Congress
20000,2013,US-2007-MASS-EPA,2007,6,0.3726,-0.3064,climate_environment,Supreme Court
20000,2013,US-2008-HELLER,2008,5,0.2342,-0.2886,guns,Supreme Court
20000,2013,US-2009-ARRA,2009,4,0.3983,-0.2665,macroeconomic_governance,Congress
20000,2013,US-2010-ACA,2010,3,0.4018,-0.2922,health_social_insurance,Congress
20000,2013,US-2010-CITIZENS-UNITED,2010,3,0.3605,-0.3278,campaign_finance,Supreme Court
20000,2013,US-2010-DODD-FRANK,2010,3,0.3929,-0.2648,finance,Congress
20000,2013,US-2010-MCDONALD,2010,3,0.4637,-0.2861,guns,Supreme Court
20000,2013,US-2012-NFIB,2012,1,0.4733,-0.2783,health_federalism,Supreme Court
20000,2013,US-2013-SHELBY,2013,0,0.3436,-0.2721,democracy_civil_rights,Supreme Court
20000,2013,US-2013-WINDSOR,2013,0,0.262,-0.3038,lgbtq_family,Supreme Court
20000,2013,US-2014-HOBBY-LOBBY,2014,-1,0.3527,-0.3475,religion_health,Supreme Court
20000,2013,US-2015-OBERGEFELL,2015,-2,0.5127,-0.2901,lgbtq_family,Supreme Court
20000,2013,US-2017-TCJA,2017,-4,0.2772,-0.2648,tax,Congress
20000,2013,US-2018-JANUS,2018,-5,0.2911,-0.2987,labor_first_amendment,Supreme Court
20000,2013,US-2019-RUCHO,2019,-6,0.3515,-0.3597,democracy_redistricting,Supreme Court
20000,2013,US-2020-BOSTOCK,2020,-7,0.4023,-0.2111,lgbtq_labor,Supreme Court
20000,2013,US-2020-CARES,2020,-7,0.4613,-0.2584,crisis_social_insurance,Congress
20000,2013,US-2020-MCGIRT,2020,-7,0.2496,-0.2107,native_policy,Supreme Court
20000,2013,US-2022-BRUEN,2022,-9,0.3381,-0.2924,guns,Supreme Court
20000,2013,US-2022-CHIPS,2022,-9,0.4033,-0.2829,industrial_policy,Congress
20000,2013,US-2022-DOBBS,2022,-9,0.3282,-0.3031,privacy_family,Supreme Court
20000,2013,US-2022-IRA,2022,-9,0.4497,-0.3111,climate_industrial_policy,Congress
20000,2013,US-2005-KELO,2005,8,0.3877,-0.2937,property_development,Supreme Court
20000,2013,US-2009-LILLY-LEDBETTER,2009,4,0.2233,-0.231,gender_labor,Congress
20000,2013,US-2009-HATE-CRIMES,2009,4,0.3131,-0.107,civil_rights_criminal_justice,Congress
20000,2013,US-2010-DADT-REPEAL,2010,3,0.3108,-0.2753,lgbtq_military,Congress/President
20000,2013,US-2018-FIRST-STEP,2018,-5,0.3312,-0.3025,criminal_justice_reform,Congress/President
20000,2013,US-2021-AMERICAN-RESCUE-PLAN,2021,-8,0.4383,-0.2474,crisis_social_policy,Congress/President
20000,2013,US-2021-IIJA,2021,-8,0.4832,-0.2799,infrastructure_industrial_policy,Congress/President
20000,2013,US-2021-JUNETEENTH,2021,-8,0.4439,-0.2503,civil_rights_memory,Congress/President
20000,2013,US-2022-BIPARTISAN-SAFER-COMMUNITIES,2022,-9,0.2691,-0.2918,guns_mental_health,Congress/President
20000,2013,US-2022-RESPECT-MARRIAGE,2022,-9,0.3718,-0.3198,lgbtq_family,Congress/President
20000,2013,US-2022-ELECTORAL-COUNT-REFORM,2022,-9,0.2603,-0.2924,democracy_elections,Congress/President
5000,2013,US-2003-LAWRENCE,2003,10,0.3851,-0.2845,privacy_lgbtq,Supreme Court
5000,2013,US-2003-MEDICARE-MMA,2003,10,0.5809,-0.283,health_social_insurance,Congress
5000,2013,US-2007-MASS-EPA,2007,6,0.4979,-0.3237,climate_environment,Supreme Court
5000,2013,US-2008-HELLER,2008,5,0.3591,-0.3045,guns,Supreme Court
5000,2013,US-2009-ARRA,2009,4,0.4655,-0.2686,macroeconomic_governance,Congress
5000,2013,US-2010-ACA,2010,3,0.4944,-0.2998,health_social_insurance,Congress
5000,2013,US-2010-CITIZENS-UNITED,2010,3,0.4789,-0.3113,campaign_finance,Supreme Court
5000,2013,US-2010-DODD-FRANK,2010,3,0.5552,-0.2789,finance,Congress
5000,2013,US-2010-MCDONALD,2010,3,0.5659,-0.279,guns,Supreme Court
5000,2013,US-2012-NFIB,2012,1,0.5322,-0.2733,health_federalism,Supreme Court
5000,2013,US-2013-SHELBY,2013,0,0.3481,-0.2844,democracy_civil_rights,Supreme Court
5000,2013,US-2013-WINDSOR,2013,0,0.382,-0.2706,lgbtq_family,Supreme Court
5000,2013,US-2014-HOBBY-LOBBY,2014,-1,0.4867,-0.2917,religion_health,Supreme Court
5000,2013,US-2015-OBERGEFELL,2015,-2,0.6298,-0.2785,lgbtq_family,Supreme Court
5000,2013,US-2017-TCJA,2017,-4,0.3477,-0.2812,tax,Congress
5000,2013,US-2018-JANUS,2018,-5,0.4305,-0.2931,labor_first_amendment,Supreme Court
5000,2013,US-2019-RUCHO,2019,-6,0.4628,-0.3244,democracy_redistricting,Supreme Court
5000,2013,US-2020-BOSTOCK,2020,-7,0.53,-0.2677,lgbtq_labor,Supreme Court
5000,2013,US-2020-CARES,2020,-7,0.4733,-0.2436,crisis_social_insurance,Congress
5000,2013,US-2020-MCGIRT,2020,-7,0.3283,-0.2497,native_policy,Supreme Court
5000,2013,US-2022-BRUEN,2022,-9,0.304,-0.2955,guns,Supreme Court
5000,2013,US-2022-CHIPS,2022,-9,0.4671,-0.256,industrial_policy,Congress
5000,2013,US-2022-DOBBS,2022,-9,0.384,-0.2987,privacy_family,Supreme Court
5000,2013,US-2022-IRA,2022,-9,0.4703,-0.2993,climate_industrial_policy,Congress
5000,2013,US-2005-KELO,2005,8,0.5262,-0.2964,property_development,Supreme Court
5000,2013,US-2009-LILLY-LEDBETTER,2009,4,0.3028,-0.2478,gender_labor,Congress
5000,2013,US-2009-HATE-CRIMES,2009,4,0.3769,-0.1726,civil_rights_criminal_justice,Congress
5000,2013,US-2010-DADT-REPEAL,2010,3,0.4311,-0.2463,lgbtq_military,Congress/President
5000,2013,US-2018-FIRST-STEP,2018,-5,0.4233,-0.2682,criminal_justice_reform,Congress/President
5000,2013,US-2021-AMERICAN-RESCUE-PLAN,2021,-8,0.4935,-0.2421,crisis_social_policy,Congress/President
5000,2013,US-2021-IIJA,2021,-8,0.4811,-0.2592,infrastructure_industrial_policy,Congress/President
5000,2013,US-2021-JUNETEENTH,2021,-8,0.5918,-0.2258,civil_rights_memory,Congress/President
5000,2013,US-2022-BIPARTISAN-SAFER-COMMUNITIES,2022,-9,0.3514,-0.2633,guns_mental_health,Congress/President
5000,2013,US-2022-RESPECT-MARRIAGE,2022,-9,0.4627,-0.3164,lgbtq_family,Congress/President
5000,2013,US-2022-ELECTORAL-COUNT-REFORM,2022,-9,0.3618,-0.276,democracy_elections,Congress/President
10000,2014,US-2007-MASS-EPA,2007,7,0.3926,-0.2815,climate_environment,Supreme Court
10000,2014,US-2008-HELLER,2008,6,0.2703,-0.2798,guns,Supreme Court
10000,2014,US-2009-ARRA,2009,5,0.408,-0.2299,macroeconomic_governance,Congress
10000,2014,US-2010-ACA,2010,4,0.3675,-0.2793,health_social_insurance,Congress
10000,2014,US-2010-CITIZENS-UNITED,2010,4,0.3783,-0.2879,campaign_finance,Supreme Court
10000,2014,US-2010-DODD-FRANK,2010,4,0.433,-0.2464,finance,Congress
10000,2014,US-2010-MCDONALD,2010,4,0.444,-0.2704,guns,Supreme Court
10000,2014,US-2012-NFIB,2012,2,0.4762,-0.2676,health_federalism,Supreme Court
10000,2014,US-2013-SHELBY,2013,1,0.3099,-0.2483,democracy_civil_rights,Supreme Court
10000,2014,US-2013-WINDSOR,2013,1,0.3036,-0.2805,lgbtq_family,Supreme Court
10000,2014,US-2014-HOBBY-LOBBY,2014,0,0.3696,-0.305,religion_health,Supreme Court
10000,2014,US-2015-OBERGEFELL,2015,-1,0.5272,-0.2707,lgbtq_family,Supreme Court
10000,2014,US-2017-TCJA,2017,-3,0.2888,-0.2349,tax,Congress
10000,2014,US-2018-JANUS,2018,-4,0.3111,-0.2907,labor_first_amendment,Supreme Court
10000,2014,US-2019-RUCHO,2019,-5,0.3143,-0.3343,democracy_redistricting,Supreme Court
10000,2014,US-2020-BOSTOCK,2020,-6,0.3695,-0.2139,lgbtq_labor,Supreme Court
10000,2014,US-2020-CARES,2020,-6,0.4588,-0.2081,crisis_social_insurance,Congress
10000,2014,US-2020-MCGIRT,2020,-6,0.2605,-0.213,native_policy,Supreme Court
10000,2014,US-2022-BRUEN,2022,-8,0.2527,-0.2598,guns,Supreme Court
10000,2014,US-2022-CHIPS,2022,-8,0.408,-0.2307,industrial_policy,Congress
10000,2014,US-2022-DOBBS,2022,-8,0.3342,-0.2765,privacy_family,Supreme Court
10000,2014,US-2022-IRA,2022,-8,0.3921,-0.2541,climate_industrial_policy,Congress
10000,2014,US-2005-KELO,2005,9,0.4098,-0.2731,property_development,Supreme Court
10000,2014,US-2009-LILLY-LEDBETTER,2009,5,0.2069,-0.2302,gender_labor,Congress
10000,2014,US-2009-HATE-CRIMES,2009,5,0.2869,-0.0983,civil_rights_criminal_justice,Congress
10000,2014,US-2010-DADT-REPEAL,2010,4,0.3444,-0.2352,lgbtq_military,Congress/President
10000,2014,US-2018-FIRST-STEP,2018,-4,0.3383,-0.2625,criminal_justice_reform,Congress/President
10000,2014,US-2021-AMERICAN-RESCUE-PLAN,2021,-7,0.4115,-0.2251,crisis_social_policy,Congress/President
10000,2014,US-2021-IIJA,2021,-7,0.4299,-0.2585,infrastructure_industrial_policy,Congress/President
10000,2014,US-2021-JUNETEENTH,2021,-7,0.4168,-0.2232,civil_rights_memory,Congress/President
10000,2014,US-2022-BIPARTISAN-SAFER-COMMUNITIES,2022,-8,0.2601,-0.2555,guns_mental_health,Congress/President
10000,2014,US-2022-RESPECT-MARRIAGE,2022,-8,0.3122,-0.2998,lgbtq_family,Congress/President
10000,2014,US-2022-ELECTORAL-COUNT-REFORM,2022,-8,0.2382,-0.253,democracy_elections,Congress/President
20000,2014,US-2007-MASS-EPA,2007,7,0.5055,-0.2321,climate_environment,Supreme Court
20000,2014,US-2008-HELLER,2008,6,0.3546,-0.238,guns,Supreme Court
20000,2014,US-2009-ARRA,2009,5,0.5959,-0.1847,macroeconomic_governance,Congress
20000,2014,US-2010-ACA,2010,4,0.5807,-0.2034,health_social_insurance,Congress
20000,2014,US-2010-CITIZENS-UNITED,2010,4,0.451,-0.2344,campaign_finance,Supreme Court
20000,2014,US-2010-DODD-FRANK,2010,4,0.5966,-0.1857,finance,Congress
20000,2014,US-2010-MCDONALD,2010,4,0.5465,-0.2087,guns,Supreme Court
20000,2014,US-2012-NFIB,2012,2,0.5762,-0.2148,health_federalism,Supreme Court
20000,2014,US-2013-SHELBY,2013,1,0.4978,-0.1889,democracy_civil_rights,Supreme Court
20000,2014,US-2013-WINDSOR,2013,1,0.4004,-0.2157,lgbtq_family,Supreme Court
20000,2014,US-2014-HOBBY-LOBBY,2014,0,0.4697,-0.2566,religion_health,Supreme Court
20000,2014,US-2015-OBERGEFELL,2015,-1,0.6341,-0.2235,lgbtq_family,Supreme Court
20000,2014,US-2017-TCJA,2017,-3,0.4578,-0.1699,tax,Congress
20000,2014,US-2018-JANUS,2018,-4,0.4076,-0.2238,labor_first_amendment,Supreme Court
20000,2014,US-2019-RUCHO,2019,-5,0.4497,-0.2679,democracy_redistricting,Supreme Court
20000,2014,US-2020-BOSTOCK,2020,-6,0.4814,-0.1821,lgbtq_labor,Supreme Court
20000,2014,US-2020-CARES,2020,-6,0.6549,-0.1853,crisis_social_insurance,Congress
20000,2014,US-2020-MCGIRT,2020,-6,0.3822,-0.155,native_policy,Supreme Court
20000,2014,US-2022-BRUEN,2022,-8,0.3889,-0.2077,guns,Supreme Court
20000,2014,US-2022-CHIPS,2022,-8,0.61,-0.1714,industrial_policy,Congress
20000,2014,US-2022-DOBBS,2022,-8,0.4473,-0.2105,privacy_family,Supreme Court
20000,2014,US-2022-IRA,2022,-8,0.6055,-0.2071,climate_industrial_policy,Congress
20000,2014,US-2005-KELO,2005,9,0.5365,-0.2145,property_development,Supreme Court
20000,2014,US-2009-LILLY-LEDBETTER,2009,5,0.3381,-0.1555,gender_labor,Congress
20000,2014,US-2009-HATE-CRIMES,2009,5,0.498,-0.0921,civil_rights_criminal_justice,Congress
20000,2014,US-2010-DADT-REPEAL,2010,4,0.4797,-0.2077,lgbtq_military,Congress/President
20000,2014,US-2018-FIRST-STEP,2018,-4,0.5,-0.1986,criminal_justice_reform,Congress/President
20000,2014,US-2021-AMERICAN-RESCUE-PLAN,2021,-7,0.5809,-0.1899,crisis_social_policy,Congress/President
20000,2014,US-2021-IIJA,2021,-7,0.6198,-0.2023,infrastructure_industrial_policy,Congress/President
20000,2014,US-2021-JUNETEENTH,2021,-7,0.5954,-0.159,civil_rights_memory,Congress/President
20000,2014,US-2022-BIPARTISAN-SAFER-COMMUNITIES,2022,-8,0.4152,-0.2132,guns_mental_health,Congress/President
20000,2014,US-2022-RESPECT-MARRIAGE,2022,-8,0.5178,-0.2631,lgbtq_family,Congress/President
20000,2014,US-2022-ELECTORAL-COUNT-REFORM,2022,-8,0.3705,-0.19,democracy_elections,Congress/President
5000,2014,US-2007-MASS-EPA,2007,7,0.6176,-0.2957,climate_environment,Supreme Court
5000,2014,US-2008-HELLER,2008,6,0.4954,-0.296,guns,Supreme Court
5000,2014,US-2009-ARRA,2009,5,0.5888,-0.2559,macroeconomic_governance,Congress
5000,2014,US-2010-ACA,2010,4,0.6392,-0.2798,health_social_insurance,Congress
5000,2014,US-2010-CITIZENS-UNITED,2010,4,0.6053,-0.3111,campaign_finance,Supreme Court
5000,2014,US-2010-DODD-FRANK,2010,4,0.6422,-0.2663,finance,Congress
5000,2014,US-2010-MCDONALD,2010,4,0.6737,-0.2892,guns,Supreme Court
5000,2014,US-2012-NFIB,2012,2,0.6447,-0.2718,health_federalism,Supreme Court
5000,2014,US-2013-SHELBY,2013,1,0.4739,-0.2701,democracy_civil_rights,Supreme Court
5000,2014,US-2013-WINDSOR,2013,1,0.4765,-0.271,lgbtq_family,Supreme Court
5000,2014,US-2014-HOBBY-LOBBY,2014,0,0.6239,-0.2808,religion_health,Supreme Court
5000,2014,US-2015-OBERGEFELL,2015,-1,0.7201,-0.2755,lgbtq_family,Supreme Court
5000,2014,US-2017-TCJA,2017,-3,0.5088,-0.2587,tax,Congress
5000,2014,US-2018-JANUS,2018,-4,0.4926,-0.2798,labor_first_amendment,Supreme Court
5000,2014,US-2019-RUCHO,2019,-5,0.5522,-0.3104,democracy_redistricting,Supreme Court
5000,2014,US-2020-BOSTOCK,2020,-6,0.6042,-0.2534,lgbtq_labor,Supreme Court
5000,2014,US-2020-CARES,2020,-6,0.6232,-0.2292,crisis_social_insurance,Congress
5000,2014,US-2020-MCGIRT,2020,-6,0.5033,-0.2458,native_policy,Supreme Court
5000,2014,US-2022-BRUEN,2022,-8,0.4856,-0.285,guns,Supreme Court
5000,2014,US-2022-CHIPS,2022,-8,0.6025,-0.2523,industrial_policy,Congress
5000,2014,US-2022-DOBBS,2022,-8,0.5198,-0.2747,privacy_family,Supreme Court
5000,2014,US-2022-IRA,2022,-8,0.5724,-0.2672,climate_industrial_policy,Congress
5000,2014,US-2005-KELO,2005,9,0.5672,-0.2842,property_development,Supreme Court
5000,2014,US-2009-LILLY-LEDBETTER,2009,5,0.4025,-0.2416,gender_labor,Congress
5000,2014,US-2009-HATE-CRIMES,2009,5,0.5395,-0.1483,civil_rights_criminal_justice,Congress
5000,2014,US-2010-DADT-REPEAL,2010,4,0.5627,-0.238,lgbtq_military,Congress/President
5000,2014,US-2018-FIRST-STEP,2018,-4,0.5905,-0.2505,criminal_justice_reform,Congress/President
5000,2014,US-2021-AMERICAN-RESCUE-PLAN,2021,-7,0.5823,-0.2211,crisis_social_policy,Congress/President
5000,2014,US-2021-IIJA,2021,-7,0.6329,-0.2471,infrastructure_industrial_policy,Congress/President
5000,2014,US-2021-JUNETEENTH,2021,-7,0.6689,-0.2202,civil_rights_memory,Congress/President
5000,2014,US-2022-BIPARTISAN-SAFER-COMMUNITIES,2022,-8,0.4992,-0.2475,guns_mental_health,Congress/President
5000,2014,US-2022-RESPECT-MARRIAGE,2022,-8,0.5025,-0.2956,lgbtq_family,Congress/President
5000,2014,US-2022-ELECTORAL-COUNT-REFORM,2022,-8,0.5054,-0.2533,democracy_elections,Congress/President
10000,2015,US-2007-MASS-EPA,2007,8,0.5169,-0.3084,climate_environment,Supreme Court
10000,2015,US-2008-HELLER,2008,7,0.3575,-0.2924,guns,Supreme Court
10000,2015,US-2009-ARRA,2009,6,0.469,-0.2432,macroeconomic_governance,Congress
10000,2015,US-2010-ACA,2010,5,0.455,-0.2706,health_social_insurance,Congress
10000,2015,US-2010-CITIZENS-UNITED,2010,5,0.4656,-0.305,campaign_finance,Supreme Court
10000,2015,US-2010-DODD-FRANK,2010,5,0.5225,-0.2593,finance,Congress
10000,2015,US-2010-MCDONALD,2010,5,0.56,-0.2865,guns,Supreme Court
10000,2015,US-2012-NFIB,2012,3,0.6017,-0.2766,health_federalism,Supreme Court
10000,2015,US-2013-SHELBY,2013,2,0.4649,-0.2647,democracy_civil_rights,Supreme Court
10000,2015,US-2013-WINDSOR,2013,2,0.3905,-0.2709,lgbtq_family,Supreme Court
10000,2015,US-2014-HOBBY-LOBBY,2014,1,0.464,-0.2922,religion_health,Supreme Court
10000,2015,US-2015-OBERGEFELL,2015,0,0.5927,-0.2784,lgbtq_family,Supreme Court
10000,2015,US-2017-TCJA,2017,-2,0.4041,-0.2446,tax,Congress
10000,2015,US-2018-JANUS,2018,-3,0.4456,-0.2888,labor_first_amendment,Supreme Court
10000,2015,US-2019-RUCHO,2019,-4,0.5188,-0.3349,democracy_redistricting,Supreme Court
10000,2015,US-2020-BOSTOCK,2020,-5,0.5863,-0.224,lgbtq_labor,Supreme Court
10000,2015,US-2020-CARES,2020,-5,0.5261,-0.2137,crisis_social_insurance,Congress
10000,2015,US-2020-MCGIRT,2020,-5,0.3255,-0.2197,native_policy,Supreme Court
10000,2015,US-2022-BRUEN,2022,-7,0.3231,-0.2802,guns,Supreme Court
10000,2015,US-2022-CHIPS,2022,-7,0.4726,-0.2241,industrial_policy,Congress
10000,2015,US-2022-DOBBS,2022,-7,0.4156,-0.2942,privacy_family,Supreme Court
10000,2015,US-2022-IRA,2022,-7,0.519,-0.2703,climate_industrial_policy,Congress
10000,2015,US-2005-KELO,2005,10,0.5148,-0.2865,property_development,Supreme Court
10000,2015,US-2009-LILLY-LEDBETTER,2009,6,0.2861,-0.2279,gender_labor,Congress
10000,2015,US-2009-HATE-CRIMES,2009,6,0.4107,-0.1293,civil_rights_criminal_justice,Congress
10000,2015,US-2010-DADT-REPEAL,2010,5,0.46,-0.257,lgbtq_military,Congress/President
10000,2015,US-2018-FIRST-STEP,2018,-3,0.4348,-0.2641,criminal_justice_reform,Congress/President
10000,2015,US-2021-AMERICAN-RESCUE-PLAN,2021,-6,0.5107,-0.2411,crisis_social_policy,Congress/President
10000,2015,US-2021-IIJA,2021,-6,0.4757,-0.2557,infrastructure_industrial_policy,Congress/President
10000,2015,US-2021-JUNETEENTH,2021,-6,0.4726,-0.2059,civil_rights_memory,Congress/President
10000,2015,US-2022-BIPARTISAN-SAFER-COMMUNITIES,2022,-7,0.3972,-0.2691,guns_mental_health,Congress/President
10000,2015,US-2022-RESPECT-MARRIAGE,2022,-7,0.4032,-0.3136,lgbtq_family,Congress/President
10000,2015,US-2022-ELECTORAL-COUNT-REFORM,2022,-7,0.2866,-0.266,democracy_elections,Congress/President
20000,2015,US-2007-MASS-EPA,2007,8,0.5251,-0.2818,climate_environment,Supreme Court
20000,2015,US-2008-HELLER,2008,7,0.3977,-0.258,guns,Supreme Court
20000,2015,US-2009-ARRA,2009,6,0.6218,-0.2247,macroeconomic_governance,Congress
20000,2015,US-2010-ACA,2010,5,0.6217,-0.2515,health_social_insurance,Congress
20000,2015,US-2010-CITIZENS-UNITED,2010,5,0.5698,-0.287,campaign_finance,Supreme Court
20000,2015,US-2010-DODD-FRANK,2010,5,0.6603,-0.2236,finance,Congress
20000,2015,US-2010-MCDONALD,2010,5,0.6789,-0.2572,guns,Supreme Court
20000,2015,US-2012-NFIB,2012,3,0.6714,-0.25,health_federalism,Supreme Court
20000,2015,US-2013-SHELBY,2013,2,0.5553,-0.2372,democracy_civil_rights,Supreme Court
20000,2015,US-2013-WINDSOR,2013,2,0.4744,-0.2653,lgbtq_family,Supreme Court
20000,2015,US-2014-HOBBY-LOBBY,2014,1,0.5989,-0.3112,religion_health,Supreme Court
20000,2015,US-2015-OBERGEFELL,2015,0,0.7161,-0.2569,lgbtq_family,Supreme Court
20000,2015,US-2017-TCJA,2017,-2,0.5325,-0.2148,tax,Congress
20000,2015,US-2018-JANUS,2018,-3,0.4728,-0.2677,labor_first_amendment,Supreme Court
20000,2015,US-2019-RUCHO,2019,-4,0.5891,-0.348,democracy_redistricting,Supreme Court
20000,2015,US-2020-BOSTOCK,2020,-5,0.5869,-0.2227,lgbtq_labor,Supreme Court
20000,2015,US-2020-CARES,2020,-5,0.7137,-0.2212,crisis_social_insurance,Congress
20000,2015,US-2020-MCGIRT,2020,-5,0.4721,-0.191,native_policy,Supreme Court
20000,2015,US-2022-BRUEN,2022,-7,0.4067,-0.2493,guns,Supreme Court
20000,2015,US-2022-CHIPS,2022,-7,0.6556,-0.2245,industrial_policy,Congress
20000,2015,US-2022-DOBBS,2022,-7,0.512,-0.2558,privacy_family,Supreme Court
20000,2015,US-2022-IRA,2022,-7,0.697,-0.2664,climate_industrial_policy,Congress
20000,2015,US-2005-KELO,2005,10,0.6064,-0.2628,property_development,Supreme Court
20000,2015,US-2009-LILLY-LEDBETTER,2009,6,0.3641,-0.1942,gender_labor,Congress
20000,2015,US-2009-HATE-CRIMES,2009,6,0.523,-0.112,civil_rights_criminal_justice,Congress
20000,2015,US-2010-DADT-REPEAL,2010,5,0.5633,-0.2398,lgbtq_military,Congress/President
20000,2015,US-2018-FIRST-STEP,2018,-3,0.5357,-0.2553,criminal_justice_reform,Congress/President
20000,2015,US-2021-AMERICAN-RESCUE-PLAN,2021,-6,0.6157,-0.2251,crisis_social_policy,Congress/President
20000,2015,US-2021-IIJA,2021,-6,0.627,-0.2454,infrastructure_industrial_policy,Congress/President
20000,2015,US-2021-JUNETEENTH,2021,-6,0.6453,-0.1903,civil_rights_memory,Congress/President
20000,2015,US-2022-BIPARTISAN-SAFER-COMMUNITIES,2022,-7,0.4432,-0.2626,guns_mental_health,Congress/President
20000,2015,US-2022-RESPECT-MARRIAGE,2022,-7,0.5361,-0.2877,lgbtq_family,Congress/President
20000,2015,US-2022-ELECTORAL-COUNT-REFORM,2022,-7,0.403,-0.2369,democracy_elections,Congress/President
5000,2015,US-2007-MASS-EPA,2007,8,0.6915,-0.2572,climate_environment,Supreme Court
5000,2015,US-2008-HELLER,2008,7,0.5345,-0.2553,guns,Supreme Court
5000,2015,US-2009-ARRA,2009,6,0.6748,-0.201,macroeconomic_governance,Congress
5000,2015,US-2010-ACA,2010,5,0.7146,-0.2428,health_social_insurance,Congress
5000,2015,US-2010-CITIZENS-UNITED,2010,5,0.7219,-0.2643,campaign_finance,Supreme Court
5000,2015,US-2010-DODD-FRANK,2010,5,0.7546,-0.2263,finance,Congress
5000,2015,US-2010-MCDONALD,2010,5,0.7548,-0.2431,guns,Supreme Court
5000,2015,US-2012-NFIB,2012,3,0.7764,-0.2085,health_federalism,Supreme Court
5000,2015,US-2013-SHELBY,2013,2,0.662,-0.2103,democracy_civil_rights,Supreme Court
5000,2015,US-2013-WINDSOR,2013,2,0.5689,-0.2182,lgbtq_family,Supreme Court
5000,2015,US-2014-HOBBY-LOBBY,2014,1,0.705,-0.245,religion_health,Supreme Court
5000,2015,US-2015-OBERGEFELL,2015,0,0.8203,-0.2323,lgbtq_family,Supreme Court
5000,2015,US-2017-TCJA,2017,-2,0.5535,-0.2081,tax,Congress
5000,2015,US-2018-JANUS,2018,-3,0.6293,-0.2514,labor_first_amendment,Supreme Court
5000,2015,US-2019-RUCHO,2019,-4,0.6274,-0.2801,democracy_redistricting,Supreme Court
5000,2015,US-2020-BOSTOCK,2020,-5,0.7064,-0.2126,lgbtq_labor,Supreme Court
5000,2015,US-2020-CARES,2020,-5,0.7238,-0.1803,crisis_social_insurance,Congress
5000,2015,US-2020-MCGIRT,2020,-5,0.4939,-0.1969,native_policy,Supreme Court
5000,2015,US-2022-BRUEN,2022,-7,0.5151,-0.2423,guns,Supreme Court
5000,2015,US-2022-CHIPS,2022,-7,0.6883,-0.1832,industrial_policy,Congress
5000,2015,US-2022-DOBBS,2022,-7,0.5602,-0.2473,privacy_family,Supreme Court
5000,2015,US-2022-IRA,2022,-7,0.7156,-0.2224,climate_industrial_policy,Congress
5000,2015,US-2005-KELO,2005,10,0.6806,-0.2319,property_development,Supreme Court
5000,2015,US-2009-LILLY-LEDBETTER,2009,6,0.4645,-0.1954,gender_labor,Congress
5000,2015,US-2009-HATE-CRIMES,2009,6,0.6647,-0.1099,civil_rights_criminal_justice,Congress
5000,2015,US-2010-DADT-REPEAL,2010,5,0.6605,-0.1949,lgbtq_military,Congress/President
5000,2015,US-2018-FIRST-STEP,2018,-3,0.6313,-0.2175,criminal_justice_reform,Congress/President
5000,2015,US-2021-AMERICAN-RESCUE-PLAN,2021,-6,0.7306,-0.1876,crisis_social_policy,Congress/President
5000,2015,US-2021-IIJA,2021,-6,0.7217,-0.2019,infrastructure_industrial_policy,Congress/President
5000,2015,US-2021-JUNETEENTH,2021,-6,0.7439,-0.1616,civil_rights_memory,Congress/President
5000,2015,US-2022-BIPARTISAN-SAFER-COMMUNITIES,2022,-7,0.5719,-0.2146,guns_mental_health,Congress/President
5000,2015,US-2022-RESPECT-MARRIAGE,2022,-7,0.6464,-0.2495,lgbtq_family,Congress/President
5000,2015,US-2022-ELECTORAL-COUNT-REFORM,2022,-7,0.5414,-0.2211,democracy_elections,Congress/President
10000,2016,US-2007-MASS-EPA,2007,9,0.5112,-0.285,climate_environment,Supreme Court
10000,2016,US-2008-HELLER,2008,8,0.386,-0.2683,guns,Supreme Court
10000,2016,US-2009-ARRA,2009,7,0.5355,-0.2417,macroeconomic_governance,Congress
10000,2016,US-2010-ACA,2010,6,0.5418,-0.2646,health_social_insurance,Congress
10000,2016,US-2010-CITIZENS-UNITED,2010,6,0.5448,-0.2792,campaign_finance,Supreme Court
10000,2016,US-2010-DODD-FRANK,2010,6,0.581,-0.2522,finance,Congress
10000,2016,US-2010-MCDONALD,2010,6,0.5974,-0.2591,guns,Supreme Court
10000,2016,US-2012-NFIB,2012,4,0.6447,-0.2521,health_federalism,Supreme Court
10000,2016,US-2013-SHELBY,2013,3,0.4907,-0.2486,democracy_civil_rights,Supreme Court
10000,2016,US-2013-WINDSOR,2013,3,0.4564,-0.2541,lgbtq_family,Supreme Court
10000,2016,US-2014-HOBBY-LOBBY,2014,2,0.5223,-0.2836,religion_health,Supreme Court
10000,2016,US-2015-OBERGEFELL,2015,1,0.6615,-0.2553,lgbtq_family,Supreme Court
10000,2016,US-2017-TCJA,2017,-1,0.4451,-0.2291,tax,Congress
10000,2016,US-2018-JANUS,2018,-2,0.4618,-0.2699,labor_first_amendment,Supreme Court
10000,2016,US-2019-RUCHO,2019,-3,0.4941,-0.3125,democracy_redistricting,Supreme Court
10000,2016,US-2020-BOSTOCK,2020,-4,0.5792,-0.2019,lgbtq_labor,Supreme Court
10000,2016,US-2020-CARES,2020,-4,0.5802,-0.2183,crisis_social_insurance,Congress
10000,2016,US-2020-MCGIRT,2020,-4,0.4104,-0.1907,native_policy,Supreme Court
10000,2016,US-2022-BRUEN,2022,-6,0.4367,-0.2598,guns,Supreme Court
10000,2016,US-2022-CHIPS,2022,-6,0.5599,-0.2282,industrial_policy,Congress
10000,2016,US-2022-DOBBS,2022,-6,0.487,-0.273,privacy_family,Supreme Court
10000,2016,US-2022-IRA,2022,-6,0.5713,-0.2522,climate_industrial_policy,Congress
10000,2016,US-2009-LILLY-LEDBETTER,2009,7,0.3493,-0.2158,gender_labor,Congress
10000,2016,US-2009-HATE-CRIMES,2009,7,0.4709,-0.109,civil_rights_criminal_justice,Congress
10000,2016,US-2010-DADT-REPEAL,2010,6,0.4445,-0.2408,lgbtq_military,Congress/President
10000,2016,US-2018-FIRST-STEP,2018,-2,0.5547,-0.2479,criminal_justice_reform,Congress/President
10000,2016,US-2021-AMERICAN-RESCUE-PLAN,2021,-5,0.5469,-0.2298,crisis_social_policy,Congress/President
10000,2016,US-2021-IIJA,2021,-5,0.5728,-0.2388,infrastructure_industrial_policy,Congress/President
10000,2016,US-2021-JUNETEENTH,2021,-5,0.6269,-0.1958,civil_rights_memory,Congress/President
10000,2016,US-2022-BIPARTISAN-SAFER-COMMUNITIES,2022,-6,0.4192,-0.2466,guns_mental_health,Congress/President
10000,2016,US-2022-RESPECT-MARRIAGE,2022,-6,0.4939,-0.2912,lgbtq_family,Congress/President
10000,2016,US-2022-ELECTORAL-COUNT-REFORM,2022,-6,0.4566,-0.2456,democracy_elections,Congress/President
20000,2016,US-2007-MASS-EPA,2007,9,0.6528,-0.2818,climate_environment,Supreme Court
20000,2016,US-2008-HELLER,2008,8,0.4832,-0.2422,guns,Supreme Court
20000,2016,US-2009-ARRA,2009,7,0.6883,-0.2245,macroeconomic_governance,Congress
20000,2016,US-2010-ACA,2010,6,0.6638,-0.2307,health_social_insurance,Congress
20000,2016,US-2010-CITIZENS-UNITED,2010,6,0.625,-0.2794,campaign_finance,Supreme Court
20000,2016,US-2010-DODD-FRANK,2010,6,0.6716,-0.2227,finance,Congress
20000,2016,US-2010-MCDONALD,2010,6,0.6805,-0.2525,guns,Supreme Court
20000,2016,US-2012-NFIB,2012,4,0.7915,-0.2572,health_federalism,Supreme Court
20000,2016,US-2013-SHELBY,2013,3,0.6181,-0.2233,democracy_civil_rights,Supreme Court
20000,2016,US-2013-WINDSOR,2013,3,0.5099,-0.2524,lgbtq_family,Supreme Court
20000,2016,US-2014-HOBBY-LOBBY,2014,2,0.625,-0.2896,religion_health,Supreme Court
20000,2016,US-2015-OBERGEFELL,2015,1,0.758,-0.2496,lgbtq_family,Supreme Court
20000,2016,US-2017-TCJA,2017,-1,0.5416,-0.1962,tax,Congress
20000,2016,US-2018-JANUS,2018,-2,0.5338,-0.211,labor_first_amendment,Supreme Court
20000,2016,US-2019-RUCHO,2019,-3,0.5662,-0.3444,democracy_redistricting,Supreme Court
20000,2016,US-2020-BOSTOCK,2020,-4,0.6419,-0.2027,lgbtq_labor,Supreme Court
20000,2016,US-2020-CARES,2020,-4,0.7621,-0.2028,crisis_social_insurance,Congress
20000,2016,US-2020-MCGIRT,2020,-4,0.4897,-0.1682,native_policy,Supreme Court
20000,2016,US-2022-BRUEN,2022,-6,0.4896,-0.2535,guns,Supreme Court
20000,2016,US-2022-CHIPS,2022,-6,0.6906,-0.2053,industrial_policy,Congress
20000,2016,US-2022-DOBBS,2022,-6,0.5886,-0.2698,privacy_family,Supreme Court
20000,2016,US-2022-IRA,2022,-6,0.7521,-0.2568,climate_industrial_policy,Congress
20000,2016,US-2009-LILLY-LEDBETTER,2009,7,0.4282,-0.1944,gender_labor,Congress
20000,2016,US-2009-HATE-CRIMES,2009,7,0.6094,-0.0726,civil_rights_criminal_justice,Congress
20000,2016,US-2010-DADT-REPEAL,2010,6,0.5662,-0.243,lgbtq_military,Congress/President
20000,2016,US-2018-FIRST-STEP,2018,-2,0.6514,-0.2656,criminal_justice_reform,Congress/President
20000,2016,US-2021-AMERICAN-RESCUE-PLAN,2021,-5,0.7009,-0.2261,crisis_social_policy,Congress/President
20000,2016,US-2021-IIJA,2021,-5,0.7282,-0.2559,infrastructure_industrial_policy,Congress/President
20000,2016,US-2021-JUNETEENTH,2021,-5,0.716,-0.1832,civil_rights_memory,Congress/President
20000,2016,US-2022-BIPARTISAN-SAFER-COMMUNITIES,2022,-6,0.5149,-0.2726,guns_mental_health,Congress/President
20000,2016,US-2022-RESPECT-MARRIAGE,2022,-6,0.6321,-0.3006,lgbtq_family,Congress/President
20000,2016,US-2022-ELECTORAL-COUNT-REFORM,2022,-6,0.5278,-0.2252,democracy_elections,Congress/President
5000,2016,US-2007-MASS-EPA,2007,9,0.3306,-0.3183,climate_environment,Supreme Court
5000,2016,US-2008-HELLER,2008,8,0.2507,-0.2932,guns,Supreme Court
5000,2016,US-2009-ARRA,2009,7,0.3293,-0.2581,macroeconomic_governance,Congress
5000,2016,US-2010-ACA,2010,6,0.3565,-0.2851,health_social_insurance,Congress
5000,2016,US-2010-CITIZENS-UNITED,2010,6,0.3797,-0.2985,campaign_finance,Supreme Court
5000,2016,US-2010-DODD-FRANK,2010,6,0.44,-0.2662,finance,Congress
5000,2016,US-2010-MCDONALD,2010,6,0.443,-0.2741,guns,Supreme Court
5000,2016,US-2012-NFIB,2012,4,0.4401,-0.2677,health_federalism,Supreme Court
5000,2016,US-2013-SHELBY,2013,3,0.2407,-0.2749,democracy_civil_rights,Supreme Court
5000,2016,US-2013-WINDSOR,2013,3,0.28,-0.2637,lgbtq_family,Supreme Court
5000,2016,US-2014-HOBBY-LOBBY,2014,2,0.3517,-0.289,religion_health,Supreme Court
5000,2016,US-2015-OBERGEFELL,2015,1,0.4638,-0.2743,lgbtq_family,Supreme Court
5000,2016,US-2017-TCJA,2017,-1,0.2576,-0.2623,tax,Congress
5000,2016,US-2018-JANUS,2018,-2,0.2835,-0.2766,labor_first_amendment,Supreme Court
5000,2016,US-2019-RUCHO,2019,-3,0.3764,-0.3092,democracy_redistricting,Supreme Court
5000,2016,US-2020-BOSTOCK,2020,-4,0.4132,-0.2429,lgbtq_labor,Supreme Court
5000,2016,US-2020-CARES,2020,-4,0.355,-0.2299,crisis_social_insurance,Congress
5000,2016,US-2020-MCGIRT,2020,-4,0.2143,-0.2315,native_policy,Supreme Court
5000,2016,US-2022-BRUEN,2022,-6,0.2423,-0.2876,guns,Supreme Court
5000,2016,US-2022-CHIPS,2022,-6,0.3291,-0.2513,industrial_policy,Congress
5000,2016,US-2022-DOBBS,2022,-6,0.2753,-0.2868,privacy_family,Supreme Court
5000,2016,US-2022-IRA,2022,-6,0.3344,-0.286,climate_industrial_policy,Congress
5000,2016,US-2009-LILLY-LEDBETTER,2009,7,0.187,-0.2308,gender_labor,Congress
5000,2016,US-2009-HATE-CRIMES,2009,7,0.3215,-0.15,civil_rights_criminal_justice,Congress
5000,2016,US-2010-DADT-REPEAL,2010,6,0.3091,-0.2377,lgbtq_military,Congress/President
5000,2016,US-2018-FIRST-STEP,2018,-2,0.2524,-0.2592,criminal_justice_reform,Congress/President
5000,2016,US-2021-AMERICAN-RESCUE-PLAN,2021,-5,0.3934,-0.2349,crisis_social_policy,Congress/President
5000,2016,US-2021-IIJA,2021,-5,0.36,-0.2464,infrastructure_industrial_policy,Congress/President
5000,2016,US-2021-JUNETEENTH,2021,-5,0.441,-0.2078,civil_rights_memory,Congress/President
5000,2016,US-2022-BIPARTISAN-SAFER-COMMUNITIES,2022,-6,0.2458,-0.2575,guns_mental_health,Congress/President
5000,2016,US-2022-RESPECT-MARRIAGE,2022,-6,0.2953,-0.3068,lgbtq_family,Congress/President
5000,2016,US-2022-ELECTORAL-COUNT-REFORM,2022,-6,0.2475,-0.2601,democracy_elections,Congress/President
10000,2017,US-2007-MASS-EPA,2007,10,0.4595,-0.2596,climate_environment,Supreme Court
10000,2017,US-2008-HELLER,2008,9,0.2809,-0.2379,guns,Supreme Court
10000,2017,US-2009-ARRA,2009,8,0.4781,-0.213,macroeconomic_governance,Congress
10000,2017,US-2010-ACA,2010,7,0.4709,-0.2334,health_social_insurance,Congress
10000,2017,US-2010-CITIZENS-UNITED,2010,7,0.4679,-0.2698,campaign_finance,Supreme Court
10000,2017,US-2010-DODD-FRANK,2010,7,0.5048,-0.2187,finance,Congress
10000,2017,US-2010-MCDONALD,2010,7,0.4954,-0.2334,guns,Supreme Court
10000,2017,US-2012-NFIB,2012,5,0.5687,-0.2326,health_federalism,Supreme Court
10000,2017,US-2013-SHELBY,2013,4,0.4275,-0.2246,democracy_civil_rights,Supreme Court
10000,2017,US-2013-WINDSOR,2013,4,0.3109,-0.2293,lgbtq_family,Supreme Court
10000,2017,US-2014-HOBBY-LOBBY,2014,3,0.4446,-0.2668,religion_health,Supreme Court
10000,2017,US-2015-OBERGEFELL,2015,2,0.578,-0.2258,lgbtq_family,Supreme Court
10000,2017,US-2017-TCJA,2017,0,0.3429,-0.2206,tax,Congress
10000,2017,US-2018-JANUS,2018,-1,0.3841,-0.2509,labor_first_amendment,Supreme Court
10000,2017,US-2019-RUCHO,2019,-2,0.433,-0.2821,democracy_redistricting,Supreme Court
10000,2017,US-2020-BOSTOCK,2020,-3,0.5063,-0.1842,lgbtq_labor,Supreme Court
10000,2017,US-2020-CARES,2020,-3,0.5192,-0.1795,crisis_social_insurance,Congress
10000,2017,US-2020-MCGIRT,2020,-3,0.2612,-0.1916,native_policy,Supreme Court
10000,2017,US-2022-BRUEN,2022,-5,0.3208,-0.2333,guns,Supreme Court
10000,2017,US-2022-CHIPS,2022,-5,0.5046,-0.2151,industrial_policy,Congress
10000,2017,US-2022-DOBBS,2022,-5,0.3786,-0.2517,privacy_family,Supreme Court
10000,2017,US-2022-IRA,2022,-5,0.4863,-0.2458,climate_industrial_policy,Congress
10000,2017,US-2009-LILLY-LEDBETTER,2009,8,0.2239,-0.1886,gender_labor,Congress
10000,2017,US-2009-HATE-CRIMES,2009,8,0.3476,-0.0904,civil_rights_criminal_justice,Congress
10000,2017,US-2010-DADT-REPEAL,2010,7,0.3524,-0.2244,lgbtq_military,Congress/President
10000,2017,US-2018-FIRST-STEP,2018,-1,0.4282,-0.2483,criminal_justice_reform,Congress/President
10000,2017,US-2021-AMERICAN-RESCUE-PLAN,2021,-4,0.4786,-0.2178,crisis_social_policy,Congress/President
10000,2017,US-2021-IIJA,2021,-4,0.4798,-0.2405,infrastructure_industrial_policy,Congress/President
10000,2017,US-2021-JUNETEENTH,2021,-4,0.4922,-0.1864,civil_rights_memory,Congress/President
10000,2017,US-2022-BIPARTISAN-SAFER-COMMUNITIES,2022,-5,0.3598,-0.2425,guns_mental_health,Congress/President
10000,2017,US-2022-RESPECT-MARRIAGE,2022,-5,0.3512,-0.2789,lgbtq_family,Congress/President
10000,2017,US-2022-ELECTORAL-COUNT-REFORM,2022,-5,0.2881,-0.2456,democracy_elections,Congress/President
20000,2017,US-2007-MASS-EPA,2007,10,0.4343,-0.2667,climate_environment,Supreme Court
20000,2017,US-2008-HELLER,2008,9,0.3232,-0.2311,guns,Supreme Court
20000,2017,US-2009-ARRA,2009,8,0.5294,-0.2118,macroeconomic_governance,Congress
20000,2017,US-2010-ACA,2010,7,0.4746,-0.2144,health_social_insurance,Congress
20000,2017,US-2010-CITIZENS-UNITED,2010,7,0.4783,-0.2602,campaign_finance,Supreme Court
20000,2017,US-2010-DODD-FRANK,2010,7,0.5142,-0.2047,finance,Congress
20000,2017,US-2010-MCDONALD,2010,7,0.5188,-0.221,guns,Supreme Court
20000,2017,US-2012-NFIB,2012,5,0.6206,-0.2269,health_federalism,Supreme Court
20000,2017,US-2013-SHELBY,2013,4,0.4519,-0.2119,democracy_civil_rights,Supreme Court
20000,2017,US-2013-WINDSOR,2013,4,0.2993,-0.2283,lgbtq_family,Supreme Court
20000,2017,US-2014-HOBBY-LOBBY,2014,3,0.4285,-0.2857,religion_health,Supreme Court
20000,2017,US-2015-OBERGEFELL,2015,2,0.6142,-0.2262,lgbtq_family,Supreme Court
20000,2017,US-2017-TCJA,2017,0,0.3507,-0.1976,tax,Congress
20000,2017,US-2018-JANUS,2018,-1,0.3718,-0.215,labor_first_amendment,Supreme Court
20000,2017,US-2019-RUCHO,2019,-2,0.475,-0.2942,democracy_redistricting,Supreme Court
20000,2017,US-2020-BOSTOCK,2020,-3,0.4953,-0.1695,lgbtq_labor,Supreme Court
20000,2017,US-2020-CARES,2020,-3,0.6132,-0.1852,crisis_social_insurance,Congress
20000,2017,US-2020-MCGIRT,2020,-3,0.3125,-0.1759,native_policy,Supreme Court
20000,2017,US-2022-BRUEN,2022,-5,0.3404,-0.234,guns,Supreme Court
20000,2017,US-2022-CHIPS,2022,-5,0.5338,-0.2038,industrial_policy,Congress
20000,2017,US-2022-DOBBS,2022,-5,0.3479,-0.2492,privacy_family,Supreme Court
20000,2017,US-2022-IRA,2022,-5,0.5616,-0.2473,climate_industrial_policy,Congress
20000,2017,US-2009-LILLY-LEDBETTER,2009,8,0.2399,-0.1524,gender_labor,Congress
20000,2017,US-2009-HATE-CRIMES,2009,8,0.4447,-0.0697,civil_rights_criminal_justice,Congress
20000,2017,US-2010-DADT-REPEAL,2010,7,0.4042,-0.2112,lgbtq_military,Congress/President
20000,2017,US-2018-FIRST-STEP,2018,-1,0.483,-0.2424,criminal_justice_reform,Congress/President
20000,2017,US-2021-AMERICAN-RESCUE-PLAN,2021,-4,0.568,-0.1957,crisis_social_policy,Congress/President
20000,2017,US-2021-IIJA,2021,-4,0.5911,-0.2286,infrastructure_industrial_policy,Congress/President
20000,2017,US-2021-JUNETEENTH,2021,-4,0.5552,-0.1794,civil_rights_memory,Congress/President
20000,2017,US-2022-BIPARTISAN-SAFER-COMMUNITIES,2022,-5,0.393,-0.2457,guns_mental_health,Congress/President
20000,2017,US-2022-RESPECT-MARRIAGE,2022,-5,0.409,-0.2663,lgbtq_family,Congress/President
20000,2017,US-2022-ELECTORAL-COUNT-REFORM,2022,-5,0.3227,-0.2344,democracy_elections,Congress/President
5000,2017,US-2007-MASS-EPA,2007,10,0.6597,-0.2485,climate_environment,Supreme Court
5000,2017,US-2008-HELLER,2008,9,0.4715,-0.2417,guns,Supreme Court
5000,2017,US-2009-ARRA,2009,8,0.6349,-0.1893,macroeconomic_governance,Congress
5000,2017,US-2010-ACA,2010,7,0.6345,-0.2344,health_social_insurance,Congress
5000,2017,US-2010-CITIZENS-UNITED,2010,7,0.6334,-0.2618,campaign_finance,Supreme Court
5000,2017,US-2010-DODD-FRANK,2010,7,0.6728,-0.2151,finance,Congress
5000,2017,US-2010-MCDONALD,2010,7,0.6818,-0.2354,guns,Supreme Court
5000,2017,US-2012-NFIB,2012,5,0.6788,-0.1992,health_federalism,Supreme Court
5000,2017,US-2013-SHELBY,2013,4,0.5641,-0.2093,democracy_civil_rights,Supreme Court
5000,2017,US-2013-WINDSOR,2013,4,0.5003,-0.2158,lgbtq_family,Supreme Court
5000,2017,US-2014-HOBBY-LOBBY,2014,3,0.6553,-0.2397,religion_health,Supreme Court
5000,2017,US-2015-OBERGEFELL,2015,2,0.7381,-0.2228,lgbtq_family,Supreme Court
5000,2017,US-2017-TCJA,2017,0,0.5214,-0.2068,tax,Congress
5000,2017,US-2018-JANUS,2018,-1,0.5471,-0.2442,labor_first_amendment,Supreme Court
5000,2017,US-2019-RUCHO,2019,-2,0.5904,-0.2532,democracy_redistricting,Supreme Court
5000,2017,US-2020-BOSTOCK,2020,-3,0.6108,-0.1854,lgbtq_labor,Supreme Court
5000,2017,US-2020-CARES,2020,-3,0.6496,-0.1683,crisis_social_insurance,Congress
5000,2017,US-2020-MCGIRT,2020,-3,0.4504,-0.1828,native_policy,Supreme Court
5000,2017,US-2022-BRUEN,2022,-5,0.4476,-0.2344,guns,Supreme Court
5000,2017,US-2022-CHIPS,2022,-5,0.6176,-0.1846,industrial_policy,Congress
5000,2017,US-2022-DOBBS,2022,-5,0.5319,-0.2411,privacy_family,Supreme Court
5000,2017,US-2022-IRA,2022,-5,0.6363,-0.2251,climate_industrial_policy,Congress
5000,2017,US-2009-LILLY-LEDBETTER,2009,8,0.4214,-0.1807,gender_labor,Congress
5000,2017,US-2009-HATE-CRIMES,2009,8,0.5908,-0.0959,civil_rights_criminal_justice,Congress
5000,2017,US-2010-DADT-REPEAL,2010,7,0.5745,-0.1964,lgbtq_military,Congress/President
5000,2017,US-2018-FIRST-STEP,2018,-1,0.5437,-0.2096,criminal_justice_reform,Congress/President
5000,2017,US-2021-AMERICAN-RESCUE-PLAN,2021,-4,0.6458,-0.1912,crisis_social_policy,Congress/President
5000,2017,US-2021-IIJA,2021,-4,0.6668,-0.2071,infrastructure_industrial_policy,Congress/President
5000,2017,US-2021-JUNETEENTH,2021,-4,0.7058,-0.1725,civil_rights_memory,Congress/President
5000,2017,US-2022-BIPARTISAN-SAFER-COMMUNITIES,2022,-5,0.5141,-0.2024,guns_mental_health,Congress/President
5000,2017,US-2022-RESPECT-MARRIAGE,2022,-5,0.5893,-0.259,lgbtq_family,Congress/President
5000,2017,US-2022-ELECTORAL-COUNT-REFORM,2022,-5,0.5211,-0.2063,democracy_elections,Congress/President
10000,2018,US-2008-HELLER,2008,10,0.3183,-0.2805,guns,Supreme Court
10000,2018,US-2009-ARRA,2009,9,0.4912,-0.2269,macroeconomic_governance,Congress
10000,2018,US-2010-ACA,2010,8,0.4208,-0.2635,health_social_insurance,Congress
10000,2018,US-2010-CITIZENS-UNITED,2010,8,0.4694,-0.3024,campaign_finance,Supreme Court
10000,2018,US-2010-DODD-FRANK,2010,8,0.484,-0.251,finance,Congress
10000,2018,US-2010-MCDONALD,2010,8,0.5109,-0.2901,guns,Supreme Court
10000,2018,US-2012-NFIB,2012,6,0.6065,-0.2584,health_federalism,Supreme Court
10000,2018,US-2013-SHELBY,2013,5,0.4664,-0.2463,democracy_civil_rights,Supreme Court
10000,2018,US-2013-WINDSOR,2013,5,0.3383,-0.2653,lgbtq_family,Supreme Court
10000,2018,US-2014-HOBBY-LOBBY,2014,4,0.4172,-0.2769,religion_health,Supreme Court
10000,2018,US-2015-OBERGEFELL,2015,3,0.6079,-0.2701,lgbtq_family,Supreme Court
10000,2018,US-2017-TCJA,2017,1,0.362,-0.2268,tax,Congress
10000,2018,US-2018-JANUS,2018,0,0.4215,-0.2726,labor_first_amendment,Supreme Court
10000,2018,US-2019-RUCHO,2019,-1,0.4486,-0.3027,democracy_redistricting,Supreme Court
10000,2018,US-2020-BOSTOCK,2020,-2,0.5733,-0.2221,lgbtq_labor,Supreme Court
10000,2018,US-2020-CARES,2020,-2,0.5148,-0.1997,crisis_social_insurance,Congress
10000,2018,US-2020-MCGIRT,2020,-2,0.3458,-0.2101,native_policy,Supreme Court
10000,2018,US-2022-BRUEN,2022,-4,0.2906,-0.2576,guns,Supreme Court
10000,2018,US-2022-CHIPS,2022,-4,0.4788,-0.2133,industrial_policy,Congress
10000,2018,US-2022-DOBBS,2022,-4,0.4533,-0.2874,privacy_family,Supreme Court
10000,2018,US-2022-IRA,2022,-4,0.4528,-0.2579,climate_industrial_policy,Congress
10000,2018,US-2009-LILLY-LEDBETTER,2009,9,0.2864,-0.2031,gender_labor,Congress
10000,2018,US-2009-HATE-CRIMES,2009,9,0.3687,-0.0843,civil_rights_criminal_justice,Congress
10000,2018,US-2010-DADT-REPEAL,2010,8,0.4196,-0.2405,lgbtq_military,Congress/President
10000,2018,US-2018-FIRST-STEP,2018,0,0.4431,-0.2476,criminal_justice_reform,Congress/President
10000,2018,US-2021-AMERICAN-RESCUE-PLAN,2021,-3,0.5059,-0.2163,crisis_social_policy,Congress/President
10000,2018,US-2021-IIJA,2021,-3,0.4821,-0.2309,infrastructure_industrial_policy,Congress/President
10000,2018,US-2021-JUNETEENTH,2021,-3,0.5088,-0.2093,civil_rights_memory,Congress/President
10000,2018,US-2022-BIPARTISAN-SAFER-COMMUNITIES,2022,-4,0.3728,-0.2402,guns_mental_health,Congress/President
10000,2018,US-2022-RESPECT-MARRIAGE,2022,-4,0.4068,-0.2955,lgbtq_family,Congress/President
10000,2018,US-2022-ELECTORAL-COUNT-REFORM,2022,-4,0.3383,-0.2285,democracy_elections,Congress/President
20000,2018,US-2008-HELLER,2008,10,0.2825,-0.2155,guns,Supreme Court
20000,2018,US-2009-ARRA,2009,9,0.4844,-0.1809,macroeconomic_governance,Congress
20000,2018,US-2010-ACA,2010,8,0.4273,-0.1725,health_social_insurance,Congress
20000,2018,US-2010-CITIZENS-UNITED,2010,8,0.4013,-0.2374,campaign_finance,Supreme Court
20000,2018,US-2010-DODD-FRANK,2010,8,0.4568,-0.1839,finance,Congress
20000,2018,US-2010-MCDONALD,2010,8,0.4852,-0.2114,guns,Supreme Court
20000,2018,US-2012-NFIB,2012,6,0.5655,-0.2046,health_federalism,Supreme Court
20000,2018,US-2013-SHELBY,2013,5,0.4115,-0.1962,democracy_civil_rights,Supreme Court
20000,2018,US-2013-WINDSOR,2013,5,0.3057,-0.2106,lgbtq_family,Supreme Court
20000,2018,US-2014-HOBBY-LOBBY,2014,4,0.3881,-0.2334,religion_health,Supreme Court
20000,2018,US-2015-OBERGEFELL,2015,3,0.5646,-0.2159,lgbtq_family,Supreme Court
20000,2018,US-2017-TCJA,2017,1,0.3506,-0.1735,tax,Congress
20000,2018,US-2018-JANUS,2018,0,0.3057,-0.1843,labor_first_amendment,Supreme Court
20000,2018,US-2019-RUCHO,2019,-1,0.4448,-0.2533,democracy_redistricting,Supreme Court
20000,2018,US-2020-BOSTOCK,2020,-2,0.4181,-0.1703,lgbtq_labor,Supreme Court
20000,2018,US-2020-CARES,2020,-2,0.5534,-0.1591,crisis_social_insurance,Congress
20000,2018,US-2020-MCGIRT,2020,-2,0.3371,-0.1431,native_policy,Supreme Court
20000,2018,US-2022-BRUEN,2022,-4,0.3313,-0.2126,guns,Supreme Court
20000,2018,US-2022-CHIPS,2022,-4,0.4939,-0.1621,industrial_policy,Congress
20000,2018,US-2022-DOBBS,2022,-4,0.391,-0.2108,privacy_family,Supreme Court
20000,2018,US-2022-IRA,2022,-4,0.5074,-0.208,climate_industrial_policy,Congress
20000,2018,US-2009-LILLY-LEDBETTER,2009,9,0.2941,-0.1385,gender_labor,Congress
20000,2018,US-2009-HATE-CRIMES,2009,9,0.3684,-0.0497,civil_rights_criminal_justice,Congress
20000,2018,US-2010-DADT-REPEAL,2010,8,0.3871,-0.2119,lgbtq_military,Congress/President
20000,2018,US-2018-FIRST-STEP,2018,0,0.4325,-0.202,criminal_justice_reform,Congress/President
20000,2018,US-2021-AMERICAN-RESCUE-PLAN,2021,-3,0.4443,-0.1745,crisis_social_policy,Congress/President
20000,2018,US-2021-IIJA,2021,-3,0.5455,-0.1908,infrastructure_industrial_policy,Congress/President
20000,2018,US-2021-JUNETEENTH,2021,-3,0.5063,-0.1559,civil_rights_memory,Congress/President
20000,2018,US-2022-BIPARTISAN-SAFER-COMMUNITIES,2022,-4,0.32,-0.1981,guns_mental_health,Congress/President
20000,2018,US-2022-RESPECT-MARRIAGE,2022,-4,0.423,-0.2512,lgbtq_family,Congress/President
20000,2018,US-2022-ELECTORAL-COUNT-REFORM,2022,-4,0.3078,-0.1927,democracy_elections,Congress/President
5000,2018,US-2008-HELLER,2008,10,0.4369,-0.2219,guns,Supreme Court
5000,2018,US-2009-ARRA,2009,9,0.6281,-0.1843,macroeconomic_governance,Congress
5000,2018,US-2010-ACA,2010,8,0.6192,-0.1968,health_social_insurance,Congress
5000,2018,US-2010-CITIZENS-UNITED,2010,8,0.5849,-0.2265,campaign_finance,Supreme Court
5000,2018,US-2010-DODD-FRANK,2010,8,0.665,-0.1969,finance,Congress
5000,2018,US-2010-MCDONALD,2010,8,0.668,-0.2152,guns,Supreme Court
5000,2018,US-2012-NFIB,2012,6,0.7408,-0.1836,health_federalism,Supreme Court
5000,2018,US-2013-SHELBY,2013,5,0.6338,-0.181,democracy_civil_rights,Supreme Court
5000,2018,US-2013-WINDSOR,2013,5,0.4528,-0.1901,lgbtq_family,Supreme Court
5000,2018,US-2014-HOBBY-LOBBY,2014,4,0.5665,-0.1988,religion_health,Supreme Court
5000,2018,US-2015-OBERGEFELL,2015,3,0.7437,-0.1875,lgbtq_family,Supreme Court
5000,2018,US-2017-TCJA,2017,1,0.4847,-0.194,tax,Congress
5000,2018,US-2018-JANUS,2018,0,0.503,-0.2029,labor_first_amendment,Supreme Court
5000,2018,US-2019-RUCHO,2019,-1,0.559,-0.229,democracy_redistricting,Supreme Court
5000,2018,US-2020-BOSTOCK,2020,-2,0.6623,-0.1927,lgbtq_labor,Supreme Court
5000,2018,US-2020-CARES,2020,-2,0.6664,-0.1573,crisis_social_insurance,Congress
5000,2018,US-2020-MCGIRT,2020,-2,0.428,-0.1813,native_policy,Supreme Court
5000,2018,US-2022-BRUEN,2022,-4,0.4402,-0.2121,guns,Supreme Court
5000,2018,US-2022-CHIPS,2022,-4,0.6319,-0.1664,industrial_policy,Congress
5000,2018,US-2022-DOBBS,2022,-4,0.5332,-0.2084,privacy_family,Supreme Court
5000,2018,US-2022-IRA,2022,-4,0.634,-0.2038,climate_industrial_policy,Congress
5000,2018,US-2009-LILLY-LEDBETTER,2009,9,0.4174,-0.1606,gender_labor,Congress
5000,2018,US-2009-HATE-CRIMES,2009,9,0.5445,-0.081,civil_rights_criminal_justice,Congress
5000,2018,US-2010-DADT-REPEAL,2010,8,0.5617,-0.166,lgbtq_military,Congress/President
5000,2018,US-2018-FIRST-STEP,2018,0,0.5864,-0.1676,criminal_justice_reform,Congress/President
5000,2018,US-2021-AMERICAN-RESCUE-PLAN,2021,-3,0.6858,-0.1645,crisis_social_policy,Congress/President
5000,2018,US-2021-IIJA,2021,-3,0.6593,-0.1633,infrastructure_industrial_policy,Congress/President
5000,2018,US-2021-JUNETEENTH,2021,-3,0.6977,-0.1397,civil_rights_memory,Congress/President
5000,2018,US-2022-BIPARTISAN-SAFER-COMMUNITIES,2022,-4,0.5207,-0.1742,guns_mental_health,Congress/President
5000,2018,US-2022-RESPECT-MARRIAGE,2022,-4,0.5486,-0.2283,lgbtq_family,Congress/President
5000,2018,US-2022-ELECTORAL-COUNT-REFORM,2022,-4,0.4658,-0.182,democracy_elections,Congress/President
10000,2019,US-2009-ARRA,2009,10,0.3791,-0.1891,macroeconomic_governance,Congress
10000,2019,US-2010-ACA,2010,9,0.3812,-0.2059,health_social_insurance,Congress
10000,2019,US-2010-CITIZENS-UNITED,2010,9,0.3655,-0.2479,campaign_finance,Supreme Court
10000,2019,US-2010-DODD-FRANK,2010,9,0.3843,-0.2038,finance,Congress
10000,2019,US-2010-MCDONALD,2010,9,0.4337,-0.2232,guns,Supreme Court
10000,2019,US-2012-NFIB,2012,7,0.459,-0.2217,health_federalism,Supreme Court
10000,2019,US-2013-SHELBY,2013,6,0.334,-0.1957,democracy_civil_rights,Supreme Court
10000,2019,US-2013-WINDSOR,2013,6,0.2823,-0.2099,lgbtq_family,Supreme Court
10000,2019,US-2014-HOBBY-LOBBY,2014,5,0.3404,-0.2443,religion_health,Supreme Court
10000,2019,US-2015-OBERGEFELL,2015,4,0.504,-0.2242,lgbtq_family,Supreme Court
10000,2019,US-2017-TCJA,2017,2,0.2821,-0.1974,tax,Congress
10000,2019,US-2018-JANUS,2018,1,0.3084,-0.238,labor_first_amendment,Supreme Court
10000,2019,US-2019-RUCHO,2019,0,0.3958,-0.2778,democracy_redistricting,Supreme Court
10000,2019,US-2020-BOSTOCK,2020,-1,0.438,-0.1668,lgbtq_labor,Supreme Court
10000,2019,US-2020-CARES,2020,-1,0.4338,-0.1662,crisis_social_insurance,Congress
10000,2019,US-2020-MCGIRT,2020,-1,0.2339,-0.1786,native_policy,Supreme Court
10000,2019,US-2022-BRUEN,2022,-3,0.2415,-0.2216,guns,Supreme Court
10000,2019,US-2022-CHIPS,2022,-3,0.3819,-0.1709,industrial_policy,Congress
10000,2019,US-2022-DOBBS,2022,-3,0.3259,-0.2333,privacy_family,Supreme Court
10000,2019,US-2022-IRA,2022,-3,0.4076,-0.2187,climate_industrial_policy,Congress
10000,2019,US-2009-LILLY-LEDBETTER,2009,10,0.2111,-0.1802,gender_labor,Congress
10000,2019,US-2009-HATE-CRIMES,2009,10,0.3509,-0.0807,civil_rights_criminal_justice,Congress
10000,2019,US-2010-DADT-REPEAL,2010,9,0.3645,-0.2151,lgbtq_military,Congress/President
10000,2019,US-2018-FIRST-STEP,2018,1,0.4346,-0.2249,criminal_justice_reform,Congress/President
10000,2019,US-2021-AMERICAN-RESCUE-PLAN,2021,-2,0.4495,-0.1999,crisis_social_policy,Congress/President
10000,2019,US-2021-IIJA,2021,-2,0.4579,-0.224,infrastructure_industrial_policy,Congress/President
10000,2019,US-2021-JUNETEENTH,2021,-2,0.433,-0.1692,civil_rights_memory,Congress/President
10000,2019,US-2022-BIPARTISAN-SAFER-COMMUNITIES,2022,-3,0.3237,-0.2334,guns_mental_health,Congress/President
10000,2019,US-2022-RESPECT-MARRIAGE,2022,-3,0.3631,-0.2622,lgbtq_family,Congress/President
10000,2019,US-2022-ELECTORAL-COUNT-REFORM,2022,-3,0.2717,-0.2194,democracy_elections,Congress/President
20000,2019,US-2009-ARRA,2009,10,0.5403,-0.2142,macroeconomic_governance,Congress
20000,2019,US-2010-ACA,2010,9,0.5387,-0.2302,health_social_insurance,Congress
20000,2019,US-2010-CITIZENS-UNITED,2010,9,0.4499,-0.2859,campaign_finance,Supreme Court
20000,2019,US-2010-DODD-FRANK,2010,9,0.5795,-0.2288,finance,Congress
20000,2019,US-2010-MCDONALD,2010,9,0.5788,-0.2541,guns,Supreme Court
20000,2019,US-2012-NFIB,2012,7,0.6004,-0.2578,health_federalism,Supreme Court
20000,2019,US-2013-SHELBY,2013,6,0.4495,-0.2341,democracy_civil_rights,Supreme Court
20000,2019,US-2013-WINDSOR,2013,6,0.3951,-0.258,lgbtq_family,Supreme Court
20000,2019,US-2014-HOBBY-LOBBY,2014,5,0.4505,-0.2851,religion_health,Supreme Court
20000,2019,US-2015-OBERGEFELL,2015,4,0.6041,-0.2525,lgbtq_family,Supreme Court
20000,2019,US-2017-TCJA,2017,2,0.4142,-0.2113,tax,Congress
20000,2019,US-2018-JANUS,2018,1,0.3467,-0.2476,labor_first_amendment,Supreme Court
20000,2019,US-2019-RUCHO,2019,0,0.4065,-0.3076,democracy_redistricting,Supreme Court
20000,2019,US-2020-BOSTOCK,2020,-1,0.456,-0.214,lgbtq_labor,Supreme Court
20000,2019,US-2020-CARES,2020,-1,0.6305,-0.2064,crisis_social_insurance,Congress
20000,2019,US-2020-MCGIRT,2020,-1,0.3725,-0.1841,native_policy,Supreme Court
20000,2019,US-2022-BRUEN,2022,-3,0.3878,-0.2547,guns,Supreme Court
20000,2019,US-2022-CHIPS,2022,-3,0.5434,-0.2195,industrial_policy,Congress
20000,2019,US-2022-DOBBS,2022,-3,0.4527,-0.2777,privacy_family,Supreme Court
20000,2019,US-2022-IRA,2022,-3,0.6123,-0.2543,climate_industrial_policy,Congress
20000,2019,US-2009-LILLY-LEDBETTER,2009,10,0.3394,-0.2002,gender_labor,Congress
20000,2019,US-2009-HATE-CRIMES,2009,10,0.4749,-0.0866,civil_rights_criminal_justice,Congress
20000,2019,US-2010-DADT-REPEAL,2010,9,0.4907,-0.2483,lgbtq_military,Congress/President
20000,2019,US-2018-FIRST-STEP,2018,1,0.5638,-0.2747,criminal_justice_reform,Congress/President
20000,2019,US-2021-AMERICAN-RESCUE-PLAN,2021,-2,0.5957,-0.2207,crisis_social_policy,Congress/President
20000,2019,US-2021-IIJA,2021,-2,0.651,-0.2575,infrastructure_industrial_policy,Congress/President
20000,2019,US-2021-JUNETEENTH,2021,-2,0.6184,-0.1939,civil_rights_memory,Congress/President
20000,2019,US-2022-BIPARTISAN-SAFER-COMMUNITIES,2022,-3,0.3921,-0.2712,guns_mental_health,Congress/President
20000,2019,US-2022-RESPECT-MARRIAGE,2022,-3,0.5264,-0.3005,lgbtq_family,Congress/President
20000,2019,US-2022-ELECTORAL-COUNT-REFORM,2022,-3,0.3914,-0.2399,democracy_elections,Congress/President
5000,2019,US-2009-ARRA,2009,10,0.4941,-0.2047,macroeconomic_governance,Congress
5000,2019,US-2010-ACA,2010,9,0.5987,-0.2423,health_social_insurance,Congress
5000,2019,US-2010-CITIZENS-UNITED,2010,9,0.5526,-0.2646,campaign_finance,Supreme Court
5000,2019,US-2010-DODD-FRANK,2010,9,0.5589,-0.2211,finance,Congress
5000,2019,US-2010-MCDONALD,2010,9,0.6033,-0.2483,guns,Supreme Court
5000,2019,US-2012-NFIB,2012,7,0.5869,-0.2365,health_federalism,Supreme Court
5000,2019,US-2013-SHELBY,2013,6,0.4667,-0.2222,democracy_civil_rights,Supreme Court
5000,2019,US-2013-WINDSOR,2013,6,0.4289,-0.2209,lgbtq_family,Supreme Court
5000,2019,US-2014-HOBBY-LOBBY,2014,5,0.5722,-0.2357,religion_health,Supreme Court
5000,2019,US-2015-OBERGEFELL,2015,4,0.6467,-0.2205,lgbtq_family,Supreme Court
5000,2019,US-2017-TCJA,2017,2,0.3827,-0.2208,tax,Congress
5000,2019,US-2018-JANUS,2018,1,0.4388,-0.2531,labor_first_amendment,Supreme Court
5000,2019,US-2019-RUCHO,2019,0,0.4766,-0.2712,democracy_redistricting,Supreme Court
5000,2019,US-2020-BOSTOCK,2020,-1,0.552,-0.2152,lgbtq_labor,Supreme Court
5000,2019,US-2020-CARES,2020,-1,0.5765,-0.1872,crisis_social_insurance,Congress
5000,2019,US-2020-MCGIRT,2020,-1,0.4222,-0.2079,native_policy,Supreme Court
5000,2019,US-2022-BRUEN,2022,-3,0.3393,-0.255,guns,Supreme Court
5000,2019,US-2022-CHIPS,2022,-3,0.5256,-0.1902,industrial_policy,Congress
5000,2019,US-2022-DOBBS,2022,-3,0.4098,-0.2512,privacy_family,Supreme Court
5000,2019,US-2022-IRA,2022,-3,0.5478,-0.2333,climate_industrial_policy,Congress
5000,2019,US-2009-LILLY-LEDBETTER,2009,10,0.296,-0.1992,gender_labor,Congress
5000,2019,US-2009-HATE-CRIMES,2009,10,0.5011,-0.0958,civil_rights_criminal_justice,Congress
5000,2019,US-2010-DADT-REPEAL,2010,9,0.4975,-0.1994,lgbtq_military,Congress/President
5000,2019,US-2018-FIRST-STEP,2018,1,0.5062,-0.2247,criminal_justice_reform,Congress/President
5000,2019,US-2021-AMERICAN-RESCUE-PLAN,2021,-2,0.5498,-0.1932,crisis_social_policy,Congress/President
5000,2019,US-2021-IIJA,2021,-2,0.5392,-0.2051,infrastructure_industrial_policy,Congress/President
5000,2019,US-2021-JUNETEENTH,2021,-2,0.6033,-0.1774,civil_rights_memory,Congress/President
5000,2019,US-2022-BIPARTISAN-SAFER-COMMUNITIES,2022,-3,0.401,-0.2201,guns_mental_health,Congress/President
5000,2019,US-2022-RESPECT-MARRIAGE,2022,-3,0.4848,-0.2634,lgbtq_family,Congress/President
5000,2019,US-2022-ELECTORAL-COUNT-REFORM,2022,-3,0.3826,-0.2228,democracy_elections,Congress/President
10000,2020,US-2010-ACA,2010,10,0.4769,-0.2086,health_social_insurance,Congress
10000,2020,US-2010-CITIZENS-UNITED,2010,10,0.4528,-0.2598,campaign_finance,Supreme Court
10000,2020,US-2010-DODD-FRANK,2010,10,0.6215,-0.2024,finance,Congress
10000,2020,US-2010-MCDONALD,2010,10,0.5486,-0.2474,guns,Supreme Court
10000,2020,US-2012-NFIB,2012,8,0.6137,-0.238,health_federalism,Supreme Court
10000,2020,US-2013-SHELBY,2013,7,0.4614,-0.2164,democracy_civil_rights,Supreme Court
10000,2020,US-2013-WINDSOR,2013,7,0.2642,-0.2353,lgbtq_family,Supreme Court
10000,2020,US-2014-HOBBY-LOBBY,2014,6,0.4561,-0.2558,religion_health,Supreme Court
10000,2020,US-2015-OBERGEFELL,2015,5,0.6193,-0.2326,lgbtq_family,Supreme Court
10000,2020,US-2017-TCJA,2017,3,0.4203,-0.1969,tax,Congress
10000,2020,US-2018-JANUS,2018,2,0.3966,-0.2508,labor_first_amendment,Supreme Court
10000,2020,US-2019-RUCHO,2019,1,0.4121,-0.2942,democracy_redistricting,Supreme Court
10000,2020,US-2020-BOSTOCK,2020,0,0.5283,-0.2106,lgbtq_labor,Supreme Court
10000,2020,US-2020-CARES,2020,0,0.6757,-0.155,crisis_social_insurance,Congress
10000,2020,US-2020-MCGIRT,2020,0,0.2313,-0.1651,native_policy,Supreme Court
10000,2020,US-2022-BRUEN,2022,-2,0.2677,-0.2254,guns,Supreme Court
10000,2020,US-2022-CHIPS,2022,-2,0.5572,-0.1574,industrial_policy,Congress
10000,2020,US-2022-DOBBS,2022,-2,0.302,-0.259,privacy_family,Supreme Court
10000,2020,US-2022-IRA,2022,-2,0.6275,-0.2075,climate_industrial_policy,Congress
10000,2020,US-2010-DADT-REPEAL,2010,10,0.4944,-0.2303,lgbtq_military,Congress/President
10000,2020,US-2018-FIRST-STEP,2018,2,0.4932,-0.2234,criminal_justice_reform,Congress/President
10000,2020,US-2021-AMERICAN-RESCUE-PLAN,2021,-1,0.6214,-0.1795,crisis_social_policy,Congress/President
10000,2020,US-2021-IIJA,2021,-1,0.555,-0.2104,infrastructure_industrial_policy,Congress/President
10000,2020,US-2021-JUNETEENTH,2021,-1,0.5661,-0.1714,civil_rights_memory,Congress/President
10000,2020,US-2022-BIPARTISAN-SAFER-COMMUNITIES,2022,-2,0.3964,-0.2305,guns_mental_health,Congress/President
10000,2020,US-2022-RESPECT-MARRIAGE,2022,-2,0.4121,-0.2687,lgbtq_family,Congress/President
10000,2020,US-2022-ELECTORAL-COUNT-REFORM,2022,-2,0.2686,-0.2057,democracy_elections,Congress/President
20000,2020,US-2010-ACA,2010,10,0.4504,-0.2719,health_social_insurance,Congress
20000,2020,US-2010-CITIZENS-UNITED,2010,10,0.3113,-0.3101,campaign_finance,Supreme Court
20000,2020,US-2010-DODD-FRANK,2010,10,0.5186,-0.2557,finance,Congress
20000,2020,US-2010-MCDONALD,2010,10,0.3926,-0.2953,guns,Supreme Court
20000,2020,US-2012-NFIB,2012,8,0.4373,-0.2811,health_federalism,Supreme Court
20000,2020,US-2013-SHELBY,2013,7,0.3431,-0.2637,democracy_civil_rights,Supreme Court
20000,2020,US-2013-WINDSOR,2013,7,0.1996,-0.2747,lgbtq_family,Supreme Court
20000,2020,US-2014-HOBBY-LOBBY,2014,6,0.3219,-0.3326,religion_health,Supreme Court
20000,2020,US-2015-OBERGEFELL,2015,5,0.4005,-0.2793,lgbtq_family,Supreme Court
20000,2020,US-2017-TCJA,2017,3,0.4025,-0.2271,tax,Congress
20000,2020,US-2018-JANUS,2018,2,0.2564,-0.289,labor_first_amendment,Supreme Court
20000,2020,US-2019-RUCHO,2019,1,0.3593,-0.3412,democracy_redistricting,Supreme Court
20000,2020,US-2020-BOSTOCK,2020,0,0.3448,-0.2509,lgbtq_labor,Supreme Court
20000,2020,US-2020-CARES,2020,0,0.5485,-0.2457,crisis_social_insurance,Congress
20000,2020,US-2020-MCGIRT,2020,0,0.2408,-0.1952,native_policy,Supreme Court
20000,2020,US-2022-BRUEN,2022,-2,0.2359,-0.2741,guns,Supreme Court
20000,2020,US-2022-CHIPS,2022,-2,0.4487,-0.2179,industrial_policy,Congress
20000,2020,US-2022-DOBBS,2022,-2,0.2817,-0.3111,privacy_family,Supreme Court
20000,2020,US-2022-IRA,2022,-2,0.5311,-0.2632,climate_industrial_policy,Congress
20000,2020,US-2010-DADT-REPEAL,2010,10,0.3411,-0.2776,lgbtq_military,Congress/President
20000,2020,US-2018-FIRST-STEP,2018,2,0.3687,-0.2952,criminal_justice_reform,Congress/President
20000,2020,US-2021-AMERICAN-RESCUE-PLAN,2021,-1,0.4805,-0.2428,crisis_social_policy,Congress/President
20000,2020,US-2021-IIJA,2021,-1,0.4942,-0.2524,infrastructure_industrial_policy,Congress/President
20000,2020,US-2021-JUNETEENTH,2021,-1,0.3835,-0.238,civil_rights_memory,Congress/President
20000,2020,US-2022-BIPARTISAN-SAFER-COMMUNITIES,2022,-2,0.2715,-0.2749,guns_mental_health,Congress/President
20000,2020,US-2022-RESPECT-MARRIAGE,2022,-2,0.3753,-0.3191,lgbtq_family,Congress/President
20000,2020,US-2022-ELECTORAL-COUNT-REFORM,2022,-2,0.2279,-0.2449,democracy_elections,Congress/President
5000,2020,US-2010-ACA,2010,10,0.7136,-0.2751,health_social_insurance,Congress
5000,2020,US-2010-CITIZENS-UNITED,2010,10,0.6815,-0.3111,campaign_finance,Supreme Court
5000,2020,US-2010-DODD-FRANK,2010,10,0.7585,-0.2469,finance,Congress
5000,2020,US-2010-MCDONALD,2010,10,0.7414,-0.2979,guns,Supreme Court
5000,2020,US-2012-NFIB,2012,8,0.7679,-0.252,health_federalism,Supreme Court
5000,2020,US-2013-SHELBY,2013,7,0.667,-0.2468,democracy_civil_rights,Supreme Court
5000,2020,US-2013-WINDSOR,2013,7,0.5192,-0.2486,lgbtq_family,Supreme Court
5000,2020,US-2014-HOBBY-LOBBY,2014,6,0.6857,-0.2614,religion_health,Supreme Court
5000,2020,US-2015-OBERGEFELL,2015,5,0.7834,-0.2572,lgbtq_family,Supreme Court
5000,2020,US-2017-TCJA,2017,3,0.5992,-0.2452,tax,Congress
5000,2020,US-2018-JANUS,2018,2,0.5514,-0.2758,labor_first_amendment,Supreme Court
5000,2020,US-2019-RUCHO,2019,1,0.6244,-0.3034,democracy_redistricting,Supreme Court
5000,2020,US-2020-BOSTOCK,2020,0,0.7166,-0.2526,lgbtq_labor,Supreme Court
5000,2020,US-2020-CARES,2020,0,0.7244,-0.2199,crisis_social_insurance,Congress
5000,2020,US-2020-MCGIRT,2020,0,0.4552,-0.1955,native_policy,Supreme Court
5000,2020,US-2022-BRUEN,2022,-2,0.4608,-0.2751,guns,Supreme Court
5000,2020,US-2022-CHIPS,2022,-2,0.7113,-0.2179,industrial_policy,Congress
5000,2020,US-2022-DOBBS,2022,-2,0.4969,-0.3034,privacy_family,Supreme Court
5000,2020,US-2022-IRA,2022,-2,0.7435,-0.2532,climate_industrial_policy,Congress
5000,2020,US-2010-DADT-REPEAL,2010,10,0.6351,-0.2493,lgbtq_military,Congress/President
5000,2020,US-2018-FIRST-STEP,2018,2,0.6663,-0.2654,criminal_justice_reform,Congress/President
5000,2020,US-2021-AMERICAN-RESCUE-PLAN,2021,-1,0.7356,-0.2338,crisis_social_policy,Congress/President
5000,2020,US-2021-IIJA,2021,-1,0.7298,-0.2259,infrastructure_industrial_policy,Congress/President
5000,2020,US-2021-JUNETEENTH,2021,-1,0.7383,-0.2118,civil_rights_memory,Congress/President
5000,2020,US-2022-BIPARTISAN-SAFER-COMMUNITIES,2022,-2,0.6445,-0.2499,guns_mental_health,Congress/President
5000,2020,US-2022-RESPECT-MARRIAGE,2022,-2,0.6088,-0.3104,lgbtq_family,Congress/President
5000,2020,US-2022-ELECTORAL-COUNT-REFORM,2022,-2,0.5157,-0.239,democracy_elections,Congress/President
