item_id,source,source_question_id,question_uid,question_text,answer_options,focal_answer,value_construct,paired_event_ids,question_type,n_years,y0,y1
gallup_1_0,gallup,0,gallup:1:0,Do you approve or disapprove of the job performance of the leadership of this country?,Disapprove|Approve,Disapprove,,,binary,15,2006,2020
gallup_1_10,gallup,10,gallup:1:10,Do you live in . . . ?,Urban|Rural,Urban,,,binary,15,2006,2020
gallup_1_11,gallup,11,gallup:1:11,What is your highest completed level of education?,Less than tertiary education|Tertiary complete|Elementary school or less,Less than tertiary education,,,categorical,14,2007,2020
gallup_1_12,gallup,12,gallup:1:12,Do you feel safe walking alone at night in the city or area where you live?,Yes|No,Yes,,,binary,15,2006,2020
gallup_1_13,gallup,13,gallup:1:13,"In the city or area where you live, do you have confidence in the local police force, or not?",Yes|No,Yes,,,binary,15,2006,2020
gallup_1_1327,gallup,1327,gallup:1:1327,"Do you believe that women in this country are treated with respect and dignity, or not?",Yes|No,Yes,,,binary,6,2015,2020
gallup_1_1328,gallup,1328,gallup:1:1328,"Have you used the Internet in the past seven days, whether on a mobile phone, a computer, or some other device?",Yes|(No access to internet)|No,Yes,,,categorical,5,2016,2020
gallup_1_1329,gallup,1329,gallup:1:1329,Can your mobile phone be used to access the Internet? (asked of those who have a mobile phone),Yes|No|(Do not have mobile phone),Yes,,,categorical,4,2017,2020
gallup_1_14,gallup,14,gallup:1:14,"Within the last 12 months, have you had money or property stolen from you or another household member?",No|Yes,No,,,binary,15,2006,2020
gallup_1_15,gallup,15,gallup:1:15,Have there been times in the past 12 months when you did not have enough money to buy food that you or your family needed?,No|Yes,No,,,binary,15,2006,2020
gallup_1_16,gallup,16,gallup:1:16,Have there been times in the past 12 months when you did not have enough money to provide adequate shelter or housing for you and your family?,No|Yes,No,,,binary,15,2006,2020
gallup_1_17,gallup,17,gallup:1:17,"In the city or area where you live, are you satisfied or dissatisfied with the public transportation systems?",Satisfied|Dissatisfied,Satisfied,,,binary,15,2006,2020
gallup_1_18,gallup,18,gallup:1:18,"In the city or area where you live, are you satisfied or dissatisfied with the roads and highways?",Satisfied|Dissatisfied,Satisfied,,,binary,15,2006,2020
gallup_1_185,gallup,185,gallup:1:185,Do you approve or disapprove of the job performance of the leadership of the United Kingdom?,Approve|Disapprove,Approve,,,binary,6,2006,2011
gallup_1_19,gallup,19,gallup:1:19,"In the city or area where you live, are you satisfied or dissatisfied with the quality of air?",Satisfied|Dissatisfied,Satisfied,,,binary,15,2006,2020
gallup_1_190,gallup,190,gallup:1:190,"The Employee Engagement Index classifies respondents into three categories: engaged employees, not engaged employees, and actively disengaged employees.",Not Engaged|Engaged|Actively Disengaged,Not Engaged,,,categorical,7,2012,2020
gallup_1_20,gallup,20,gallup:1:20,"In the city or area where you live, are you satisfied or dissatisfied with the quality of water?",Satisfied|Dissatisfied,Satisfied,,,binary,15,2006,2020
gallup_1_21,gallup,21,gallup:1:21,"In the city or area where you live, are you satisfied or dissatisfied with the availability of good, affordable housing?",Satisfied|Dissatisfied,Satisfied,,,binary,14,2007,2020
gallup_1_22,gallup,22,gallup:1:22,"In the city or area where you live, are you satisfied or dissatisfied with the availability of quality healthcare?",Satisfied|Dissatisfied,Satisfied,,,binary,14,2007,2020
gallup_1_23,gallup,23,gallup:1:23,"In this country, do you have confidence in each of the following, or not? How about national government?",No|Yes,No,,,binary,15,2006,2020
gallup_1_237,gallup,237,gallup:1:237,"Thinking about your life in general, please rate your level of agreement with each of the following using a five-point scale, where 5 means you STRONGLY AGREE and 1 means you STRONGLY DISAGREE. You may choose any of the numbers 1, 2, 3, 4, or 5. You like what you do every day.- Gallup-Sharecare",5. Strongly agree|4|3|2|1. Strongly disagree,5. Strongly agree,,,categorical,3,2013,2015
gallup_1_238,gallup,238,gallup:1:238,"Thinking about your life in general, please rate your level of agreement with each of the following using a five-point scale, where 5 means you STRONGLY AGREE and 1 means you STRONGLY DISAGREE. You may choose any of the numbers 1, 2, 3, 4, or 5. You learn or do something interesting every day.- Gallup-Sharecare",5. Strongly agree|4|3|2|1. Strongly disagree,5. Strongly agree,,,categorical,3,2013,2015
gallup_1_239,gallup,239,gallup:1:239,"Thinking about your life in general, please rate your level of agreement with each of the following using a five-point scale, where 5 means you STRONGLY AGREE and 1 means you STRONGLY DISAGREE. You may choose any of the numbers 1, 2, 3, 4, or 5. Someone in your life always encourages you to be healthy.- Gallup Healthways",5. Strongly agree|4|3|2|1. Strongly disagree,5. Strongly agree,,,categorical,3,2013,2015
gallup_1_24,gallup,24,gallup:1:24,"In this country, do you have confidence in each of the following, or not? How about the military?",Yes|No,Yes,,,binary,15,2006,2020
gallup_1_240,gallup,240,gallup:1:240,"Thinking about your life in general, please rate your level of agreement with each of the following using a five-point scale, where 5 means you STRONGLY AGREE and 1 means you STRONGLY DISAGREE. You may choose any of the numbers 1, 2, 3, 4, or 5. Your friends and family give you positive energy every day.- Gallup-Sharecare",5. Strongly agree|4|3|2|1. Strongly disagree,5. Strongly agree,,,categorical,3,2013,2015
gallup_1_241,gallup,241,gallup:1:241,"Thinking about your life in general, please rate your level of agreement with each of the following using a five-point scale, where 5 means you STRONGLY AGREE and 1 means you STRONGLY DISAGREE. You may choose any of the numbers 1, 2, 3, 4, or 5. You have enough money to do everything you want to do.- Gallup-Sharecare",3|4|1. Strongly disagree|2|5. Strongly agree,3,,,categorical,3,2013,2015
gallup_1_242,gallup,242,gallup:1:242,"Thinking about your life in general, please rate your level of agreement with each of the following using a five-point scale, where 5 means you STRONGLY AGREE and 1 means you STRONGLY DISAGREE. You may choose any of the numbers 1, 2, 3, 4, or 5. In the last seven days, you have worried about money.- Gallup-Sharecare",1. Strongly disagree|5. Strongly agree|3|4|2,1. Strongly disagree,,,categorical,3,2013,2015
gallup_1_243,gallup,243,gallup:1:243,"Thinking about your life in general, please rate your level of agreement with each of the following using a five-point scale, where 5 means you STRONGLY AGREE and 1 means you STRONGLY DISAGREE. You may choose any of the numbers 1, 2, 3, 4, or 5. In the last seven days, you have felt active and productive every day.- Gallup-Sharecare",5. Strongly agree|4|3|2|1. Strongly disagree,5. Strongly agree,,,categorical,3,2013,2015
gallup_1_244,gallup,244,gallup:1:244,"Thinking about your life in general, please rate your level of agreement with each of the following using a five-point scale, where 5 means you STRONGLY AGREE and 1 means you STRONGLY DISAGREE. You may choose any of the numbers 1, 2, 3, 4, or 5. Your physical health is near-perfect.- Gallup-Sharecare",4|3|5. Strongly agree|2|1. Strongly disagree,4,,,categorical,3,2013,2015
gallup_1_245,gallup,245,gallup:1:245,"Thinking about your life in general, please rate your level of agreement with each of the following using a five-point scale, where 5 means you STRONGLY AGREE and 1 means you STRONGLY DISAGREE. You may choose any of the numbers 1, 2, 3, 4, or 5. The city or area where you live is a perfect place for you.- Gallup-Sharecare",5. Strongly agree|4|3|2|1. Strongly disagree,5. Strongly agree,,,categorical,3,2013,2015
gallup_1_246,gallup,246,gallup:1:246,"Thinking about your life in general, please rate your level of agreement with each of the following using a five-point scale, where 5 means you STRONGLY AGREE and 1 means you STRONGLY DISAGREE. You may choose any of the numbers 1, 2, 3, 4, or 5. In the last 12 months, you have received recognition for helping to improve the city or area where you live.- Gallup-Sharecare",1. Strongly disagree|3|2|4|5. Strongly agree,1. Strongly disagree,,,categorical,3,2013,2015
gallup_1_247,gallup,247,gallup:1:247,Could you tell me what your religion is?,Christian|Secular/Non-religious|Judaism|Islam|Buddhism|Hinduism,Christian,,,categorical,12,2008,2020
gallup_1_248,gallup,248,gallup:1:248,Children under 15 years of age now living in your household,No|Yes,No,,,binary,14,2006,2020
gallup_1_25,gallup,25,gallup:1:25,"In this country, do you have confidence in each of the following, or not? How about judicial system and courts?",Yes|No,Yes,,,binary,15,2006,2020
gallup_1_251,gallup,251,gallup:1:251,A component of well-being that includes liking what you do each day and being motivated to achieve your goals.- Gallup-Sharecare,Struggling|Thriving|Suffering,Struggling,,,categorical,3,2013,2015
gallup_1_252,gallup,252,gallup:1:252,A component of well-being that includes having supportive relationships and love in your life.- Gallup-Sharecare,Struggling|Thriving|Suffering,Struggling,,,categorical,3,2013,2015
gallup_1_253,gallup,253,gallup:1:253,A component of well-being that includes managing your economic life to reduce stress and increase security.- Gallup-Sharecare,Thriving|Struggling|Suffering,Thriving,,,categorical,3,2013,2015
gallup_1_254,gallup,254,gallup:1:254,"A component of well-being that includes liking where you live, feeling safe and having pride in your community- Gallup-Sharecare",Struggling|Thriving|Suffering,Struggling,,,categorical,3,2013,2015
gallup_1_255,gallup,255,gallup:1:255,A component of well-being that includes having good health and enough energy to get things done daily.- Gallup-Sharecare,Struggling|Thriving|Suffering,Struggling,,,categorical,3,2013,2015
gallup_1_26,gallup,26,gallup:1:26,"In this country, do you have confidence in each of the following, or not? How about honesty of elections?",No|Yes,No,,,binary,15,2006,2020
gallup_1_27,gallup,27,gallup:1:27,"In this country, do you have confidence in each of the following, or not? How about financial institutions or banks?",Yes|No,Yes,,,binary,15,2006,2020
gallup_1_28,gallup,28,gallup:1:28,"In the city or area where you live, are you satisfied or dissatisfied with the educational system or the schools?",Satisfied|Dissatisfied,Satisfied,,,binary,15,2006,2020
gallup_1_29,gallup,29,gallup:1:29,"Do you believe that children in this country are treated with respect and dignity, or not?",Yes|No,Yes,,,binary,15,2006,2020
gallup_1_296,gallup,296,gallup:1:296,Do you have a landline telephone in your home that you use to make and receive personal calls? (Total Sample),No|Yes,No,,,binary,7,2014,2020
gallup_1_297,gallup,297,gallup:1:297,Do you have a mobile phone that you use to make and receive personal calls? (Total Sample),Yes|No,Yes,,,binary,6,2015,2020
gallup_1_30,gallup,30,gallup:1:30,Do most children in this country have the opportunity to learn and grow every day?,Yes|No,Yes,,,binary,15,2006,2020
gallup_1_31,gallup,31,gallup:1:31,Does your home have access to the Internet?,Yes|No,Yes,,,binary,9,2007,2015
gallup_1_32,gallup,32,gallup:1:32,Does your home have a landline telephone?,Yes|No,Yes,,,binary,8,2006,2013
gallup_1_33,gallup,33,gallup:1:33,Does your home have a cellular phone?,Yes|No,Yes,,,binary,8,2007,2014
gallup_1_34,gallup,34,gallup:1:34,Does your home have a television?,Yes|No,Yes,,,binary,9,2007,2015
gallup_1_345,gallup,345,gallup:1:345,Per Capita income quintiles,Richest 20%|Fourth 20%|Second 20%|Middle 20%|Poorest 20%,Richest 20%,,,categorical,12,2009,2020
gallup_1_347,gallup,347,gallup:1:347,"Do you have access to the Internet in any way, whether on a mobile phone, a computer, or some other device?",Yes|No,Yes,,,binary,5,2016,2020
gallup_1_348,gallup,348,gallup:1:348,"In this country, do you have confidence in each of the following, or not? How about religious organizations (churches, mosques, temples, etc.)?",Yes|No,Yes,,,binary,7,2006,2012
gallup_1_349,gallup,349,gallup:1:349,Do you approve or disapprove of the way the leader/head/President of this country is handling his/her job as leader/head/President?,Disapprove|Approve,Disapprove,,,binary,9,2012,2020
gallup_1_35,gallup,35,gallup:1:35,"Is corruption widespread throughout the government in this country, or not?",Yes|No,Yes,,,binary,15,2006,2020
gallup_1_36,gallup,36,gallup:1:36,"Is corruption widespread within businesses located in this country, or not?",Yes|No,Yes,,,binary,15,2006,2020
gallup_1_37,gallup,37,gallup:1:37,"Thinking about the job situation in the city or area where you live today, would you say that it is now a good time or a bad time to find a job?",Bad time|Good time,Bad time,,,binary,14,2007,2020
gallup_1_38,gallup,38,gallup:1:38,"Right now, do you think that economic conditions in the city or area where you live, as a whole, are getting better or getting worse?",Getting better|Getting worse|(The same) [Do not read],Getting better,,,categorical,14,2007,2020
gallup_1_39,gallup,39,gallup:1:39,"How would you rate economic conditions in this country today -- as excellent, good, only fair, or poor?",Only fair|Poor|Good|Excellent,Only fair,,,categorical,5,2012,2016
gallup_1_4,gallup,4,gallup:1:4,Gender,Female|Male,Female,,,binary,15,2006,2020
gallup_1_40,gallup,40,gallup:1:40,"Right now, do you think that economic conditions in this country, as a whole, are getting better or getting worse?",Getting worse|Getting better|(The same) [Do not read],Getting worse,,,categorical,9,2006,2016
gallup_1_401,gallup,401,gallup:1:401,"How much do you, personally, know about science? Do you know a lot, some, not much, or nothing at all?- [Source: Wellcome Global Monitor]",Some|A lot|Not much|Nothing at all,Some,,,categorical,2,2018,2020
gallup_1_402,gallup,402,gallup:1:402,"On this survey, when I say 'science' I mean the understanding we have about the world from observation and testing. When I say 'scientists' I mean people who study the planet Earth, nature and medicine, among other things. How much did you understand the meaning of 'science' and 'scientists' that was just read? Did you understand ALL of it, SOME of it, NOT MUCH of it, or NONE of it?- [Source: Wellcome Global Monitor]",All of it|Some of it|Not much of it|None of it,All of it,,,categorical,2,2018,2020
gallup_1_414,gallup,414,gallup:1:414,"How much do you trust each of the following? Do you trust them a lot, some, not much, or not at all? If you don't know, please just say so. How about __________? The people in your neighborhood- [Source: Wellcome Global Monitor]",Some|A lot|Not much|Not at all,Some,,,categorical,2,2018,2020
gallup_1_415,gallup,415,gallup:1:415,"How much do you trust each of the following? Do you trust them a lot, some, not much, or not at all? If you don't know, please just say so. How about __________? The national government in this country- [Source: Wellcome Global Monitor]",Some|Not much|Not at all|A lot,Some,,,categorical,2,2018,2020
gallup_1_416,gallup,416,gallup:1:416,"How much do you trust each of the following? Do you trust them a lot, some, not much, or not at all? If you don't know, please just say so. How about __________? Scientists in this country- [Source: Wellcome Global Monitor]",A lot|Some|Not much|Not at all,A lot,,,categorical,2,2018,2020
gallup_1_417,gallup,417,gallup:1:417,"How much do you trust each of the following? Do you trust them a lot, some, not much, or not at all? If you don't know, please just say so. How about __________? Journalists in this country- [Source: Wellcome Global Monitor]",Some|Not much|Not at all|A lot,Some,,,categorical,2,2018,2020
gallup_1_418,gallup,418,gallup:1:418,"How much do you trust each of the following? Do you trust them a lot, some, not much, or not at all? If you don't know, please just say so. How about __________? Doctors and nurses in this country- [Source: Wellcome Global Monitor]",A lot|Some|Not much|Not at all,A lot,,,categorical,2,2018,2020
gallup_1_419,gallup,419,gallup:1:419,"How much do you trust each of the following? Do you trust them a lot, some, not much, or not at all? If you don't know, please just say so. How about __________? People who work at charitable organizations or NGOs in this country- [Source: Wellcome Global Monitor]",Some|A lot|Not much|Not at all,Some,,,categorical,2,2018,2020
gallup_1_420,gallup,420,gallup:1:420,"How much do you trust each of the following? Do you trust them a lot, some, not much, or not at all? If you don't know, please just say so. How about __________? Traditional healers in this country- [Source: Wellcome Global Monitor]",Some|Not much|A lot|Not at all,Some,,,categorical,2,2018,2020
gallup_1_421,gallup,421,gallup:1:421,"In general, would you say that you trust science a lot, some, not much, or not at all? If you don't know, please just say so.- [Source: Wellcome Global Monitor]",A lot|Some|Not much|Not at all,A lot,,,categorical,2,2018,2020
gallup_1_43,gallup,43,gallup:1:43,"Now, please think about yesterday, from the morning until the end of the day. Think about where you were, what you were doing, who you were with, and how you felt. Did you smile or laugh a lot yesterday?",Yes|No,Yes,,,binary,15,2006,2020
gallup_1_430,gallup,430,gallup:1:430,"Overall, do you think that science and technology will increase or decrease the number of jobs in your local area in the next five years?- [Source: Wellcome Global Monitor]",Increase|Decrease|(Neither/Have no effect),Increase,,,categorical,2,2018,2020
gallup_1_44,gallup,44,gallup:1:44,"Now, please think about yesterday, from the morning until the end of the day. Think about where you were, what you were doing, who you were with, and how you felt. Did you feel well-rested yesterday?",Yes|No,Yes,,,binary,15,2006,2020
gallup_1_45,gallup,45,gallup:1:45,"Now, please think about yesterday, from the morning until the end of the day. Think about where you were, what you were doing, who you were with, and how you felt. Were you treated with respect all day yesterday?",Yes|No,Yes,,,binary,15,2006,2020
gallup_1_46,gallup,46,gallup:1:46,"Now, please think about yesterday, from the morning until the end of the day. Think about where you were, what you were doing, who you were with, and how you felt. Did you learn or do something interesting yesterday?",Yes|No,Yes,,,binary,15,2006,2020
gallup_1_47,gallup,47,gallup:1:47,Did you experience the following feelings during a lot of the day yesterday? How about enjoyment?,Yes|No,Yes,,,binary,15,2006,2020
gallup_1_478,gallup,478,gallup:1:478,"Within the past 12 months, have you been assaulted or mugged?",No|Yes,No,,,binary,6,2015,2020
gallup_1_48,gallup,48,gallup:1:48,Did you experience the following feelings during a lot of the day yesterday? How about sadness?,No|Yes,No,,,binary,15,2006,2020
gallup_1_49,gallup,49,gallup:1:49,Did you experience the following feelings during a lot of the day yesterday? How about physical pain?,No|Yes,No,,,binary,15,2006,2020
gallup_1_5,gallup,5,gallup:1:5,The Life Evaluation Index measures respondents’ perceptions of where they stand now and in the future.,Thriving|Struggling|Suffering,Thriving,,,categorical,15,2006,2020
gallup_1_50,gallup,50,gallup:1:50,Did you experience the following feelings during a lot of the day yesterday? How about worry?,No|Yes,No,,,binary,15,2006,2020
gallup_1_51,gallup,51,gallup:1:51,Did you experience the following feelings during a lot of the day yesterday? How about anger?,No|Yes,No,,,binary,15,2006,2020
gallup_1_52,gallup,52,gallup:1:52,"In this country, are you satisfied or dissatisfied with your freedom to choose what you do with your life?",Satisfied|Dissatisfied,Satisfied,,,binary,15,2006,2020
gallup_1_53,gallup,53,gallup:1:53,"Would you say that your job is the ideal job for you, or not? (asked only of those who are employed)","Yes, it is ideal|No, it is NOT ideal","Yes, it is ideal",,,binary,3,2010,2012
gallup_1_54,gallup,54,gallup:1:54,"Right now, do you feel your standard of living is getting better or getting worse?",Getting better|Getting worse|(Do not read) (The same),Getting better,,,categorical,15,2006,2020
gallup_1_55,gallup,55,gallup:1:55,"Are you satisfied or dissatisfied with your standard of living, all the things you can buy and do?",Satisfied|Dissatisfied,Satisfied,,,binary,15,2006,2020
gallup_1_56,gallup,56,gallup:1:56,Which one of these phrases comes closest to your own feelings about your household income these days?,Living comfortably on present income|Getting by on present income|Finding it difficult on present income|Finding it very difficult on present income,Living comfortably on present income,,,categorical,14,2007,2020
gallup_1_57,gallup,57,gallup:1:57,Do you have any health problems that prevent you from doing any of the things people your age normally can do?,No|Yes,No,,,binary,15,2006,2020
gallup_1_58,gallup,58,gallup:1:58,"If you were in trouble, do you have relatives or friends you can count on to help you whenever you need them, or not?",Yes|No,Yes,,,binary,14,2006,2020
gallup_1_59,gallup,59,gallup:1:59,"In the city or area where you live, are you satisfied or dissatisfied with __________? The opportunities to meet people and make friends",Satisfied|Dissatisfied,Satisfied,,,binary,11,2010,2020
gallup_1_60,gallup,60,gallup:1:60,Have you done any of the following in the past month? How about volunteered your time to an organization?,No|Yes,No,,,binary,14,2007,2020
gallup_1_61,gallup,61,gallup:1:61,Have you done any of the following in the past month? How about donated money to a charity?,Yes|No,Yes,,,binary,14,2007,2020
gallup_1_62,gallup,62,gallup:1:62,Have you done any of the following in the past month? How about helped a stranger or someone you didn't know who needed help?,Yes|No,Yes,,,binary,14,2007,2020
gallup_1_63,gallup,63,gallup:1:63,Have you done any of the following in the past month? How about voiced your opinion to a public official?,No|Yes,No,,,binary,12,2007,2020
gallup_1_64,gallup,64,gallup:1:64,"In the next 12 months, are you likely or unlikely to move away from the city or area where you live?",Unlikely to move|Likely to move,Unlikely to move,,,binary,10,2007,2020
gallup_1_65,gallup,65,gallup:1:65,Are you satisfied or dissatisfied with the city or area where you live?,Satisfied|Dissatisfied,Satisfied,,,binary,14,2007,2020
gallup_1_66,gallup,66,gallup:1:66,"Would you recommend the city or area where you live to a friend or associate as a place to live, or not?","Yes, would recommend|No, would not recommend","Yes, would recommend",,,binary,13,2007,2020
gallup_1_68,gallup,68,gallup:1:68,Do you approve or disapprove of the job performance of the leadership of Germany?,Approve|Disapprove,Approve,,,binary,14,2006,2020
gallup_1_69,gallup,69,gallup:1:69,Do you approve or disapprove of the job performance of the leadership of China?,Disapprove|Approve,Disapprove,,,binary,13,2006,2020
gallup_1_70,gallup,70,gallup:1:70,Do you approve or disapprove of the job performance of the leadership of the following countries? The European Union.,Approve|Disapprove,Approve,,,binary,8,2008,2017
gallup_1_71,gallup,71,gallup:1:71,"Do the media in this country have a lot of freedom, or not?",Yes|No,Yes,,,binary,11,2010,2020
gallup_1_72,gallup,72,gallup:1:72,Is the city or area where you live a good place or not a good place to live for racial and ethnic minorities?,Good place|Not a good place,Good place,,,binary,14,2007,2020
gallup_1_73,gallup,73,gallup:1:73,Is the city or area where you live a good place or not a good place to live for gay or lesbian people?,Good place|Not a good place,Good place,,,binary,14,2007,2020
gallup_1_74,gallup,74,gallup:1:74,Is the city or area where you live a good place or not a good place to live for immigrants from other countries?,Good place|Not a good place,Good place,,,binary,14,2007,2020
gallup_1_75,gallup,75,gallup:1:75,Is the city or area where you live a good place or not a good place to live for people with intellectual disabilities?,Good place|Not a good place,Good place,,,binary,6,2010,2015
gallup_1_76,gallup,76,gallup:1:76,Did you experience the following feelings during a lot of the day yesterday? How about stress?,No|Yes,No,,,binary,14,2006,2020
gallup_1_77,gallup,77,gallup:1:77,Do you approve or disapprove of the job performance of the leadership of Russia?,Disapprove|Approve,Disapprove,,,binary,14,2006,2020
gallup_1_78,gallup,78,gallup:1:78,Is the city or area where you live a good place or not a good place to live for: People starting new businesses,Good place|Not a good place,Good place,,,binary,8,2011,2018
gallup_1_79,gallup,79,gallup:1:79,Is religion an important part of your daily life?,Yes|No,Yes,,,binary,15,2006,2020
gallup_1_8,gallup,8,gallup:1:8,Please tell me your age.,50+|30-49|15-29,50+,,,categorical,15,2006,2020
gallup_1_80,gallup,80,gallup:1:80,"Can people in this country get ahead by working hard, or not?",Yes|No,Yes,,,binary,13,2006,2018
gallup_1_81,gallup,81,gallup:1:81,"In this country, are you satisfied or dissatisfied with efforts to preserve the environment?",Satisfied|Dissatisfied,Satisfied,,,binary,15,2006,2020
gallup_1_82,gallup,82,gallup:1:82,"Ideally, if you had the opportunity, would you like to move PERMANENTLY to another country, or would you prefer to continue living in this country?",Like to continue living in this country|Like to move to another country,Like to continue living in this country,,,binary,12,2008,2020
gallup_1_83,gallup,83,gallup:1:83,Do you currently own a business?,No|Yes,No,,,binary,8,2011,2018
gallup_1_84,gallup,84,gallup:1:84,"In the past 12 months, did this household receive help in the form of money or goods from another individual . . . ?","Neither|Living inside this country,|Both, or|Living in another country,",Neither,,,categorical,10,2009,2018
gallup_1_85,gallup,85,gallup:1:85,"In the past 12 months, did this household send help in the form of money or goods to another individual...?","Neither|Living inside this country,|Both, or|Living in another country,",Neither,,,categorical,7,2012,2018
gallup_1_86,gallup,86,gallup:1:86,Respondents fall into one of six categories of employment based on a combination of answers to a series of questions about employment.,Employed full time for an employer|Out of workforce|Employed part time do not want full time|Employed part time want full time|Unemployed|Employed full time for self,Employed full time for an employer,,,categorical,12,2009,2020
gallup_1_9,gallup,9,gallup:1:9,What is your current marital status?,Married|Not Married,Married,,,binary,15,2006,2020
gallup_3_100,gallup,100,gallup:3:100,Presidential Approval,Do not approve|Approve,Do not approve,,,binary,10,2009,2018
gallup_3_101,gallup,101,gallup:3:101,Monthly Household Income,"<$3,000 per month|$3,000 - <$7500 per month|$7500+ per month","<$3,000 per month",,,categorical,9,2008,2016
gallup_3_104,gallup,104,gallup:3:104,What is your current marital status?,Married|Not Married,Married,,,binary,9,2008,2016
gallup_3_105,gallup,105,gallup:3:105,Do you smoke?- Gallup-Sharecare,No|Yes,No,,,binary,10,2008,2017
gallup_3_108,gallup,108,gallup:3:108,Do you have health insurance coverage?- Gallup-Sharecare,Yes|No,Yes,,,binary,10,2008,2017
gallup_3_109,gallup,109,gallup:3:109,"Do you currently help care for an elderly or disabled family member, relative, or friend, or not?- Gallup-Sharecare",No|Yes,No,,,binary,9,2008,2016
gallup_3_111,gallup,111,gallup:3:111,"Would you say your own health, in general, is …?- Gallup-Sharecare","Very good|Good|Excellent|Fair, OR|Poor",Very good,,,categorical,10,2008,2017
gallup_3_112,gallup,112,gallup:3:112,"Have you ever been told by a physician or nurse that you have any of the following, or not? High blood pressure- Gallup-Sharecare",No|Yes,No,,,binary,10,2008,2017
gallup_3_113,gallup,113,gallup:3:113,"Have you ever been told by a physician or nurse that you have any of the following, or not? High cholesterol- Gallup-Sharecare",No|Yes,No,,,binary,10,2008,2017
gallup_3_114,gallup,114,gallup:3:114,"Have you ever been told by a physician or nurse that you have any of the following, or not? Diabetes- Gallup-Sharecare",No|Yes,No,,,binary,10,2008,2017
gallup_3_115,gallup,115,gallup:3:115,"Have you ever been told by a physician or nurse that you have any of the following, or not? Depression- Gallup-Sharecare",No|Yes,No,,,binary,10,2008,2017
gallup_3_116,gallup,116,gallup:3:116,"Have you ever been told by a physician or nurse that you have any of the following, or not? Heart attack- Gallup-Sharecare",No|Yes,No,,,binary,10,2008,2017
gallup_3_117,gallup,117,gallup:3:117,"Have you ever been told by a physician or nurse that you have any of the following, or not? Asthma- Gallup-Sharecare",No|Yes,No,,,binary,9,2008,2016
gallup_3_118,gallup,118,gallup:3:118,"Have you ever been told by a physician or nurse that you have any of the following, or not? Cancer- Gallup-Sharecare",No|Yes,No,,,binary,10,2008,2017
gallup_3_119,gallup,119,gallup:3:119,"In the last 12 months, have you had any of the following, or not? Neck or back condition that caused recurring pain- Gallup-Sharecare",No|Yes,No,,,binary,6,2008,2013
gallup_3_120,gallup,120,gallup:3:120,"In the last 12 months, have you had any of the following, or not? Knee or leg condition that caused recurring pain- Gallup-Sharecare",No|Yes,No,,,binary,6,2008,2013
gallup_3_121,gallup,121,gallup:3:121,"In the last 12 months, have you had any of the following, or not? Other condition that caused recurring pain- Gallup-Sharecare",No|Yes,No,,,binary,6,2008,2013
gallup_3_122,gallup,122,gallup:3:122,Have you visited a dentist in the last 12 months?- Gallup-Sharecare,Yes|No,Yes,,,binary,10,2008,2017
gallup_3_123,gallup,123,gallup:3:123,Have there been times in the past 12 months when you did not have enough money to pay for healthcare and/or medicines that you or your family needed?- Gallup-Sharecare,No|Yes,No,,,binary,9,2008,2016
gallup_3_124,gallup,124,gallup:3:124,Did you have enough energy to get things done yesterday?- Gallup-Sharecare,Yes|No,Yes,,,binary,6,2008,2013
gallup_3_125,gallup,125,gallup:3:125,Did you eat healthy all day yesterday?- Gallup-Sharecare,Yes|No,Yes,,,binary,10,2008,2017
gallup_3_127,gallup,127,gallup:3:127,Were you sick with any of the following yesterday? The flu- Gallup-Sharecare,No|Yes,No,,,binary,9,2008,2016
gallup_3_128,gallup,128,gallup:3:128,Were you sick with any of the following yesterday? A cold- Gallup-Sharecare,No|Yes,No,,,binary,9,2008,2016
gallup_3_129,gallup,129,gallup:3:129,Were you sick with any of the following yesterday? A headache- Gallup-Sharecare,No|Yes,No,,,binary,6,2008,2013
gallup_3_130,gallup,130,gallup:3:130,"In the city or area where you live, is it easy or not easy to get clean and safe water?- Gallup-Sharecare",Easy|Not easy,Easy,,,binary,6,2008,2013
gallup_3_131,gallup,131,gallup:3:131,"In the city or area where you live, is it easy or not easy to get affordable fresh fruits and vegetables?- Gallup-Sharecare",Easy|Not easy,Easy,,,binary,6,2008,2013
gallup_3_132,gallup,132,gallup:3:132,"In the city or area where you live, is it easy or not easy to get medicine?- Gallup-Sharecare",Easy|Not easy,Easy,,,binary,9,2008,2016
gallup_3_133,gallup,133,gallup:3:133,"In the city or area where you live, is it easy or not easy to get a safe place to exercise?- Gallup-Sharecare",Easy|Not easy,Easy,,,binary,6,2008,2013
gallup_3_134,gallup,134,gallup:3:134,"How would you rate economic conditions in this country today -- as excellent, good, only fair, or poor?",Only fair|Poor|Good|Excellent,Only fair,,,categorical,10,2008,2017
gallup_3_135,gallup,135,gallup:3:135,Were you sick with any of the following yesterday? Allergies- Gallup-Sharecare,No|Yes,No,,,binary,6,2008,2013
gallup_3_136,gallup,136,gallup:3:136,"Do you agree or disagree with the following statement? ""You are watching your spending very closely.""",Agree|Disagree,Agree,,,binary,10,2009,2018
gallup_3_137,gallup,137,gallup:3:137,"Would you be able right now to make a major purchase, such as a car, appliance, or furniture, or pay for a significant home repair if you needed to?","Yes, able to|No, not able to","Yes, able to",,,binary,10,2009,2018
gallup_3_138,gallup,138,gallup:3:138,"At this time, are you cutting back on how much money you spend each week, or not?",Yes|No,Yes,,,binary,10,2009,2018
gallup_3_139,gallup,139,gallup:3:139,"Are you feeling pretty good these days about the amount of money you have to spend, or not?","Yes, feeling good|No, not feeling good","Yes, feeling good",,,binary,10,2009,2018
gallup_3_140,gallup,140,gallup:3:140,"Did you worry yesterday that you spent too much money, or not?","No, did not worry|Yes, worried","No, did not worry",,,binary,10,2009,2018
gallup_3_141,gallup,141,gallup:3:141,"Do you agree or disagree with the following statement? ""You have more than enough money to do what you want to do.""",Disagree|Agree,Disagree,,,binary,10,2009,2018
gallup_3_142,gallup,142,gallup:3:142,"Do you have enough money to buy the things you need, or not?",Yes|No,Yes,,,binary,10,2009,2018
gallup_3_143,gallup,143,gallup:3:143,"Are you feeling better about your financial situation these days, or not?",Yes|No,Yes,,,binary,10,2009,2018
gallup_3_144,gallup,144,gallup:3:144,How would you describe your political views?,"Moderate|Conservative, (or)|Liberal, (or)|Very conservative|Very liberal",Moderate,,,categorical,11,2008,2018
gallup_3_145,gallup,145,gallup:3:145,"How often do you attend church, synagogue, or mosque -- at least once a week, almost every week, about once a month, seldom, or never?",At least once a week|Seldom|Never|About once a month|Almost every week,At least once a week,,,categorical,9,2008,2016
gallup_3_146,gallup,146,gallup:3:146,"Now, please think about yesterday, from the morning until the end of the day. Think about where you were, what you were doing, who you were with, and how you felt. Did you feel well-rested yesterday?- Gallup-Sharecare",Yes|No,Yes,,,binary,6,2008,2013
gallup_3_147,gallup,147,gallup:3:147,Are you satisfied or dissatisfied with your job or the work you do? (asked only of those who are employed)- Gallup-Sharecare,Satisfied|Dissatisfied,Satisfied,,,binary,5,2009,2013
gallup_3_148,gallup,148,gallup:3:148,Do you feel safe walking alone at night in the city or area where you live?- Gallup-Sharecare,Yes|No,Yes,,,binary,6,2008,2013
gallup_3_149,gallup,149,gallup:3:149,Is religion an important part of your daily life?,Yes|No,Yes,,,binary,9,2008,2016
gallup_3_150,gallup,150,gallup:3:150,"Right now, do you think that economic conditions in this country, as a whole, are getting better or getting worse?",Getting worse|Getting better|(The same) [Do not read],Getting worse,,,categorical,10,2008,2017
gallup_3_153,gallup,153,gallup:3:153,Do you have any health problems that prevent you from doing any of the things people your age normally can do?- Gallup-Sharecare,No|Yes,No,,,binary,10,2008,2017
gallup_3_154,gallup,154,gallup:3:154,"Are you satisfied or dissatisfied with your standard of living, all the things you can buy and do?",Satisfied|Dissatisfied,Satisfied,,,binary,10,2008,2017
gallup_3_155,gallup,155,gallup:3:155,"Right now, do you feel your standard of living is getting better or getting worse?",Getting better|Getting worse|(Do not read) (The same),Getting better,,,categorical,10,2008,2017
gallup_3_156,gallup,156,gallup:3:156,Have there been times in the past 12 months when you did not have enough money to buy food that you or your family needed?- Gallup-Sharecare,No|Yes,No,,,binary,10,2008,2017
gallup_3_157,gallup,157,gallup:3:157,Have there been times in the past 12 months when you did not have enough money to provide adequate shelter or housing for you and your family?- Gallup-Sharecare,No|Yes,No,,,binary,6,2008,2013
gallup_3_158,gallup,158,gallup:3:158,"Now, please think about yesterday, from the morning until the end of the day. Think about where you were, what you were doing, who you were with, and how you felt. Were you treated with respect all day yesterday?- Gallup-Sharecare",Yes|No,Yes,,,binary,6,2008,2013
gallup_3_159,gallup,159,gallup:3:159,"Now, please think about yesterday, from the morning until the end of the day. Think about where you were, what you were doing, who you were with, and how you felt. Did you smile or laugh a lot yesterday?- Gallup-Sharecare",Yes|No,Yes,,,binary,9,2008,2016
gallup_3_160,gallup,160,gallup:3:160,"Now, please think about yesterday, from the morning until the end of the day. Think about where you were, what you were doing, who you were with, and how you felt. Did you learn or do something interesting yesterday?- Gallup-Sharecare",Yes|No,Yes,,,binary,6,2008,2013
gallup_3_161,gallup,161,gallup:3:161,Did you experience the following feelings during a lot of the day yesterday? How about enjoyment?- Gallup-Sharecare,Yes|No,Yes,,,binary,10,2008,2017
gallup_3_162,gallup,162,gallup:3:162,Did you experience the following feelings during a lot of the day yesterday? How about physical pain?- Gallup-Sharecare,No|Yes,No,,,binary,10,2008,2017
gallup_3_163,gallup,163,gallup:3:163,Did you experience the following feelings during a lot of the day yesterday? How about happiness?- Gallup-Sharecare,Yes|No,Yes,,,binary,10,2008,2017
gallup_3_164,gallup,164,gallup:3:164,Did you experience the following feelings during a lot of the day yesterday? How about worry?- Gallup-Sharecare,No|Yes,No,,,binary,10,2008,2017
gallup_3_165,gallup,165,gallup:3:165,Did you experience the following feelings during a lot of the day yesterday? How about sadness?- Gallup-Sharecare,No|Yes,No,,,binary,9,2008,2016
gallup_3_166,gallup,166,gallup:3:166,Did you experience the following feelings during a lot of the day yesterday? How about stress?- Gallup-Sharecare,No|Yes,No,,,binary,10,2008,2017
gallup_3_167,gallup,167,gallup:3:167,Did you experience the following feelings during a lot of the day yesterday? How about anger?- Gallup-Sharecare,No|Yes,No,,,binary,6,2008,2013
gallup_3_168,gallup,168,gallup:3:168,Are you satisfied or dissatisfied with the city or area where you live?- Gallup-Sharecare,Satisfied|Dissatisfied,Satisfied,,,binary,9,2008,2016
gallup_3_169,gallup,169,gallup:3:169,Is the city or area where you live getting better or getting worse as a place to live?- Gallup-Sharecare,Getting better|Getting worse|(The same) [Do not read],Getting better,,,categorical,6,2008,2013
gallup_3_175,gallup,175,gallup:3:175,The Life Evaluation Index measures respondents’ perceptions of where they stand now and in the future.,Thriving|Struggling|Suffering,Thriving,,,categorical,9,2009,2017
gallup_3_176,gallup,176,gallup:3:176,Respondents fall into one of six categories of employment based on a combination of answers to a series of questions about employment.,Employed full time for an employer|Out of workforce|Employed part time do not want full time|Employed part time want full time|Unemployed|Employed full time for self,Employed full time for an employer,,,categorical,8,2009,2016
gallup_3_177,gallup,177,gallup:3:177,Are you a member of a labor union?,No|Yes,No,,,binary,8,2009,2016
gallup_3_178,gallup,178,gallup:3:178,"Do you currently work for the Federal, State, or Local government?","No, do not work for government|Yes, do work for government","No, do not work for government",,,binary,9,2008,2016
gallup_3_179,gallup,179,gallup:3:179,Current military status,Never served in US military|Discharged Active Duty|Retired Active Duty|Guard/Reserve/Something else|Currently Active Duty,Never served in US military,,,categorical,10,2008,2017
gallup_3_181,gallup,181,gallup:3:181,Are you currently a teacher of students in kindergarten through 12th grade?,No|Yes,No,,,binary,7,2010,2016
gallup_3_182,gallup,182,gallup:3:182,"I have one final question we are asking only for statistical purposes. Do you, personally, identify as lesbian, gay, bisexual, or transgender?","No, do not|Yes, do","No, do not",,,binary,5,2012,2016
gallup_3_184,gallup,184,gallup:3:184,What is your religious preference?,Christian|Jewish|Muslim,Christian,,,categorical,9,2008,2016
gallup_3_191,gallup,191,gallup:3:191,"The Employee Engagement Index classifies respondents into three categories: engaged employees, not engaged employees, and actively disengaged employees.",Not Engaged|Engaged|Actively Disengaged,Not Engaged,,,categorical,7,2011,2017
gallup_3_192,gallup,192,gallup:3:192,"Now think more generally about the company or business you work for, including all of its employees. Based on what you know or have seen, would you say that, in general, your company or employer is . . . ? (Asked only of those with a paid job.)",Not changing the size of its workforce (or)|Hiring new people and expanding the size of its workforce|Letting people go and reducing the size of its workforce|(Does not apply),Not changing the size of its workforce (or),,,categorical,7,2008,2014
gallup_3_214,gallup,214,gallup:3:214,Are you satisfied or dissatisfied with how the healthcare system is working for you?,Satisfied|Dissatisfied,Satisfied,,,binary,3,2014,2016
gallup_3_221,gallup,221,gallup:3:221,"Do you currently have, or are you currently being treated for high blood pressure?- Gallup-Sharecare",Yes|No,Yes,,,binary,2,2013,2014
gallup_3_222,gallup,222,gallup:3:222,"Do you currently have, or are you currently being treated for high cholesterol?- Gallup-Sharecare",Yes|No,Yes,,,binary,2,2013,2014
gallup_3_223,gallup,223,gallup:3:223,"Do you currently have, or are you being treated for depression?- Gallup-Sharecare",Yes|No,Yes,,,binary,2,2013,2014
gallup_3_224,gallup,224,gallup:3:224,"Do you currently have, or are you currently being treated for cancer?- Gallup-Sharecare",No|Yes,No,,,binary,2,2013,2014
gallup_3_225,gallup,225,gallup:3:225,"Do you currently have, or are you being treated for asthma?- Gallup-Sharecare",Yes|No,Yes,,,binary,2,2013,2014
gallup_3_226,gallup,226,gallup:3:226,Do you have other health problems or conditions?- Gallup-Sharecare,No|Yes,No,,,binary,7,2008,2014
gallup_3_227,gallup,227,gallup:3:227,Do you have a personal doctor?- Gallup-Sharecare,Yes|No,Yes,,,binary,7,2008,2014
gallup_3_228,gallup,228,gallup:3:228,"Is your primary health insurance coverage through a current or former employer, a union, Medicare, Medicaid, military or veteran's coverage, or a plan fully paid for by you or a family member?- Gallup-Sharecare",Current or former employer|Medicare|Plan fully paid for by you or family member|Medicaid|Military or veteran’s|A union|Something else (list),Current or former employer,,,categorical,5,2013,2017
gallup_3_229,gallup,229,gallup:3:229,"Do you have another source, or secondary health insurance coverage, in addition to your primary insurance?- Gallup Healthways",No|Yes,No,,,binary,2,2013,2014
gallup_3_230,gallup,230,gallup:3:230,"At work, do you get to use your strengths to do what you do best every day, or not?- Gallup-Sharecare",Yes|No,Yes,,,binary,7,2008,2014
gallup_3_231,gallup,231,gallup:3:231,Does your supervisor at work treat you more like he or she is your boss or your partner? (Asked only of those with a job and a supervisor.)- Gallup-Sharecare,Partner|Boss|(Does Not Apply),Partner,,,categorical,7,2008,2014
gallup_3_232,gallup,232,gallup:3:232,"Does your supervisor always create an environment that is trusting and open, or not? (asked only of those with a job and a supervisor)- Gallup-Sharecare",Yes|No|(Does not apply),Yes,,,categorical,7,2008,2014
gallup_3_235,gallup,235,gallup:3:235,"Thinking about this secondary health insurance coverage, is it -- through a current or former employer, a union, Medicare, Medicaid, military or veteran’s coverage, or a plan fully paid for by you or a family member?- Gallup-Sharecare",Plan fully paid for by you or family member|Current or former employer|Medicare|Military or veteran’s|Medicaid|(Something else) – (list)|A union,Plan fully paid for by you or family member,,,categorical,5,2013,2017
gallup_3_261,gallup,261,gallup:3:261,"On a five-point scale, where 5 means strongly agree and 1 means strongly disagree, please rate your level of agreement with the following items. You always feel safe and secure.- Gallup-Sharecare",Strongly agree|4|3|2|Strongly disagree,Strongly agree,,,categorical,4,2014,2017
gallup_3_262,gallup,262,gallup:3:262,Obesity status assigned based on respondents’ Body Mass Index (BMI) scores. BMI is calculated from respondents’ self-reported height and weight measurements.- Gallup-Sharecare,No Obese|Obese,No Obese,,,binary,10,2008,2017
gallup_3_263,gallup,263,gallup:3:263,Weight group assigned based on respondents’ Body Mass Index (BMI) scores. BMI is calculated from respondents’ self-reported height and weight measurements.- Gallup-Sharecare,Overweight|Normal Weight|Obese|Underweight,Overweight,,,categorical,10,2008,2017
gallup_3_267,gallup,267,gallup:3:267,"How many alcoholic drinks do you, have in a typical week? (Note one drink is equal to one beer, one glass of wine, one shot of liquor)- Gallup-Sharecare",0|1-6,0,,,binary,3,2014,2016
gallup_3_268,gallup,268,gallup:3:268,A doctor would say that I do a great job of managing my health- Gallup-Sharecare,4|5. Strongly agree|3|2|1. Strongly disagree,4,,,categorical,3,2014,2016
gallup_3_269,gallup,269,gallup:3:269,"Your relationship with your spouse, partner or closest friend is stronger than ever- Gallup-Sharecare",5. Strongly agree|4|3|1. Strongly disagree|2,5. Strongly agree,,,categorical,4,2014,2017
gallup_3_270,gallup,270,gallup:3:270,You always make time for regular trips or vacations with friends and family- Gallup-Sharecare,5. Strongly agree|3|4|1. Strongly disagree|2,5. Strongly agree,,,categorical,4,2014,2017
gallup_3_271,gallup,271,gallup:3:271,Compared to the people I spend time with I am satisfied with my standard of living- Gallup-Sharecare,5. Strongly agree|4|3|2|1. Strongly disagree,5. Strongly agree,,,categorical,4,2014,2017
gallup_3_272,gallup,272,gallup:3:272,The house or apartment that I live in is ideal for me and my family- Gallup-Sharecare,5. Strongly agree|4|3|2|1. Strongly disagree,5. Strongly agree,,,categorical,3,2014,2016
gallup_3_273,gallup,273,gallup:3:273,There is a leader in my life who makes me enthusiastic about my future- Gallup-Sharecare,5. Strongly agree|4|3|1. Strongly disagree|2,5. Strongly agree,,,categorical,4,2014,2017
gallup_3_274,gallup,274,gallup:3:274,In the last 12 months I have reached most of my goals- Gallup-Sharecare,4|3|5. Strongly agree|2|1. Strongly disagree,4,,,categorical,4,2014,2017
gallup_3_275,gallup,275,gallup:3:275,I can’t imagine living in a better community than the one I live in today- Gallup-Sharecare,5. Strongly agree|4|3|1. Strongly disagree|2,5. Strongly agree,,,categorical,3,2014,2016
gallup_3_276,gallup,276,gallup:3:276,I am proud of my community (or the area where I live)- Gallup-Sharecare,5. Strongly agree|4|3|2|1. Strongly disagree,5. Strongly agree,,,categorical,4,2014,2017
gallup_3_277,gallup,277,gallup:3:277,In the last seven days I have worried about money- Gallup-Sharecare,1. Strongly disagree|5. Strongly agree|3|4|2,1. Strongly disagree,,,categorical,5,2013,2017
gallup_3_278,gallup,278,gallup:3:278,My physical health is near-perfect- Gallup-Sharecare,4|3|5. Strongly agree|2|1. Strongly disagree,4,,,categorical,5,2013,2017
gallup_3_279,gallup,279,gallup:3:279,The city or area where I live is a perfect place for me- Gallup-Sharecare,5. Strongly agree|4|3|2|1. Strongly disagree,5. Strongly agree,,,categorical,5,2013,2017
gallup_3_280,gallup,280,gallup:3:280,Disease Burden is determined by the number of ailments reported- Gallup-Sharecare,Non-elevated disease burden|Elevated disease burden,Non-elevated disease burden,,,binary,10,2008,2017
gallup_3_281,gallup,281,gallup:3:281,Has your healthcare provider told you that you have any restrictions (on the amount or type of exercise you can do) that would limit your ability to exercise according the previous definition?- Gallup-Sharecare,No|Yes,No,,,binary,3,2014,2016
gallup_3_282,gallup,282,gallup:3:282,Over the last two weeks how often have you been bothered by the following problem? Little interest or pleasure in doing things- Gallup-Sharecare,Not at all|Several days|Nearly every day|More than half the days,Not at all,,,categorical,5,2013,2017
gallup_3_283,gallup,283,gallup:3:283,I like what I do everyday. - Gallup-Sharecare,5. Strongly agree|4|3|1. Strongly disagree|2,5. Strongly agree,,,categorical,5,2013,2017
gallup_3_284,gallup,284,gallup:3:284,In the last 12 months I have received recognition for helping to improve the city or area where I live- Gallup-Sharecare,1. Strongly disagree|2|3|5. Strongly agree|4,1. Strongly disagree,,,categorical,5,2013,2017
gallup_3_285,gallup,285,gallup:3:285,I get to use my strengths to do what I do best everyday- Gallup-Sharecare,5. Strongly agree|4|3|2|1. Strongly disagree,5. Strongly agree,,,categorical,5,2013,2017
gallup_3_286,gallup,286,gallup:3:286,In the last seven days I have felt active and productive every day.- Gallup-Sharecare,5. Strongly agree|4|3|2|1. Strongly disagree,5. Strongly agree,,,categorical,5,2013,2017
gallup_3_287,gallup,287,gallup:3:287,Please tell me whether you use any of the following tobacco products. How about cigarettes? - Gallup-Sharecare,No|Yes,No,,,binary,3,2014,2016
gallup_3_288,gallup,288,gallup:3:288,Please tell me whether you use any of the following tobacco products. How about cigars? - Gallup-Sharecare,No|Yes,No,,,binary,3,2014,2016
gallup_3_289,gallup,289,gallup:3:289,Please tell me whether you use any of the following tobacco products. How about a pipe? - Gallup-Sharecare,No|Yes,No,,,binary,3,2014,2016
gallup_3_290,gallup,290,gallup:3:290,"Please tell me whether you use any of the following tobacco products. How about smokeless tobacco, chew or snuff? - Gallup-Sharecare",No|Yes,No,,,binary,3,2014,2016
gallup_3_291,gallup,291,gallup:3:291,Please tell me whether you use any of the following tobacco products. How about some other tobacco product?- Gallup-Sharecare,No|Yes,No,,,binary,3,2014,2016
gallup_3_292,gallup,292,gallup:3:292,Which one? [Type of government]- Gallup-Sharecare,State Government|Local Government|Federal Government,State Government,,,categorical,9,2008,2016
gallup_3_293,gallup,293,gallup:3:293,"Are you currently on Active Duty, or not?- Gallup-Sharecare",No|Yes,No,,,binary,9,2008,2016
gallup_3_294,gallup,294,gallup:3:294,"Which of the following describes your current status: retired from active duty, discharged from active duty, National Guard, Reserve, Individual Ready Reserve, or something else?- Gallup-Sharecare",Discharged from Active Duty (Non-Retired Veteran)|Retired from Active Duty (Retired Veteran)|Something else|National Guard|Reserve|Individual Ready Reserve,Discharged from Active Duty (Non-Retired Veteran),,,categorical,8,2009,2016
gallup_3_295,gallup,295,gallup:3:295,How often do you use drugs or medication (including prescription drugs) which affect your mood and help you relax?- Gallup-Sharecare,Never|Almost every day|Rarely|Sometimes,Never,,,categorical,4,2013,2016
gallup_3_298,gallup,298,gallup:3:298,Report Text: Approximately how many minutes does it take you to get from your home to your workplace? (Asked only of those with a job.),15-29|<15 minutes|30-44|45+,15-29,,,categorical,9,2008,2016
gallup_3_92,gallup,92,gallup:3:92,Gender,Female|Male,Female,,,binary,9,2008,2016
gallup_3_93,gallup,93,gallup:3:93,Please tell me your age.,30-49|50-64|18-29|65+,30-49,,,categorical,9,2008,2016
gallup_3_94,gallup,94,gallup:3:94,What is your highest completed level of education?,HS or less|Some college|College Graduate|Post Graduate,HS or less,,,categorical,9,2008,2016
gallup_3_98,gallup,98,gallup:3:98,Race,Non-Hispanic White|Hispanic|Black|Asian,Non-Hispanic White,,,categorical,9,2008,2016
gallup_3_99,gallup,99,gallup:3:99,"In politics, as of today, do you consider yourself a Republican, a Democrat, or an Independent?",Independent/Other|Democrat|Republican,Independent/Other,,,categorical,9,2008,2016
gallup_4_1000,gallup,1000,gallup:4:1000,"Next, I'm going to read you a list of issues. Regardless of whether or not you think it should be legal, for each one, please tell me whether you personally believe that in general it is morally acceptable, or morally wrong. How about___? Smoking marijuana",Morally acceptable|Morally wrong,Morally acceptable,,,binary,3,2018,2020
gallup_4_1001,gallup,1001,gallup:4:1001,"Did you, yourself, happen to attend church, synagogue, mosque or temple in the last seven days, or not?",No|Yes,No,,,binary,15,2001,2020
gallup_4_1002,gallup,1002,gallup:4:1002,"How often do you attend church, synagogue, mosque or temple -- every week, almost every week, about once a month, seldom, or never?",Every week|Seldom|Never|About once a month|Almost every week,Every week,,,categorical,20,2001,2020
gallup_4_1003,gallup,1003,gallup:4:1003,"Would you describe yourself as ""born-again,"" or evangelical?",No|Yes,No,,,binary,12,2006,2019
gallup_4_1004,gallup,1004,gallup:4:1004,"Do you believe that religion can answer all or most, of today's problems, or that religion is largely old-fashioned and out of date?",Can answer today's problems|Old-fashioned and out of date,Can answer today's problems,,,binary,13,2006,2019
gallup_4_1005,gallup,1005,gallup:4:1005,"Which of the following statements comes closest to describing your views about the Bible -- The Bible is the actual word of God and is to be taken literally, word for word; The Bible is the inspired word of God but not everything in it should be taken literally; The Bible is an ancient book of fables, legends, history, and moral precepts recorded by man?","Inspired word of God|Actual/Literal word of God|Ancient book of fables, legends, history, recorded by man",Inspired word of God,,,categorical,7,2005,2017
gallup_4_1006,gallup,1006,gallup:4:1006,"Which of the following statements comes closest to your views on the origin and development of human beings -- Human beings have developed over millions of years from less advanced forms of life, but God guided this process; Human beings have developed over millions of years from less advanced forms of life, but God had no part in this process; God created human beings pretty much in their present form at one time within the last 10,000 years or so?","God created human beings in present form|Developed from less advanced forms, but God guided this process|Developed from less advanced forms of life, but God had no part in this process",God created human beings in present form,,,categorical,6,2006,2017
gallup_4_1007,gallup,1007,gallup:4:1007,"How important would you say religion is, in your own life -- very important, fairly important, or not very important?",Very important|Fairly important|Not very important,Very important,,,categorical,19,2001,2019
gallup_4_1008,gallup,1008,gallup:4:1008,"At the present time, do you think religion, as a whole, is increasing its influence on American life or losing its influence?",Losing its influence|Increasing its influence|Staying the same (volunteered),Losing its influence,,,categorical,13,2006,2019
gallup_4_1009,gallup,1009,gallup:4:1009,"Do you happen to be a member of a church, synagogue, mosque or temple?",Yes|No,Yes,,,binary,13,2006,2019
gallup_4_1010,gallup,1010,gallup:4:1010,"For each of the following items I am going to read you, please tell me whether it is something you believe in, something you're not sure about, or something you don't believe in. God",Believe in|Don't believe in,Believe in,,,binary,4,2001,2016
gallup_4_1011,gallup,1011,gallup:4:1011,"For each of the following items I am going to read you, please tell me whether it is something you believe in, something you're not sure about, or something you don't believe in. The Devil",Believe in|Don't believe in,Believe in,,,binary,4,2001,2016
gallup_4_1012,gallup,1012,gallup:4:1012,"For each of the following items I am going to read you, please tell me whether it is something you believe in, something you're not sure about, or something you don't believe in. Angels",Believe in|Don't believe in,Believe in,,,binary,4,2001,2016
gallup_4_1013,gallup,1013,gallup:4:1013,"For each of the following items I am going to read you, please tell me whether it is something you believe in, something you're not sure about, or something you don't believe in. Heaven",Believe in|Don't believe in,Believe in,,,binary,4,2001,2016
gallup_4_1014,gallup,1014,gallup:4:1014,"For each of the following items I am going to read you, please tell me whether it is something you believe in, something you're not sure about, or something you don't believe in. Hell",Believe in|Don't believe in,Believe in,,,binary,4,2001,2016
gallup_4_1015,gallup,1015,gallup:4:1015,"Which of these statements comes closest to your view about the treatment of animals -- Animals deserve the exact same rights as people to be free from harm and exploitation; Animals deserve some protection from harm and exploitation, but it is still appropriate to use them for the benefit of humans; Animals don't need much protection from harm and exploitation since they are just animals?",Animals deserve some protection|Same rights as people|Animals don't need much protection,Animals deserve some protection,,,categorical,3,2003,2015
gallup_4_1016,gallup,1016,gallup:4:1016,"Next, I'm going to read you a list of issues. Regardless of whether or not you think it should be legal, for each one, please tell me whether you personally believe that in general it is morally acceptable, or morally wrong. How about___? Pornography",Morally wrong|Morally acceptable,Morally wrong,,,binary,10,2011,2020
gallup_4_1018,gallup,1018,gallup:4:1018,Do you approve or disapprove of the way [President] is handling his job as president?,Disapprove|Approve,Disapprove,,,binary,21,2000,2020
gallup_4_1019,gallup,1019,gallup:4:1019,"In general are you satisfied, or dissatisfied, with the way things are going in the United States, at this time?",Dissatisfied|Satisfied,Dissatisfied,,,binary,19,2000,2020
gallup_4_1020,gallup,1020,gallup:4:1020,"Are you in favor of the death penalty, for a person convicted of murder?","Yes, in favor|No, not in favor","Yes, in favor",,,binary,21,2000,2020
gallup_4_1021,gallup,1021,gallup:4:1021,"In your opinion is the death penalty imposed too often, about the right amount, or not often enough?",Not often enough|About the right amount|Too often,Not often enough,,,categorical,11,2007,2018
gallup_4_1022,gallup,1022,gallup:4:1022,"Generally speaking do you believe the death penalty is applied fairly, or unfairly in this country, today?",Fairly|Unfairly,Fairly,,,binary,11,2007,2018
gallup_4_1023,gallup,1023,gallup:4:1023,Is there more crime in your area than there was a year ago or less?,More|Less,More,,,binary,20,2000,2020
gallup_4_1024,gallup,1024,gallup:4:1024,Is there more crime in the U.S. than there was a year ago or less?,More|Less,More,,,binary,20,2000,2020
gallup_4_1025,gallup,1025,gallup:4:1025,"Is there any area near where you live -- that is, within a mile -- where you would be afraid to walk alone at night?",No|Yes,No,,,binary,20,2000,2020
gallup_4_1026,gallup,1026,gallup:4:1026,"Overall, how would you describe the problem of crime in the United States -- is it extremely serious, very serious, moderately serious, not too serious, or not serious at all?",Moderately serious|Very serious|Extremely serious|Not too serious|Not serious at all,Moderately serious,,,categorical,18,2000,2020
gallup_4_1027,gallup,1027,gallup:4:1027,"Overall, how would you describe the problem of crime in your local area -- is it extremely serious, very serious, moderately serious, not too serious, or not serious at all?",Not too serious|Moderately serious|Not serious at all|Very serious|Extremely serious,Not too serious,,,categorical,18,2000,2020
gallup_4_1028,gallup,1028,gallup:4:1028,"In general do you think the criminal justice system in this country is too tough, not tough enough, or about right in its handling of crime?",Not tough enough|About right|Too tough,Not tough enough,,,categorical,4,2000,2020
gallup_4_1029,gallup,1029,gallup:4:1029,"How often do you, yourself, worry about the following things -- frequently, occasionally, rarely or never? How about ____? Getting murdered",Never|Rarely|Occasionally|Frequently,Never,,,categorical,20,2000,2020
gallup_4_1030,gallup,1030,gallup:4:1030,"How often do you, yourself, worry about the following things -- frequently, occasionally, rarely or never? How about ____? Getting mugged",Never|Rarely|Occasionally|Frequently,Never,,,categorical,20,2000,2020
gallup_4_1031,gallup,1031,gallup:4:1031,"How often do you, yourself, worry about the following things -- frequently, occasionally, rarely or never? How about ____? Your home being burglarized when you are not there",Rarely|Occasionally|Never|Frequently,Rarely,,,categorical,20,2000,2020
gallup_4_1032,gallup,1032,gallup:4:1032,"How often do you, yourself, worry about the following things -- frequently, occasionally, rarely or never? How about ____? Your home being burglarized when you are there",Never|Rarely|Occasionally|Frequently,Never,,,categorical,20,2000,2020
gallup_4_1033,gallup,1033,gallup:4:1033,"How often do you, yourself, worry about the following things -- frequently, occasionally, rarely or never? How about ____? Being sexually assaulted",Never|Rarely|Occasionally|Frequently,Never,,,categorical,20,2000,2020
gallup_4_1034,gallup,1034,gallup:4:1034,"How often do you, yourself, worry about the following things -- frequently, occasionally, rarely or never? How about ____? Having your car stolen or broken into",Rarely|Occasionally|Never|Frequently,Rarely,,,categorical,20,2000,2020
gallup_4_1035,gallup,1035,gallup:4:1035,"How often do you, yourself, worry about the following things -- frequently, occasionally, rarely or never? How about ____? Being assaulted or killed by a co-worker or other employee where you work",Never|Rarely|Occasionally|Frequently,Never,,,categorical,20,2000,2020
gallup_4_1036,gallup,1036,gallup:4:1036,"How often do you, yourself, worry about the following things -- frequently, occasionally, rarely or never? How about ____? Having a school-aged child of yours physically harmed while attending school",Never|Rarely|Occasionally|Frequently,Never,,,categorical,20,2000,2020
gallup_4_1037,gallup,1037,gallup:4:1037,"How often do you, yourself, worry about the following things -- frequently, occasionally, rarely or never? How about ____? Being attacked while driving your car",Never|Rarely|Occasionally|Frequently,Never,,,categorical,19,2000,2020
gallup_4_1038,gallup,1038,gallup:4:1038,"How often do you, yourself, worry about the following things -- frequently, occasionally, rarely or never? How about ____? Being the victim of a hate crime",Never|Rarely|Occasionally|Frequently,Never,,,categorical,19,2000,2020
gallup_4_1039,gallup,1039,gallup:4:1039,"How often do you, yourself, worry about the following things -- frequently, occasionally, rarely or never? How about ____? Being the victim of terrorism",Never|Rarely|Occasionally|Frequently,Never,,,categorical,19,2001,2020
gallup_4_1040,gallup,1040,gallup:4:1040,"How often do you, yourself, worry about the following things -- frequently, occasionally, rarely or never? How about ____? Being the victim of identity theft",Occasionally|Frequently|Rarely|Never,Occasionally,,,categorical,10,2009,2020
gallup_4_1041,gallup,1041,gallup:4:1041,"How often do you, yourself, worry about the following things -- frequently, occasionally, rarely or never? How about ____? Having your personal, credit card or financial information stolen by computer hackers",Frequently|Occasionally|Rarely|Never,Frequently,,,categorical,4,2017,2020
gallup_4_1042,gallup,1042,gallup:4:1042,"In general do you feel that the laws covering the sale of firearms should be made more strict, less strict, or kept as they are now?",More strict|Kept as they are now|Less strict,More strict,,,categorical,20,2001,2020
gallup_4_1043,gallup,1043,gallup:4:1043,"Do you think there should, or should not, be a law that would ban the possession of handguns, except by the police and other authorized persons?","No, should not|Yes, should be","No, should not",,,binary,20,2000,2020
gallup_4_1044,gallup,1044,gallup:4:1044,Do you think having a gun in the house makes it -- [a safer place to be / a more dangerous place to be]?,A safer place|A more dangerous place,A safer place,,,binary,4,2000,2014
gallup_4_1045,gallup,1045,gallup:4:1045,"Do you have a gun in your home / anywhere else on your property such as in your garage, barn, shed, or in your car or truck?","No, do not own|Yes, in home|Yes, on property","No, do not own",,,categorical,19,2000,2020
gallup_4_1046,gallup,1046,gallup:4:1046,"Do you personally own a gun, or do the gun or guns in your household belong to another household member?","No|Yes, personally own",No,,,binary,16,2000,2020
gallup_4_1047,gallup,1047,gallup:4:1047,"In terms of gun laws in the United States, which of the following would you prefer to see happen -- [enforce the current gun laws more strictly and NOT pass new gun laws (or) pass new gun laws in addition to enforcing the current laws more strictly]?",Enforce current laws more strictly|Pass new gun laws,Enforce current laws more strictly,,,binary,6,2000,2017
gallup_4_1048,gallup,1048,gallup:4:1048,"Please tell me which, if any, of these incidents have happened to you or your household within the last twelve months. Your house or apartment was broken into","No, not happened|Yes, happened","No, not happened",,,binary,20,2000,2020
gallup_4_1049,gallup,1049,gallup:4:1049,"Please tell me which, if any, of these incidents have happened to you or your household within the last twelve months. Money or property was stolen from you or another member of your household","No, not happened|Yes, happened","No, not happened",,,binary,20,2000,2020
gallup_4_1050,gallup,1050,gallup:4:1050,"Please tell me which, if any, of these incidents have happened to you or your household within the last twelve months. A car owned by you or another household member was stolen","No, not happened|Yes, happened","No, not happened",,,binary,20,2000,2020
gallup_4_1051,gallup,1051,gallup:4:1051,"Please tell me which, if any, of these incidents have happened to you or your household within the last twelve months. A home, car, or property owned by you or another household member was vandalized","No, not happened|Yes, happened","No, not happened",,,binary,20,2000,2020
gallup_4_1052,gallup,1052,gallup:4:1052,"Please tell me which, if any, of these incidents have happened to you or your household within the last twelve months. Money or property was taken from you or another household member by force, with a gun, knife, weapon or physical attack, or by threat of force","No, not happened|Yes, happened","No, not happened",,,binary,20,2000,2020
gallup_4_1053,gallup,1053,gallup:4:1053,"Please tell me which, if any, of these incidents have happened to you or your household within the last twelve months. You or another household member was mugged or physically assaulted","No, not happened|Yes, happened","No, not happened",,,binary,20,2000,2020
gallup_4_1054,gallup,1054,gallup:4:1054,"Please tell me which, if any, of these incidents have happened to you or your household within the last twelve months. You or another household member was sexually assaulted","No, not happened|Yes, happened","No, not happened",,,binary,19,2000,2020
gallup_4_1055,gallup,1055,gallup:4:1055,"Please tell me which, if any, of these incidents have happened to you or your household within the last twelve months. You or another household member was the victim of identity theft","No, not happened|Yes, happened","No, not happened",,,binary,10,2009,2020
gallup_4_1056,gallup,1056,gallup:4:1056,"Please tell me which, if any, of these incidents have happened to you or your household within the last twelve months. You or another household member had personal, credit card or financial information stolen by computer hackers","No, not happened|Yes, happened","No, not happened",,,binary,4,2017,2020
gallup_4_1057,gallup,1057,gallup:4:1057,Summary: Household Victimized by One or More Crimes in Past Year.,No|Yes,No,,,binary,20,2000,2020
gallup_4_1058,gallup,1058,gallup:4:1058,Summary: Personally Victimized by One or More Crimes in Past Year.,No|Yes,No,,,binary,20,2000,2020
gallup_4_1059,gallup,1059,gallup:4:1059,"Overall, how would you describe the problem of drugs in the United States -- is it extremely serious, very serious, moderately serious, not too serious, or not serious at all?",Very serious|Extremely serious|Moderately serious|Not too serious|Not serious at all,Very serious,,,categorical,9,2000,2019
gallup_4_1060,gallup,1060,gallup:4:1060,"Overall, how would you describe the problem of drugs in the area where you live -- is it extremely serious, very serious, moderately serious, not too serious, or not serious at all?",Moderately serious|Not too serious|Very serious|Extremely serious|Not serious at all,Moderately serious,,,categorical,10,2000,2019
gallup_4_1061,gallup,1061,gallup:4:1061,"Now, how much progress do you feel the nation has made, over the last year or two, in coping with the problem of illegal drugs -- Has it made much progress, made some progress, stood still, lost some ground, or lost much ground?",Made some progress|Stood still|Lost some ground|Lost much ground|Made much progress,Made some progress,,,categorical,9,2000,2019
gallup_4_1062,gallup,1062,gallup:4:1062,Do you think the use of marijuana should be made legal or not?,"Yes, legal|No, not legal","Yes, legal",,,binary,13,2000,2020
gallup_4_1063,gallup,1063,gallup:4:1063,"Is that more, less, or about the same amount as you spent, last Christmas?",About the same|Less|More,About the same,,,categorical,15,2002,2020
gallup_4_1067,gallup,1067,gallup:4:1067,Do you approve or disapprove of the way […] is handling his job as president?,Disapprove|Approve,Disapprove,,,binary,20,2001,2020
gallup_4_1068,gallup,1068,gallup:4:1068,Do you approve or disapprove of the way […] is handling healthcare policy?,Disapprove|Approve,Disapprove,,,binary,10,2004,2019
gallup_4_1069,gallup,1069,gallup:4:1069,"Overall, how would you rate the quality of healthcare in this country -- as excellent, good, only fair or poor?",Good|Only fair|Excellent|Poor,Good,,,categorical,20,2001,2020
gallup_4_1070,gallup,1070,gallup:4:1070,"Overall, how would you rate healthcare coverage in this country -- as excellent, good, only fair or poor?",Only fair|Poor|Good|Excellent,Only fair,,,categorical,20,2001,2020
gallup_4_1071,gallup,1071,gallup:4:1071,"How would you describe your own physical health at this time? Would you say your physical health is -- excellent, good, only fair or poor?",Good|Excellent|Only fair|Poor,Good,,,categorical,20,2001,2020
gallup_4_1072,gallup,1072,gallup:4:1072,"How would you describe your own mental health or emotional well-being at this time? Would you say it is -- excellent, good, only fair or poor?",Excellent|Good|Only fair|Poor,Excellent,,,categorical,20,2001,2020
gallup_4_1073,gallup,1073,gallup:4:1073,"Are you generally satisfied, or dissatisfied, with the total cost of healthcare in this country?",Dissatisfied|Satisfied,Dissatisfied,,,binary,20,2001,2020
gallup_4_1074,gallup,1074,gallup:4:1074,"Which of these statements do you think best describes the U.S. healthcare system today -- it is in a state of crisis, it has major problems, it has minor problems or it does not have any problems?",It has major problems|It has minor problems|It is in a state of crisis|It does not have any problems,It has major problems,,,categorical,20,2001,2020
gallup_4_1075,gallup,1075,gallup:4:1075,"Do you think it is the responsibility of the federal government, to make sure all Americans have healthcare coverage, or is that not the responsibility of the federal government?","Yes, government responsibility|No, not","Yes, government responsibility",,,binary,20,2001,2020
gallup_4_1076,gallup,1076,gallup:4:1076,"Which of the following approaches for providing healthcare in the United States would you prefer -- [a government run healthcare system, (or) a system based mostly on private health insurance]?",System based on private insurance|Government run system,System based on private insurance,,,binary,11,2010,2020
gallup_4_1077,gallup,1077,gallup:4:1077,"Who pays the cost of premiums on your health insurance? Do you pay the total cost, does an employer pay the total cost, or is the cost shared?",Costs are shared|Self/Household pays all|Employer pays all,Costs are shared,,,categorical,19,2001,2020
gallup_4_1078,gallup,1078,gallup:4:1078,"Over the past year, has the amount YOU paid, for your and your family's health insurance gone up a lot, gone up a little, not changed, gone down a little, or gone down a lot?",Gone up a little|Gone up a lot|Not changed|Gone down a little|Gone down a lot,Gone up a little,,,categorical,17,2003,2020
gallup_4_1079,gallup,1079,gallup:4:1079,"Within the last twelve months, have you, or a member of your family, put off any sort of medical treatment because of the cost you would have to pay?",No|Yes,No,,,binary,20,2001,2020
gallup_4_1080,gallup,1080,gallup:4:1080,"Overall, how would you rate the quality of healthcare you receive -- as excellent, good, only fair or poor?",Good|Excellent|Only fair|Poor,Good,,,categorical,20,2001,2020
gallup_4_1081,gallup,1081,gallup:4:1081,"Overall, how would you rate your healthcare coverage -- as excellent, good, only fair or poor?",Good|Excellent|Only fair|Poor,Good,,,categorical,20,2001,2020
gallup_4_1082,gallup,1082,gallup:4:1082,"Are you generally satisfied, or dissatisfied, with the total cost you pay for your healthcare?",Satisfied|Dissatisfied,Satisfied,,,binary,20,2001,2020
gallup_4_1083,gallup,1083,gallup:4:1083,"How would you describe your own personal weight situation right now -- very overweight, somewhat overweight, about right, somewhat underweight, or very underweight?",About right|Somewhat overweight|Somewhat underweight|Very overweight|Very underweight,About right,,,categorical,20,2001,2020
gallup_4_1084,gallup,1084,gallup:4:1084,"Would you like to lose weight, stay at your present weight or put on weight?",Lose weight|Stay at your present weight|Put on weight,Lose weight,,,categorical,19,2002,2020
gallup_4_1085,gallup,1085,gallup:4:1085,"At this time, are you seriously trying to lose weight or not?",No|Yes,No,,,binary,19,2002,2020
gallup_4_1086,gallup,1086,gallup:4:1086,"Do you generally, approve or disapprove, of the 2010 Affordable Care Act, signed into law by President Obama that restructured the U.S. healthcare system?",Disapprove|Approve,Disapprove,,,binary,9,2012,2020
gallup_4_1087,gallup,1087,gallup:4:1087,"Do you, personally, or does another member of your family living with you, have a long-term medical condition, illness, or disease that would be considered a ""pre-existing condition"" by a health insurance company?","No/Neither/None|Yes, other household member(s)|Yes, self|Yes, both",No/Neither/None,,,categorical,3,2018,2020
gallup_4_1088,gallup,1088,gallup:4:1088,Do you currently have medical coverage through Medicare or Medicaid/some other form of health insurance?,Private insurance|Medicare or Medicaid|No insurance,Private insurance,,,categorical,20,2001,2020
gallup_4_1089,gallup,1089,gallup:4:1089,"Is that more, less, or about the same amount, as you spent last Christmas?",About the same|Less|More,About the same,,,categorical,17,2002,2020
gallup_4_1090,gallup,1090,gallup:4:1090,"Please tell me how much confidence you, yourself, have in the church or organized religion -- a great deal, quite a lot, some, or very little?",A great deal|Some|Quite a lot|Very little,A great deal,,,categorical,41,1973,2020
gallup_4_1091,gallup,1091,gallup:4:1091,"Please tell me how much confidence you, yourself, have in the military -- a great deal, quite a lot, some, or very little?",A great deal|Quite a lot|Some|Very little,A great deal,,,categorical,40,1975,2020
gallup_4_1092,gallup,1092,gallup:4:1092,"Please tell me how much confidence you, yourself, have in the U.S. Supreme Court -- a great deal, quite a lot, some, or very little?",Some|Quite a lot|A great deal|Very little,Some,,,categorical,41,1973,2020
gallup_4_1093,gallup,1093,gallup:4:1093,"Please tell me how much confidence you, yourself, have in banks -- a great deal, quite a lot, some, or very little?",Some|Quite a lot|Very little|A great deal,Some,,,categorical,38,1979,2020
gallup_4_1094,gallup,1094,gallup:4:1094,"Please tell me how much confidence you, yourself, have in the public schools -- a great deal, quite a lot, some, or very little?",Some|Quite a lot|Very little|A great deal,Some,,,categorical,40,1973,2020
gallup_4_1095,gallup,1095,gallup:4:1095,"Please tell me how much confidence you, yourself, have in newspapers -- a great deal, quite a lot, some, or very little?",Some|Very little|Quite a lot|A great deal,Some,,,categorical,38,1973,2020
gallup_4_1096,gallup,1096,gallup:4:1096,"Please tell me how much confidence you, yourself, have in Congress -- a great deal, quite a lot, some, or very little?",Some|Very little|Quite a lot|A great deal,Some,,,categorical,40,1973,2020
gallup_4_1097,gallup,1097,gallup:4:1097,"Please tell me how much confidence you, yourself, have in television news -- a great deal, quite a lot, some, or very little?",Some|Very little|Quite a lot|A great deal,Some,,,categorical,28,1993,2020
gallup_4_1098,gallup,1098,gallup:4:1098,"Please tell me how much confidence you, yourself, have in organized labor -- a great deal, quite a lot, some, or very little?",Some|Very little|Quite a lot|A great deal,Some,,,categorical,40,1973,2020
gallup_4_1099,gallup,1099,gallup:4:1099,"Please tell me how much confidence you, yourself, have in the presidency -- a great deal, quite a lot, some, or very little?",Some|Very little|Quite a lot|A great deal,Some,,,categorical,30,1975,2020
gallup_4_1100,gallup,1100,gallup:4:1100,"Please tell me how much confidence you, yourself, have in the police -- a great deal, quite a lot, some, or very little?",Quite a lot|Some|A great deal|Very little,Quite a lot,,,categorical,28,1993,2020
gallup_4_1101,gallup,1101,gallup:4:1101,"Please tell me how much confidence you, yourself, have in the medical system -- a great deal, quite a lot, some, or very little?",Some|Quite a lot|Very little|A great deal,Some,,,categorical,28,1993,2020
gallup_4_1102,gallup,1102,gallup:4:1102,"Please tell me how much confidence you, yourself, have in the criminal justice system -- a great deal, quite a lot, some, or very little?",Some|Very little|Quite a lot|A great deal,Some,,,categorical,27,1993,2020
gallup_4_1103,gallup,1103,gallup:4:1103,"Please tell me how much confidence you, yourself, have in big business -- a great deal, quite a lot, some, or very little?",Some|Very little|Quite a lot|A great deal,Some,,,categorical,39,1973,2020
gallup_4_1104,gallup,1104,gallup:4:1104,"Please tell me how much confidence you, yourself, have in small business -- a great deal, quite a lot, some, or very little?",Quite a lot|A great deal|Some|Very little,Quite a lot,,,categorical,16,1997,2020
gallup_4_1106,gallup,1106,gallup:4:1106,"Please tell me how much confidence you, yourself, have in news on the Internet -- a great deal, quite a lot, some, or very little?",Some|Very little|Quite a lot|A great deal,Some,,,categorical,3,1999,2017
gallup_4_1107,gallup,1107,gallup:4:1107,"Please tell me how much confidence you, yourself, have in Health Maintenance Organizations (HMOs) -- a great deal, quite a lot, some, or very little?",Some|Very little|Quite a lot|A great deal,Some,,,categorical,15,1999,2013
gallup_4_1113,gallup,1113,gallup:4:1113,"Please tell me how much confidence you, yourself, have in television -- a great deal, quite a lot, some, or very little?",Some|Very little|Quite a lot|A great deal,Some,,,categorical,11,1973,1993
gallup_4_1115,gallup,1115,gallup:4:1115,"Please tell me how much confidence you, yourself, have in the future of the United States -- a great deal, quite a lot, some, or very little?",A great deal|Quite a lot|Some|Very little,A great deal,,,categorical,3,1975,1979
gallup_4_1116,gallup,1116,gallup:4:1116,"Please tell me how much confidence you, yourself, have in the American economic system, free enterprise -- a great deal, quite a lot, some, or very little?",Some|Quite a lot|A great deal|Very little,Some,,,categorical,3,1975,1979
gallup_4_1117,gallup,1117,gallup:4:1117,"Please tell me how much confidence you, yourself, have in medicine -- a great deal, quite a lot, some, or very little?",A great deal|Quite a lot|Some|Very little,A great deal,,,categorical,2,1975,1977
gallup_4_1127,gallup,1127,gallup:4:1127,Do you approve or disapprove of the way [president] is handling his job as president?,Approve|Disapprove,Approve,,,binary,21,2000,2020
gallup_4_1128,gallup,1128,gallup:4:1128,"There is much discussion as to the amount of money the government in Washington should spend for national defense and military purposes. How do you feel about this? Do you think we are spending too little, about the right amount, or too much?",About right|Too much|Too little,About right,,,categorical,21,2000,2020
gallup_4_1129,gallup,1129,gallup:4:1129,What one country anywhere in the world do you consider to be America's greatest enemy today? [Open-ended],Iran|North Korea|China|Iraq|Russia|Afghanistan,Iran,,,categorical,13,2001,2020
gallup_4_1130,gallup,1130,gallup:4:1130,Do you approve or disapprove of the way [president] is handling the economy?,Disapprove|Approve,Disapprove,,,binary,21,2000,2020
gallup_4_1131,gallup,1131,gallup:4:1131,Do you approve or disapprove of the way [president] is handling foreign affairs?,Disapprove|Approve,Disapprove,,,binary,21,2000,2020
gallup_4_1132,gallup,1132,gallup:4:1132,"Do you think leaders of other countries around the world have respect for [president], or do you think they don't have much respect for him?",Don't have much respect|Have respect for him,Don't have much respect,,,binary,21,2000,2020
gallup_4_1133,gallup,1133,gallup:4:1133,"On the whole, would you say that you are satisfied, or dissatisfied, with the position of the United States in the world, today?",Dissatisfied|Satisfied,Dissatisfied,,,binary,21,2000,2020
gallup_4_1134,gallup,1134,gallup:4:1134,"In general, how do you think the United States rates in the eyes of the world - very favorably, somewhat favorably, somewhat unfavorably, or very unfavorably?",Somewhat favorably|Somewhat unfavorably|Very unfavorably|Very favorably,Somewhat favorably,,,categorical,21,2000,2020
gallup_4_1135,gallup,1135,gallup:4:1135,"Next, we would like you to think about the role the U.S. should play in trying to solve international problems. Do you think the U.S. should -- [ROTATED: take the leading role in world affairs, take a major role, but not the leading role, take a minor role, (or) take no role at all in world affairs]?",Take a major role (not leading)|Take a minor role|Take the leading role|Take no role at all,Take a major role (not leading),,,categorical,14,2001,2019
gallup_4_1136,gallup,1136,gallup:4:1136,"Turning to the issue of foreign aid, do you think the United States is now spending - [ROTATED: too little on foreign aid, about the right amount, (or) too much on foreign aid]?",Too much on foreign aid|About the right amount|Too little on foreign aid,Too much on foreign aid,,,categorical,7,2001,2009
gallup_4_1137,gallup,1137,gallup:4:1137,"What do you think foreign trade means for America? Do you see foreign trade more as - an opportunity for economic growth through increased U.S. exports, or a threat to the economy from foreign imports?",An opportunity for economic growth|A threat to the economy,An opportunity for economic growth,,,binary,16,2000,2020
gallup_4_1138,gallup,1138,gallup:4:1138,"Next, I'm going to read a list of possible foreign policy goals that the United States might have. For each one please say whether you think it should be a very important foreign policy goal of the United States, a somewhat important goal, not too important a goal, or not an important goal at all. How about maintaining superior military power worldwide?",Very important goal|Somewhat important|Not too important|Not important at all,Very important goal,,,categorical,4,2001,2008
gallup_4_1139,gallup,1139,gallup:4:1139,"Next, I'm going to read a list of possible foreign policy goals that the United States might have. For each one please say whether you think it should be a very important foreign policy goal of the United States, a somewhat important goal, not too important a goal, or not an important goal at all. How about defending our allies' security?",Very important goal|Somewhat important|Not too important|Not important at all,Very important goal,,,categorical,6,2001,2017
gallup_4_1140,gallup,1140,gallup:4:1140,"Next, I'm going to read a list of possible foreign policy goals that the United States might have. For each one please say whether you think it should be a very important foreign policy goal of the United States, a somewhat important goal, not too important a goal, or not an important goal at all. How about preventing the spread of nuclear weapons and other weapons of mass destruction?",Very important goal|Somewhat important|Not too important|Not important at all,Very important goal,,,categorical,6,2001,2017
gallup_4_1141,gallup,1141,gallup:4:1141,"Next, I'm going to read a list of possible foreign policy goals that the United States might have. For each one please say whether you think it should be a very important foreign policy goal of the United States, a somewhat important goal, not too important a goal, or not an important goal at all. How about securing adequate supplies of energy?",Very important goal|Somewhat important|Not too important|Not important at all,Very important goal,,,categorical,6,2001,2017
gallup_4_1142,gallup,1142,gallup:4:1142,"Next, I'm going to read a list of possible foreign policy goals that the United States might have. For each one please say whether you think it should be a very important foreign policy goal of the United States, a somewhat important goal, not too important a goal, or not an important goal at all. How about building democracy in other countries?",Somewhat important|Very important goal|Not too important|Not important at all,Somewhat important,,,categorical,6,2001,2017
gallup_4_1143,gallup,1143,gallup:4:1143,"Next, I'm going to read a list of possible foreign policy goals that the United States might have. For each one please say whether you think it should be a very important foreign policy goal of the United States, a somewhat important goal, not too important a goal, or not an important goal at all. How about protecting weaker nations against foreign aggression?",Somewhat important|Very important goal|Not too important|Not important at all,Somewhat important,,,categorical,4,2001,2008
gallup_4_1144,gallup,1144,gallup:4:1144,"Next, I'm going to read a list of possible foreign policy goals that the United States might have. For each one please say whether you think it should be a very important foreign policy goal of the United States, a somewhat important goal, not too important a goal, or not an important goal at all. How about promoting and defending human rights in other countries?",Very important goal|Somewhat important|Not too important|Not important at all,Very important goal,,,categorical,6,2001,2017
gallup_4_1145,gallup,1145,gallup:4:1145,"Next, I'm going to read a list of possible foreign policy goals that the United States might have. For each one please say whether you think it should be a very important foreign policy goal of the United States, a somewhat important goal, not too important a goal, or not an important goal at all. How about helping to improve the standard of living of less developed nations?",Somewhat important|Very important goal|Not too important|Not important at all,Somewhat important,,,categorical,4,2001,2008
gallup_4_1146,gallup,1146,gallup:4:1146,"Next, I'm going to read a list of possible foreign policy goals that the United States might have. For each one please say whether you think it should be a very important foreign policy goal of the United States, a somewhat important goal, not too important a goal, or not an important goal at all. How about working with organizations like the United Nations to bring about world cooperation?",Very important goal|Somewhat important|Not too important|Not important at all,Very important goal,,,categorical,2,2013,2017
gallup_4_1147,gallup,1147,gallup:4:1147,"Next, I'm going to read a list of possible foreign policy goals that the United States might have. For each one please say whether you think it should be a very important foreign policy goal of the United States, a somewhat important goal, not too important a goal, or not an important goal at all. How about promoting favorable trade policies for the U.S. in foreign markets?",Very important goal|Somewhat important|Not too important|Not important at all,Very important goal,,,categorical,2,2013,2017
gallup_4_1149,gallup,1149,gallup:4:1149,"Next, I'm going to read a list of possible foreign policy goals that the United States might have. For each one please say whether you think it should be a very important foreign policy goal of the United States, a somewhat important goal, not too important a goal, or not an important goal at all. How about preventing future acts of international terrorism?",Very important goal|Somewhat important|Not too important|Not important at all,Very important goal,,,categorical,5,2003,2017
gallup_4_1150,gallup,1150,gallup:4:1150,"Do you think the United States is number one in the world, economically, or that it is only one of several leading economic powers?",U.S. is one of several|U.S. is number one,U.S. is one of several,,,binary,4,2000,2017
gallup_4_1151,gallup,1151,gallup:4:1151,"Do you feel that it's important for the United States to be number one in the world, economically, or that being number one is not that important, as long as the U.S. is among the leading economic powers?",Is not that important|Is important,Is not that important,,,binary,4,2000,2017
gallup_4_1152,gallup,1152,gallup:4:1152,"Do you think the United States is number one in the world, militarily, or that it is only one of several leading military powers?",U.S. is number one|U.S. is one of several,U.S. is number one,,,binary,10,2000,2020
gallup_4_1153,gallup,1153,gallup:4:1153,"Do you feel that it's important for the United States to be number one in the world, militarily, or that being number one is not that important, as long as the U.S. is among the leading military powers?",Is important|Is not that important,Is important,,,binary,7,2000,2020
gallup_4_1154,gallup,1154,gallup:4:1154,"Do you, yourself, feel that our national defense is stronger, now, than it needs to be, not strong enough, or about right at the present time?",About right|Not strong enough|Stronger than it needs to be,About right,,,categorical,19,2000,2020
gallup_4_1155,gallup,1155,gallup:4:1155,"Do you think the United Nations is doing a good job, or a poor job, in trying to solve the problems it has had to face?",Poor job|Good job,Poor job,,,binary,19,2000,2020
gallup_4_1156,gallup,1156,gallup:4:1156,"Now thinking more specifically, which of the following roles would you like to see the United Nations play in world affairs today -- should it play -- [ROTATED: a leading role where all countries are required to follow U.N. policies, a major role, where the U.N. establishes policies, but where individual countries still act separately when they disagree with the U.N., (or should it play) a minor role, with the U.N. serving mostly as a forum for communication between nations, but with no policy making role]?",A major role|A minor role|A leading role,A major role,,,categorical,9,2001,2020
gallup_4_1157,gallup,1157,gallup:4:1157,"In your view, does the United Nations play a necessary role in the world today or not?","Yes, necessary role|No, not","Yes, necessary role",,,binary,2,2005,2019
gallup_4_1158,gallup,1158,gallup:4:1158,"I’d like your overall opinion of some foreign countries. Is your overall opinion of Afghanistan very favorable, mostly favorable, mostly unfavorable or very unfavorable?",Mostly unfavorable|Very unfavorable|Mostly favorable|Very favorable,Mostly unfavorable,,,categorical,19,2002,2020
gallup_4_1159,gallup,1159,gallup:4:1159,"I’d like your overall opinion of some foreign countries. Is your overall opinion of Australia very favorable, mostly favorable, mostly unfavorable or very unfavorable?",Mostly favorable|Very favorable|Mostly unfavorable|Very unfavorable,Mostly favorable,,,categorical,4,2001,2012
gallup_4_1160,gallup,1160,gallup:4:1160,"I’d like your overall opinion of some foreign countries. Is your overall opinion of Brazil very favorable, mostly favorable, mostly unfavorable or very unfavorable?",Mostly favorable|Mostly unfavorable|Very favorable|Very unfavorable,Mostly favorable,,,categorical,4,2001,2016
gallup_4_1161,gallup,1161,gallup:4:1161,"I’d like your overall opinion of some foreign countries. Is your overall opinion of Canada very favorable, mostly favorable, mostly unfavorable or very unfavorable?",Very favorable|Mostly favorable|Mostly unfavorable|Very unfavorable,Very favorable,,,categorical,20,2001,2020
gallup_4_1162,gallup,1162,gallup:4:1162,"I’d like your overall opinion of some foreign countries. Is your overall opinion of China very favorable, mostly favorable, mostly unfavorable or very unfavorable?",Mostly favorable|Mostly unfavorable|Very unfavorable|Very favorable,Mostly favorable,,,categorical,20,2001,2020
gallup_4_1163,gallup,1163,gallup:4:1163,"I’d like your overall opinion of some foreign countries. Is your overall opinion of Colombia very favorable, mostly favorable, mostly unfavorable or very unfavorable?",Mostly unfavorable|Mostly favorable|Very unfavorable|Very favorable,Mostly unfavorable,,,categorical,3,2001,2003
gallup_4_1164,gallup,1164,gallup:4:1164,"I’d like your overall opinion of some foreign countries. Is your overall opinion of Cuba very favorable, mostly favorable, mostly unfavorable or very unfavorable?",Mostly unfavorable|Mostly favorable|Very unfavorable|Very favorable,Mostly unfavorable,,,categorical,20,2001,2020
gallup_4_1165,gallup,1165,gallup:4:1165,"I’d like your overall opinion of some foreign countries. Is your overall opinion of Egypt very favorable, mostly favorable, mostly unfavorable or very unfavorable?",Mostly favorable|Mostly unfavorable|Very favorable|Very unfavorable,Mostly favorable,,,categorical,20,2001,2020
gallup_4_1166,gallup,1166,gallup:4:1166,"I’d like your overall opinion of some foreign countries. Is your overall opinion of France very favorable, mostly favorable, mostly unfavorable or very unfavorable?",Mostly favorable|Very favorable|Mostly unfavorable|Very unfavorable,Mostly favorable,,,categorical,20,2001,2020
gallup_4_1167,gallup,1167,gallup:4:1167,"I’d like your overall opinion of some foreign countries. Is your overall opinion of Germany very favorable, mostly favorable, mostly unfavorable or very unfavorable?",Mostly favorable|Very favorable|Mostly unfavorable|Very unfavorable,Mostly favorable,,,categorical,20,2001,2020
gallup_4_1168,gallup,1168,gallup:4:1168,"I’d like your overall opinion of some foreign countries. Is your overall opinion of Great Britain very favorable, mostly favorable, mostly unfavorable or very unfavorable?",Mostly favorable|Very favorable|Mostly unfavorable|Very unfavorable,Mostly favorable,,,categorical,20,2001,2020
gallup_4_1171,gallup,1171,gallup:4:1171,"I’d like your overall opinion of some foreign countries. Is your overall opinion of India very favorable, mostly favorable, mostly unfavorable or very unfavorable?",Mostly favorable|Mostly unfavorable|Very favorable|Very unfavorable,Mostly favorable,,,categorical,19,2001,2020
gallup_4_1173,gallup,1173,gallup:4:1173,"I’d like your overall opinion of some foreign countries. Is your overall opinion of Iran very favorable, mostly favorable, mostly unfavorable or very unfavorable?",Mostly unfavorable|Very unfavorable|Mostly favorable|Very favorable,Mostly unfavorable,,,categorical,20,2001,2020
gallup_4_1174,gallup,1174,gallup:4:1174,"I’d like your overall opinion of some foreign countries. Is your overall opinion of Iraq very favorable, mostly favorable, mostly unfavorable or very unfavorable?",Mostly unfavorable|Very unfavorable|Mostly favorable|Very favorable,Mostly unfavorable,,,categorical,20,2001,2020
gallup_4_1175,gallup,1175,gallup:4:1175,"I’d like your overall opinion of some foreign countries. Is your overall opinion of Israel very favorable, mostly favorable, mostly unfavorable or very unfavorable?",Mostly favorable|Very favorable|Mostly unfavorable|Very unfavorable,Mostly favorable,,,categorical,20,2001,2020
gallup_4_1176,gallup,1176,gallup:4:1176,"I’d like your overall opinion of some foreign countries. Is your overall opinion of Italy very favorable, mostly favorable, mostly unfavorable or very unfavorable?",Mostly favorable|Very favorable|Mostly unfavorable|Very unfavorable,Mostly favorable,,,categorical,2,2001,2003
gallup_4_1177,gallup,1177,gallup:4:1177,"I’d like your overall opinion of some foreign countries. Is your overall opinion of Japan very favorable, mostly favorable, mostly unfavorable or very unfavorable?",Mostly favorable|Very favorable|Mostly unfavorable|Very unfavorable,Mostly favorable,,,categorical,20,2001,2020
gallup_4_1178,gallup,1178,gallup:4:1178,"I’d like your overall opinion of some foreign countries. Is your overall opinion of Jordan very favorable, mostly favorable, mostly unfavorable or very unfavorable?",Mostly favorable|Mostly unfavorable|Very favorable|Very unfavorable,Mostly favorable,,,categorical,4,2005,2015
gallup_4_1181,gallup,1181,gallup:4:1181,"I’d like your overall opinion of some foreign countries. Is your overall opinion of Libya very favorable, mostly favorable, mostly unfavorable or very unfavorable?",Mostly unfavorable|Very unfavorable|Mostly favorable|Very favorable,Mostly unfavorable,,,categorical,8,2001,2014
gallup_4_1182,gallup,1182,gallup:4:1182,"I’d like your overall opinion of some foreign countries. Is your overall opinion of Mexico very favorable, mostly favorable, mostly unfavorable or very unfavorable?",Mostly favorable|Mostly unfavorable|Very favorable|Very unfavorable,Mostly favorable,,,categorical,20,2001,2020
gallup_4_1183,gallup,1183,gallup:4:1183,"I’d like your overall opinion of some foreign countries. Is your overall opinion of North Korea very favorable, mostly favorable, mostly unfavorable or very unfavorable?",Very unfavorable|Mostly unfavorable|Mostly favorable|Very favorable,Very unfavorable,,,categorical,20,2001,2020
gallup_4_1185,gallup,1185,gallup:4:1185,"I’d like your overall opinion of some foreign countries. Is your overall opinion of Pakistan very favorable, mostly favorable, mostly unfavorable or very unfavorable?",Mostly unfavorable|Very unfavorable|Mostly favorable|Very favorable,Mostly unfavorable,,,categorical,15,2002,2016
gallup_4_1186,gallup,1186,gallup:4:1186,"I’d like your overall opinion of some foreign countries. Is your overall opinion of the Palestinian Authority very favorable, mostly favorable, mostly unfavorable or very unfavorable?",Mostly unfavorable|Very unfavorable|Mostly favorable|Very favorable,Mostly unfavorable,,,categorical,20,2001,2020
gallup_4_1187,gallup,1187,gallup:4:1187,"I’d like your overall opinion of some foreign countries. Is your overall opinion of the Philippines very favorable, mostly favorable, mostly unfavorable or very unfavorable?",Mostly favorable|Mostly unfavorable|Very favorable|Very unfavorable,Mostly favorable,,,categorical,4,2001,2017
gallup_4_1189,gallup,1189,gallup:4:1189,"I’d like your overall opinion of some foreign countries. Is your overall opinion of Russia very favorable, mostly favorable, mostly unfavorable or very unfavorable?",Mostly favorable|Mostly unfavorable|Very unfavorable|Very favorable,Mostly favorable,,,categorical,20,2001,2020
gallup_4_1190,gallup,1190,gallup:4:1190,"I’d like your overall opinion of some foreign countries. Is your overall opinion of Saudi Arabia very favorable, mostly favorable, mostly unfavorable or very unfavorable?",Mostly unfavorable|Mostly favorable|Very unfavorable|Very favorable,Mostly unfavorable,,,categorical,20,2001,2020
gallup_4_1192,gallup,1192,gallup:4:1192,"I’d like your overall opinion of some foreign countries. Is your overall opinion of South Korea very favorable, mostly favorable, mostly unfavorable or very unfavorable?",Mostly favorable|Mostly unfavorable|Very favorable|Very unfavorable,Mostly favorable,,,categorical,7,2002,2019
gallup_4_1194,gallup,1194,gallup:4:1194,"I’d like your overall opinion of some foreign countries. Is your overall opinion of Syria very favorable, mostly favorable, mostly unfavorable or very unfavorable?",Mostly unfavorable|Very unfavorable|Mostly favorable|Very favorable,Mostly unfavorable,,,categorical,10,2005,2019
gallup_4_1195,gallup,1195,gallup:4:1195,"I’d like your overall opinion of some foreign countries. Is your overall opinion of Taiwan very favorable, mostly favorable, mostly unfavorable or very unfavorable?",Mostly favorable|Mostly unfavorable|Very favorable|Very unfavorable,Mostly favorable,,,categorical,4,2001,2017
gallup_4_1196,gallup,1196,gallup:4:1196,"I’d like your overall opinion of some foreign countries. Is your overall opinion of Turkey very favorable, mostly favorable, mostly unfavorable or very unfavorable?",Mostly favorable|Mostly unfavorable|Very unfavorable|Very favorable,Mostly favorable,,,categorical,4,2003,2020
gallup_4_1197,gallup,1197,gallup:4:1197,"I’d like your overall opinion of some foreign countries. Is your overall opinion of Ukraine very favorable, mostly favorable, mostly unfavorable or very unfavorable?",Mostly favorable|Mostly unfavorable|Very favorable|Very unfavorable,Mostly favorable,,,categorical,3,2005,2020
gallup_4_1198,gallup,1198,gallup:4:1198,"I’d like your overall opinion of some foreign countries. Is your overall opinion of Venezuela very favorable, mostly favorable, mostly unfavorable or very unfavorable?",Mostly favorable|Mostly unfavorable|Very unfavorable|Very favorable,Mostly favorable,,,categorical,4,2007,2019
gallup_4_1199,gallup,1199,gallup:4:1199,"I’d like your overall opinion of some foreign countries. Is your overall opinion of Vietnam very favorable, mostly favorable, mostly unfavorable or very unfavorable?",Mostly favorable|Mostly unfavorable|Very unfavorable|Very favorable,Mostly favorable,,,categorical,3,2001,2003
gallup_4_1201,gallup,1201,gallup:4:1201,"In the Middle East situation, are your sympathies more with the Israelis, or more with the Palestinians?",Israelis|Palestinians,Israelis,,,binary,20,2001,2020
gallup_4_1202,gallup,1202,gallup:4:1202,"Do you think there will, or will not, come a time when Israel and the Arab nations will be able to settle their differences and live in peace?","No, will not|Yes, will be a time","No, will not",,,binary,10,2001,2014
gallup_4_1203,gallup,1203,gallup:4:1203,"Do you favor, or oppose, the establishment of an independent Palestinian state on the West Bank and the Gaza strip?",Favor|Oppose,Favor,,,binary,9,2012,2020
gallup_4_1204,gallup,1204,gallup:4:1204,"In order to resolve the Palestinian-Israeli conflict, do you think the United States should put more pressure on the Palestinians to make the necessary compromises, (or) put more pressure on the Israelis to make the necessary compromises?",Put more pressure on the Palestinians|Put more pressure on the Israelis,Put more pressure on the Palestinians,,,binary,4,2007,2018
gallup_4_1205,gallup,1205,gallup:4:1205,"I am going to read you a list of possible threats to the vital interest of the United States in the next 10 years. For each one, please tell me if you see this as a critical threat, an important but not critical threat, or not an important threat at all. The military power of China",Critical threat|Important but not critical threat|Not an important threat at all,Critical threat,,,categorical,5,2004,2016
gallup_4_1206,gallup,1206,gallup:4:1206,"I am going to read you a list of possible threats to the vital interest of the United States in the next 10 years. For each one, please tell me if you see this as a critical threat, an important but not critical threat, or not an important threat at all. The military power of Russia",Important but not critical threat|Critical threat|Not an important threat at all,Important but not critical threat,,,categorical,7,2004,2019
gallup_4_1207,gallup,1207,gallup:4:1207,"I am going to read you a list of possible threats to the vital interest of the United States in the next 10 years. For each one, please tell me if you see this as a critical threat, an important but not critical threat, or not an important threat at all. International terrorism",Critical threat|Important but not critical threat|Not an important threat at all,Critical threat,,,categorical,8,2004,2019
gallup_4_1208,gallup,1208,gallup:4:1208,"I am going to read you a list of possible threats to the vital interest of the United States in the next 10 years. For each one, please tell me if you see this as a critical threat, an important but not critical threat, or not an important threat at all. The conflict between Israel and the Palestinians",Critical threat|Important but not critical threat|Not an important threat at all,Critical threat,,,categorical,8,2004,2019
gallup_4_1209,gallup,1209,gallup:4:1209,"I am going to read you a list of possible threats to the vital interest of the United States in the next 10 years. For each one, please tell me if you see this as a critical threat, an important but not critical threat, or not an important threat at all. The conflict between North Korea and South Korea",Critical threat|Important but not critical threat|Not an important threat at all,Critical threat,,,categorical,2,2004,2014
gallup_4_1210,gallup,1210,gallup:4:1210,"I am going to read you a list of possible threats to the vital interest of the United States in the next 10 years. For each one, please tell me if you see this as a critical threat, an important but not critical threat, or not an important threat at all. Large numbers of immigrants entering the United States illegally",Critical threat|Important but not critical threat|Not an important threat at all,Critical threat,,,categorical,3,2004,2019
gallup_4_1211,gallup,1211,gallup:4:1211,"I am going to read you a list of possible threats to the vital interest of the United States in the next 10 years. For each one, please tell me if you see this as a critical threat, an important but not critical threat, or not an important threat at all. Global warming or climate change",Critical threat|Important but not critical threat|Not an important threat at all,Critical threat,,,categorical,2,2016,2019
gallup_4_1212,gallup,1212,gallup:4:1212,"I am going to read you a list of possible threats to the vital interest of the United States in the next 10 years. For each one, please tell me if you see this as a critical threat, an important but not critical threat, or not an important threat at all. Development of nuclear weapons by Iran",Critical threat|Important but not critical threat|Not an important threat at all,Critical threat,,,categorical,5,2013,2019
gallup_4_1213,gallup,1213,gallup:4:1213,"I am going to read you a list of possible threats to the vital interest of the United States in the next 10 years. For each one, please tell me if you see this as a critical threat, an important but not critical threat, or not an important threat at all. The military power of North Korea",Critical threat|Important but not critical threat|Not an important threat at all,Critical threat,,,categorical,3,2010,2016
gallup_4_1214,gallup,1214,gallup:4:1214,"I am going to read you a list of possible threats to the vital interest of the United States in the next 10 years. For each one, please tell me if you see this as a critical threat, an important but not critical threat, or not an important threat at all. Development of nuclear weapons by North Korea",Critical threat|Important but not critical threat|Not an important threat at all,Critical threat,,,categorical,3,2013,2019
gallup_4_1215,gallup,1215,gallup:4:1215,"I am going to read you a list of possible threats to the vital interest of the United States in the next 10 years. For each one, please tell me if you see this as a critical threat, an important but not critical threat, or not an important threat at all. The economic power of China",Critical threat|Important but not critical threat|Not an important threat at all,Critical threat,,,categorical,6,2013,2019
gallup_4_1218,gallup,1218,gallup:4:1218,"I am going to read you a list of possible threats to the vital interest of the United States in the next 10 years. For each one, please tell me if you see this as a critical threat, an important but not critical threat, or not an important threat at all. Cyberterrorism, the use of computers to cause disruption or fear in society",Critical threat|Important but not critical threat|Not an important threat at all,Critical threat,,,categorical,2,2016,2018
gallup_4_1219,gallup,1219,gallup:4:1219,"Which one of the following do you think is the leading economic power in the world today - [The United States, The European Union, Russia, China, Japan, India]?",China|The United States|Japan|The European Union|Russia|India|Other (list),China,,,categorical,10,2000,2020
gallup_4_1220,gallup,1220,gallup:4:1220,"Looking ahead twenty years, which one of the following countries do you expect to be the world's leading economic power at that time - [The United States, The European Union, Russia, China, Japan, India]?",The United States|China|Japan|The European Union|India|Russia|Other (list),The United States,,,categorical,8,2000,2020
gallup_4_1221,gallup,1221,gallup:4:1221,"All things considered, do you think the environmental movement in this nation has done – definitely more good than harm, probably more good than harm, probably more harm than good, or definitely more harm than good?",Probably more good than harm|Definitely more good than harm|Probably more harm than good|Definitely more harm than good,Probably more good than harm,,,categorical,5,2000,2020
gallup_4_1222,gallup,1222,gallup:4:1222,"Did you, yourself, happen to attend church, synagogue, mosque or temple in the last seven days, or not?",No|Yes,No,,,binary,22,1999,2020
gallup_4_1223,gallup,1223,gallup:4:1223,"How often do you attend church, synagogue, mosque or temple -- every week, almost every week, about once a month, seldom, or never?",Every week|Seldom|Never|About once a month|Almost every week,Every week,,,categorical,22,1999,2020
gallup_4_1224,gallup,1224,gallup:4:1224,"Would you describe yourself as ""born-again,"" or evangelical?",No|Yes,No,,,binary,21,1999,2020
gallup_4_1225,gallup,1225,gallup:4:1225,"Do you believe that religion can answer all or most, of today's problems, or that religion is largely old-fashioned and out of date?",Can answer today's problems|Old-fashioned and out of date,Can answer today's problems,,,binary,22,1999,2020
gallup_4_1226,gallup,1226,gallup:4:1226,"How important would you say religion is, in your own life -- very important, fairly important, or not very important?",Very important|Fairly important|Not very important,Very important,,,categorical,22,1999,2020
gallup_4_1227,gallup,1227,gallup:4:1227,"At the present time, do you think religion, as a whole, is increasing its influence on American life or losing its influence?",Losing its influence|Increasing its influence|Staying the same (volunteered),Losing its influence,,,categorical,22,1999,2020
gallup_4_1228,gallup,1228,gallup:4:1228,"Do you happen to be a member of a church, synagogue, mosque or temple?",Yes|No,Yes,,,binary,22,1999,2020
gallup_4_1229,gallup,1229,gallup:4:1229,"What is your religious preference - are you Protestant, Roman Catholic, Mormon, Jewish, Muslim, another religion or no religion?",Protestant/Christian|Catholic|None/Atheist/Agnostic|Jewish|Mormon|Muslim|Buddhist,Protestant/Christian,,,categorical,22,1999,2020
gallup_4_1230,gallup,1230,gallup:4:1230,Religion summary: Christian/Non-Christian religion,Christian religion|No religion|Non-Christian religion|Unspecified,Christian religion,,,categorical,22,1999,2020
gallup_4_1234,gallup,1234,gallup:4:1234,"How often do you or your family currently do each of the following - more than once a week, once a week, once or twice a month, a few times a year, less often, or never? How about -- Shop for groceries in person at a grocery store or other store?",Once a week|More than once a week|Once or twice a month|Never|A few times a year|Less often,Once a week,,,categorical,3,2017,2019
gallup_4_1235,gallup,1235,gallup:4:1235,"How often do you or your family currently do each of the following - more than once a week, once a week, once or twice a month, a few times a year, less often, or never? How about -- Order groceries online for pick-up or delivery?",Never|Once or twice a month|A few times a year|Once a week|Less often|More than once a week,Never,,,categorical,3,2017,2019
gallup_4_1236,gallup,1236,gallup:4:1236,"How often do you or your family currently do each of the following - more than once a week, once a week, once or twice a month, a few times a year, less often, or never? How about -- Order a meal preparation kit that contains fresh ingredients and is delivered to your home?",Never|A few times a year|Once or twice a month|Less often|Once a week|More than once a week,Never,,,categorical,2,2018,2019
gallup_4_1237,gallup,1237,gallup:4:1237,"How often do you or your family currently do each of the following - more than once a week, once a week, once or twice a month, a few times a year, less often, or never? How about -- Order meals for takeout or delivery from a restaurant or pizzeria?",Once or twice a month|Once a week|Never|A few times a year|More than once a week|Less often,Once or twice a month,,,categorical,2,2018,2019
gallup_4_1238,gallup,1238,gallup:4:1238,"How often do you or your family currently do each of the following - more than once a week, once a week, once or twice a month, a few times a year, less often, or never? How about -- Eat a meal out at a restaurant?",Once or twice a month|Once a week|More than once a week|A few times a year|Never|Less often,Once or twice a month,,,categorical,2,2018,2019
gallup_4_1239,gallup,1239,gallup:4:1239,"How you would rate the honesty and ethical standards of people in these different fields -- very high, high, average, low, or very low? Accountants",Average|High|Low|Very high|Very low,Average,,,categorical,8,2000,2018
gallup_4_1240,gallup,1240,gallup:4:1240,"How you would rate the honesty and ethical standards of people in these different fields -- very high, high, average, low, or very low? Advertising practitioners",Average|Low|High|Very low|Very high,Average,,,categorical,36,1976,2020
gallup_4_1241,gallup,1241,gallup:4:1241,"How you would rate the honesty and ethical standards of people in these different fields -- very high, high, average, low, or very low? Auto mechanics",Average|High|Low|Very high|Very low,Average,,,categorical,8,1999,2017
gallup_4_1242,gallup,1242,gallup:4:1242,"How you would rate the honesty and ethical standards of people in these different fields -- very high, high, average, low, or very low? Bankers",Average|High|Low|Very high|Very low,Average,,,categorical,35,1977,2020
gallup_4_1243,gallup,1243,gallup:4:1243,"How you would rate the honesty and ethical standards of people in these different fields -- very high, high, average, low, or very low? Building contractors",Average|High|Low|Very low|Very high,Average,,,categorical,22,1976,2018
gallup_4_1244,gallup,1244,gallup:4:1244,"How you would rate the honesty and ethical standards of people in these different fields -- very high, high, average, low, or very low? Business executives",Average|Low|High|Very low|Very high,Average,,,categorical,36,1976,2020
gallup_4_1245,gallup,1245,gallup:4:1245,"How you would rate the honesty and ethical standards of people in these different fields -- very high, high, average, low, or very low? Car salespeople",Average|Low|Very low|High|Very high,Average,,,categorical,35,1977,2020
gallup_4_1246,gallup,1246,gallup:4:1246,"How you would rate the honesty and ethical standards of people in these different fields -- very high, high, average, low, or very low? Chiropractors",Average|High|Low|Very high|Very low,Average,,,categorical,7,1999,2019
gallup_4_1247,gallup,1247,gallup:4:1247,"How you would rate the honesty and ethical standards of people in these different fields -- very high, high, average, low, or very low? Clergy",High|Average|Very high|Low|Very low,High,,,categorical,35,1977,2020
gallup_4_1248,gallup,1248,gallup:4:1248,"How you would rate the honesty and ethical standards of people in these different fields -- very high, high, average, low, or very low? College teachers",High|Average|Very high|Low|Very low,High,,,categorical,24,1976,2019
gallup_4_1251,gallup,1251,gallup:4:1251,"How you would rate the honesty and ethical standards of people in these different fields -- very high, high, average, low, or very low? Daycare providers",Average|High|Very high|Low|Very low,Average,,,categorical,6,1999,2017
gallup_4_1253,gallup,1253,gallup:4:1253,"How you would rate the honesty and ethical standards of people in these different fields -- very high, high, average, low, or very low? Dentists",High|Average|Very high|Low|Very low,High,,,categorical,21,1981,2019
gallup_4_1254,gallup,1254,gallup:4:1254,"How you would rate the honesty and ethical standards of people in these different fields -- very high, high, average, low, or very low? Engineers",High|Average|Very high|Low|Very low,High,,,categorical,23,1976,2019
gallup_4_1257,gallup,1257,gallup:4:1257,"How you would rate the honesty and ethical standards of people in these different fields -- very high, high, average, low, or very low? Funeral directors",Average|High|Low|Very high|Very low,Average,,,categorical,21,1977,2018
gallup_4_1258,gallup,1258,gallup:4:1258,"How you would rate the honesty and ethical standards of people in these different fields -- very high, high, average, low, or very low? Grade school teachers",High|Average|Very high|Low|Very low,High,,,categorical,6,2004,2020
gallup_4_1259,gallup,1259,gallup:4:1259,"How you would rate the honesty and ethical standards of people in these different fields -- very high, high, average, low, or very low? Grade or high school teachers",High|Average|Very high|Low|Very low,High,,,categorical,2,1999,2000
gallup_4_1261,gallup,1261,gallup:4:1261,"How you would rate the honesty and ethical standards of people in these different fields -- very high, high, average, low, or very low? High school teachers",High|Average|Very high|Low|Very low,High,,,categorical,6,2002,2018
gallup_4_1262,gallup,1262,gallup:4:1262,"How you would rate the honesty and ethical standards of people in these different fields -- very high, high, average, low, or very low? HMO managers",Average|Low|Very low|High|Very high,Average,,,categorical,6,1999,2016
gallup_4_1264,gallup,1264,gallup:4:1264,"How you would rate the honesty and ethical standards of people in these different fields -- very high, high, average, low, or very low? Insurance salespeople",Average|Low|High|Very low|Very high,Average,,,categorical,22,1977,2019
gallup_4_1267,gallup,1267,gallup:4:1267,"How you would rate the honesty and ethical standards of people in these different fields -- very high, high, average, low, or very low? Journalists",Average|High|Low|Very low|Very high,Average,,,categorical,30,1976,2020
gallup_4_1268,gallup,1268,gallup:4:1268,"How you would rate the honesty and ethical standards of people in these different fields -- very high, high, average, low, or very low? Judges",Average|High|Low|Very high|Very low,Average,,,categorical,8,1999,2020
gallup_4_1269,gallup,1269,gallup:4:1269,"How you would rate the honesty and ethical standards of people in these different fields -- very high, high, average, low, or very low? Labor union leaders",Average|Low|High|Very low|Very high,Average,,,categorical,24,1976,2019
gallup_4_1270,gallup,1270,gallup:4:1270,"How you would rate the honesty and ethical standards of people in these different fields -- very high, high, average, low, or very low? Lawyers",Average|Low|High|Very low|Very high,Average,,,categorical,36,1976,2020
gallup_4_1271,gallup,1271,gallup:4:1271,"How you would rate the honesty and ethical standards of people in these different fields -- very high, high, average, low, or very low? Lobbyists",Low|Average|Very low|High|Very high,Low,,,categorical,7,2007,2017
gallup_4_1272,gallup,1272,gallup:4:1272,"How you would rate the honesty and ethical standards of people in these different fields -- very high, high, average, low, or very low? Local officeholders",Average|Low|High|Very low|Very high,Average,,,categorical,20,1977,2017
gallup_4_1273,gallup,1273,gallup:4:1273,"How you would rate the honesty and ethical standards of people in these different fields -- very high, high, average, low, or very low? Medical doctors",High|Average|Very high|Low|Very low,High,,,categorical,36,1976,2020
gallup_4_1274,gallup,1274,gallup:4:1274,"How you would rate the honesty and ethical standards of people in these different fields -- very high, high, average, low, or very low? Members of Congress",Average|Low|Very low|High|Very high,Average,,,categorical,36,1976,2020
gallup_4_1276,gallup,1276,gallup:4:1276,"How you would rate the honesty and ethical standards of people in these different fields -- very high, high, average, low, or very low? Military officers",High|Average|Very high|Low|Very low,High,,,categorical,6,2002,2017
gallup_4_1277,gallup,1277,gallup:4:1277,"How you would rate the honesty and ethical standards of people in these different fields -- very high, high, average, low, or very low? Newspaper reporters",Average|Low|High|Very low|Very high,Average,,,categorical,19,1981,2017
gallup_4_1278,gallup,1278,gallup:4:1278,"How you would rate the honesty and ethical standards of people in these different fields -- very high, high, average, low, or very low? Nurses",High|Very high|Average|Low|Very low,High,,,categorical,22,1999,2020
gallup_4_1279,gallup,1279,gallup:4:1279,"How you would rate the honesty and ethical standards of people in these different fields -- very high, high, average, low, or very low? Nursing home operators",Average|High|Low|Very low|Very high,Average,,,categorical,7,1999,2020
gallup_4_1280,gallup,1280,gallup:4:1280,"How you would rate the honesty and ethical standards of people in these different fields -- very high, high, average, low, or very low? Pharmacists",High|Average|Very high|Low|Very low,High,,,categorical,34,1981,2020
gallup_4_1281,gallup,1281,gallup:4:1281,"How you would rate the honesty and ethical standards of people in these different fields -- very high, high, average, low, or very low? Police officers",High|Average|Very high|Low|Very low,High,,,categorical,35,1977,2020
gallup_4_1283,gallup,1283,gallup:4:1283,"How you would rate the honesty and ethical standards of people in these different fields -- very high, high, average, low, or very low? Psychiatrists",Average|High|Low|Very high|Very low,Average,,,categorical,7,1976,2019
gallup_4_1284,gallup,1284,gallup:4:1284,"How you would rate the honesty and ethical standards of people in these different fields -- very high, high, average, low, or very low? Public opinion pollsters",Average|High|Low|Very high|Very low,Average,,,categorical,5,1994,1998
gallup_4_1285,gallup,1285,gallup:4:1285,"How you would rate the honesty and ethical standards of people in these different fields -- very high, high, average, low, or very low? Real estate agents",Average|Low|High|Very low|Very high,Average,,,categorical,21,1977,2018
gallup_4_1288,gallup,1288,gallup:4:1288,"How you would rate the honesty and ethical standards of people in these different fields -- very high, high, average, low, or very low? Senators",Average|Low|High|Very low|Very high,Average,,,categorical,24,1976,2019
gallup_4_1289,gallup,1289,gallup:4:1289,"How you would rate the honesty and ethical standards of people in these different fields -- very high, high, average, low, or very low? State governors",Average|Low|High|Very low|Very high,Average,,,categorical,8,1999,2019
gallup_4_1290,gallup,1290,gallup:4:1290,"How you would rate the honesty and ethical standards of people in these different fields -- very high, high, average, low, or very low? State officeholders",Average|Low|High|Very low|Very high,Average,,,categorical,20,1977,2017
gallup_4_1291,gallup,1291,gallup:4:1291,"How you would rate the honesty and ethical standards of people in these different fields -- very high, high, average, low, or very low? Stockbrokers",Average|Low|High|Very low|Very high,Average,,,categorical,27,1981,2019
gallup_4_1293,gallup,1293,gallup:4:1293,"How you would rate the honesty and ethical standards of people in these different fields -- very high, high, average, low, or very low? Telemarketers",Low|Average|Very low|High|Very high,Low,,,categorical,7,1999,2018
gallup_4_1294,gallup,1294,gallup:4:1294,"How you would rate the honesty and ethical standards of people in these different fields -- very high, high, average, low, or very low? TV reporters",Average|High|Low|Very low|Very high,Average,,,categorical,19,1981,2017
gallup_4_1296,gallup,1296,gallup:4:1296,"How you would rate the honesty and ethical standards of people in these different fields -- very high, high, average, low, or very low? Veterinarians",High|Average|Very high|Low|Very low,High,,,categorical,4,1999,2006
gallup_4_1398,gallup,1398,gallup:4:1398,"Please tell me how much confidence you, yourself, have in higher education -- a great deal, quite a lot, some, or very little?",Some|Quite a lot|A great deal|Very little,Some,,,categorical,2,2015,2018
gallup_4_1513,gallup,1513,gallup:4:1513,"Thinking about how the gun issue might affect your vote for major offices, would you only vote for a candidate who shares your views on gun control, consider a candidate's position on gun control as just one of many important factors when voting, or would you not consider gun control a major issue?","Consider a candidate's position on gun control as just one of many important factors when voting, or would you|Only vote for a candidate who shares your views on gun control|Not consider gun control as a major issue,","Consider a candidate's position on gun control as just one of many important factors when voting, or would you",,,categorical,2,2015,2017
gallup_4_1520,gallup,1520,gallup:4:1520,"How much confidence do you have in the federal government to ensure the safety of the food supply in the U.S., would you say you have -- a great deal, a fair amount, not much, or none at all?","A fair amount|A great deal|Not much, or|None at all",A fair amount,,,categorical,8,2001,2019
gallup_4_1522,gallup,1522,gallup:4:1522,"In your view, how should juveniles between the ages of 14 and 17 who commit violent crimes be treated in the criminal justice system -- [Form A: Read 1-2; Form B: Read 2-1]?",Should they be treated the same as adults (or)|Should they be given more lenient treatment in a juvenile court (or),Should they be treated the same as adults (or),,,binary,2,2000,2003
gallup_4_1523,gallup,1523,gallup:4:1523,"Have you, personally, EVER been the victim of a crime where you were physically harmed, or threatened with physical harm?",No|Yes,No,,,binary,2,2000,2011
gallup_4_1526,gallup,1526,gallup:4:1526,"When your doctor gives you important medical advice, which comes closer to your view","You usually feel confident in the accuracy of your doctor's advice, (or)|You usually feel it is necessary to check for second opinions or do your own research on the subject, (or)","You usually feel confident in the accuracy of your doctor's advice, (or)",,,binary,2,2002,2010
gallup_4_303,gallup,303,gallup:4:303,"How would you rate the overall quality of the environment in this country today - as excellent, good, only fair, or poor?",Only fair|Good|Poor|Excellent,Only fair,,,categorical,20,2001,2020
gallup_4_304,gallup,304,gallup:4:304,"Right now, do you think the quality of the environment in the country as a whole is getting better or getting worse?",Getting Worse|Getting Better|(Same) [Volunteered],Getting Worse,,,categorical,20,2001,2020
gallup_4_305,gallup,305,gallup:4:305,"I'm going to read a list of problems facing the country. For each one, please tell me if you personally worry about this problem a great deal, a fair amount, only a little, or not at all? How much do you personally worry about -- Hunger and homelessness?",A great deal|A fair amount|Only a Little|Not at all,A great deal,,,categorical,18,2001,2020
gallup_4_306,gallup,306,gallup:4:306,"I'm going to read a list of problems facing the country. For each one, please tell me if you personally worry about this problem a great deal, a fair amount, only a little, or not at all? How much do you personally worry about -- Crime and violence?",A great deal|A fair amount|Only a Little|Not at all,A great deal,,,categorical,18,2001,2020
gallup_4_307,gallup,307,gallup:4:307,"I'm going to read a list of problems facing the country. For each one, please tell me if you personally worry about this problem a great deal, a fair amount, only a little, or not at all? How much do you personally worry about -- The quality of the environment?",A great deal|A fair amount|Only a Little|Not at all,A great deal,,,categorical,18,2001,2020
gallup_4_308,gallup,308,gallup:4:308,"I'm going to read a list of problems facing the country. For each one, please tell me if you personally worry about this problem a great deal, a fair amount, only a little, or not at all? How much do you personally worry about -- The availability and affordability of health care?",A great deal|A fair amount|Only a Little|Not at all,A great deal,,,categorical,18,2001,2020
gallup_4_309,gallup,309,gallup:4:309,"I'm going to read a list of problems facing the country. For each one, please tell me if you personally worry about this problem a great deal, a fair amount, only a little, or not at all? How much do you personally worry about -- Drug use?",A great deal|A fair amount|Only a Little|Not at all,A great deal,,,categorical,18,2001,2020
gallup_4_310,gallup,310,gallup:4:310,"I'm going to read a list of problems facing the country. For each one, please tell me if you personally worry about this problem a great deal, a fair amount, only a little, or not at all? How much do you personally worry about -- Race relations?",A fair amount|Only a Little|A great deal|Not at all,A fair amount,,,categorical,18,2001,2020
gallup_4_311,gallup,311,gallup:4:311,"I'm going to read a list of problems facing the country. For each one, please tell me if you personally worry about this problem a great deal, a fair amount, only a little, or not at all? How much do you personally worry about -- Illegal immigration?",A great deal|A fair amount|Only a Little|Not at all,A great deal,,,categorical,18,2001,2020
gallup_4_312,gallup,312,gallup:4:312,"I'm going to read a list of problems facing the country. For each one, please tell me if you personally worry about this problem a great deal, a fair amount, only a little, or not at all? How much do you personally worry about -- The availability and affordability of energy?",A great deal|A fair amount|Only a Little|Not at all,A great deal,,,categorical,18,2001,2020
gallup_4_313,gallup,313,gallup:4:313,"I'm going to read a list of problems facing the country. For each one, please tell me if you personally worry about this problem a great deal, a fair amount, only a little, or not at all? How much do you personally worry about -- The economy?",A great deal|A fair amount|Only a Little|Not at all,A great deal,,,categorical,18,2001,2020
gallup_4_314,gallup,314,gallup:4:314,"I'm going to read a list of problems facing the country. For each one, please tell me if you personally worry about this problem a great deal, a fair amount, only a little, or not at all? How much do you personally worry about -- Unemployment?",A great deal|A fair amount|Only a Little|Not at all,A great deal,,,categorical,17,2001,2019
gallup_4_315,gallup,315,gallup:4:315,"I'm going to read a list of problems facing the country. For each one, please tell me if you personally worry about this problem a great deal, a fair amount, only a little, or not at all? How much do you personally worry about -- The Social Security system?",A great deal|A fair amount|Only a Little|Not at all,A great deal,,,categorical,15,2005,2020
gallup_4_316,gallup,316,gallup:4:316,"I'm going to read a list of problems facing the country. For each one, please tell me if you personally worry about this problem a great deal, a fair amount, only a little, or not at all? How much do you personally worry about -- The possibility of future terrorist attacks in the U.S.?",A great deal|A fair amount|Only a Little|Not at all,A great deal,,,categorical,17,2002,2020
gallup_4_317,gallup,317,gallup:4:317,Do you think the President is doing a good job or a poor job in handling each of the following issues as president? How about Protecting the nation's environment?,Good job|Poor job|(Fair/Mixed) [Volunteered],Good job,,,categorical,20,2001,2020
gallup_4_318,gallup,318,gallup:4:318,Do you think the President is doing a good job or a poor job in handling each of the following issues as president? How about Improving the nation's energy policies?,Poor job|Good job|(Fair/Mixed) [Volunteered],Poor job,,,categorical,20,2001,2020
gallup_4_319,gallup,319,gallup:4:319,Do you think the President is doing a good job or a poor job in handling each of the following issues as president? How about Keeping America prosperous?,Poor job|Good job|(Fair/Mixed) [Volunteered],Poor job,,,categorical,20,2001,2020
gallup_4_320,gallup,320,gallup:4:320,"Which statement about the environment and the economy do you most agree with - [ROTATED: protection of the environment should be given priority, even at the risk of curbing economic growth (or) economic growth should be given priority, even if the environment suffers to some extent]?","Protect environment, even at the risk of curbing economic growth|Economic growth priority, even if environment suffers to some extent|(Equal Priority) [Volunteered]","Protect environment, even at the risk of curbing economic growth",,,categorical,21,2000,2020
gallup_4_321,gallup,321,gallup:4:321,"With which one of these statements about the environment and energy production do you most agree - [ROTATED: protection of the environment should be given priority, even at the risk of limiting the amount of energy supplies - such as oil, gas, and coal which the United States produces (or) development of U.S. energy supplies - such as oil, gas, and coal should be given priority, even if the environment suffers to some extent]?","Protect environment, even at the risk of limiting energy supplies|Developing energy supplies given priority|(Both Equally) [Volunteered]|(Neither/Other) [Volunteered]","Protect environment, even at the risk of limiting energy supplies",,,categorical,18,2001,2018
gallup_4_322,gallup,322,gallup:4:322,"I'm going to read you a list of problems. As I read each one, please tell me if you personally worry about this problem a great deal, a fair amount, only a little, or not at all. How much do you personally worry about -- Pollution of rivers, lakes, and reservoirs?",A great deal|A fair amount|Only a Little|Not at all,A great deal,,,categorical,20,2000,2020
gallup_4_323,gallup,323,gallup:4:323,"I'm going to read you a list of problems. As I read each one, please tell me if you personally worry about this problem a great deal, a fair amount, only a little, or not at all. How much do you personally worry about -- Air pollution?",A great deal|A fair amount|Only a Little|Not at all,A great deal,,,categorical,20,2000,2020
gallup_4_324,gallup,324,gallup:4:324,"I'm going to read you a list of problems. As I read each one, please tell me if you personally worry about this problem a great deal, a fair amount, only a little, or not at all. How much do you personally worry about -- Damage to the Earth's ozone layer?",A great deal|A fair amount|Only a Little|Not at all,A great deal,,,categorical,8,2000,2008
gallup_4_325,gallup,325,gallup:4:325,"I'm going to read you a list of problems. As I read each one, please tell me if you personally worry about this problem a great deal, a fair amount, only a little, or not at all. How much do you personally worry about -- The loss of tropical rain forests?",A great deal|A fair amount|Only a Little|Not at all,A great deal,,,categorical,20,2000,2020
gallup_4_326,gallup,326,gallup:4:326,"I'm going to read you a list of problems. As I read each one, please tell me if you personally worry about this problem a great deal, a fair amount, only a little, or not at all. How much do you personally worry about -- The ""greenhouse effect"" of global warming / Global warming / Global warming or Climate change?",A great deal|A fair amount|Only a Little|Not at all,A great deal,,,categorical,20,2000,2020
gallup_4_327,gallup,327,gallup:4:327,"I'm going to read you a list of problems. As I read each one, please tell me if you personally worry about this problem a great deal, a fair amount, only a little, or not at all. How much do you personally worry about -- Contamination of soil and water by toxic waste?",A great deal|A fair amount|Only a Little|Not at all,A great deal,,,categorical,14,2000,2014
gallup_4_328,gallup,328,gallup:4:328,"I'm going to read you a list of problems. As I read each one, please tell me if you personally worry about this problem a great deal, a fair amount, only a little, or not at all. How much do you personally worry about -- Acid rain?",A fair amount|Only a Little|A great deal|Not at all,A fair amount,,,categorical,8,2000,2008
gallup_4_329,gallup,329,gallup:4:329,"I'm going to read you a list of problems. As I read each one, please tell me if you personally worry about this problem a great deal, a fair amount, only a little, or not at all. How much do you personally worry about -- Pollution of drinking water?",A great deal|A fair amount|Only a Little|Not at all,A great deal,,,categorical,20,2000,2020
gallup_4_330,gallup,330,gallup:4:330,"I'm going to read you a list of problems. As I read each one, please tell me if you personally worry about this problem a great deal, a fair amount, only a little, or not at all. How much do you personally worry about -- Extinction of plant and animal species?",A great deal|A fair amount|Only a Little|Not at all,A great deal,,,categorical,20,2000,2020
gallup_4_331,gallup,331,gallup:4:331,"I'm going to read you a list of problems. As I read each one, please tell me if you personally worry about this problem a great deal, a fair amount, only a little, or not at all. How much do you personally worry about -- Maintenance of the nation's supply of fresh water for household needs?",A great deal|A fair amount|Only a Little|Not at all,A great deal,,,categorical,9,2002,2011
gallup_4_332,gallup,332,gallup:4:332,"Next, thinking about the issue of global warming, sometimes called the ""greenhouse effect,"" how well do you feel you understand this issue - would you say very well, fairly well, not very well, or not at all?",Fairly well|Very well|Not very well|Not at all,Fairly well,,,categorical,19,2001,2020
gallup_4_333,gallup,333,gallup:4:333,"Which of the following statements reflects your view of when the effects of global warming will begin to happen – [ROTATED: they have already begun to happen, they will start happening within a few years, they will start happening within your lifetime, they will not happen within your lifetime, but they will affect future generations, (or) they will never happen]?","Already begun to happen|Will not happen within your lifetime, but will affect future generations|Will never happen|Will start happening within your lifetime|Will start happening in a few years",Already begun to happen,,,categorical,20,2001,2020
gallup_4_334,gallup,334,gallup:4:334,"Thinking about what is said in the news, in your view is the seriousness of global warming - [ROTATED: generally exaggerated, generally correct, or is it generally underestimated]?",Generally exaggerated|Generally underestimated|Generally correct,Generally exaggerated,,,categorical,20,2001,2020
gallup_4_335,gallup,335,gallup:4:335,"Just your impression, which one of the following statements do you think is most accurate – most scientists believe that global warming is occurring, most scientists believe that global warming is NOT occurring, or most scientists are unsure about whether global warming is occurring or not?",Most believe it is occurring|Most are unsure|Most believe it is not occurring,Most believe it is occurring,,,categorical,14,2001,2020
gallup_4_344,gallup,344,gallup:4:344,What is your highest completed level of education?,HS or less|Some college|College Graduate|Post Graduate,HS or less,,,categorical,28,1993,2020
gallup_4_353,gallup,353,gallup:4:353,"Which of these, if any, have you, yourself, done in the past year? Been active in a group or organization that works to protect the environment","No, have not done|Yes, have done","No, have not done",,,binary,5,2000,2017
gallup_4_355,gallup,355,gallup:4:355,"Which of these, if any, have you, yourself, done in the past year? Bought some product specifically because you thought it was better for the environment than competing products","Yes, have done|No, have not done","Yes, have done",,,binary,5,2000,2017
gallup_4_356,gallup,356,gallup:4:356,"Which of these, if any, have you, yourself, done in the past year? Bought or sold stocks based on the environmental record of the companies","No, have not done|Yes, have done","No, have not done",,,binary,2,2000,2017
gallup_4_357,gallup,357,gallup:4:357,"Which of these, if any, have you, yourself, done in the past year? Contacted a business to complain about its' products or policies because they harm the environment","No, have not done|Yes, have done","No, have not done",,,binary,4,2000,2017
gallup_4_358,gallup,358,gallup:4:358,"Which of these, if any, have you, yourself, done in the past year? Contacted a public official about an environmental issue","No, have not done|Yes, have done","No, have not done",,,binary,5,2000,2017
gallup_4_359,gallup,359,gallup:4:359,"Which of these, if any, have you, yourself, done in the past year? Contributed money to an environmental, conservation or wildlife preservation group","No, have not done|Yes, have done","No, have not done",,,binary,4,2000,2010
gallup_4_361,gallup,361,gallup:4:361,"Which of these, if any, have you, yourself, done in the past year? Voluntarily recycled newspapers, glass, aluminum, motor oil or other items","Yes, have done|No, have not done","Yes, have done",,,binary,5,2000,2017
gallup_4_362,gallup,362,gallup:4:362,"Which of these, if any, have you, yourself, done in the past year? Reduced your household's use of energy","Yes, have done|No, have not done","Yes, have done",,,binary,4,2000,2010
gallup_4_367,gallup,367,gallup:4:367,"Which of these, if any, have you, yourself, done in the past year? Voted for or worked for candidates because of their position on environmental issues","No, have not done|Yes, have done","No, have not done",,,binary,4,2000,2010
gallup_4_368,gallup,368,gallup:4:368,"Do you think that as a country, the United States should put more emphasis, less emphasis, or about the same emphasis as it does now on producing domestic energy from each of the following sources? Coal",Less emphasis|More emphasis|Same as now,Less emphasis,,,categorical,3,2013,2019
gallup_4_369,gallup,369,gallup:4:369,"Do you think that as a country, the United States should put more emphasis, less emphasis, or about the same emphasis as it does now on producing domestic energy from each of the following sources? Natural gas",More emphasis|Same as now|Less emphasis,More emphasis,,,categorical,3,2013,2019
gallup_4_370,gallup,370,gallup:4:370,"Do you think that as a country, the United States should put more emphasis, less emphasis, or about the same emphasis as it does now on producing domestic energy from each of the following sources? Nuclear power",More emphasis|Less emphasis|Same as now,More emphasis,,,categorical,3,2013,2019
gallup_4_371,gallup,371,gallup:4:371,"Do you think that as a country, the United States should put more emphasis, less emphasis, or about the same emphasis as it does now on producing domestic energy from each of the following sources? Oil",More emphasis|Less emphasis|Same as now,More emphasis,,,categorical,3,2013,2019
gallup_4_372,gallup,372,gallup:4:372,"Do you think that as a country, the United States should put more emphasis, less emphasis, or about the same emphasis as it does now on producing domestic energy from each of the following sources? Solar power",More emphasis|Same as now|Less emphasis,More emphasis,,,categorical,3,2013,2019
gallup_4_373,gallup,373,gallup:4:373,"Do you think that as a country, the United States should put more emphasis, less emphasis, or about the same emphasis as it does now on producing domestic energy from each of the following sources? Wind",More emphasis|Same as now|Less emphasis,More emphasis,,,categorical,3,2013,2019
gallup_4_374,gallup,374,gallup:4:374,"When it comes to environmental protection, which of these do you think is happening under the Bush administration -- the nation’s environmental protection policies are being strengthened, the nation’s environmental policies are being kept about the same, or the nation’s environmental protection policies are being weakened?",Kept the same|Weakened|Strengthened|Not serious,Kept the same,,,categorical,6,2003,2008
gallup_4_375,gallup,375,gallup:4:375,"I'm going to read a list of problems facing the country. For each one, please tell me if you personally worry about this problem a great deal, a fair amount, only a little, or not at all? How much do you personally worry about -- Federal spending and the budget deficit?",A great deal|A fair amount|Only a Little|Not at all,A great deal,,,categorical,8,2011,2020
gallup_4_376,gallup,376,gallup:4:376,"For each of the following, please indicate whether -- over the next six months -- you think it will -- increase a lot, increase a little, stay the same, decrease a little, decrease a lot? Your debt",Remain the same|Decrease a little|Decrease a lot|Increase a little|Increase a lot,Remain the same,,,categorical,3,2003,2005
gallup_4_377,gallup,377,gallup:4:377,"Over the next six months, do you think that each of the following will -- go up a lot, go up a little, remain the same, go down a little, (or) go down a lot]? How about -- Economic growth?",Go up a little|Remain the same|Go down a little|Go up a lot|Go down a lot,Go up a little,,,categorical,3,2002,2005
gallup_4_378,gallup,378,gallup:4:378,"For each of the following, please indicate whether -- over the next six months -- you think it will -- increase a lot, increase a little, stay the same, decrease a little, decrease a lot? Your income",Remain the same|Increase a little|Increase a lot|Decrease a little|Decrease a lot,Remain the same,,,categorical,3,2003,2005
gallup_4_379,gallup,379,gallup:4:379,"Over the next six months, do you think that each of the following will -- go up a lot, go up a little, remain the same, go down a little, (or) go down a lot]? How about -- Inflation?",Go up a little|Remain the same|Go up a lot|Go down a little|Go down a lot,Go up a little,,,categorical,2,2004,2005
gallup_4_380,gallup,380,gallup:4:380,"Over the next six months, do you think that each of the following will -- go up a lot, go up a little, remain the same, go down a little, (or) go down a lot]? How about -- Interest rates?",Go up a little|Remain the same|Go up a lot|Go down a little|Go down a lot,Go up a little,,,categorical,2,2004,2005
gallup_4_381,gallup,381,gallup:4:381,"For each of the following, please indicate whether -- over the next six months -- you think it will -- increase a lot, increase a little, stay the same, decrease a little, decrease a lot? The amount you are saving for the future",Remain the same|Increase a little|Increase a lot|Decrease a little|Decrease a lot,Remain the same,,,categorical,3,2003,2005
gallup_4_382,gallup,382,gallup:4:382,"For each of the following, please indicate whether -- over the next six months -- you think it will -- increase a lot, increase a little, stay the same, decrease a little, decrease a lot? Your spending",Remain the same|Increase a little|Decrease a little|Increase a lot|Decrease a lot,Remain the same,,,categorical,3,2003,2005
gallup_4_383,gallup,383,gallup:4:383,"Over the next six months, do you think that each of the following will -- go up a lot, go up a little, remain the same, go down a little, (or) go down a lot]? How about -- The stock market?",Go up a little|Remain the same|Go down a little|Go up a lot|Go down a lot,Go up a little,,,categorical,3,2002,2005
gallup_4_384,gallup,384,gallup:4:384,"Over the next six months, do you think that each of the following will -- go up a lot, go up a little, remain the same, go down a little, (or) go down a lot]? How about -- Unemployment?",Go up a little|Go down a little|Remain the same|Go up a lot|Go down a lot,Go up a little,,,categorical,3,2002,2005
gallup_4_393,gallup,393,gallup:4:393,"I'm going to read you a list of environmental problems. As I read each one, please tell me if you personally worry about this problem a great deal, a fair amount, only a little, or not at all. How much do you personally worry about -- Contamination of soil and water by radioactivity from nuclear facilities?",A great deal|A fair amount|Only a little|Not at all,A great deal,,,categorical,2,2000,2001
gallup_4_394,gallup,394,gallup:4:394,"I'm going to read you a list of environmental problems. As I read each one, please tell me if you personally worry about this problem a great deal, a fair amount, only a little, or not at all. How much do you personally worry about -- Urban sprawl and loss of open spaces?",A great deal|A fair amount|Only a little|Not at all,A great deal,,,categorical,5,2000,2013
gallup_4_395,gallup,395,gallup:4:395,"I'm going to read you a list of environmental problems. As I read each one, please tell me if you personally worry about this problem a great deal, a fair amount, only a little, or not at all. How much do you personally worry about -- The loss of natural habitat for wildlife?",A great deal|A fair amount|Only a little|Not at all,A great deal,,,categorical,3,2000,2008
gallup_4_396,gallup,396,gallup:4:396,"I'm going to read a list of problems facing the country. For each one, please tell me if you personally worry about this problem a great deal, a fair amount, only a little, or not at all? How much do you personally worry about -- Gas prices?",A great deal|A fair amount|Only a Little|Not at all,A great deal,,,categorical,2,2012,2013
gallup_4_397,gallup,397,gallup:4:397,"I'm going to read a list of problems facing the country. For each one, please tell me if you personally worry about this problem a great deal, a fair amount, only a little, or not at all? How much do you personally worry about -- The size and power of the federal government?",A great deal|A fair amount|Only a Little|Not at all,A great deal,,,categorical,6,2011,2018
gallup_4_398,gallup,398,gallup:4:398,"I'm going to read a list of problems facing the country. For each one, please tell me if you personally worry about this problem a great deal, a fair amount, only a little, or not at all? How much do you personally worry about -- The way income and wealth are distributed in the U.S.?",A great deal|A fair amount|Only a Little|Not at all,A great deal,,,categorical,3,2015,2020
gallup_4_399,gallup,399,gallup:4:399,"I'm going to read you a list of environmental problems. As I read each one, please tell me if you personally worry about this problem a great deal, a fair amount, only a little, or not at all. How much do you personally worry about -- Ocean and beach pollution?",A great deal|A fair amount|Only a little|Not at all,A great deal,,,categorical,3,2000,2020
gallup_4_468,gallup,468,gallup:4:468,"Do you approve or disapprove, of the way [president], is handling [his] job as president?",Approve|Disapprove,Approve,,,binary,17,2001,2020
gallup_4_469,gallup,469,gallup:4:469,Do you approve or disapprove of the way Congress is handling its job?,Disapprove|Approve,Disapprove,,,binary,17,2001,2020
gallup_4_470,gallup,470,gallup:4:470,Satisfaction with U.S.,Dissatisfied|Satisfied,Dissatisfied,,,binary,17,2001,2020
gallup_4_472,gallup,472,gallup:4:472,"All in all, are you satisfied or dissatisfied with the way things are going in your local community",Satisfied|Dissatisfied,Satisfied,,,binary,5,2001,2018
gallup_4_473,gallup,473,gallup:4:473,"In general, are you satisfied or dissatisfied with the way things are going in your personal life at this time?",Satisfied|Dissatisfied,Satisfied,,,binary,8,2001,2020
gallup_4_474,gallup,474,gallup:4:474,"Thinking about the job situation in America today, would you say that it is now a good time or a bad time to find a quality job?",Bad time|Good time,Bad time,,,binary,16,2002,2020
gallup_4_476,gallup,476,gallup:4:476,"In general, are you satisfied or dissatisfied with the way things are going in the United States at this time?",Very dissatisfied|Somewhat dissatisfied|Somewhat satisfied|Very satisfied,Very dissatisfied,,,categorical,15,2001,2020
gallup_4_477,gallup,477,gallup:4:477,"In general, are you satisfied or dissatisfied with the way things are going in your personal life at this time?",Very satisfied|Somewhat satisfied|Somewhat dissatisfied|Very dissatisfied,Very satisfied,,,categorical,7,2001,2020
gallup_4_485,gallup,485,gallup:4:485,"Next, we'd like to know how you feel about the state of the nation in each of the following areas. For each one, please say whether you are -- very satisfied, somewhat satisfied, somewhat dissatisfied, very dissatisfied. The nation's policies regarding the abortion issue","Somewhat satisfied|Very dissatisfied|Somewhat dissatisfied, or|Very satisfied",Somewhat satisfied,,,categorical,17,2001,2020
gallup_4_486,gallup,486,gallup:4:486,"Next, we'd like to know how you feel about the state of the nation in each of the following areas. For each one, please say whether you are -- very satisfied, somewhat satisfied, somewhat dissatisfied, very dissatisfied. The nation's campaign finance laws","Very dissatisfied|Somewhat dissatisfied, or|Somewhat satisfied|Very satisfied",Very dissatisfied,,,categorical,11,2001,2020
gallup_4_487,gallup,487,gallup:4:487,"Next, we'd like to know how you feel about the state of the nation in each of the following areas. For each one, please say whether you are -- very satisfied, somewhat satisfied, somewhat dissatisfied, very dissatisfied. The nation's policies to reduce or control crime","Somewhat satisfied|Somewhat dissatisfied, or|Very dissatisfied|Very satisfied",Somewhat satisfied,,,categorical,17,2001,2020
gallup_4_488,gallup,488,gallup:4:488,"How important is it to you that the president and Congress deal with each of the following issues in the next year -- is it -- extremely important, very important, moderately important, or not that important? Immigration",Somewhat important|Very important|Extremely important|Not important,Somewhat important,,,categorical,2,2001,2014
gallup_4_489,gallup,489,gallup:4:489,"How important is it to you that the president and Congress deal with each of the following issues in the next year -- is it -- extremely important, very important, moderately important, or not that important? Poverty and homelessness",Very important|Extremely important|Somewhat important|Not important,Very important,,,categorical,2,2001,2014
gallup_4_490,gallup,490,gallup:4:490,"How important is it to you that the president and Congress deal with each of the following issues in the next year -- is it -- extremely important, very important, moderately important, or not that important? The Social Security and Medicare systems",Very important|Extremely important|Somewhat important|Not important,Very important,,,categorical,2,2001,2014
gallup_4_491,gallup,491,gallup:4:491,"Now thinking just about today, how would you describe your mood? Has it been -- [ROTATED: very good, somewhat good, neither good nor bad, somewhat bad, or very bad]?","Very good|Somewhat good, (or)|Neither good nor bad|Somewhat bad, (or)|Very bad",Very good,,,categorical,3,2001,2003
gallup_4_493,gallup,493,gallup:4:493,"How would you rate economic conditions in this country today -- as excellent, good, only fair, or poor?",Only fair|Good|Poor|Excellent,Only fair,,,categorical,11,2001,2020
gallup_4_494,gallup,494,gallup:4:494,Economy Better/Worse,Getting worse|Getting better,Getting worse,,,binary,11,2001,2020
gallup_4_495,gallup,495,gallup:4:495,"How proud are you to be an American -- extremely proud, very proud, moderately proud, only a little proud, or not at all proud?","Extremely proud|Very proud|Moderately proud|Only a little proud, or|Not at all proud",Extremely proud,,,categorical,4,2001,2008
gallup_4_496,gallup,496,gallup:4:496,"Next, we are interested in how people's financial situation may have changed. Would you say that you are financially better off now than you were a year ago, or are you financially worse off now?",Better off|Worse off,Better off,,,binary,10,2001,2020
gallup_4_497,gallup,497,gallup:4:497,"Looking ahead, do you expect that at this time next year you will be financially better off than now, or worse off than now?",Better off|Worse off,Better off,,,binary,10,2001,2020
gallup_4_510,gallup,510,gallup:4:510,"Next, I'm going to read some aspects of life in America today. For each one, please say whether you are very satisfied, somewhat satisfied, somewhat dissatisfied, very dissatisfied? The overall quality of life","Somewhat satisfied|Very satisfied|Somewhat dissatisfied, or|Very dissatisfied",Somewhat satisfied,,,categorical,17,2001,2020
gallup_4_511,gallup,511,gallup:4:511,"Next, I'm going to read some aspects of life in America today. For each one, please say whether you are very satisfied, somewhat satisfied, somewhat dissatisfied, very dissatisfied? Our system of government and how well it works","Somewhat satisfied|Somewhat dissatisfied, or|Very dissatisfied|Very satisfied",Somewhat satisfied,,,categorical,17,2001,2020
gallup_4_512,gallup,512,gallup:4:512,"Next, I'm going to read some aspects of life in America today. For each one, please say whether you are very satisfied, somewhat satisfied, somewhat dissatisfied, very dissatisfied? The size and power of the federal government","Somewhat satisfied|Somewhat dissatisfied, or|Very dissatisfied|Very satisfied",Somewhat satisfied,,,categorical,17,2001,2020
gallup_4_513,gallup,513,gallup:4:513,"Next, I'm going to read some aspects of life in America today. For each one, please say whether you are very satisfied, somewhat satisfied, somewhat dissatisfied, very dissatisfied? The moral and ethical climate","Very dissatisfied|Somewhat dissatisfied, or|Somewhat satisfied|Very satisfied",Very dissatisfied,,,categorical,17,2001,2020
gallup_4_514,gallup,514,gallup:4:514,"Next, I'm going to read some aspects of life in America today. For each one, please say whether you are very satisfied, somewhat satisfied, somewhat dissatisfied, very dissatisfied? The opportunity for a person in this nation to get ahead by working hard","Somewhat satisfied|Very satisfied|Somewhat dissatisfied, or|Very dissatisfied",Somewhat satisfied,,,categorical,17,2001,2020
gallup_4_515,gallup,515,gallup:4:515,"Next, I'm going to read some aspects of life in America today. For each one, please say whether you are very satisfied, somewhat satisfied, somewhat dissatisfied, very dissatisfied? The size and influence of major corporations","Somewhat satisfied|Very dissatisfied|Somewhat dissatisfied, or|Very satisfied",Somewhat satisfied,,,categorical,17,2001,2020
gallup_4_516,gallup,516,gallup:4:516,"Next, I'm going to read some aspects of life in America today. For each one, please say whether you are very satisfied, somewhat satisfied, somewhat dissatisfied, very dissatisfied? The influence of organized religion","Somewhat satisfied|Somewhat dissatisfied, or|Very satisfied|Very dissatisfied",Somewhat satisfied,,,categorical,17,2001,2020
gallup_4_517,gallup,517,gallup:4:517,"Next, I'm going to read some aspects of life in America today. For each one, please say whether you are very satisfied, somewhat satisfied, somewhat dissatisfied, very dissatisfied? The way income and wealth are distributed in the U.S.","Very dissatisfied|Somewhat satisfied|Somewhat dissatisfied, or|Very satisfied",Very dissatisfied,,,categorical,7,2014,2020
gallup_4_518,gallup,518,gallup:4:518,"Next, we'd like to know how you feel about the state of the nation in each of the following areas. For each one, please say whether you are -- very satisfied, somewhat satisfied, somewhat dissatisfied, very dissatisfied. The state of the nation's economy","Somewhat satisfied|Somewhat dissatisfied, or|Very dissatisfied|Very satisfied",Somewhat satisfied,,,categorical,17,2001,2020
gallup_4_519,gallup,519,gallup:4:519,"Next, we'd like to know how you feel about the state of the nation in each of the following areas. For each one, please say whether you are -- very satisfied, somewhat satisfied, somewhat dissatisfied, very dissatisfied. The quality of public education in the nation","Somewhat satisfied|Very dissatisfied|Somewhat dissatisfied, or|Very satisfied",Somewhat satisfied,,,categorical,17,2001,2020
gallup_4_520,gallup,520,gallup:4:520,"Next, we'd like to know how you feel about the state of the nation in each of the following areas. For each one, please say whether you are -- very satisfied, somewhat satisfied, somewhat dissatisfied, very dissatisfied. The nation's energy policies","Somewhat satisfied|Somewhat dissatisfied, or|Very dissatisfied|Very satisfied",Somewhat satisfied,,,categorical,17,2001,2020
gallup_4_521,gallup,521,gallup:4:521,"Next, we'd like to know how you feel about the state of the nation in each of the following areas. For each one, please say whether you are -- very satisfied, somewhat satisfied, somewhat dissatisfied, very dissatisfied. The quality of the environment in the nation","Somewhat satisfied|Somewhat dissatisfied, or|Very dissatisfied|Very satisfied",Somewhat satisfied,,,categorical,17,2001,2020
gallup_4_522,gallup,522,gallup:4:522,"Next, we'd like to know how you feel about the state of the nation in each of the following areas. For each one, please say whether you are -- very satisfied, somewhat satisfied, somewhat dissatisfied, very dissatisfied. The role the U.S. plays in world affairs","Somewhat satisfied|Somewhat dissatisfied, or|Very dissatisfied|Very satisfied",Somewhat satisfied,,,categorical,17,2001,2020
gallup_4_523,gallup,523,gallup:4:523,"Next, we'd like to know how you feel about the state of the nation in each of the following areas. For each one, please say whether you are -- very satisfied, somewhat satisfied, somewhat dissatisfied, very dissatisfied. The nation's laws or policies on guns","Somewhat satisfied|Very dissatisfied|Somewhat dissatisfied, or|Very satisfied",Somewhat satisfied,,,categorical,17,2001,2020
gallup_4_524,gallup,524,gallup:4:524,"Next, we'd like to know how you feel about the state of the nation in each of the following areas. For each one, please say whether you are -- very satisfied, somewhat satisfied, somewhat dissatisfied, very dissatisfied. The acceptance of [homosexuality / gays and lesbians] in the nation","Somewhat satisfied|Very dissatisfied|Somewhat dissatisfied, or|Very satisfied",Somewhat satisfied,,,categorical,17,2001,2020
gallup_4_525,gallup,525,gallup:4:525,"Next, we'd like to know how you feel about the state of the nation in each of the following areas. For each one, please say whether you are -- very satisfied, somewhat satisfied, somewhat dissatisfied, very dissatisfied. The availability of affordable health care","Very dissatisfied|Somewhat dissatisfied, or|Somewhat satisfied|Very satisfied",Very dissatisfied,,,categorical,17,2001,2020
gallup_4_526,gallup,526,gallup:4:526,"Next, we'd like to know how you feel about the state of the nation in each of the following areas. For each one, please say whether you are -- very satisfied, somewhat satisfied, somewhat dissatisfied, very dissatisfied. The quality of medical care in the nation","Somewhat satisfied|Very dissatisfied|Somewhat dissatisfied, or|Very satisfied",Somewhat satisfied,,,categorical,15,2001,2020
gallup_4_527,gallup,527,gallup:4:527,"Next, we'd like to know how you feel about the state of the nation in each of the following areas. For each one, please say whether you are -- very satisfied, somewhat satisfied, somewhat dissatisfied, very dissatisfied. The level of immigration into the country today","Very dissatisfied|Somewhat dissatisfied, or|Somewhat satisfied|Very satisfied",Very dissatisfied,,,categorical,17,2001,2020
gallup_4_528,gallup,528,gallup:4:528,"Next, we'd like to know how you feel about the state of the nation in each of the following areas. For each one, please say whether you are -- very satisfied, somewhat satisfied, somewhat dissatisfied, very dissatisfied. The nation's military strength and preparedness","Somewhat satisfied|Very satisfied|Somewhat dissatisfied, or|Very dissatisfied",Somewhat satisfied,,,categorical,17,2001,2020
gallup_4_529,gallup,529,gallup:4:529,"Next, we'd like to know how you feel about the state of the nation in each of the following areas. For each one, please say whether you are -- very satisfied, somewhat satisfied, somewhat dissatisfied, very dissatisfied. The nation's efforts to deal with poverty and homelessness","Very dissatisfied|Somewhat dissatisfied, or|Somewhat satisfied|Very satisfied",Very dissatisfied,,,categorical,17,2001,2020
gallup_4_530,gallup,530,gallup:4:530,"Next, we'd like to know how you feel about the state of the nation in each of the following areas. For each one, please say whether you are -- very satisfied, somewhat satisfied, somewhat dissatisfied, very dissatisfied. The position of blacks and other racial minorities in the nation","Somewhat satisfied|Somewhat dissatisfied, or|Very dissatisfied|Very satisfied",Somewhat satisfied,,,categorical,13,2001,2020
gallup_4_531,gallup,531,gallup:4:531,"Next, we'd like to know how you feel about the state of the nation in each of the following areas. For each one, please say whether you are -- very satisfied, somewhat satisfied, somewhat dissatisfied, very dissatisfied. The state of race relations","Somewhat satisfied|Somewhat dissatisfied, or|Very dissatisfied|Very satisfied",Somewhat satisfied,,,categorical,17,2001,2020
gallup_4_532,gallup,532,gallup:4:532,"Next, we'd like to know how you feel about the state of the nation in each of the following areas. For each one, please say whether you are -- very satisfied, somewhat satisfied, somewhat dissatisfied, very dissatisfied. The amount Americans pay in federal taxes","Very dissatisfied|Somewhat dissatisfied, or|Somewhat satisfied|Very satisfied",Very dissatisfied,,,categorical,17,2001,2020
gallup_4_533,gallup,533,gallup:4:533,"Next, we'd like to know how you feel about the state of the nation in each of the following areas. For each one, please say whether you are -- very satisfied, somewhat satisfied, somewhat dissatisfied, very dissatisfied. The Social Security and Medicare systems","Very dissatisfied|Somewhat satisfied|Somewhat dissatisfied, or|Very satisfied",Very dissatisfied,,,categorical,17,2001,2020
gallup_4_534,gallup,534,gallup:4:534,"Next, we'd like to know how you feel about the state of the nation in each of the following areas. For each one, please say whether you are -- very satisfied, somewhat satisfied, somewhat dissatisfied, very dissatisfied. The position of women in the nation","Somewhat satisfied|Very satisfied|Somewhat dissatisfied, or|Very dissatisfied",Somewhat satisfied,,,categorical,11,2001,2020
gallup_4_535,gallup,535,gallup:4:535,"Next, we'd like to know how you feel about the state of the nation in each of the following areas. For each one, please say whether you are -- very satisfied, somewhat satisfied, somewhat dissatisfied, very dissatisfied. The nation's security from terrorism","Somewhat satisfied|Somewhat dissatisfied, or|Very satisfied|Very dissatisfied",Somewhat satisfied,,,categorical,16,2002,2020
gallup_4_536,gallup,536,gallup:4:536,"Next, we'd like to know how you feel about the state of the nation in each of the following areas. For each one, please say whether you are -- very satisfied, somewhat satisfied, somewhat dissatisfied, very dissatisfied. Government surveillance of U.S. citizens","Very dissatisfied|Somewhat satisfied|Somewhat dissatisfied, or|Very satisfied",Very dissatisfied,,,categorical,3,2014,2016
gallup_4_537,gallup,537,gallup:4:537,"Next, we'd like to know how you feel about the state of the nation in each of the following areas. For each one, please say whether you are -- very satisfied, somewhat satisfied, somewhat dissatisfied, very dissatisfied. Government regulation of businesses and industries","Somewhat satisfied|Somewhat dissatisfied, or|Very dissatisfied|Very satisfied",Somewhat satisfied,,,categorical,5,2016,2020
gallup_4_549,gallup,549,gallup:4:549,"How important is it to you that the president and Congress deal with each of the following issues in the next year -- is it -- extremely important, very important, moderately important, or not that important? Abortion",Somewhat important|Very important|Not important|Extremely important,Somewhat important,,,categorical,2,2001,2014
gallup_4_551,gallup,551,gallup:4:551,"How important is it to you that the president and Congress deal with each of the following issues in the next year -- is it -- extremely important, very important, moderately important, or not that important? Crime",Very important|Extremely important|Somewhat important|Not important,Very important,,,categorical,2,2001,2014
gallup_4_552,gallup,552,gallup:4:552,"How important is it to you that the president and Congress deal with each of the following issues in the next year -- is it -- extremely important, very important, moderately important, or not that important? The economy",Very important|Extremely important|Somewhat important|Not important,Very important,,,categorical,2,2001,2014
gallup_4_553,gallup,553,gallup:4:553,"How important is it to you that the president and Congress deal with each of the following issues in the next year -- is it -- extremely important, very important, moderately important, or not that important? Energy policies",Very important|Somewhat important|Extremely important|Not important,Very important,,,categorical,2,2001,2014
gallup_4_554,gallup,554,gallup:4:554,"How important is it to you that the president and Congress deal with each of the following issues in the next year -- is it -- extremely important, very important, moderately important, or not that important? Foreign affairs",Very important|Somewhat important|Extremely important|Not important,Very important,,,categorical,2,2001,2014
gallup_4_555,gallup,555,gallup:4:555,"How important is it to you that the president and Congress deal with each of the following issues in the next year -- is it -- extremely important, very important, moderately important, or not that important? Gay rights issues",Somewhat important|Not important|Very important|Extremely important,Somewhat important,,,categorical,2,2001,2014
gallup_4_557,gallup,557,gallup:4:557,"How important is it to you that the president and Congress deal with each of the following issues in the next year -- is it -- extremely important, very important, moderately important, or not that important? Guns",Very important|Somewhat important|Extremely important|Not important,Very important,,,categorical,2,2001,2014
gallup_4_558,gallup,558,gallup:4:558,"How important is it to you that the president and Congress deal with each of the following issues in the next year -- is it -- extremely important, very important, moderately important, or not that important? Military and defense issues",Very important|Somewhat important|Extremely important|Not important,Very important,,,categorical,2,2001,2014
gallup_4_559,gallup,559,gallup:4:559,"How important is it to you that the president and Congress deal with each of the following issues in the next year -- is it -- extremely important, very important, moderately important, or not that important? Taxes",Very important|Somewhat important|Extremely important|Not important,Very important,,,categorical,2,2001,2014
gallup_4_561,gallup,561,gallup:4:561,"How important is it to you that the president and Congress deal with each of the following issues in the next year -- is it -- extremely important, very important, moderately important, or not that important? Health care",Very important|Extremely important|Somewhat important|Not important,Very important,,,categorical,2,2001,2014
gallup_4_562,gallup,562,gallup:4:562,"How important is it to you that the president and Congress deal with each of the following issues in the next year -- is it -- extremely important, very important, moderately important, or not that important? The environment",Very important|Somewhat important|Extremely important|Not important,Very important,,,categorical,2,2001,2014
gallup_4_563,gallup,563,gallup:4:563,"How important is it to you that the president and Congress deal with each of the following issues in the next year -- is it -- extremely important, very important, moderately important, or not that important? Race relations",Somewhat important|Very important|Extremely important|Not important,Somewhat important,,,categorical,2,2001,2014
gallup_4_566,gallup,566,gallup:4:566,"How important is it to you that the president and Congress deal with each of the following issues in the next year -- is it -- extremely important, very important, moderately important, or not that important? Public education",Very important|Extremely important|Somewhat important|Not important,Very important,,,categorical,2,2001,2014
gallup_4_568,gallup,568,gallup:4:568,Who do you want to have more influence over the direction the nation takes in the next year - [ROTATED: the president (or) the opposition party in Congress]?,The opposition party in Congress|The president,The opposition party in Congress,,,binary,4,2012,2020
gallup_4_625,gallup,625,gallup:4:625,Corporations follow-up,"Dissatisfied, want less influence|Satisfied|Dissatisfied, no change|Dissatisfied, want more influence","Dissatisfied, want less influence",,,categorical,15,2001,2018
gallup_4_626,gallup,626,gallup:4:626,Organized religion follow-up,"Satisfied|Dissatisfied, want less influence|Dissatisfied, no preference|Dissatisfied, want more influence",Satisfied,,,categorical,16,2001,2020
gallup_4_627,gallup,627,gallup:4:627,Abortion follow-up,"Satisfied|Dissatisfied, want laws to be stricter|Dissatisfied, want laws to be less strict|Dissatisfied, no preference",Satisfied,,,categorical,17,2001,2020
gallup_4_628,gallup,628,gallup:4:628,Gun policy follow-up,"Satisfied|Dissatisfied, want laws to be stricter|Dissatisfied, want laws to be less strict|Dissatisfied, no preference",Satisfied,,,categorical,16,2001,2020
gallup_4_629,gallup,629,gallup:4:629,Acceptance of Gays/Lesbians follow-up,"Satisfied|Dissatisfied, want lesser acceptance|Dissatisfied, want greater acceptance|Dissatisfied, no preference",Satisfied,,,categorical,16,2001,2020
gallup_4_630,gallup,630,gallup:4:630,Immigration follow-up,"Dissatisfied, want decreased|Satisfied|Dissatisfied, no preference|Dissatisfied, want increased","Dissatisfied, want decreased",,,categorical,17,2001,2020
gallup_4_631,gallup,631,gallup:4:631,Federal taxes follow-up,"Dissatisfied, want decreased|Satisfied|Dissatisfied, no preference|Dissatisfied, want increased","Dissatisfied, want decreased",,,categorical,11,2003,2018
gallup_4_632,gallup,632,gallup:4:632,Government Regulation follow-up,"Satisfied|Dissatisfied, want decreased|Dissatisfied, want increased|Dissatisfied, no preference",Satisfied,,,categorical,4,2016,2020
gallup_4_633,gallup,633,gallup:4:633,Do you approve or disapprove of the way [President_Name] is handling [his/her] job as president?,Approve|Disapprove,Approve,,,binary,20,2001,2020
gallup_4_634,gallup,634,gallup:4:634,"I'm going to read a list of problems facing the country. For each one, please tell me if you personally worry about this problem a great deal, a fair amount, only a little, or not at all? How much do you personally worry about -- The availability of guns?",A great deal|A fair amount|Not at all|Only a Little,A great deal,,,categorical,3,2018,2020
gallup_4_635,gallup,635,gallup:4:635,"Do you think the U.S. government is doing too much, too little, or about the right amount in terms of protecting the environment?",Too little|About the right amount|Too much,Too little,,,categorical,17,2000,2020
gallup_4_636,gallup,636,gallup:4:636,"Overall, do you strongly favor, somewhat favor, somewhat oppose, or strongly oppose the use of nuclear energy as one of the ways to provide electricity for the U.S.?",Somewhat favor|Somewhat oppose|Strongly favor|Strongly oppose,Somewhat favor,,,categorical,13,2001,2019
gallup_4_637,gallup,637,gallup:4:637,Do you think that global warming will pose a serious threat to you or your way of life in your lifetime?,No|Yes,No,,,binary,15,2001,2020
gallup_4_638,gallup,638,gallup:4:638,"How much progress do you think has been made in dealing with environmental problems over the past twenty years? Would you say there has been a great deal of progress, only some progress, or hardly any progress at all?",Only some progress|A great deal of progress|Hardly any progress at all,Only some progress,,,categorical,5,2000,2020
gallup_4_639,gallup,639,gallup:4:639,"How serious would you say the energy situation is in the United States -- very serious, fairly serious, or not at all serious?",Fairly serious|Very serious|Not at all serious,Fairly serious,,,categorical,18,2001,2018
gallup_4_640,gallup,640,gallup:4:640,"And from what you have heard or read, do you believe increases in the Earth's temperature over the last century are due more to - [Rotated: The effects of pollution from human activities/Natural changes in the environment that are not due to human activities]?","The effects of pollution from human activities, (or)|Natural changes in the environment that are not due to human activities, (or)","The effects of pollution from human activities, (or)",,,binary,16,2001,2020
gallup_4_642,gallup,642,gallup:4:642,Do you believe that new environmental and energy laws designed to reduce global warming will - [Rotated: Definitely hurt the economy/Probably hurt the economy/Have no effect either way on the economy/Probably help the economy/Definitely help the economy]?,Probably hurt the economy|Probably help the economy|Have no effect either way on the economy|Definitely hurt the economy|Definitely help the economy,Probably hurt the economy,,,categorical,2,2010,2019
gallup_4_643,gallup,643,gallup:4:643,"Next, I am going to read some specific proposals. For each one, please say whether you generally favor or oppose it. How about -- Opening up the Arctic National Wildlife Refuge for oil exploration?",Oppose|Favor,Oppose,,,binary,5,2001,2007
gallup_4_644,gallup,644,gallup:4:644,"Next, I am going to read some specific proposals. For each one, please say whether you generally favor or oppose it. How about -- More strongly enforcing federal environmental regulations?",Favor|Oppose,Favor,,,binary,9,2001,2018
gallup_4_645,gallup,645,gallup:4:645,"Next, I am going to read some specific proposals. For each one, please say whether you generally favor or oppose it. How about -- Setting higher emissions standards for automobiles?",Favor|Oppose,Favor,,,binary,8,2001,2018
gallup_4_646,gallup,646,gallup:4:646,"Next, I am going to read some specific proposals. For each one, please say whether you generally favor or oppose it. How about -- Setting higher emissions and pollution standards for business and industry?",Favor|Oppose,Favor,,,binary,9,2001,2018
gallup_4_647,gallup,647,gallup:4:647,"Next, I am going to read some specific proposals. For each one, please say whether you generally favor or oppose it. How about -- Imposing mandatory controls on carbon dioxide emissions and other greenhouse gases?",Favor|Oppose,Favor,,,binary,6,2003,2018
gallup_4_648,gallup,648,gallup:4:648,"Next, I am going to read some specific proposals. For each one, please say whether you generally favor or oppose it. How about -- Spending more government money on developing solar and wind power?",Favor|Oppose,Favor,,,binary,8,2001,2018
gallup_4_649,gallup,649,gallup:4:649,"Next, I am going to read some specific proposals. For each one, please say whether you generally favor or oppose it. How about -- Giving tax breaks to provide incentives for drilling for more oil and gas in the U.S.?",Favor|Oppose,Favor,,,binary,2,2001,2002
gallup_4_650,gallup,650,gallup:4:650,"Next, I am going to read some specific proposals. For each one, please say whether you generally favor or oppose it. How about -- Setting legal limits on the amount of energy that average consumers can use?",Oppose|Favor,Oppose,,,binary,3,2001,2009
gallup_4_651,gallup,651,gallup:4:651,"Next, I am going to read some specific proposals. For each one, please say whether you generally favor or oppose it. How about -- Spending government money to develop alternate sources of fuel for automobiles?",Favor|Oppose,Favor,,,binary,4,2006,2014
gallup_4_652,gallup,652,gallup:4:652,"Next, I am going to read some specific proposals. For each one, please say whether you generally favor or oppose it. How about -- Opening up land owned by the federal government for oil exploration?",Favor|Oppose,Favor,,,binary,4,2012,2018
gallup_4_653,gallup,653,gallup:4:653,"Next, I am going to read some specific proposals. For each one, please say whether you generally favor or oppose it. How about -- Setting stricter standards on the use of techniques to extract natural gas from the earth, including ""fracking""?",Favor|Oppose,Favor,,,binary,2,2014,2018
gallup_4_655,gallup,655,gallup:4:655,Supreme Court Approval,Approve|Disapprove,Approve,,,binary,20,2001,2020
gallup_4_656,gallup,656,gallup:4:656,Which political party do you think can do a better job of handling the problem you think is most important -- ?,The Democratic Party (or)|The Republican Party (or),The Democratic Party (or),,,binary,17,2004,2020
gallup_4_657,gallup,657,gallup:4:657,"Overall, how closely do you follow news about national politics -- very closely, somewhat closely, not too closely or not at all?","Somewhat closely,|Very closely,|Not too closely, or|Not at all","Somewhat closely,",,,categorical,19,2001,2020
gallup_4_658,gallup,658,gallup:4:658,"How much trust and confidence do you have in our federal government in Washington when it comes to handling -- International problems -- a great deal, a fair amount, not very much, or none at all?",Fair amount|Not very much|Great deal|None at all,Fair amount,,,categorical,20,2001,2020
gallup_4_659,gallup,659,gallup:4:659,"How much trust and confidence do you have in our federal government in Washington when it comes to handling -- Domestic problems -- a great deal, a fair amount, not very much, or none at all?",Fair amount|Not very much|None at all|Great deal,Fair amount,,,categorical,20,2001,2020
gallup_4_660,gallup,660,gallup:4:660,"How much trust and confidence you have at this time in the Executive branch headed by the President -- a great deal, a fair amount, not very much or none at all?",Fair amount|Not very much|None at all|Great deal,Fair amount,,,categorical,20,2001,2020
gallup_4_661,gallup,661,gallup:4:661,"How much trust and confidence you have at this time in the Judicial branch headed by the Supreme Court -- a great deal, a fair amount, not very much or none at all?",Fair amount|Not very much|Great deal|None at all,Fair amount,,,categorical,20,2001,2020
gallup_4_662,gallup,662,gallup:4:662,"How much trust and confidence you have at this time in the Legislative branch consisting of the U.S. Senate and House of Representatives -- a great deal, a fair amount, not very much or none at all?",Not very much|Fair amount|None at all|Great deal,Not very much,,,categorical,20,2001,2020
gallup_4_663,gallup,663,gallup:4:663,"How much trust and confidence do you have in the government of the state where you live when it comes to handling state problems -- a great deal, a fair amount, not very much, or none at all?",Fair amount|Not very much|Great deal|None at all,Fair amount,,,categorical,18,2001,2020
gallup_4_664,gallup,664,gallup:4:664,"And how much trust and confidence do you have in the local governments in the area where you live when it comes to handling local problems -- a great deal, a fair amount, not very much, or none at all?",Fair amount|Great deal|Not very much|None at all,Fair amount,,,categorical,18,2001,2020
gallup_4_665,gallup,665,gallup:4:665,"In general, how much trust and confidence do you have in the mass media ‑‑ such as newspapers, T.V. and radio -- when it comes to reporting the news fully, accurately, and fairly -- a great deal, a fair amount, not very much, or none at all?",Not very much|Fair amount|None at all|Great deal,Not very much,,,categorical,19,2001,2020
gallup_4_666,gallup,666,gallup:4:666,"How much trust and confidence do you have in general in men and women in political life in this country who either hold or are running for public office -- a great deal, a fair amount, not very much, or none at all?",Fair amount|Not very much|None at all|Great deal,Fair amount,,,categorical,18,2001,2020
gallup_4_667,gallup,667,gallup:4:667,"More generally, how much trust and confidence do you have in the American people as a whole when it comes to making judgments under our democratic system about the issues facing our country -- a great deal, a fair amount, not very much, or none at all?",Fair amount|Not very much|Great deal|None at all,Fair amount,,,categorical,18,2001,2020
gallup_4_668,gallup,668,gallup:4:668,"In general, do you think the current Supreme Court is too liberal, too conservative, or just about right?",About right|Too liberal|Too conservative,About right,,,categorical,17,2001,2020
gallup_4_669,gallup,669,gallup:4:669,"Next, please tell me whether you have a favorable or unfavorable opinion of each of the following parties. How about the Republican Party?",Unfavorable|Favorable,Unfavorable,,,binary,18,2001,2020
gallup_4_670,gallup,670,gallup:4:670,"Next, please tell me whether you have a favorable or unfavorable opinion of each of the following parties. How about the Democratic Party?",Favorable|Unfavorable,Favorable,,,binary,18,2001,2020
gallup_4_671,gallup,671,gallup:4:671,"Looking ahead for the next few years, which political party do you think will do a better job of protecting the country from international terrorism and military threats -- [Rotated: The Republican Party/The Democratic Party]?",The Republican Party (or)|The Democratic Party (or),The Republican Party (or),,,binary,18,2002,2020
gallup_4_672,gallup,672,gallup:4:672,"Looking ahead for the next few years, which political party do you think will do a better job of keeping the country prosperous -- [Rotated: The Republican Party/The Democratic Party]?",The Democratic Party (or)|The Republican Party (or),The Democratic Party (or),,,binary,19,2001,2020
gallup_4_673,gallup,673,gallup:4:673,"Do the Republican and Democratic parties do an adequate job of representing the American people, or do they do such a poor job that a third major party is needed?","No, a third party is needed|Yes, do an adequate job","No, a third party is needed",,,binary,11,2006,2020
gallup_4_674,gallup,674,gallup:4:674,"Do you think it is better for the country - to have a President who comes from the same political party that controls Congress, does it make no difference either way, or do you think it is better to have a President from one political party and Congress controlled by another?",No difference|Same political party|Different parties,No difference,,,categorical,15,2002,2020
gallup_4_675,gallup,675,gallup:4:675,"On the whole, would you say you are satisfied or dissatisfied with the way the nation is being governed?",Dissatisfied|Satisfied,Dissatisfied,,,binary,20,2001,2020
gallup_4_676,gallup,676,gallup:4:676,Some people think the government is trying to do too many things that should be left to individuals and businesses. Others think that government should do more to solve our country's problems. Which comes closer to your own view?,Government doing too much|Government should do more,Government doing too much,,,binary,20,2001,2020
gallup_4_677,gallup,677,gallup:4:677,Some people think the government should promote traditional values in our society. Others think the government should not favor any particular set of values. Which comes closer to your own view?,Government should promote traditional values|Government should not favor any set of values,Government should promote traditional values,,,binary,20,2001,2020
gallup_4_678,gallup,678,gallup:4:678,"Do you think there is too much, too little, or about the right amount of government regulation of business and industry?",Too much|About the right amount|Too little,Too much,,,categorical,20,2001,2020
gallup_4_679,gallup,679,gallup:4:679,"Do you think the federal government today -- has too much power, has about the right amount of power, or has too little power?","Has too much power,|Has about the right amount of power, or|Has too little power,","Has too much power,",,,categorical,18,2002,2019
gallup_4_680,gallup,680,gallup:4:680,"Do you think the federal government poses an immediate threat to the rights and freedoms of ordinary citizens, or not?","No, do not|Yes, do","No, do not",,,binary,7,2003,2015
gallup_4_681,gallup,681,gallup:4:681,"Next, we have a question about the best approach for political leaders to follow in Washington. Where would you rate yourself on a scale of 1 to 5, where 1 means it is more important for political leaders to compromise in order to get things done, and 5 means it is more important for political leaders to stick to their beliefs even if little gets done? You may use any number from 1 to 5.",1/More important to compromise|3|2|5/More important to stick to beliefs|4,1/More important to compromise,,,categorical,6,2011,2018
gallup_4_682,gallup,682,gallup:4:682,"Next, I'd like you to think more broadly about the purposes of government. Where would you rate yourself on a scale of 1 to 5, where 1 means you think the government should do only those things necessary to provide the most basic government functions, and 5 means you think the government should take active steps in every area it can to try and improve the lives of its citizens? You may use any number from 1 to 5.",3|5/Government takes steps in every area it can|2|1/Government only provides most basic functions|4,3,,,categorical,8,2010,2019
gallup_4_683,gallup,683,gallup:4:683,"Would you rather have more government services if that meant more taxes, less government services in order to reduce taxes, or services and taxes about as we have them now?",Less services and taxes|As we have them now|More services and taxes,Less services and taxes,,,categorical,3,2011,2019
gallup_4_684,gallup,684,gallup:4:684,"Please tell me whether you strongly agree, agree, disagree, or strongly disagree with each of the following statements. In general, businesses can do things more efficiently than the government.",Agree|Strongly agree|Disagree|Strongly disagree,Agree,,,categorical,2,2010,2019
gallup_4_685,gallup,685,gallup:4:685,"Please tell me whether you strongly agree, agree, disagree, or strongly disagree with each of the following statements. In general, the way the government does things is fairer and more just to everyone involved than the way businesses do things.",Disagree|Agree|Strongly disagree|Strongly agree,Disagree,,,categorical,2,2010,2019
gallup_4_686,gallup,686,gallup:4:686,"Please tell me whether you strongly agree, agree, disagree, or strongly disagree with each of the following statements. There are some functions, such as building roads or funding research, the government needs to pay for because there are no incentives for private institutions to do so.",Agree|Strongly agree|Disagree|Strongly disagree,Agree,,,categorical,2,2010,2019
gallup_4_687,gallup,687,gallup:4:687,"Please tell me whether you strongly agree, agree, disagree, or strongly disagree with each of the following statements. Business will harm society if it is not regulated by government.",Disagree|Agree|Strongly agree|Strongly disagree,Disagree,,,categorical,2,2010,2019
gallup_4_688,gallup,688,gallup:4:688,"On a 1 to 5 scale, please say how much responsibility you think the government should have for each-with 1 meaning the government should have no responsibility at all and 5 meaning the government should have total responsibility in this area. How about -- Protecting Americans from foreign threats?",5/Total responsibility|4|3|1/No responsibility at all|2,5/Total responsibility,,,categorical,2,2010,2019
gallup_4_689,gallup,689,gallup:4:689,"On a 1 to 5 scale, please say how much responsibility you think the government should have for each-with 1 meaning the government should have no responsibility at all and 5 meaning the government should have total responsibility in this area. How about -- Preventing discrimination?",5/Total responsibility|4|3|1/No responsibility at all|2,5/Total responsibility,,,categorical,2,2010,2019
gallup_4_690,gallup,690,gallup:4:690,"On a 1 to 5 scale, please say how much responsibility you think the government should have for each-with 1 meaning the government should have no responsibility at all and 5 meaning the government should have total responsibility in this area. How about -- Upholding moral standards among its citizens?",5/Total responsibility|3|1/No responsibility at all|4|2,5/Total responsibility,,,categorical,2,2010,2019
gallup_4_691,gallup,691,gallup:4:691,"On a 1 to 5 scale, please say how much responsibility you think the government should have for each-with 1 meaning the government should have no responsibility at all and 5 meaning the government should have total responsibility in this area. How about -- Making sure that all those who want jobs have them?",5/Total responsibility|3|4|1/No responsibility at all|2,5/Total responsibility,,,categorical,2,2010,2019
gallup_4_692,gallup,692,gallup:4:692,"On a 1 to 5 scale, please say how much responsibility you think the government should have for each-with 1 meaning the government should have no responsibility at all and 5 meaning the government should have total responsibility in this area. How about -- Reducing income differences between the rich and the poor?",1/No responsibility at all|5/Total responsibility|3|2|4,1/No responsibility at all,,,categorical,2,2010,2019
gallup_4_693,gallup,693,gallup:4:693,"On a 1 to 5 scale, please say how much responsibility you think the government should have for each-with 1 meaning the government should have no responsibility at all and 5 meaning the government should have total responsibility in this area. How about -- Making sure that all Americans have adequate health care?",5/Total responsibility|1/No responsibility at all|4|3|2,5/Total responsibility,,,categorical,2,2010,2019
gallup_4_694,gallup,694,gallup:4:694,"On a 1 to 5 scale, please say how much responsibility you think the government should have for each-with 1 meaning the government should have no responsibility at all and 5 meaning the government should have total responsibility in this area. How about -- Protecting consumers against unsafe products?",5/Total responsibility|4|3|2|1/No responsibility at all,5/Total responsibility,,,categorical,2,2010,2019
gallup_4_695,gallup,695,gallup:4:695,"On a 1 to 5 scale, please say how much responsibility you think the government should have for each-with 1 meaning the government should have no responsibility at all and 5 meaning the government should have total responsibility in this area. How about -- Providing a minimum standard of living for all?",5/Total responsibility|3|1/No responsibility at all|4|2,5/Total responsibility,,,categorical,2,2010,2019
gallup_4_696,gallup,696,gallup:4:696,"On a 1 to 5 scale, please say how much responsibility you think the government should have for each-with 1 meaning the government should have no responsibility at all and 5 meaning the government should have total responsibility in this area. How about -- Protecting the environment from human actions that can harm it?",5/Total responsibility|4|3|2|1/No responsibility at all,5/Total responsibility,,,categorical,2,2010,2019
gallup_4_697,gallup,697,gallup:4:697,"On a 1 to 5 scale, please say how much responsibility you think the government should have for each-with 1 meaning the government should have no responsibility at all and 5 meaning the government should have total responsibility in this area. How about -- Developing and maintaining the nation's transportation systems?",5/Total responsibility|4|3|1/No responsibility at all|2,5/Total responsibility,,,categorical,2,2010,2019
gallup_4_698,gallup,698,gallup:4:698,"On a 1 to 5 scale, please say how much responsibility you think the government should have for each-with 1 meaning the government should have no responsibility at all and 5 meaning the government should have total responsibility in this area. How about -- Protecting major U.S. corporations that are in danger of going out of business?",1/No responsibility at all|3|2|5/Total responsibility|4,1/No responsibility at all,,,categorical,2,2010,2019
gallup_4_699,gallup,699,gallup:4:699,"In general, do you think the news media are too liberal, too conservative, or just about right?",Too liberal|Just about right|Too conservative,Too liberal,,,categorical,13,2001,2014
gallup_4_701,gallup,701,gallup:4:701,"Do you approve or disapprove, of the way [president] is handling [her/his] job as president?",Disapprove|Approve,Disapprove,,,binary,20,2001,2020
gallup_4_702,gallup,702,gallup:4:702,Do you approve/disapprove of the way Congress is handling its job?,Disapprove|Approve,Disapprove,,,binary,20,2001,2020
gallup_4_703,gallup,703,gallup:4:703,"In general, are you satisfied, or dissatisfied with the way things are going in the United States at this time?",Dissatisfied|Satisfied,Dissatisfied,,,binary,20,2001,2020
gallup_4_704,gallup,704,gallup:4:704,"How would you rate economic conditions in this country, today-- as excellent, good, only fair, or poor?",Only fair|Good|Poor|Excellent,Only fair,,,categorical,11,2001,2020
gallup_4_705,gallup,705,gallup:4:705,"Thinking about the job situation in America today, would you say that it is now a good time or a bad time, to find a quality job?",Bad time|Good time,Bad time,,,binary,17,2002,2018
gallup_4_706,gallup,706,gallup:4:706,"Right now do you think that economic conditions in the country, as a whole, are getting better or getting worse?",Getting worse|Getting better,Getting worse,,,binary,11,2001,2020
gallup_4_707,gallup,707,gallup:4:707,Do you approve or disapprove of the way [….] is handling his/her job as president?,Approve|Disapprove,Approve,,,binary,20,2001,2020
gallup_4_710,gallup,710,gallup:4:710,"Do you approve, or disapprove of the way Congress is handling its job?",Disapprove|Approve,Disapprove,,,binary,20,2001,2020
gallup_4_711,gallup,711,gallup:4:711,In general are you satisfied/dissatisfied with the way things are going in the United States at this time?,Dissatisfied|Satisfied,Dissatisfied,,,binary,19,2001,2020
gallup_4_712,gallup,712,gallup:4:712,"Thinking about the job situation in America today, would you say that it is now a good time or a bad time to find a quality job?",Bad time|Good time,Bad time,,,binary,19,2002,2020
gallup_4_713,gallup,713,gallup:4:713,"How would you rate economic conditions in this country today -- as excellent, good, only fair, or poor?",Only fair|Poor|Good|Excellent,Only fair,,,categorical,20,2001,2020
gallup_4_714,gallup,714,gallup:4:714,"Right now, do you think that economic conditions in the country as a whole are getting better or getting worse?",Getting worse|Getting better,Getting worse,,,binary,20,2001,2020
gallup_4_715,gallup,715,gallup:4:715,"How would you describe business conditions in your community -- would you say they are very good, good, not too good, or bad?",Good|Not too good|Bad|Very good,Good,,,categorical,8,2001,2020
gallup_4_716,gallup,716,gallup:4:716,"How would you rate your financial situation today -- as excellent, good, only fair, or poor?",Good|Only fair|Poor|Excellent,Good,,,categorical,18,2002,2020
gallup_4_717,gallup,717,gallup:4:717,"Do you think that your financial situation, as a whole, is getting better or getting worse?",Getting better|Getting worse,Getting better,,,binary,18,2002,2020
gallup_4_718,gallup,718,gallup:4:718,"How much confidence you have in -- President […] -- to do or to recommend the right thing for the economy -- a great deal, a fair amount, only a little, or almost none?",Almost none|Fair amount|Great deal|Only a little,Almost none,,,categorical,20,2001,2020
gallup_4_719,gallup,719,gallup:4:719,"How much confidence you have in -- Federal Reserve Chair […] -- to do or to recommend the right thing for the economy -- a great deal, a fair amount, only a little, or almost none?",Fair amount|Only a little|Almost none|Great deal,Fair amount,,,categorical,20,2001,2020
gallup_4_720,gallup,720,gallup:4:720,"How much confidence you have in -- the Democratic leaders in Congress -- to do or to recommend the right thing for the economy -- a great deal, a fair amount, only a little, or almost none?",Fair amount|Almost none|Only a little|Great deal,Fair amount,,,categorical,20,2001,2020
gallup_4_721,gallup,721,gallup:4:721,"How much confidence you have in -- the Republican leaders in Congress -- to do or to recommend the right thing for the economy -- a great deal, a fair amount, only a little, or almost none?",Fair amount|Almost none|Only a little|Great deal,Fair amount,,,categorical,20,2001,2020
gallup_4_722,gallup,722,gallup:4:722,"How likely do you think it is that you will lose your job, or be laid off -- is it very likely, fairly likely, not too likely, or not at all likely?",Not at all likely|Not too likely|Fairly likely|Very likely,Not at all likely,,,categorical,13,2001,2020
gallup_4_723,gallup,723,gallup:4:723,"How long could you go without a job before experiencing significant financial hardship -- up to one week, up to one month, up to four months, up to one year, or more than one year?",Up to four months|Up to one month|Up to one year|Up to one week|More than one year,Up to four months,,,categorical,6,2003,2020
gallup_4_724,gallup,724,gallup:4:724,Which of the following do you think is the best long-term investment ____?,Real estate|Stocks or mutual funds|Gold|Savings accounts or CDs|Bonds,Real estate,,,categorical,9,2012,2020
gallup_4_725,gallup,725,gallup:4:725,"Do you, personally or jointly with a spouse, have any money invested in the stock market right now -- either in an individual stock, a stock mutual fund, or in a self-directed 401-K or IRA?",Yes|No,Yes,,,binary,20,2001,2020
gallup_4_726,gallup,726,gallup:4:726,"If you had a thousand dollars to spend, do you think investing it in the stock market would be a GOOD or BAD idea?",Bad idea|Good idea,Bad idea,,,binary,9,2001,2020
gallup_4_727,gallup,727,gallup:4:727,"How concerned you are right now about each of the following financial matters, based on your current financial situation? Not being able to pay medical costs for normal health care",Not worried at all|Not too worried|Very worried|Moderately worried,Not worried at all,,,categorical,20,2001,2020
gallup_4_728,gallup,728,gallup:4:728,"How concerned you are right now about each of the following financial matters, based on your current financial situation? Not being able to pay medical costs in the event of a serious illness or accident",Very worried|Moderately worried|Not too worried|Not worried at all,Very worried,,,categorical,20,2001,2020
gallup_4_729,gallup,729,gallup:4:729,"How concerned you are right now about each of the following financial matters, based on your current financial situation? Not being able to pay your rent, mortgage, or other housing costs",Not worried at all|Not too worried|Moderately worried|Very worried,Not worried at all,,,categorical,20,2001,2020
gallup_4_730,gallup,730,gallup:4:730,"How concerned you are right now about each of the following financial matters, based on your current financial situation? Not being able to maintain the standard of living you enjoy",Not too worried|Moderately worried|Not worried at all|Very worried,Not too worried,,,categorical,20,2001,2020
gallup_4_731,gallup,731,gallup:4:731,"How concerned you are right now about each of the following financial matters, based on your current financial situation? Not being able to make the minimum payments on your credit cards",Not worried at all|Not too worried|Moderately worried|Very worried,Not worried at all,,,categorical,20,2001,2020
gallup_4_732,gallup,732,gallup:4:732,"How concerned you are right now about each of the following financial matters, based on your current financial situation? Not having enough money for retirement",Very worried|Moderately worried|Not too worried|Not worried at all,Very worried,,,categorical,20,2001,2020
gallup_4_733,gallup,733,gallup:4:733,"How concerned you are right now about each of the following financial matters, based on your current financial situation? Not having enough to pay your normal monthly bills",Not worried at all|Not too worried|Moderately worried|Very worried,Not worried at all,,,categorical,20,2001,2020
gallup_4_734,gallup,734,gallup:4:734,"How concerned you are right now about each of the following financial matters, based on your current financial situation? Not having enough money to pay for your children's college",Very worried|Not worried at all|Moderately worried|Not too worried,Very worried,,,categorical,14,2007,2020
gallup_4_735,gallup,735,gallup:4:735,"Right now do you have enough money to live comfortably, or not?",Yes|No,Yes,,,binary,19,2002,2020
gallup_4_736,gallup,736,gallup:4:736,"When you retire do you think you will have enough money to live comfortably, or not?",Yes|No,Yes,,,binary,19,2002,2020
gallup_4_737,gallup,737,gallup:4:737,"When you retire, how much do you expect to rely on each of the following sources of money -- will it be a major source of income, a minor source of income, or not a source at all? Social Security",Minor source|Major source|Not a source,Minor source,,,categorical,20,2001,2020
gallup_4_738,gallup,738,gallup:4:738,"When you retire, how much do you expect to rely on each of the following sources of money -- will it be a major source of income, a minor source of income, or not a source at all? A 401-K, IRA, Keogh, or other retirement savings account",Major source|Minor source|Not a source,Major source,,,categorical,20,2001,2020
gallup_4_739,gallup,739,gallup:4:739,"When you retire, how much do you expect to rely on each of the following sources of money -- will it be a major source of income, a minor source of income, or not a source at all? Individual stock or stock mutual fund investments",Not a source|Minor source|Major source,Not a source,,,categorical,20,2001,2020
gallup_4_740,gallup,740,gallup:4:740,"When you retire, how much do you expect to rely on each of the following sources of money -- will it be a major source of income, a minor source of income, or not a source at all? Money from an inheritance",Not a source|Minor source|Major source,Not a source,,,categorical,20,2001,2020
gallup_4_741,gallup,741,gallup:4:741,"When you retire, how much do you expect to rely on each of the following sources of money -- will it be a major source of income, a minor source of income, or not a source at all? Other savings, such as a regular savings account or CDs",Minor source|Not a source|Major source,Minor source,,,categorical,20,2001,2020
gallup_4_742,gallup,742,gallup:4:742,"When you retire, how much do you expect to rely on each of the following sources of money -- will it be a major source of income, a minor source of income, or not a source at all? A work-sponsored pension plan",Not a source|Minor source|Major source,Not a source,,,categorical,20,2001,2020
gallup_4_743,gallup,743,gallup:4:743,"When you retire, how much do you expect to rely on each of the following sources of money -- will it be a major source of income, a minor source of income, or not a source at all? Rent and royalties",Not a source|Minor source|Major source,Not a source,,,categorical,20,2001,2020
gallup_4_744,gallup,744,gallup:4:744,"When you retire, how much do you expect to rely on each of the following sources of money -- will it be a major source of income, a minor source of income, or not a source at all? Annuities or insurance plans",Not a source|Minor source|Major source,Not a source,,,categorical,20,2001,2020
gallup_4_745,gallup,745,gallup:4:745,"When you retire, how much do you expect to rely on each of the following sources of money -- will it be a major source of income, a minor source of income, or not a source at all? Part-time work",Minor source|Not a source|Major source,Minor source,,,categorical,20,2001,2020
gallup_4_746,gallup,746,gallup:4:746,"When you retire, how much do you expect to rely on each of the following sources of money -- will it be a major source of income, a minor source of income, or not a source at all? The equity you have built up in your home",Minor source|Not a source|Major source,Minor source,,,categorical,19,2002,2020
gallup_4_747,gallup,747,gallup:4:747,"How much do you rely on each of the following sources of income today -- is it a major source of income, a minor source of income, or not a source at all? Social Security",Major source|Minor source|Not a source,Major source,,,categorical,18,2003,2020
gallup_4_748,gallup,748,gallup:4:748,"How much do you rely on each of the following sources of income today -- is it a major source of income, a minor source of income, or not a source at all? A 401-K, IRA, Keogh, or other retirement savings account",Not a source|Minor source|Major source,Not a source,,,categorical,18,2003,2020
gallup_4_749,gallup,749,gallup:4:749,"How much do you rely on each of the following sources of income today -- is it a major source of income, a minor source of income, or not a source at all? Individual stock or stock mutual fund investments",Not a source|Minor source|Major source,Not a source,,,categorical,18,2003,2020
gallup_4_750,gallup,750,gallup:4:750,"How much do you rely on each of the following sources of income today -- is it a major source of income, a minor source of income, or not a source at all? Money from an inheritance",Not a source|Minor source|Major source,Not a source,,,categorical,18,2003,2020
gallup_4_751,gallup,751,gallup:4:751,"How much do you rely on each of the following sources of income today -- is it a major source of income, a minor source of income, or not a source at all? Other savings, such as a regular savings account or CDs",Not a source|Minor source|Major source,Not a source,,,categorical,18,2003,2020
gallup_4_752,gallup,752,gallup:4:752,"How much do you rely on each of the following sources of income today -- is it a major source of income, a minor source of income, or not a source at all? A work sponsored pension plan",Not a source|Major source|Minor source,Not a source,,,categorical,18,2003,2020
gallup_4_753,gallup,753,gallup:4:753,"How much do you rely on each of the following sources of income today -- is it a major source of income, a minor source of income, or not a source at all? Rent and royalties",Not a source|Minor source|Major source,Not a source,,,categorical,18,2003,2020
gallup_4_754,gallup,754,gallup:4:754,"How much do you rely on each of the following sources of income today -- is it a major source of income, a minor source of income, or not a source at all? Annuities or insurance plans",Not a source|Minor source|Major source,Not a source,,,categorical,18,2003,2020
gallup_4_755,gallup,755,gallup:4:755,"How much do you rely on each of the following sources of income today -- is it a major source of income, a minor source of income, or not a source at all? Part-time work",Not a source|Minor source|Major source,Not a source,,,categorical,18,2003,2020
gallup_4_756,gallup,756,gallup:4:756,"How much do you rely on each of the following sources of income today -- is it a major source of income, a minor source of income, or not a source at all? The equity you have built up in your home",Not a source|Minor source|Major source,Not a source,,,categorical,18,2003,2020
gallup_4_757,gallup,757,gallup:4:757,"Do you consider the amount of federal income tax you have to pay as too high, about right or too low?",Too high|About right|Too low,Too high,,,categorical,19,2001,2020
gallup_4_758,gallup,758,gallup:4:758,"Do you regard the income tax, which you will have to pay this year, as fair?","Yes, fair|No, not fair","Yes, fair",,,binary,19,2001,2020
gallup_4_759,gallup,759,gallup:4:759,"For people in general, do you think that now is a GOOD time, or a BAD time, to buy a house?",Good time|Bad time,Good time,,,binary,17,2003,2020
gallup_4_760,gallup,760,gallup:4:760,"Over the next year, do you think that the average price of houses in your area will increase, stay the same or decrease?",Increase|Stay the same|Decrease,Increase,,,categorical,13,2008,2020
gallup_4_761,gallup,761,gallup:4:761,"If you were asked to use one of these five names for your social class, which would you say you belong in [Upper class, Upper-middle class, Middle class, Working class, or Lower class]?",Middle class|Working class|Upper-middle class|Lower class|Upper class,Middle class,,,categorical,10,2002,2019
gallup_4_762,gallup,762,gallup:4:762,"Please tell me if you think they are paying their FAIR share in federal taxes, paying too MUCH, or paying too LITTLE? Lower-income people",Too much|Fair share|Too little,Too much,,,categorical,17,2003,2019
gallup_4_763,gallup,763,gallup:4:763,"Please tell me if you think they are paying their FAIR share in federal taxes, paying too MUCH, or paying too LITTLE? Middle-income people",Fair share|Too much|Too little,Fair share,,,categorical,17,2003,2019
gallup_4_764,gallup,764,gallup:4:764,"Please tell me if you think they are paying their FAIR share in federal taxes, paying too MUCH, or paying too LITTLE? Upper-income people",Too little|Fair share|Too much,Too little,,,categorical,17,2003,2019
gallup_4_765,gallup,765,gallup:4:765,"Please tell me if you think they are paying their FAIR share in federal taxes, paying too MUCH, or paying too LITTLE? Corporations",Too little|Fair share|Too much,Too little,,,categorical,16,2004,2019
gallup_4_766,gallup,766,gallup:4:766,"Thinking about money for a moment, are you the type of person who [More enjoys spending money (or who), More enjoys saving money]?",More enjoys saving money (or who)|More enjoys spending money (or who),More enjoys saving money (or who),,,binary,11,2001,2019
gallup_4_767,gallup,767,gallup:4:767,"In general, would you say you have been spending – [More money, The same amount, or Less money] - in recent months than you used to?",Less money|The same amount|More money,Less money,,,categorical,9,2011,2019
gallup_4_768,gallup,768,gallup:4:768,"Based on what you know right now, do you think you will sell your home in the next year, in the next five years, in the next 10 years or are you unlikely to sell your home, in the foreseeable future?",Unlikely to sell home in foreseeable future|In the next five years|In the next 10 years|In the next year,Unlikely to sell home in foreseeable future,,,categorical,2,2013,2018
gallup_4_769,gallup,769,gallup:4:769,"Based on what you know right now, do you think you will buy a home in the next year, in the next five years, in the next 10 years or are you unlikely to BUY a home, in the foreseeable future?",Unlikely to buy home in foreseeable future|In the next five years|In the next 10 years|In the next year,Unlikely to buy home in foreseeable future,,,categorical,4,2013,2018
gallup_4_770,gallup,770,gallup:4:770,"Do you feel that the distribution of money and wealth in this country today is fair, or do you feel that the money and wealth in this country should be more evenly distributed, among a larger percentage of the people?",Should be more evenly distributed|Distribution is fair,Should be more evenly distributed,,,binary,6,2007,2016
gallup_4_771,gallup,771,gallup:4:771,"Do you think our government should, or should not, redistribute wealth by heavy taxes on the rich?","Yes, should|No, should not","Yes, should",,,binary,6,2007,2016
gallup_4_772,gallup,772,gallup:4:772,Is your home worth more than when you bought it or not?,"Yes, worth more|No, not worth more","Yes, worth more",,,binary,5,2008,2015
gallup_4_773,gallup,773,gallup:4:773,"Do you, personally know anyone who has been laid off or lost their job within the last six months, or not?","Yes, know someone|No, do not know someone","Yes, know someone",,,binary,7,2003,2012
gallup_4_774,gallup,774,gallup:4:774,Do you own or rent your primary residence?,Own|Rent,Own,,,binary,18,2001,2020
gallup_4_776,gallup,776,gallup:4:776,"Do you approve or disapprove, of the way (president) is handling [her/his] job as president?",Disapprove|Approve,Disapprove,,,binary,19,2001,2019
gallup_4_777,gallup,777,gallup:4:777,"Do you, approve or disapprove, of the way Congress is handling its job?",Disapprove|Approve,Disapprove,,,binary,19,2001,2019
gallup_4_778,gallup,778,gallup:4:778,"Do you, approve or disapprove, of the way the Supreme Court is handling its job?",Approve|Disapprove,Approve,,,binary,8,2003,2018
gallup_4_779,gallup,779,gallup:4:779,"Have you, yourself smoked any cigarettes in the past week?",No|Yes,No,,,binary,19,2001,2019
gallup_4_780,gallup,780,gallup:4:780,"Did you, yourself ever smoke cigarettes on a regular basis?",Never smoked|Former smoker|Current smoker,Never smoked,,,categorical,18,2002,2019
gallup_4_781,gallup,781,gallup:4:781,"In general, how harmful do you feel secondhand smoke is to adults?",Very harmful|Somewhat harmful|Not too harmful|Not at all harmful,Very harmful,,,categorical,18,2001,2019
gallup_4_782,gallup,782,gallup:4:782,"In general, how harmful do you feel smoking is to adults who smoke?",Very harmful|Somewhat harmful|Not too harmful|Not at all harmful,Very harmful,,,categorical,17,2002,2019
gallup_4_783,gallup,783,gallup:4:783,"Has smoking ever been a cause of serious health problems, in your family?",No|Yes,No,,,binary,7,2001,2019
gallup_4_784,gallup,784,gallup:4:784,Family Problems: Drug Abuse,No|Yes,No,,,binary,2,2018,2019
gallup_4_785,gallup,785,gallup:4:785,Should smoking in this country be made totally illegal or not?,"No, not made illegal|Yes, made illegal","No, not made illegal",,,binary,13,2001,2019
gallup_4_786,gallup,786,gallup:4:786,Should smoking in all public places be made totally illegal or not?,"Yes, should be illegal|No, should not","Yes, should be illegal",,,binary,12,2001,2019
gallup_4_787,gallup,787,gallup:4:787,"Do you have occasion to use alcoholic beverages such as - liquor, wine, or beer, or are you a total abstainer?","Yes, have occasion|No, abstainer","Yes, have occasion",,,binary,19,2001,2019
gallup_4_788,gallup,788,gallup:4:788,"When did you last take a drink, of any kind of alcoholic beverage?","Within the last 24 hours (1 day)|5 to 7 days ago|8 days to 1 month ago|3 to 4 days ago|2 days ago|Over 1 month ago to 3 months|Over 3 months to 1 year|Over 1 year ago|Only drink at holidays, religious festivals, etc.",Within the last 24 hours (1 day),,,categorical,19,2001,2019
gallup_4_789,gallup,789,gallup:4:789,"Do you most often drink - liquor, wine, or beer?",Beer|Wine|Liquor,Beer,,,categorical,19,2001,2019
gallup_4_790,gallup,790,gallup:4:790,Drink Too Much (drinkers),No|Yes,No,,,binary,17,2001,2019
gallup_4_791,gallup,791,gallup:4:791,Family Problems: Drinking,No|Yes,No,,,binary,16,2001,2019
gallup_4_792,gallup,792,gallup:4:792,"How often do you worry about your weight? Would you say you worry all of the time, some of the time, not too often, or never?",Some of the time|Not too often|Never|All of the time,Some of the time,,,categorical,5,2005,2019
gallup_4_793,gallup,793,gallup:4:793,"Has obesity ever been a cause of serious health problems, in your family?",No|Yes,No,,,binary,3,2007,2019
gallup_4_794,gallup,794,gallup:4:794,"Keeping in mind that all of your answers in this survey are confidential, have you, yourself, ever happened to try marijuana?",No|Yes,No,,,binary,5,2013,2019
gallup_4_795,gallup,795,gallup:4:795,"Keeping in mind that all of your answers in this survey are confidential, do you, yourself, smoke marijuana?",No|Yes,No,,,binary,5,2013,2019
gallup_4_796,gallup,796,gallup:4:796,"In terms of your eating preferences, do you consider yourself to be a vegetarian or not?",No|Yes,No,,,binary,3,2001,2018
gallup_4_797,gallup,797,gallup:4:797,"In terms of your eating preferences, do you consider yourself to be vegan or not?",No|Yes,No,,,binary,2,2012,2018
gallup_4_798,gallup,798,gallup:4:798,Moderate Drinking Good for Health,Makes no difference|Is bad for your health|Is good for your health,Makes no difference,,,categorical,8,2001,2018
gallup_4_799,gallup,799,gallup:4:799,"Do you approve, or disapprove, of the way [President] is handling [his/her] job as president?",Disapprove|Approve,Disapprove,,,binary,20,2001,2020
gallup_4_800,gallup,800,gallup:4:800,Do you approve or disapprove of the way Congress is handling its job?,Disapprove|Approve,Disapprove,,,binary,20,2001,2020
gallup_4_801,gallup,801,gallup:4:801,"Thinking about the job situation in America, today, would you say that it is now a GOOD time, or a BAD time to find a quality job?",Bad time|Good time,Bad time,,,binary,20,2001,2020
gallup_4_802,gallup,802,gallup:4:802,"Which of the following best describes your job? Are you - an employee of a private company or business, an employee of a non-profit organization, a government employee, or self-employed in your own business or professional practice?",An employee of a private company or business|Self-employed in your own business or professional practice|A government employee|An employee of a non-profit organization,An employee of a private company or business,,,categorical,20,2001,2020
gallup_4_804,gallup,804,gallup:4:804,"How satisfied, or dissatisfied, are you with your job? Would you say you are - completely satisfied, somewhat satisfied, somewhat dissatisfied or completely dissatisfied with your job?",Completely satisfied|Somewhat satisfied|Somewhat dissatisfied|Completely dissatisfied,Completely satisfied,,,categorical,20,2001,2020
gallup_4_805,gallup,805,gallup:4:805,"Do you, approve, or disapprove of labor unions?",Approve|Disapprove,Approve,,,binary,20,2001,2020
gallup_4_806,gallup,806,gallup:4:806,"Are you or is anyone in your household, a member of a labor union?","No/Neither/None|Yes, self|Yes, other household member|Yes, both self and other household member",No/Neither/None,,,categorical,20,2001,2020
gallup_4_807,gallup,807,gallup:4:807,"For each, please tell me how satisfied or dissatisfied you are with your current job in this regard. Your job security",Completely satisfied|Somewhat satisfied|Somewhat dissatisfied|Completely dissatisfied,Completely satisfied,,,categorical,20,2001,2020
gallup_4_808,gallup,808,gallup:4:808,"For each, please tell me how satisfied or dissatisfied you are with your current job in this regard. The amount of vacation time you receive",Completely satisfied|Somewhat satisfied|Somewhat dissatisfied|Completely dissatisfied,Completely satisfied,,,categorical,20,2001,2020
gallup_4_809,gallup,809,gallup:4:809,"For each, please tell me how satisfied or dissatisfied you are with your current job in this regard. The amount of on-the-job stress in your job",Somewhat satisfied|Completely satisfied|Somewhat dissatisfied|Completely dissatisfied,Somewhat satisfied,,,categorical,20,2001,2020
gallup_4_810,gallup,810,gallup:4:810,"For each, please tell me how satisfied or dissatisfied you are with your current job in this regard. The amount of work that is required of you",Completely satisfied|Somewhat satisfied|Somewhat dissatisfied|Completely dissatisfied,Completely satisfied,,,categorical,20,2001,2020
gallup_4_811,gallup,811,gallup:4:811,"For each, please tell me how satisfied or dissatisfied you are with your current job in this regard. Your chances for promotion",Completely satisfied|Somewhat satisfied|Somewhat dissatisfied|Completely dissatisfied,Completely satisfied,,,categorical,20,2001,2020
gallup_4_812,gallup,812,gallup:4:812,"For each, please tell me how satisfied or dissatisfied you are with your current job in this regard. The flexibility of your hours",Completely satisfied|Somewhat satisfied|Somewhat dissatisfied|Completely dissatisfied,Completely satisfied,,,categorical,20,2001,2020
gallup_4_813,gallup,813,gallup:4:813,"For each, please tell me how satisfied or dissatisfied you are with your current job in this regard. The health insurance benefits your employer offers",Completely satisfied|Somewhat satisfied|Completely dissatisfied|Somewhat dissatisfied,Completely satisfied,,,categorical,20,2001,2020
gallup_4_814,gallup,814,gallup:4:814,"For each, please tell me how satisfied or dissatisfied you are with your current job in this regard. The retirement plan your employer offers",Completely satisfied|Somewhat satisfied|Completely dissatisfied|Somewhat dissatisfied,Completely satisfied,,,categorical,20,2001,2020
gallup_4_815,gallup,815,gallup:4:815,"For each, please tell me how satisfied or dissatisfied you are with your current job in this regard. The recognition you receive at work for your work accomplishments",Completely satisfied|Somewhat satisfied|Somewhat dissatisfied|Completely dissatisfied,Completely satisfied,,,categorical,20,2001,2020
gallup_4_816,gallup,816,gallup:4:816,"For each, please tell me how satisfied or dissatisfied you are with your current job in this regard. The amount of money you earn",Somewhat satisfied|Completely satisfied|Somewhat dissatisfied|Completely dissatisfied,Somewhat satisfied,,,categorical,20,2001,2020
gallup_4_817,gallup,817,gallup:4:817,"For each, please tell me how satisfied or dissatisfied you are with your current job in this regard. Your boss or immediate supervisor",Completely satisfied|Somewhat satisfied|Somewhat dissatisfied|Completely dissatisfied,Completely satisfied,,,categorical,20,2001,2020
gallup_4_818,gallup,818,gallup:4:818,"For each, please tell me how satisfied or dissatisfied you are with your current job in this regard. The physical safety conditions of your workplace",Completely satisfied|Somewhat satisfied|Somewhat dissatisfied|Completely dissatisfied,Completely satisfied,,,categorical,20,2001,2020
gallup_4_819,gallup,819,gallup:4:819,"For each, please tell me how satisfied or dissatisfied you are with your current job in this regard. Your relations with coworkers",Completely satisfied|Somewhat satisfied|Somewhat dissatisfied|Completely dissatisfied,Completely satisfied,,,categorical,20,2001,2020
gallup_4_820,gallup,820,gallup:4:820,Please indicate whether you are worried about each of the following happening to you in the near future. How about ___? That you will be laid off,"No, did not worry|Yes, worried","No, did not worry",,,binary,18,2003,2020
gallup_4_821,gallup,821,gallup:4:821,Please indicate whether you are worried about each of the following happening to you in the near future. How about ___? That your hours at work will be cut back,"No, did not worry|Yes, worried","No, did not worry",,,binary,18,2003,2020
gallup_4_822,gallup,822,gallup:4:822,Please indicate whether you are worried about each of the following happening to you in the near future. How about ___? That your wages will be reduced,"No, did not worry|Yes, worried","No, did not worry",,,binary,18,2003,2020
gallup_4_823,gallup,823,gallup:4:823,Please indicate whether you are worried about each of the following happening to you in the near future. How about ___? That your benefits will be reduced,"No, did not worry|Yes, worried","No, did not worry",,,binary,18,2003,2020
gallup_4_824,gallup,824,gallup:4:824,Please indicate whether you are worried about each of the following happening to you in the near future. How about ___? That your company will move jobs to countries overseas,"No, did not worry|Yes, worried","No, did not worry",,,binary,17,2003,2019
gallup_4_825,gallup,825,gallup:4:825,Please indicate whether you are worried about each of the following happening to you in the near future. How about ___? That your job will become obsolete because of technology,"No, did not worry|Yes, worried","No, did not worry",,,binary,3,2017,2019
gallup_4_826,gallup,826,gallup:4:826,"As far as you know, in the past six months, has your employer laid off any employees, or not?","No, has not|Yes, has","No, has not",,,binary,6,2003,2019
gallup_4_827,gallup,827,gallup:4:827,"Which of the following comes closest to your situation [your job is a little beyond your skills and training, good match for your skills and training, does not take full advantage of your skills and training]?",Your job is a good match for your skills and training|Your job does not take full advantage of your skills and training|Your job is a little beyond your skills and training,Your job is a good match for your skills and training,,,categorical,2,2016,2019
gallup_4_828,gallup,828,gallup:4:828,"How are you paid at work -- do you have a salary, are you paid by the hour, or are you mostly paid on commission?",Are you paid by the hour|Do you have a salary|Are you mostly paid on commission,Are you paid by the hour,,,categorical,8,2002,2019
gallup_4_829,gallup,829,gallup:4:829,"Overall, how satisfied are you with the quality of education students receive in grades kindergarten through grade twelve in the U.S. today?",Somewhat satisfied|Somewhat dissatisfied|Completely dissatisfied|Completely satisfied,Somewhat satisfied,,,categorical,20,2001,2020
gallup_4_830,gallup,830,gallup:4:830,"Will your oldest child attend public, private, parochial, charter school, or home school this year?",Public|Private|Parochial|Home school|Charter school,Public,,,categorical,20,2001,2020
gallup_4_831,gallup,831,gallup:4:831,How satisfied are you with the quality of education your oldest child is receiving?,Somewhat satisfied|Completely satisfied|Somewhat dissatisfied|Completely dissatisfied,Somewhat satisfied,,,categorical,20,2001,2020
gallup_4_834,gallup,834,gallup:4:834,"For each of the following business sectors in the United States, please say whether your overall view of it is very positive, somewhat positive, neutral, somewhat negative or very negative. How about ___? Accounting",Neutral|Somewhat positive|Somewhat negative|Very positive|Very negative,Neutral,,,categorical,20,2001,2020
gallup_4_835,gallup,835,gallup:4:835,"For each of the following business sectors in the United States, please say whether your overall view of it is very positive, somewhat positive, neutral, somewhat negative or very negative. How about ___? Advertising and public relations industry",Neutral|Somewhat positive|Somewhat negative|Very negative|Very positive,Neutral,,,categorical,20,2001,2020
gallup_4_836,gallup,836,gallup:4:836,"For each of the following business sectors in the United States, please say whether your overall view of it is very positive, somewhat positive, neutral, somewhat negative or very negative. How about ___? Airline industry",Neutral|Somewhat positive|Somewhat negative|Very negative|Very positive,Neutral,,,categorical,20,2001,2020
gallup_4_837,gallup,837,gallup:4:837,"For each of the following business sectors in the United States, please say whether your overall view of it is very positive, somewhat positive, neutral, somewhat negative or very negative. How about ___? Automobile industry",Somewhat positive|Neutral|Somewhat negative|Very positive|Very negative,Somewhat positive,,,categorical,20,2001,2020
gallup_4_838,gallup,838,gallup:4:838,"For each of the following business sectors in the United States, please say whether your overall view of it is very positive, somewhat positive, neutral, somewhat negative or very negative. How about ___? Banking",Somewhat positive|Neutral|Somewhat negative|Very negative|Very positive,Somewhat positive,,,categorical,20,2001,2020
gallup_4_839,gallup,839,gallup:4:839,"For each of the following business sectors in the United States, please say whether your overall view of it is very positive, somewhat positive, neutral, somewhat negative or very negative. How about ___? Computer industry",Somewhat positive|Very positive|Neutral|Somewhat negative|Very negative,Somewhat positive,,,categorical,20,2001,2020
gallup_4_840,gallup,840,gallup:4:840,"For each of the following business sectors in the United States, please say whether your overall view of it is very positive, somewhat positive, neutral, somewhat negative or very negative. How about ___? Education",Somewhat positive|Somewhat negative|Neutral|Very positive|Very negative,Somewhat positive,,,categorical,20,2001,2020
gallup_4_841,gallup,841,gallup:4:841,"For each of the following business sectors in the United States, please say whether your overall view of it is very positive, somewhat positive, neutral, somewhat negative or very negative. How about ___? Electric and gas utilities",Somewhat positive|Somewhat negative|Neutral|Very negative|Very positive,Somewhat positive,,,categorical,20,2001,2020
gallup_4_842,gallup,842,gallup:4:842,"For each of the following business sectors in the United States, please say whether your overall view of it is very positive, somewhat positive, neutral, somewhat negative or very negative. How about ___? Farming and agriculture",Somewhat positive|Neutral|Very positive|Somewhat negative|Very negative,Somewhat positive,,,categorical,20,2001,2020
gallup_4_843,gallup,843,gallup:4:843,"For each of the following business sectors in the United States, please say whether your overall view of it is very positive, somewhat positive, neutral, somewhat negative or very negative. How about ___? Grocery industry",Somewhat positive|Neutral|Very positive|Somewhat negative|Very negative,Somewhat positive,,,categorical,20,2001,2020
gallup_4_844,gallup,844,gallup:4:844,"For each of the following business sectors in the United States, please say whether your overall view of it is very positive, somewhat positive, neutral, somewhat negative or very negative. How about ___? Healthcare industry",Somewhat negative|Somewhat positive|Very negative|Neutral|Very positive,Somewhat negative,,,categorical,20,2001,2020
gallup_4_845,gallup,845,gallup:4:845,"For each of the following business sectors in the United States, please say whether your overall view of it is very positive, somewhat positive, neutral, somewhat negative or very negative. How about ___? Internet industry",Somewhat positive|Neutral|Very positive|Somewhat negative|Very negative,Somewhat positive,,,categorical,20,2001,2020
gallup_4_846,gallup,846,gallup:4:846,"For each of the following business sectors in the United States, please say whether your overall view of it is very positive, somewhat positive, neutral, somewhat negative or very negative. How about ___? The legal field",Neutral|Somewhat negative|Somewhat positive|Very negative|Very positive,Neutral,,,categorical,20,2001,2020
gallup_4_847,gallup,847,gallup:4:847,"For each of the following business sectors in the United States, please say whether your overall view of it is very positive, somewhat positive, neutral, somewhat negative or very negative. How about ___? Movie industry",Somewhat positive|Neutral|Somewhat negative|Very negative|Very positive,Somewhat positive,,,categorical,20,2001,2020
gallup_4_848,gallup,848,gallup:4:848,"For each of the following business sectors in the United States, please say whether your overall view of it is very positive, somewhat positive, neutral, somewhat negative or very negative. How about ___? Oil and gas industry",Somewhat negative|Very negative|Somewhat positive|Neutral|Very positive,Somewhat negative,,,categorical,20,2001,2020
gallup_4_849,gallup,849,gallup:4:849,"For each of the following business sectors in the United States, please say whether your overall view of it is very positive, somewhat positive, neutral, somewhat negative or very negative. How about ___? Pharmaceutical industry",Somewhat negative|Somewhat positive|Very negative|Neutral|Very positive,Somewhat negative,,,categorical,20,2001,2020
gallup_4_850,gallup,850,gallup:4:850,"For each of the following business sectors in the United States, please say whether your overall view of it is very positive, somewhat positive, neutral, somewhat negative or very negative. How about ___? Publishing industry",Neutral|Somewhat positive|Somewhat negative|Very positive|Very negative,Neutral,,,categorical,20,2001,2020
gallup_4_851,gallup,851,gallup:4:851,"For each of the following business sectors in the United States, please say whether your overall view of it is very positive, somewhat positive, neutral, somewhat negative or very negative. How about ___? Real Estate industry",Somewhat positive|Neutral|Somewhat negative|Very positive|Very negative,Somewhat positive,,,categorical,20,2001,2020
gallup_4_852,gallup,852,gallup:4:852,"For each of the following business sectors in the United States, please say whether your overall view of it is very positive, somewhat positive, neutral, somewhat negative or very negative. How about ___? Restaurant industry",Somewhat positive|Neutral|Very positive|Somewhat negative|Very negative,Somewhat positive,,,categorical,20,2001,2020
gallup_4_853,gallup,853,gallup:4:853,"For each of the following business sectors in the United States, please say whether your overall view of it is very positive, somewhat positive, neutral, somewhat negative or very negative. How about ___? Retail industry",Somewhat positive|Neutral|Somewhat negative|Very positive|Very negative,Somewhat positive,,,categorical,20,2001,2020
gallup_4_854,gallup,854,gallup:4:854,"For each of the following business sectors in the United States, please say whether your overall view of it is very positive, somewhat positive, neutral, somewhat negative or very negative. How about ___? Sports industry",Neutral|Somewhat positive|Somewhat negative|Very positive|Very negative,Neutral,,,categorical,20,2001,2020
gallup_4_855,gallup,855,gallup:4:855,"For each of the following business sectors in the United States, please say whether your overall view of it is very positive, somewhat positive, neutral, somewhat negative or very negative. How about ___? Telephone industry",Somewhat positive|Neutral|Somewhat negative|Very positive|Very negative,Somewhat positive,,,categorical,20,2001,2020
gallup_4_856,gallup,856,gallup:4:856,"For each of the following business sectors in the United States, please say whether your overall view of it is very positive, somewhat positive, neutral, somewhat negative or very negative. How about ___? Television and radio industry",Somewhat positive|Somewhat negative|Neutral|Very negative|Very positive,Somewhat positive,,,categorical,20,2001,2020
gallup_4_857,gallup,857,gallup:4:857,"For each of the following business sectors in the United States, please say whether your overall view of it is very positive, somewhat positive, neutral, somewhat negative or very negative. How about ___? Travel industry",Somewhat positive|Neutral|Somewhat negative|Very positive|Very negative,Somewhat positive,,,categorical,20,2001,2020
gallup_4_858,gallup,858,gallup:4:858,"For each of the following business sectors in the United States, please say whether your overall view of it is very positive, somewhat positive, neutral, somewhat negative or very negative. How about ___? The federal government",Somewhat negative|Very negative|Somewhat positive|Neutral|Very positive,Somewhat negative,,,categorical,18,2003,2020
gallup_4_859,gallup,859,gallup:4:859,"If you were free to do either, would you prefer to have a job outside the home or would you prefer to stay at home and take care of the house and family?",Job outside the home|Stay home|Both (volunteered),Job outside the home,,,categorical,7,2005,2019
gallup_4_862,gallup,862,gallup:4:862,Do you approve or disapprove of the way [President] is handling __? Education,Disapprove|Approve,Disapprove,,,binary,13,2004,2020
gallup_4_864,gallup,864,gallup:4:864,"Have you ever telecommuted, that is, worked from your home, using a computer to communicate for your job?","No, have not|Yes, have","No, have not",,,binary,4,2006,2020
gallup_4_865,gallup,865,gallup:4:865,"How important, is it to you, that you advance in your career over time - extremely important, very important, somewhat important, not too important, or not important at all?",Extremely important|Somewhat important|Very important|Not too important|Not important at all,Extremely important,,,categorical,2,2013,2015
gallup_4_866,gallup,866,gallup:4:866,"How do you generally get to work - do you drive yourself, ride with someone else, walk, take mass transportation, or something else?",Drive self|Ride with others|Take mass transit|Walk|Work from home,Drive self,,,categorical,3,2007,2018
gallup_4_867,gallup,867,gallup:4:867,"Generally speaking, would you say your commute to work is - very stressful, somewhat stressful, not that stressful, or not stressful at all?",Not stressful at all|Not that stressful|Somewhat stressful|Very stressful,Not stressful at all,,,categorical,2,2007,2018
gallup_4_868,gallup,868,gallup:4:868,"Thinking about the future, do you think labor unions in this country will become -- [Stronger than they are today/Same/Weaker]?",Weaker than they are today|The same as today|Stronger than they are today,Weaker than they are today,,,categorical,16,2001,2018
gallup_4_869,gallup,869,gallup:4:869,"Would you, personally, like to see labor unions in the United States have -- [More influence than they have today/Same/Less]?",Less influence than they have today|More influence than they have today|The same amount as today,Less influence than they have today,,,categorical,16,2001,2018
gallup_4_870,gallup,870,gallup:4:870,"Suppose you were taking a new job and had your choice of a boss. Would you prefer to work for a man, or a woman?",Man|Woman,Man,,,binary,4,2006,2014
gallup_4_871,gallup,871,gallup:4:871,"Is your current boss or the primary person you report to, a man, a woman, or don't you have a boss?",Man|Woman|Don't have a boss,Man,,,categorical,3,2011,2014
gallup_4_872,gallup,872,gallup:4:872,"Overall, do you think labor unions mostly help or mostly hurt ___? Workers who are members of unions",Mostly helps|Mostly hurts,Mostly helps,,,binary,6,2001,2016
gallup_4_873,gallup,873,gallup:4:873,"Overall, do you think labor unions mostly help or mostly hurt ___? The U.S. economy in general",Mostly helps|Mostly hurts,Mostly helps,,,binary,6,2001,2016
gallup_4_874,gallup,874,gallup:4:874,"Overall, do you think labor unions mostly help or mostly hurt ___? Workers who are not members of unions",Mostly hurts|Mostly helps,Mostly hurts,,,binary,6,2001,2016
gallup_4_875,gallup,875,gallup:4:875,"Overall, do you think labor unions mostly help or mostly hurt ___? The companies where workers are unionized",Mostly helps|Mostly hurts,Mostly helps,,,binary,6,2001,2016
gallup_4_877,gallup,877,gallup:4:877,"If you won $10 million dollars in the lottery, would you continue to work, or would you stop working?",Continue to work|Stop working,Continue to work,,,binary,3,2004,2013
gallup_4_878,gallup,878,gallup:4:878,"Please indicate based on what you know or have read and heard, how good an education each provides children. How about ___? Public schools",Only fair|Good|Poor|Excellent,Only fair,,,categorical,2,2012,2017
gallup_4_879,gallup,879,gallup:4:879,"Please indicate based on what you know or have read and heard, how good an education each provides children. How about ___? Parochial schools",Good|Excellent|Only fair|Poor,Good,,,categorical,2,2012,2017
gallup_4_880,gallup,880,gallup:4:880,"Please indicate based on what you know or have read and heard, how good an education each provides children. How about ___? Private schools",Good|Excellent|Only fair|Poor,Good,,,categorical,2,2012,2017
gallup_4_881,gallup,881,gallup:4:881,"Please indicate based on what you know or have read and heard, how good an education each provides children. How about ___? Charter schools",Good|Only fair|Excellent|Poor,Good,,,categorical,2,2012,2017
gallup_4_882,gallup,882,gallup:4:882,"Please indicate based on what you know or have read and heard, how good an education each provides children. How about ___? Home school",Good|Only fair|Poor|Excellent,Good,,,categorical,2,2012,2017
gallup_4_883,gallup,883,gallup:4:883,"If you could, which of the following situations would you choose - [Fewer hours on the job but less income/Same as you have now/More hours and more income]?",The same number of hours and income that you now have|More hours on the job and more income|Fewer hours on the job but less income,The same number of hours and income that you now have,,,categorical,2,2002,2008
gallup_4_965,gallup,965,gallup:4:965,Do you approve or disapprove of the way (president) is handling his job as president?,Approve|Disapprove,Approve,,,binary,20,2001,2020
gallup_4_966,gallup,966,gallup:4:966,"In general are you satisfied, or dissatisfied, with the way things are going in the United States at this time?",Dissatisfied|Satisfied,Dissatisfied,,,binary,19,2001,2020
gallup_4_967,gallup,967,gallup:4:967,"Thinking about economic issues, would you say your views on economic issues are -- __?",Moderate|Conservative|Liberal|Very conservative|Very liberal,Moderate,,,categorical,20,2001,2020
gallup_4_968,gallup,968,gallup:4:968,"Thinking about social issues, would you say your views on social issues are -- __?",Moderate|Conservative|Liberal|Very liberal|Very conservative,Moderate,,,categorical,20,2001,2020
gallup_4_969,gallup,969,gallup:4:969,"How would you rate the overall state of moral values in this country, today- as excellent, good, only fair, or poor?",Poor|Only fair|Good|Excellent,Poor,,,categorical,19,2002,2020
gallup_4_970,gallup,970,gallup:4:970,"Right now do you think the state of moral values in the country, as a whole, is getting better or getting worse?",Getting worse|Getting better|Same (volunteered),Getting worse,,,categorical,19,2002,2020
gallup_4_971,gallup,971,gallup:4:971,"Do you think abortions should be legal under any circumstances, legal only under certain circumstances or illegal in all circumstances?",Legal under certain|Legal under any|Illegal in all,Legal under certain,,,categorical,20,2001,2020
gallup_4_972,gallup,972,gallup:4:972,"Do you think abortion should be legal in most circumstances, or only in a few circumstances?","Legal only in a few|Legal under any|Illegal in all|Legal in most|Legal in certain, unspecified",Legal only in a few,,,categorical,20,2001,2020
gallup_4_973,gallup,973,gallup:4:973,"With respect to the abortion issue would you consider yourself to be pro-choice, or pro-life?",Pro-Choice|Pro-Life|Mixed/Both/Neither,Pro-Choice,,,categorical,20,2001,2020
gallup_4_974,gallup,974,gallup:4:974,"Thinking about how the abortion issue might affect your vote for major offices, would you -- __?",Consider a candidate's position on abortion as just one of many important factors when voting|Not see abortion as a major issue|Only vote for a candidate who shares your views on abortion,Consider a candidate's position on abortion as just one of many important factors when voting,,,categorical,8,2001,2020
gallup_4_975,gallup,975,gallup:4:975,"Would you like to see the Supreme Court overturn its 1973 Roe versus Wade decision, concerning abortion, or not?","No, not overturn|Yes, overturn","No, not overturn",,,binary,3,2006,2008
gallup_4_976,gallup,976,gallup:4:976,"When a person has a disease that cannot be cured, do you think doctors should be allowed by law to end the patient's life by some painless means, if the patient and his or her family request it?","Yes, should be allowed|No, should not","Yes, should be allowed",,,binary,18,2001,2020
gallup_4_977,gallup,977,gallup:4:977,"When a person has a disease, that cannot be cured, and is living in severe pain, do you think doctors should or should not be allowed by law to assist the patient to commit suicide if the patient requests it?","Yes, should be allowed|No, should not","Yes, should be allowed",,,binary,18,2001,2020
gallup_4_978,gallup,978,gallup:4:978,"Do you think gay or lesbian relations, between consenting adults, should or should not be legal?",Should be legal|Should not be legal,Should be legal,,,binary,20,2001,2020
gallup_4_979,gallup,979,gallup:4:979,"In your view, is being gay or lesbian -- __?",Something a person is born with|Due to factors such as upbringing and environment,Something a person is born with,,,binary,17,2001,2018
gallup_4_980,gallup,980,gallup:4:980,"Do you think marriages between same-sex couples should, or should not, be recognized by the law as valid, with the same rights as traditional marriages?",Should be valid|Should not be recognized as valid,Should be valid,,,binary,16,2004,2020
gallup_4_981,gallup,981,gallup:4:981,"Next, I'm going to read you a list of issues. Regardless of whether or not you think it should be legal, for each one, please tell me whether you personally believe that in general it is morally acceptable, or morally wrong. How about___? Abortion",Morally wrong|Morally acceptable,Morally wrong,,,binary,20,2001,2020
gallup_4_982,gallup,982,gallup:4:982,"Next, I'm going to read you a list of issues. Regardless of whether or not you think it should be legal, for each one, please tell me whether you personally believe that in general it is morally acceptable, or morally wrong. How about___? The death penalty",Morally acceptable|Morally wrong,Morally acceptable,,,binary,20,2001,2020
gallup_4_983,gallup,983,gallup:4:983,"Next, I'm going to read you a list of issues. Regardless of whether or not you think it should be legal, for each one, please tell me whether you personally believe that in general it is morally acceptable, or morally wrong. How about___? Doctor assisted suicide",Morally acceptable|Morally wrong,Morally acceptable,,,binary,19,2001,2020
gallup_4_984,gallup,984,gallup:4:984,"Next, I'm going to read you a list of issues. Regardless of whether or not you think it should be legal, for each one, please tell me whether you personally believe that in general it is morally acceptable, or morally wrong. How about___? Medical testing on animals",Morally acceptable|Morally wrong,Morally acceptable,,,binary,20,2001,2020
gallup_4_985,gallup,985,gallup:4:985,"Next, I'm going to read you a list of issues. Regardless of whether or not you think it should be legal, for each one, please tell me whether you personally believe that in general it is morally acceptable, or morally wrong. How about___? Buying and wearing clothing made of animal fur",Morally acceptable|Morally wrong,Morally acceptable,,,binary,20,2001,2020
gallup_4_986,gallup,986,gallup:4:986,"Next, I'm going to read you a list of issues. Regardless of whether or not you think it should be legal, for each one, please tell me whether you personally believe that in general it is morally acceptable, or morally wrong. How about___? Sex between an unmarried man and woman",Morally acceptable|Morally wrong,Morally acceptable,,,binary,20,2001,2020
gallup_4_987,gallup,987,gallup:4:987,"Next, I'm going to read you a list of issues. Regardless of whether or not you think it should be legal, for each one, please tell me whether you personally believe that in general it is morally acceptable, or morally wrong. How about___? Married men and women having an affair",Morally wrong|Morally acceptable,Morally wrong,,,binary,20,2001,2020
gallup_4_988,gallup,988,gallup:4:988,"Next, I'm going to read you a list of issues. Regardless of whether or not you think it should be legal, for each one, please tell me whether you personally believe that in general it is morally acceptable, or morally wrong. How about___? Divorce",Morally acceptable|Morally wrong,Morally acceptable,,,binary,20,2001,2020
gallup_4_989,gallup,989,gallup:4:989,"Next, I'm going to read you a list of issues. Regardless of whether or not you think it should be legal, for each one, please tell me whether you personally believe that in general it is morally acceptable, or morally wrong. How about___? Cloning animals",Morally wrong|Morally acceptable,Morally wrong,,,binary,20,2001,2020
gallup_4_990,gallup,990,gallup:4:990,"Next, I'm going to read you a list of issues. Regardless of whether or not you think it should be legal, for each one, please tell me whether you personally believe that in general it is morally acceptable, or morally wrong. How about___? Cloning humans",Morally wrong|Morally acceptable,Morally wrong,,,binary,20,2001,2020
gallup_4_991,gallup,991,gallup:4:991,"Next, I'm going to read you a list of issues. Regardless of whether or not you think it should be legal, for each one, please tell me whether you personally believe that in general it is morally acceptable, or morally wrong. How about___? Suicide",Morally wrong|Morally acceptable,Morally wrong,,,binary,20,2001,2020
gallup_4_992,gallup,992,gallup:4:992,"Next, I'm going to read you a list of issues. Regardless of whether or not you think it should be legal, for each one, please tell me whether you personally believe that in general it is morally acceptable, or morally wrong. How about___? Medical research using stem cells obtained from human embryos",Morally acceptable|Morally wrong,Morally acceptable,,,binary,19,2002,2020
gallup_4_993,gallup,993,gallup:4:993,"Next, I'm going to read you a list of issues. Regardless of whether or not you think it should be legal, for each one, please tell me whether you personally believe that in general it is morally acceptable, or morally wrong. How about___? Having a baby outside of marriage",Morally acceptable|Morally wrong,Morally acceptable,,,binary,19,2002,2020
gallup_4_994,gallup,994,gallup:4:994,"Next, I'm going to read you a list of issues. Regardless of whether or not you think it should be legal, for each one, please tell me whether you personally believe that in general it is morally acceptable, or morally wrong. How about___? Gambling",Morally acceptable|Morally wrong,Morally acceptable,,,binary,18,2003,2020
gallup_4_995,gallup,995,gallup:4:995,"Next, I'm going to read you a list of issues. Regardless of whether or not you think it should be legal, for each one, please tell me whether you personally believe that in general it is morally acceptable, or morally wrong. How about___? Polygamy, when a married person has more than one spouse at the same time",Morally wrong|Morally acceptable,Morally wrong,,,binary,18,2003,2020
gallup_4_996,gallup,996,gallup:4:996,"Next, I'm going to read you a list of issues. Regardless of whether or not you think it should be legal, for each one, please tell me whether you personally believe that in general it is morally acceptable, or morally wrong. How about___? Gay or lesbian relations",Morally acceptable|Morally wrong,Morally acceptable,,,binary,16,2005,2020
gallup_4_997,gallup,997,gallup:4:997,"Next, I'm going to read you a list of issues. Regardless of whether or not you think it should be legal, for each one, please tell me whether you personally believe that in general it is morally acceptable, or morally wrong. How about___? Birth control",Morally acceptable|Morally wrong,Morally acceptable,,,binary,9,2012,2020
gallup_4_998,gallup,998,gallup:4:998,"Next, I'm going to read you a list of issues. Regardless of whether or not you think it should be legal, for each one, please tell me whether you personally believe that in general it is morally acceptable, or morally wrong. How about___? Sex between teenagers",Morally wrong|Morally acceptable,Morally wrong,,,binary,8,2013,2020
gallup_4_999,gallup,999,gallup:4:999,"Next, I'm going to read you a list of issues. Regardless of whether or not you think it should be legal, for each one, please tell me whether you personally believe that in general it is morally acceptable, or morally wrong. How about___? Drinking alcohol",Morally acceptable|Morally wrong,Morally acceptable,,,binary,3,2018,2020
gallup_6_458,gallup,458,gallup:6:458,"As of today, do you lean more to the Democratic Party or the Republican Party?",Democrat/Lean Democrat|Republican/Lean Republican|Neither/Other/Non-leaning Independent,Democrat/Lean Democrat,,,categorical,22,1999,2020
gallup_6_461,gallup,461,gallup:6:461,Do you approve or disapprove of the way [President] is handling [his] job as president?,Approve|Disapprove,Approve,,,binary,22,1999,2020
gallup_6_462,gallup,462,gallup:6:462,"Do you approve, or disapprove, of the way Congress is handling its job?",Disapprove|Approve,Disapprove,,,binary,22,1999,2020
gallup_6_463,gallup,463,gallup:6:463,"In general, are you satisfied or dissatisfied with the way things are going in the United States at this time?",Dissatisfied|Satisfied,Dissatisfied,,,binary,22,1999,2020
gallup_6_464,gallup,464,gallup:6:464,"Thinking about the job situation in America today, would you say that it is now a good time, or a bad time to find a quality job?",Bad time|Good time,Bad time,,,binary,20,2001,2020
gallup_6_465,gallup,465,gallup:6:465,"How would you rate economic conditions in this country today - as excellent, good, only fair, or poor?",Only fair|Poor|Good|Excellent,Only fair,,,categorical,22,1999,2020
gallup_6_466,gallup,466,gallup:6:466,"Right now, do you think that economic conditions in the country, as a whole, are getting better or getting worse?",Getting worse|Getting better|Same [volunteered],Getting worse,,,categorical,22,1999,2020
gallup_6_467,gallup,467,gallup:6:467,"In politics, as of today, do you consider yourself a Republican, a Democrat, or an Independent?",Independent|Democrat|Republican|Other party (volunteered),Independent,,,categorical,22,1999,2020
gss_abany,gss,abany,gss:abany,abortion if woman wants for any reason,no|yes,no,,,binary,26,1977,2018
gss_abdefctw,gss,abdefctw,gss:abdefctw,wrong for woman to get abortion for birth defects,not wrong at all|always wrong|wrong only sometimes|almost always wrong,not wrong at all,,,categorical,3,1991,2008
gss_abfirm,gss,abfirm,gss:abfirm,how firm is r's opinion on abortion,change very unlikely|somewhat unlikely|somewhat likely|change very likely,change very unlikely,,,categorical,2,1982,1984
gss_abhlth,gss,abhlth,gss:abhlth,woman's health seriously endangered,yes|no,yes,,,binary,31,1972,2018
gss_abimp,gss,abimp,gss:abimp,importance of abortion issue to r,important|not very imp|one of most imp|not imp at all,important,,,categorical,2,1982,1984
gss_abinfo,gss,abinfo,gss:abinfo,how much info does r have on abortion,some info|most info|very little info|all info r needs,some info,,,categorical,2,1982,1984
gss_abort12,gss,abort12,gss:abort12,past 12 months r web to learn abortion,no|yes,no,,,binary,2,2000,2002
gss_abpoor,gss,abpoor,gss:abpoor,low income--cant afford more children,no|yes,no,,,binary,31,1972,2018
gss_abpoorw,gss,abpoorw,gss:abpoorw,wrong for woman to get abortion if low income?,always wrong|not wrong at all|almost always wrong|wrong only sometimes,always wrong,,,categorical,4,1991,2018
gss_acqntsex,gss,acqntsex,gss:acqntsex,r had sex with acquaintance last year,no|yes,no,,,binary,18,1988,2018
gss_actupset,gss,actupset,gss:actupset,ppl at work throw things when upset with r,never|rarely|sometimes|often,never,,,categorical,2,2004,2012
gss_adforjob,gss,adforjob,gss:adforjob,advertised for a job in newspaper's,"no|yes, more than twice|yes, once or twice",no,,,categorical,3,1998,2016
gss_advcfrnd,gss,advcfrnd,gss:advcfrnd,r can ask close friend software help,yes|no,yes,,,binary,2,2000,2002
gss_advchld,gss,advchld,gss:advchld,r can ask son or daughter for software help,no|yes,no,,,binary,2,2000,2002
gss_advcowrk,gss,advcowrk,gss:advcowrk,r can ask coworker software help,yes|no,yes,,,binary,2,2000,2002
gss_advfam,gss,advfam,gss:advfam,r can ask other family members software help,no|yes,no,,,binary,2,2000,2002
gss_advlib,gss,advlib,gss:advlib,r can ask librarian software help,no|yes,no,,,binary,2,2000,2002
gss_advofrnd,gss,advofrnd,gss:advofrnd,r can ask acquaintance software help,yes|no,yes,,,binary,2,2000,2002
gss_advpar,gss,advpar,gss:advpar,r can ask parent for software help,no|yes,no,,,binary,2,2000,2002
gss_advsib,gss,advsib,gss:advsib,r can ask sibling or sibling partner software h,no|yes,no,,,binary,2,2000,2002
gss_advsp,gss,advsp,gss:advsp,r can ask spouse or partner for software help,no|yes,no,,,binary,2,2000,2002
gss_advstu,gss,advstu,gss:advstu,r can ask other student software help,no|yes,no,,,binary,2,2000,2002
gss_advsup,gss,advsup,gss:advsup,r can ask work supervisor software help,no|yes,no,,,binary,2,2000,2002
gss_advtchr,gss,advtchr,gss:advtchr,r can ask teacher software help,no|yes,no,,,binary,2,2000,2002
gss_affctlaw,gss,affctlaw,gss:affctlaw,how likely congress give serious attention to r's demands,not very likely|fairly likely|not at all likely|very likely,not very likely,,,categorical,2,2004,2014
gss_affrmact,gss,affrmact,gss:affrmact,favor preference in hiring black people,strongly opposes|not strongly opposes|strongly favors|not strongly favors,strongly opposes,,,categorical,13,1994,2018
gss_aidcol,gss,aidcol,gss:aidcol,gov. should assist low-income college student,probably should be|definitely should be|probably should not be|definitely should not be,probably should be,,,categorical,4,1990,2016
gss_aidhouse,gss,aidhouse,gss:aidhouse,gov. should provide housing to poor,probably should be|definitely should be|probably should not be|definitely should not be,probably should be,,,categorical,4,1990,2016
gss_aidsrac2,gss,aidsrac2,gss:aidsrac2,race of aids victim 2nd closest to r,white|black|hispanic,white,,,categorical,4,1989,1993
gss_aidsrac3,gss,aidsrac3,gss:aidsrac3,race of aids victim 3rd closest to r,white|black|hispanic,white,,,categorical,4,1989,1993
gss_aidsrace,gss,aidsrace,gss:aidsrace,race of aids victim closest to r,white|black|hispanic,white,,,categorical,5,1988,1993
gss_aidssex,gss,aidssex,gss:aidssex,sex of aids victim closest to r,male|female,male,,,binary,5,1988,1993
gss_aidssex2,gss,aidssex2,gss:aidssex2,sex of aids victim 2nd closest to r,male|female,male,,,binary,4,1989,1993
gss_aidssex3,gss,aidssex3,gss:aidssex3,sex of aids victim 3rd closest to r,male|female,male,,,binary,4,1989,1993
gss_aidunemp,gss,aidunemp,gss:aidunemp,govts resp: provide for the unemployed,probably should be|probably should not be|definitely should be|definitely should not be,probably should be,,,categorical,6,1985,2016
gss_amcit,gss,amcit,gss:amcit,how important to have american citizenship,very important|fairly important|not very important|not important at all,very important,,,categorical,3,1996,2014
gss_amcitizn,gss,amcitizn,gss:amcitizn,agree i would rather be a citizen of america,strongly agree|agree|neither agree nor disagree|disagree|strongly disagree,strongly agree,,,categorical,3,1996,2014
gss_anomia1,gss,anomia1,gss:anomia1,"next to health, money is most important",disagree|agree,disagree,,,binary,3,1973,1976
gss_anomia8,gss,anomia8,gss:anomia8,don't know whom to trust,agree|disagree,agree,,,binary,3,1973,1976
gss_anomia9,gss,anomia9,gss:anomia9,most don't care what happens to others,agree|disagree,agree,,,binary,3,1973,1976
gss_arrest,gss,arrest,gss:arrest,ever picked up or charged by police,no|yes,no,,,binary,8,1973,2012
gss_artview,gss,artview,gss:artview,use web to look at art works,yes|no,yes,,,binary,2,2000,2002
gss_askcrime,gss,askcrime,gss:askcrime,govt investigate workers crime records,definitely should|probably should|probably should not|definitely should not,definitely should,,,categorical,4,1994,2000
gss_askdrink,gss,askdrink,gss:askdrink,govt investigate workers alcohol use,definitely should|probably should|probably should not|definitely should not,definitely should,,,categorical,4,1994,2000
gss_askdrugs,gss,askdrugs,gss:askdrugs,govt investigate workers illegal drug use,definitely should|probably should|probably should not|definitely should not,definitely should,,,categorical,4,1994,2000
gss_askfinan,gss,askfinan,gss:askfinan,govt investigate workers finances for security,definitely should|probably should|probably should not|definitely should not,definitely should,,,categorical,4,1994,2000
gss_askforgn,gss,askforgn,gss:askforgn,govt investigate workers foreign family,definitely should|probably should|probably should not|definitely should not,definitely should,,,categorical,4,1994,2000
gss_askmentl,gss,askmentl,gss:askmentl,govt investigate workers mental health,definitely should|probably should|probably should not|definitely should not,definitely should,,,categorical,4,1994,2000
gss_asksexor,gss,asksexor,gss:asksexor,govt investigate workers sexual orientation,definitely should|probably should not|definitely should not|probably should,definitely should,,,categorical,4,1994,2000
gss_barate,gss,barate,gss:barate,rate of ba degree earning in college respondent attended,58% or over|40-57.9%|0-39.9%,58% or over,,,categorical,3,2012,2016
gss_bible,gss,bible,gss:bible,feelings about the bible,inspired word|word of god|ancient book|other (vol),inspired word,,,categorical,21,1984,2018
gss_bible1,gss,bible1,gss:bible1,describe your feelings about the bible,"god-inspired, shouldn't take literally|word of god, take literally|book of fables, by man|this does not apply to me","god-inspired, shouldn't take literally",,,categorical,2,1991,1998
gss_bibley,gss,bibley,gss:bibley,feelings about the bible:version z,inspired by god|god's word|written by man|not worth much,inspired by god,,,categorical,3,1984,1987
gss_bizbstgw,gss,bizbstgw,gss:bizbstgw,best policy vs narrow interest: business leader,own narrow interests|4.0|3.0|what is best for the country|2.0,own narrow interests,,,categorical,2,2006,2010
gss_bizbsttx,gss,bizbsttx,gss:bizbsttx,best policy vs narrow interest on fed inc tax: business leader,4.0|own narrow interests|3.0|2.0|what is best for the country,4.0,,,categorical,2,2006,2010
gss_bizinfgw,gss,bizinfgw,gss:bizinfgw,influence on global warming policy: business leader,a little influence|none at all|a fair amount|a great deal of influence,a little influence,,,categorical,2,2006,2010
gss_bizinftx,gss,bizinftx,gss:bizinftx,influence on reducing fed inc taxby business leaders,a fair amount|a little influence|none at all|a great deal of influence,a fair amount,,,categorical,2,2006,2010
gss_blksimp,gss,blksimp,gss:blksimp,have conditions for blacks improved,improved|about the same|gotten worse,improved,,,categorical,5,1994,2002
gss_blkwhite,gss,blkwhite,gss:blkwhite,r agrees right & wrong not black & white,agree strongly|agree somewhat|disagree somewhat|disagree strongly,agree strongly,,,categorical,4,1988,2010
gss_blnumok,gss,blnumok,gss:blnumok,number of blacks in military,about right number|should be more|too many,about right number,,,categorical,3,1982,1984
gss_boyorgrl,gss,boyorgrl,gss:boyorgrl,sci knowledge: father gene decides sex of baby,true|false,true,,,binary,7,2006,2018
gss_busing,gss,busing,gss:busing,attitude toward racial busing,oppose|favor,oppose,,,binary,17,1972,1996
gss_buspow,gss,buspow,gss:buspow,power of business and industry,about the right amount of power|too much power|far too much power|too little power|far too little power,about the right amount of power,,,categorical,3,1985,1996
gss_cantrust,gss,cantrust,gss:cantrust,people can be trusted or cant be too careful,you usually can't be too careful in dealing with people|people can usually be trusted|you almost always can't be too careful in dealing with people|people can almost always be trusted,you usually can't be too careful in dealing with people,,,categorical,5,1998,2018
gss_cappun,gss,cappun,gss:cappun,favor or oppose death penalty for murder,favor|oppose,favor,,,binary,30,1974,2018
gss_cappun2,gss,cappun2,gss:cappun2,does r favor capital punishment,"yes,favor|no,dont favor","yes,favor",,,binary,2,1972,1973
gss_caremost,gss,caremost,gss:caremost,most concerned possible effect of global warming,the rise in sea level|the melting of the northern ice cap|the threat to the inuit way of life|the extinction of the polar bears|the threat to the arctic seals,the rise in sea level,,,categorical,2,2006,2010
gss_careself,gss,careself,gss:careself,those in need have to take care of themselves,agree|neither agree nor disagree|disagree|strongly agree|strongly disagree,agree,,,categorical,4,2002,2014
gss_caresik1,gss,caresik1,gss:caresik1,who in household cares for sick in family,about equal or both together|always me|usually me|usually my spouse/partner|always my spouse/partner|is done by a third person,about equal or both together,,,categorical,2,2002,2012
gss_carsfam,gss,carsfam,gss:carsfam,car pollution danger to my family,somewhat dangerous|very dangerous|extremely dangerous|not very dangerous|not dangerous at all,somewhat dangerous,,,categorical,3,1993,2000
gss_carsgen,gss,carsgen,gss:carsgen,car pollution danger to envir,somewhat dangerous|very dangerous|extremely dangerous|not very dangerous|not dangerous at all,somewhat dangerous,,,categorical,4,1993,2010
gss_carsten,gss,carsten,gss:carsten,car pollution will increase in next 10 yrs,fairly likely to happen|very likely to happen|not very likely to happen|certain to happen|not at all likely,fairly likely to happen,,,categorical,2,1993,1994
gss_cathsch,gss,cathsch,gss:cathsch,children attend catholic school,no|yes,no,,,binary,2,1998,2000
gss_chemfam,gss,chemfam,gss:chemfam,pesticides danger to my family,somewhat dangerous|very dangerous|extremely dangerous|not very dangerous|not dangerous at all,somewhat dangerous,,,categorical,2,1993,1994
gss_chkfinan,gss,chkfinan,gss:chkfinan,government should verify financial assets,definitely should|probably should|probably should not|definitely should not,definitely should,,,categorical,2,1996,1998
gss_chkspfin,gss,chkspfin,gss:chkspfin,government should verify spouse's financial assets,definitely should|probably should|probably should not|definitely should not,definitely should,,,categorical,2,1996,1998
gss_chktaxes,gss,chktaxes,gss:chktaxes,government should verify tax records,definitely should|probably should|probably should not|definitely should not,definitely should,,,categorical,2,1996,1998
gss_chldcare,gss,chldcare,gss:chldcare,should families get benefits if both parents work,agree|disagree|strongly agree|neither agree nor disagree|strongly disagree,agree,,,categorical,2,1994,2002
gss_chrissch,gss,chrissch,gss:chrissch,children attend christian school,no|yes,no,,,binary,2,1998,2000
gss_churhpow,gss,churhpow,gss:churhpow,do churches have too much power?,about the right amount of power|too much power|too little power|far too much power|far too little power,about the right amount of power,,,categorical,4,1991,2018
gss_churhsch,gss,churhsch,gss:churhsch,number of years r attended church school,never went or less than half year|8.0|12.0|6.0|2.0|4.0|1.0|3.0|5.0|9.0|7.0|10.0|16.0|11.0|14.0|13.0|15.0|17.0,never went or less than half year,,,categorical,3,1988,1991
gss_ciderac2,gss,ciderac2,gss:ciderac2,race of murder victim 2nd closest to r,black|white|hispanic,black,,,categorical,2,1989,1990
gss_ciderac3,gss,ciderac3,gss:ciderac3,race of murder victim 3rd closest to r,black|white|hispanic,black,,,categorical,2,1989,1990
gss_ciderace,gss,ciderace,gss:ciderace,race of murder victim closest to r,white|black|hispanic,white,,,categorical,3,1988,1990
gss_cidesex,gss,cidesex,gss:cidesex,sex of murder victim closest to r,male|female,male,,,binary,3,1988,1990
gss_cidesex2,gss,cidesex2,gss:cidesex2,sex of murder victim 2nd closest to r,male|female,male,,,binary,2,1989,1990
gss_cidesex3,gss,cidesex3,gss:cidesex3,sex of murder victim 3rd closest to r,male|female,male,,,binary,2,1989,1990
gss_citizen,gss,citizen,gss:citizen,are you a citizen of america?,yes|no,yes,,,binary,3,1996,2014
gss_clergvte,gss,clergvte,gss:clergvte,clergy shouldn't try to influence voters,strongly agree|agree|neither agree nor disagree|disagree|strongly disagree,strongly agree,,,categorical,4,1991,2018
gss_closeblk,gss,closeblk,gss:closeblk,how close r feels to black people,neither one or the other|very close|7.0|6.0|8.0|not at all close|4.0|3.0|2.0,neither one or the other,,,categorical,11,1996,2016
gss_cobarate,gss,cobarate,gss:cobarate,rate of ba degree earning at college partner attended,58% or over|40-57.9%|0-39.9%,58% or over,,,categorical,3,2012,2016
gss_coden,gss,coden,gss:coden,partner's denomination,baptist|no denomination or non-denominational church|other denomination|lutheran|methodist|presbyterian|episcopal,baptist,,,categorical,4,2012,2018
gss_coden_1222,gss,coden_1222,gss:coden_1222,partner's denomination,"no denomination or non-denominational church|southern baptist convention|other, specify|united methodist church|episcopal church|american lutheran church|american baptist association|american baptist churches in the u.s.a.|united presbyterian church in the u.s.a.|lutheran church in america|national baptist convention of america|other baptist churches|evangelical lutheran|african methodist episcopal church|lutheran church - missouri synod|national baptist convention u.s.a., inc.",no denomination or non-denominational church,,,categorical,4,2012,2018
gss_coeduc,gss,coeduc,gss:coeduc,"highest year school completed, partner",12th grade|4 years of college|2 years of college|1 year of college|11th grade|10th grade|3 years of college|5 years of college|9th grade|6 years of college|6th grade|8 or more years of college|8th grade|7 years of college|7th grade|4th grade|no formal schooling|3rd grade,12th grade,,,categorical,4,2012,2018
gss_coeftotlt,gss,coeftotlt,gss:coeftotlt,total number of students enrolled at college partner attended,468 or more students|0-467 students enrolled,468 or more students,,,binary,3,2012,2016
gss_coevwork,gss,coevwork,gss:coevwork,partner ever work as long as a year,yes|no,yes,,,binary,4,2012,2018
gss_cofund,gss,cofund,gss:cofund,how fundamentalist is partner's current religion,liberal|moderate|fundamentalist,liberal,,,categorical,4,2012,2018
gss_cogradtounder,gss,cogradtounder,gss:cogradtounder,ratio of graduate to undergraduate students at college partner attended,.211 or over|0-.210 graduate student per undergraduate student,.211 or over,,,binary,3,2012,2016
gss_cohabfst,gss,cohabfst,gss:cohabfst,people should live together before marriage,agree|neither agree nor disagree|disagree|strongly disagree|strongly agree,agree,,,categorical,3,1994,2002
gss_cohabit,gss,cohabit,gss:cohabit,did r live with spouse before marriage,no|yes,no,,,binary,2,1988,1994
gss_cohrs1,gss,cohrs1,gss:cohrs1,number of hours partner worked last week,40.0|50.0|60.0|30.0|45.0|20.0|55.0|70.0|35.0|42.0|25.0|32.0|48.0|36.0|15.0|89+ hours|80.0|24.0|10.0|37.0|38.0|65.0|8.0|28.0|44.0|68.0|26.0|39.0|34.0|52.0|47.0|43.0|84.0|58.0|4.0|27.0|72.0|12.0|62.0|63.0|78.0|54.0|22.0|17.0|46.0|33.0|16.0|49.0,40.0,,,categorical,4,2012,2018
gss_cohrs2,gss,cohrs2,gss:cohrs2,no. of hours partner usually works a week,50.0|40.0|30.0|42.0|32.0|34.0|52.0,50.0,,,categorical,4,2012,2018
gss_colath,gss,colath,gss:colath,allow anti-religionist to teach,"yes, allowed to teach|not allowed","yes, allowed to teach",,,binary,28,1972,2018
gss_colhomo,gss,colhomo,gss:colhomo,allow homosexual to teach,"yes, allowed to teach|not allowed","yes, allowed to teach",,,binary,27,1973,2018
gss_colmslm,gss,colmslm,gss:colmslm,allow anti-american muslim clergymen teaching in college,"not allowed|yes, allowed to teach",not allowed,,,binary,6,2008,2018
gss_colsci,gss,colsci,gss:colsci,r has taken any college-level sci course,no|yes,no,,,binary,7,2006,2018
gss_colscinm,gss,colscinm,gss:colscinm,number of college-level sci courses r have taken,2.0|1.0|3.0|4.0|5.0|6.0|10.0|20.0|12.0|8.0|30.0|15.0|7.0|25.0|50.0|40.0|16.0|9.0|14.0|35.0|18.0|24.0|11.0|36.0|45.0|32.0|80.0|41.0|70.0|22.0|13.0|17.0|21.0|28.0|44.0|48.0|23.0|60.0|72.0|65.0|42.0|90.0|31.0|52.0,2.0,,,categorical,7,2006,2018
gss_comfort,gss,comfort,gss:comfort,religion helps people to gain comfort in times of trouble and sorrow,agree|strongly agree|neither agree nor disagree|disagree|strongly disagree,agree,,,categorical,2,2008,2018
gss_compoth,gss,compoth,gss:compoth,does r use computer not at home or work,no|yes,no,,,binary,2,2000,2002
gss_compschl,gss,compschl,gss:compschl,does r use computer at school,no|yes,no,,,binary,2,2000,2002
gss_compwage,gss,compwage,gss:compwage,annual wages in previous year were higher than same jobs in other companies,3.0|2.0|1 - lower|4.0|5 - higher,3.0,,,categorical,3,2006,2018
gss_compwork,gss,compwork,gss:compwork,does r use computer at work,yes|no,yes,,,binary,2,2000,2002
gss_conarmy,gss,conarmy,gss:conarmy,confidence in military,only some|a great deal|hardly any,only some,,,categorical,30,1973,2018
gss_conbiz,gss,conbiz,gss:conbiz,confidence in business and industry,some confidence|a great deal of confidence|very little confidence|no confidence at all|complete confidence,some confidence,,,categorical,4,1991,2018
gss_conbus,gss,conbus,gss:conbus,confidence in major companies,only some|a great deal|hardly any,only some,,,categorical,30,1973,2018
gss_conchurh,gss,conchurh,gss:conchurh,confidence in churches and religious orgs,some confidence|a great deal of confidence|very little confidence|complete confidence|no confidence at all,some confidence,,,categorical,4,1991,2018
gss_conclass,gss,conclass,gss:conclass,working and middle classes in conflict?,not very strong conflicts|strong conflicts|there are no conflicts|very strong conflicts,not very strong conflicts,,,categorical,2,1987,2000
gss_conclerg,gss,conclerg,gss:conclerg,confidence in organized religion,only some|a great deal|hardly any,only some,,,categorical,30,1973,2018
gss_concong,gss,concong,gss:concong,confidence in us congress,some confidence|very little confidence|a great deal of confidence|no confidence at all|complete confidence,some confidence,,,categorical,4,1991,2018
gss_concourt,gss,concourt,gss:concourt,confidence in courts and legal system,some confidence|very little confidence|a great deal of confidence|no confidence at all|complete confidence,some confidence,,,categorical,4,1991,2018
gss_coneduc,gss,coneduc,gss:coneduc,confidence in education,only some|a great deal|hardly any,only some,,,categorical,30,1973,2018
gss_coninc,gss,coninc,gss:coninc,family income in constant dollars,38414.0|44643.0|42215.0|82436.0|35471.0|47319.0|51256.0|115822.0|59102.0|49213.0|49659.0|53780.0|121461.0|41667.0|54289.0|94056.0|108410.0|67035.0|100644.0|69718.0|151053.0|113587.0|62500.0|124614.0|52811.0|33333.0|56058.75|57493.0|90726.0|121597.56655999999|72612.0|98190.0|126110.0|50926.0|76909.0|110217.0|112283.0|30193.0|63190.0|48149.0|49882.5|160197.0|32143.0|178712.46494|160742.21785|60354.0|25926.0|50499.0|54202.5|18519.0|47317.5|62946.0|39695.0|63848.0|49005.0|61721.0|31854.0|34487.0|59542.0|54132.0|49611.0|69753.0|56836.0|11111.0|65668.0|43779.0|152135.07879|67456.0|107052.0|65236.0|51488.0|28217.0|64546.0|72223.0|53507.0|36903.0|27658.0|63195.0|40757.0|47115.0|43612.0|43589.0|48516.0|75749.0|46502.0|59895.0|69146.0|41978.0|76934.0|112635.0|42127.0|40645.0|122238.0|51705.0|81198.0|38555.0|36472.0|75988.0|66161.0|83050.0|80357.0|72774.0|38467.0|34470.0|166419.0|79216.0|24882.0|68692.0|41218.0|20358.0|41223.0|58849.0|35135.0|30395.0|34774.0|44165.0|53298.0|32670.0|175621.41383325|38141.0|39867.0|54364.0|57832.5|39930.0|80261.0|46714.0|77233.0|60967.5|24731.0|73900.0|25539.0|56213.0|45677.5|36135.0|19221.0|37372.5|57243.0|35722.0|68516.25|48718.0|57032.0|66247.5|24155.0|108150.0|73766.0|34859.0|45110.0|39095.0|72600.0|70270.0|45461.0|42130.0|163843.84698|50295.0|70100.0|76600.0|86240.0|35291.757|93615.0|60185.0|42083.0|40124.0|152927.23061|18455.0|52455.0|31618.0|36883.0|50322.0|22573.0|84120.0|33255.0|116917.0|41523.0|33585.0|38752.0|178266.0|42321.609000000004|47028.0|88211.0|26599.440000000002|30226.0|32273.0|80300.0|82446.0|85254.0|20761.0|31544.999999999996|30861.0|3704.0|30425.0|29424.0|28214.406|79733.0|26657.0|22556.0|29406.0|36306.0|45052.8015|21688.0|47911.0|20989.0|36482.0|7143.0|33081.0|148796.0|26786.0|44009.0|25815.7065|6754.0|113330.0|24960.724499999997|28418.0|33517.0|38455.0|32438.0|24017.5|16864.0|22730.0|23492.0|88273.0|28725.0|97286.0|35106.0|15607.0|27764.0|87120.0|99660.0|34430.0|15736.0|16071.0|17173.0|24805.0|148197.0|17744.0|26991.25|12500.0|20612.0|28668.0|25631.0|16309.0|33079.0|19933.0|25148.0|19785.0|26097.5|16287.0|15377.0|25329.0|83333.0|28622.0|33931.0|21065.0|26754.0|30112.5|18667.107|105852.0|106998.0|28501.0|32035.0|17567.0|83957.0|5675.0|36254.0|14373.0|30344.0|29724.0|35602.0|19975.0|69444.0|22737.0|21795.0|18144.618|10756.0|9393.0|19233.0|22838.75|11820.0|16540.0|24258.0|30758.0|25744.0|20322.5|96360.0|6146.0|15089.0|9932.0|21283.0|24938.0|16303.0|88680.0|30806.0|9022.0|19643.0|20129.0|23595.0|23558.0|101640.0|21952.0|103338.0|24895.0|15198.0|16902.0|13829.0|22782.5|24359.0|17218.3875|15430.0|112160.0|29574.0|27225.0|13491.0|26227.0|33221.0|25412.0|27712.5|22082.5|24543.0|18445.0|8779.0|31143.75|12770.0|17445.0|16792.0|18575.0|91920.0|13203.0|23956.0|19071.0|27182.0|26287.5|25562.0|12625.0|23214.0|27150.0|17242.5|14196.0|98140.0|19548.0|13533.0|18442.0|18811.0|103460.0|18236.0|19071.25|28107.0|22004.0|13795.0|19965.0|23049.0|14761.0|17387.0|18745.0|11626.0|14764.0|17063.75|19376.0|16137.0|17551.25|13047.0|15427.5|13048.75|14712.0|6334.0|14209.0|112420.0|9033.75|22555.0|19724.375|23105.0|16648.75|16277.5|14289.0|13738.0|20673.0|8143.0|11763.0|12091.0|7694.0|10945.0|5016.0|180386.0|10252.0|23847.0|8617.5|12447.5|12037.0|9953.0|8313.75|11041.25|21959.0|107240.0|19277.5|17648.125|116270.0|9397.0|18192.5|116160.0|15213.0|162355.0|16487.0|9343.125|19893.0|20950.0|14334.0|21041.0|6746.0|15809.0|12872.0|12589.0|13377.0|9924.0|20062.0|3619.0|11243.0|12077.0|4397.0|11287.0|12129.0|13572.0|6869.0|10532.5|9892.0|101852.0|130356.0|22234.0|2998.0|18241.0|12071.0|15703.75|14896.249999999998|123496.0|9638.75|10873.0|5343.0|13495.625|8167.5|10562.0|8675.0|7886.249999999999|5741.0|11449.0|6616.0|12303.0|5368.0|11419.375|9300.0|16539.0|7098.0|5980.0|11499.0|7973.0|12008.75|14362.5|5521.0|12814.0|8756.0|8245.0|10100.0|8396.0|9982.5|7688.0|10532.0|10161.25|10826.0|10663.0|9744.0|13612.5|4472.0|3417.0|1689.0|1786.0|6524.0|17553.0|401.5|11830.0|15571.875|11797.5|9630.0|9423.0|7693.0|11105.0|5247.0|5749.0|7382.0|3281.0|7027.0|7939.0|13856.25|5413.0|7377.0|1537.0|11391.25|6309.0|8718.0|8305.0|6295.0|6035.0|10059.0|725.0|7227.0|2555.0|9922.0|2899.0|3155.0|468.0|9092.0|15056.25|5074.0|905.0|6651.0|9582.0|4694.0|10491.0|13143.75|369.5|8025.0|6534.0|1606.0|2406.0|4210.0|6455.0|6228.75|6085.0|6894.0|4213.0|6022.5|1532.0|350.5|486.0|7819.0|4107.0|7294.0|820.0|3053.0|1402.0|383.0|8802.0|2244.0|5281.0|7474.5|6172.0|2067.0|535.0|1254.0|1099.0|2810.5|601.0|1478.0|7750.0|3405.0|1419.0|2798.0|363.0|1452.0|8425.0|5050.0|7628.0|5351.0|517.0|5885.0|2140.0|6955.0|4852.0|2347.0|2541.0|4815.0|6717.0|1661.0|4979.0|1946.0|441.0|699.0|4896.0|5684.0|763.0|1872.0|3617.0|8417.0|5734.0|5398.25|561.0|2906.75|3855.4999999999995|2681.0|5745.0|1342.0|7296.0|4416.5|1764.0|854.0|6324.0|7021.0|4803.5|3745.0|5149.0|587.0|2453.5|5219.5|4064.5|2682.0|750.0|3277.0|415.25|789.0|5445.0|2586.5|5257.5|4567.75|3087.0|639.0|4378.0|4650.0|3928.0|3993.0|4719.0|5542.5|3154.5|3969.0|671.0|3447.0|3737.25|3267.0|4556.5|3613.5|3325.5,38414.0,,,categorical,32,1972,2018
gss_conjudge,gss,conjudge,gss:conjudge,confid. in united states supreme court,only some|a great deal|hardly any,only some,,,categorical,30,1973,2018
gss_conlabor,gss,conlabor,gss:conlabor,confidence in organized labor,only some|hardly any|a great deal,only some,,,categorical,30,1973,2018
gss_conlegis,gss,conlegis,gss:conlegis,confidence in congress,only some|hardly any|a great deal,only some,,,categorical,30,1973,2018
gss_conmedic,gss,conmedic,gss:conmedic,confidence in medicine,a great deal|only some|hardly any,a great deal,,,categorical,30,1973,2018
gss_conpress,gss,conpress,gss:conpress,confidence in press,only some|hardly any|a great deal,only some,,,categorical,30,1973,2018
gss_conrinc,gss,conrinc,gss:conrinc,respondent income in constant dollars,35471.0|38414.0|42215.0|6754.0|5675.0|5016.0|31854.0|6146.0|28217.0|24731.0|30193.0|47319.0|27658.0|19221.0|24155.0|39695.0|42127.0|30395.0|1537.0|34470.0|37372.5|20358.0|49659.0|5368.0|33255.0|46502.0|36903.0|19785.0|24882.0|43779.0|31544.999999999996|31618.0|18455.0|25539.0|4397.0|32670.0|32273.0|51256.0|49213.0|21688.0|48149.0|33585.0|36472.0|40645.0|50499.0|82436.0|30226.0|47317.5|30861.0|16309.0|34774.0|39930.0|38467.0|35135.0|20989.0|22556.0|3281.0|33081.0|39095.0|39867.0|15089.0|28668.0|30425.0|17173.0|38555.0|36135.0|41523.0|22573.0|1689.0|16864.0|34487.0|1254.0|15198.0|36883.0|29424.0|49005.0|54289.0|10756.0|54202.5|20761.0|25631.0|45677.5|14373.0|41218.0|38141.0|17744.0|41223.0|56058.75|28418.0|26754.0|3619.0|52811.0|34430.0|19233.0|20612.0|40757.0|9932.0|26227.0|49882.5|18575.0|12770.0|23595.0|63190.0|35722.0|15736.0|3417.0|24017.5|59102.0|26991.25|53507.0|32438.0|48516.0|29406.0|24258.0|23492.0|15377.0|23558.0|14761.0|43612.0|19548.0|21795.0|28501.0|3155.0|1419.0|16287.0|43589.0|13829.0|23956.0|44165.0|18667.107|1342.0|51705.0|22737.0|18144.618|34859.0|23049.0|32035.0|36482.0|67035.0|9393.0|19933.0|38455.0|3053.0|23847.0|18442.0|72612.0|13203.0|54132.0|9022.0|22782.5|25329.0|24805.0|53780.0|33517.0|16137.0|42130.0|35106.0|12625.0|20322.5|21065.0|47115.0|41978.0|2998.0|62946.0|25744.0|57493.0|18445.0|2899.0|31143.75|59542.0|27225.0|24938.0|33931.0|45461.0|26599.440000000002|12037.0|19724.375|30758.0|27764.0|22730.0|51488.0|26097.5|24895.0|28622.0|21952.0|20129.0|17445.0|12589.0|28107.0|49611.0|111181.0|9033.75|11287.0|15430.0|22004.0|22082.5|26657.0|20062.0|25148.0|30112.5|6334.0|57832.5|30344.0|33079.0|19893.0|16902.0|26287.5|17567.0|45110.0|22838.75|48718.0|40124.0|25815.7065|22555.0|13533.0|16540.0|35602.0|18236.0|56836.0|60967.5|15607.0|19965.0|1099.0|58849.0|60354.0|13491.0|14764.0|25412.0|854.0|50295.0|19975.0|69718.0|38752.0|905.0|24359.0|14209.0|11820.0|33221.0|94056.0|20673.0|19071.0|44009.0|10562.0|11626.0|19376.0|25562.0|5074.0|18745.0|12091.0|13795.0|24960.724499999997|24543.0|29724.0|47028.0|36306.0|22234.0|17063.75|155374.0|68516.25|15703.75|15427.5|27150.0|11419.375|27182.0|7382.0|13738.0|21959.0|52455.0|66247.5|46714.0|18192.5|27712.5|61721.0|8779.0|65236.0|750.0|16792.0|69753.0|30806.0|10252.0|29574.0|2244.0|109740.0|14712.0|19277.5|65668.0|42083.0|21041.0|11763.0|10945.0|92338.0|21283.0|763.0|139715.0|14896.249999999998|17387.0|8617.5|70100.0|28214.406|17218.3875|2682.0|16277.5|6616.0|2798.0|18241.0|13377.0|28725.0|47911.0|10532.5|14196.0|57243.0|7693.0|63195.0|820.0|36254.0|9953.0|7694.0|18811.0|59895.0|23105.0|9924.0|11499.0|5521.0|67456.0|12077.0|12303.0|4694.0|17553.0|789.0|5343.0|19071.25|10532.0|16303.0|1946.0|11243.0|5980.0|9397.0|12129.0|8143.0|76600.0|17551.25|235707.0|725.0|108224.0|14334.0|12447.5|17242.5|13047.0|6869.0|72600.0|14362.5|9300.0|4213.0|9343.125|83050.0|100644.0|50322.0|2406.0|72774.0|4472.0|77233.0|16539.0|63848.0|12872.0|54364.0|70270.0|64546.0|176200.14942|13048.75|75988.0|20950.0|118255.0|56213.0|158656.95199|15213.0|105892.0|7377.0|53298.0|5247.0|11449.0|6746.0|699.0|10161.25|11797.5|12814.0|2555.0|12071.0|16648.75|9630.0|10100.0|35291.757|1606.0|72223.0|117628.11993999999|13572.0|15809.0|66161.0|8167.5|7688.0|11105.0|17648.125|10826.0|73900.0|75749.0|639.0|4107.0|10873.0|16487.0|8675.0|2067.0|5749.0|68692.0|1452.0|5741.0|14289.0|69146.0|8396.0|8245.0|9892.0|8313.75|7973.0|1872.0|11830.0|90842.0|7027.0|11041.25|10663.0|324512.29214|8756.0|13495.625|2347.0|9092.0|80300.0|1764.0|7227.0|189211.45583999998|13612.5|12008.75|1661.0|671.0|4210.0|84120.0|15571.875|7886.249999999999|6035.0|102798.0|5413.0|76909.0|1402.0|9638.75|9423.0|6295.0|9982.5|42321.609000000004|587.0|486.0|1532.0|9744.0|401.5|601.0|9922.0|2586.5|106334.0|10059.0|103827.0|434612.4156935|1478.0|6955.0|535.0|2453.5|3745.0|93615.0|160964.0|189740.0|15056.25|88680.0|2140.0|2810.5|517.0|81198.0|2906.75|13143.75|7939.0|13856.25|350.5|7819.0|156313.0|5219.5|79216.0|6455.0|76934.0|4896.0|114337.0|121708.0|80261.0|87120.0|8025.0|175362.0|383.0|4979.0|7098.0|88211.0|57032.0|6309.0|2681.0|3405.0|4064.5|5351.0|99660.0|96360.0|132985.0|3613.5|369.5|441.0|5281.0|5050.0|8718.0|6524.0|7294.0|6172.0|98140.0|85254.0|79733.0|10491.0|2541.0|6717.0|3928.0|468.0|8417.0|5745.0|88273.0|3617.0|105852.0|415.25|145117.57381|5885.0|91920.0|8425.0|4719.0|7474.5|8802.0|5684.0|4650.0|4416.5|3969.0|4803.5|11391.25|45052.8015|3325.5|6894.0|4852.0|3087.0|3447.0|5257.5|3855.4999999999995|3267.0|3993.0|118779.0|7750.0|82446.0|3154.5|6651.0|6534.0|8305.0|6085.0|561.0|5445.0|3277.0|363.0|6228.75|7296.0|5734.0|6022.5|5398.25|4567.75|4815.0|103338.0|9582.0|7628.0|4378.0|207579.0|73766.0|103460.0|97286.0|83957.0|7021.0|101640.0|86240.0|112420.0|5149.0|112160.0|6324.0|116160.0|4556.5|3737.25|156363.0|5542.5|106998.0|123496.0|116270.0|107240.0,35471.0,,,categorical,30,1974,2018
gss_conschls,gss,conschls,gss:conschls,confidence in schools and educ system,some confidence|a great deal of confidence|very little confidence|complete confidence|no confidence at all,some confidence,,,categorical,4,1991,2018
gss_consci,gss,consci,gss:consci,confidence in scientific community,only some|a great deal|hardly any,only some,,,categorical,30,1973,2018
gss_contemp,gss,contemp,gss:contemp,feeling thermometer:conservatives,50.0|60.0|70.0|85.0|40.0|30.0|100.0|15.0|0.0|80.0|75.0|90.0|20.0|25.0|45.0|65.0|10.0|49.0|55.0|51.0|35.0|95.0|52.0|4.0|1.0|53.0|33.0|72.0|98.0,50.0,,,categorical,3,1986,1989
gss_contv,gss,contv,gss:contv,confidence in television,only some|hardly any|a great deal,only some,,,categorical,30,1973,2018
gss_conunion,gss,conunion,gss:conunion,workers and management in conflict?,strong conflicts|not very strong conflicts|very strong conflicts|there are no conflicts,strong conflicts,,,categorical,2,1987,2000
gss_conwlth,gss,conwlth,gss:conwlth,conflict between poor and rich in usa?,strong conflicts|not very strong conflicts|very strong conflicts|there are no conflicts,strong conflicts,,,categorical,2,1987,2000
gss_coop,gss,coop,gss:coop,r's attitude toward interview,friendly and interested|cooperative but not particularly interested|impatient and restless|hostile,friendly and interested,,,categorical,31,1973,2018
gss_coother,gss,coother,gss:coother,other protestant denominations,"pentecostal|christian; central christian|jehovah's witnesses|mormon|amish|assembly of christ|evangelical, evangelist|mennonite|church of christ|independent|nazarene|assembly of god|christian scientist|unitarian, universalist|united church of christ|wesleyan",pentecostal,,,categorical,4,2012,2018
gss_corrupt2,gss,corrupt2,gss:corrupt2,opinion of corruption by government administrators,some|quite a lot|a few|almost all|almost none,some,,,categorical,2,2006,2016
gss_cosector,gss,cosector,gss:cosector,type of college partner attended,"public, 4-year or above|private not-for-profit, 4-year or above|public, 2-year|private for-profit, 4-year or above|private for-profit, 2-year","public, 4-year or above",,,categorical,3,2012,2016
gss_cosei10educ,gss,cosei10educ,gss:cosei10educ,percentage of some college educ in coocc10 based on acs 2010,22.3|25.4|55.9|40.8|20.4|76.9|55.4|29.5|35.0|24.1|44.0|56.1|42.3|97.8|19.2|24.3|17.3|21.0|58.9|91.4|16.5|43.9|99.0|21.6|25.7|33.9|73.0|27.8|65.3|33.7|93.7|57.6|38.4|86.3|35.1|54.8|37.7|47.4|53.9|13.5|99.7|82.4|21.7|26.7|25.1|95.6|65.5|90.6|14.1|82.3|45.4|47.8|58.5|64.6|36.5|68.6|98.9|69.1|31.2|85.9|13.1|99.1|37.4|92.0|75.5|83.0|36.0|48.5|21.1|13.3|42.0|51.1|58.8|19.6|77.2|22.7|91.9|81.3|39.6|42.6|82.5|61.1|79.2|93.1|63.1|94.4|99.2|17.0|91.1|45.7|26.2|62.7|51.7|61.3|48.9|73.9|92.4|97.3|20.6|17.5|85.7|99.4|83.3|56.6|54.2|78.2|81.9|70.1|33.5|82.8|52.7|30.4|79.4|66.9|16.9|31.9|75.9|45.2|18.7|48.8|89.4|54.3|59.2|86.7|76.5|57.1|31.0|40.3|46.6|67.4|53.0|69.9|95.1|78.0|28.7|44.2|23.9|46.1|50.1|70.3|48.3|18.0|55.8|22.4|83.7|65.6|71.7|16.0|29.7|71.6|74.4|94.8|28.9|85.4|46.4|68.8|68.4|14.2|77.5|97.5|63.9|34.3|57.7|49.3|25.6|32.1|34.7|15.5|21.5|95.5|95.7|90.2|47.3|50.0|78.3|95.0|84.8|72.5|96.5|16.8|19.1|99.5|12.3|92.6|90.9|89.8|78.4|73.3|70.4|27.0|17.2|50.6|22.0|26.0|30.7|67.3|69.8|17.9,22.3,,,categorical,4,2012,2018
gss_courts,gss,courts,gss:courts,courts dealing with criminals,not harshly enough|about right|too harshly,not harshly enough,,,categorical,32,1972,2018
gss_courtsy,gss,courtsy,gss:courtsy,courts dealing with criminals-version y,not harsh enough|too harsh|about right,not harsh enough,,,categorical,2,1974,1982
gss_cowork1,gss,cowork1,gss:cowork1,person #1 is r's coworker,not mentioned|mentioned,not mentioned,,,binary,3,1985,2004
gss_cowork2,gss,cowork2,gss:cowork2,person #2 is r's coworker,not mentioned|mentioned,not mentioned,,,binary,3,1985,2004
gss_cowork3,gss,cowork3,gss:cowork3,person #3 is r's coworker,not mentioned|mentioned,not mentioned,,,binary,3,1985,2004
gss_cowork4,gss,cowork4,gss:cowork4,person #4 is r's coworker,not mentioned|mentioned,not mentioned,,,binary,2,1985,2004
gss_cowork5,gss,cowork5,gss:cowork5,person #5 is r's coworker,not mentioned|mentioned,not mentioned,,,binary,2,1985,2004
gss_cowrkers,gss,cowrkers,gss:cowrkers,quality of rels among workers: r's firm,quite good|very good|neither good nor bad|quite bad|very bad,quite good,,,categorical,4,1989,2016
gss_cowrkhlp,gss,cowrkhlp,gss:cowrkhlp,coworkers can be relied on when r needs help,very true|somewhat true|not too true|not at all true,very true,,,categorical,5,2002,2018
gss_cowrkhrd,gss,cowrkhrd,gss:cowrkhrd,how hard to say how people work at workplace,8.0|very hard|7.0|5.0|9.0|6.0|not at all hard|4.0|3.0|2.0|1.0,8.0,,,categorical,2,2002,2006
gss_cowrkint,gss,cowrkint,gss:cowrkint,coworkers take a personal interest in r,somewhat true|very true|not too true|not at all true,somewhat true,,,categorical,5,2002,2018
gss_cowrkslf,gss,cowrkslf,gss:cowrkslf,partner self-emp. or works for somebody else,someone else|self-employed,someone else,,,binary,4,2012,2018
gss_cowrksta,gss,cowrksta,gss:cowrksta,partner's labor force status,"working full time|keeping house|working part time|retired|unemployed, laid off, looking for work|in school|with a job, but not at work because of temporary illness, vacation, strike",working full time,,,categorical,4,2012,2018
gss_crimhold,gss,crimhold,gss:crimhold,should police detain a known criminal?,probably allowed|definitely allowed|definitely not allowed|probably not allowed,probably allowed,,,categorical,2,1985,1990
gss_crimread,gss,crimread,gss:crimread,should police open mail of a criminal?,definitely not allowed|probably not allowed|probably allowed|definitely allowed,definitely not allowed,,,categorical,2,1985,1990
gss_crimtail,gss,crimtail,gss:crimtail,should police tail a known criminal?,definitely allowed|probably allowed|definitely not allowed|probably not allowed,definitely allowed,,,categorical,2,1985,1990
gss_crimtap,gss,crimtap,gss:crimtap,should police tap phone of a criminal?,probably allowed|probably not allowed|definitely not allowed|definitely allowed,probably allowed,,,categorical,2,1985,1990
gss_cuthours,gss,cuthours,gss:cuthours,reduction in length of work week,against|neither in favor nor against|in favor|strongly against|strongly in favor of,against,,,categorical,5,1985,2016
gss_dailywrk,gss,dailywrk,gss:dailywrk,how r's daily work is organized,i can decide within certain limits|i am free to decide how my daily work is organized|i am not free to decide how my daily work is organized,i can decide within certain limits,,,categorical,2,2006,2016
gss_danger,gss,danger,gss:danger,how often does r work in dangerous conds,never|hardly ever|sometimes|often|always,never,,,categorical,3,1989,2006
gss_dem10fut,gss,dem10fut,gss:dem10fut,how well will democracy work in america in ten yrs,7.0|8.0|5.0|6.0|very well|4.0|3.0|9.0|very poorly|2.0|1.0,7.0,,,categorical,2,2004,2014
gss_dem10pst,gss,dem10pst,gss:dem10pst,how well did democracy work in america ten yrs ago,8.0|7.0|5.0|6.0|very well|9.0|4.0|3.0|very poorly|2.0|1.0,8.0,,,categorical,2,2004,2014
gss_demands,gss,demands,gss:demands,r feels that family make too many demands on r,"no, never|yes, but seldom|yes, sometimes|yes, often|yes, very often","no, never",,,categorical,2,2002,2018
gss_demtoday,gss,demtoday,gss:demtoday,how well democracy work in america,7.0|5.0|8.0|6.0|very well|9.0|4.0|3.0|very poorly|2.0|1.0,7.0,,,categorical,2,2004,2014
gss_denkid,gss,denkid,gss:denkid,"if protestant, denomination r raised in","southern baptist convention|united methodist church|christian; central christian|no denomination given or non-denom. church|episcopal church|pentecostal|church of christ|african methodist episcopal church|lutheran church - missouri synod|american baptist association|jehovah''s witnesses|mormon|lds|american lutheran church|congregationalist, 1st congreg|united presbyterian church in the u.s.a.|7th day adventist|assembly of god|churches of god (except with christ and holiness)|holiness; church of holiness|nazarene|american baptist churches in the u.s.a.|other baptist churches|presbyterian church in the u.s.|free will baptist|missionary baptist|disciples of christ|united church of christ|evangelical lutheran|national baptist convention of america|lutheran church in america|mennonite|wisconsin evangelical lutheran synod|african methodist episcopal zion church|christian scientist|evangelical, evangelist|christian & missionary alliance|first christian|other lutheran churches|reformed|presbyterian church u.s.a.|christian reform|full gospel|quaker|unitarian, universalist|brethren church, brethren|independent|church of god in christ holiness|wesleyan|other methodist churches|lds--mormon|evangelical united brethren|church of god in christ|free methodist|national baptist convention u.s.a., inc.|wesleyan methodist--pilgrim|moravian|other presbyterian churches|apostolic church|covenant|lds--jesus christ; church of jesus lds|community church|missionary church|dutch reform|united church of canada|united brethren, united brethren in christ|polish catholic|armenian apostolic church|spiritualist|evangelical reformed|sanctified, sanctification|worldwide church of god|pentecostal assembly of god|lds--reorganized|first reformed|first christian disciples of christ|evangelist free church|evangelical methodist|new birth christian|african methodist|mission covenant|pilgrim holiness|apostolic faith|charismatic|ind bible, bible, bible fellowship|holiness (nazarene)",southern baptist convention,,,categorical,4,1991,2018
gss_denom,gss,denom,gss:denom,specific denomination,baptist|other denomination|methodist|lutheran|no denomination or non-denominational church|presbyterian|episcopal,baptist,,,categorical,32,1972,2018
gss_denom16,gss,denom16,gss:denom16,denomination in which r was raised,baptist|other denomination|methodist|lutheran|presbyterian|no denomination or non-denominational church|episcopal,baptist,,,categorical,31,1973,2018
gss_denom16_7322,gss,denom16_7322,gss:denom16_7322,denomination in which r was raised,"other, specify|southern baptist convention|united methodist church|no denomination or non-denominational church|episcopal church|other baptist churches|american baptist association|lutheran church - missouri synod|american lutheran church|united presbyterian church in the u.s.a.|presbyterian church in the u.s.|american baptist churches in the u.s.a.|african methodist episcopal church|other methodist churches|lutheran church in america|national baptist convention of america|evangelical lutheran|other presbyterian churches|other lutheran churches|wisconsin evangelical lutheran synod|national baptist convention u.s.a., inc.|presbyterian, merged|african methodist episcopal zion church","other, specify",,,categorical,31,1973,2018
gss_denom_7222,gss,denom_7222,gss:denom_7222,specific denomination,"other, specify|no denomination or non-denominational church|southern baptist convention|united methodist church|episcopal church|other baptist churches|lutheran church - missouri synod|american baptist association|american lutheran church|united presbyterian church in the u.s.a.|presbyterian church in the u.s.|american baptist churches in the u.s.a.|evangelical lutheran|lutheran church in america|african methodist episcopal church|national baptist convention of america|presbyterian, merged|other presbyterian churches|wisconsin evangelical lutheran synod|other methodist churches|other lutheran churches|national baptist convention u.s.a., inc.|african methodist episcopal zion church","other, specify",,,categorical,32,1972,2018
gss_densp,gss,densp,gss:densp,"if protestant, r's spouse's denomination","southern baptist conv|united meth church|no denom. given or non-denom ch|pentecostal|christian; central christian|episcopal church|lds|church of christ|mormon|luth ch--mo synod|other baptist chs|african meth epis ch|amer baptist assoc|amer lutheran ch|united presbyt ch in usa|jehovah witnesses|congregationalist, 1st cong|nazarene|presbyt ch in usa|7th day adventist|churches of god -exc. christ & holiness|assembly of god|unitarian, universalist|united church of christ|evan lutheran|reformed|holiness; ch of holiness|wisc evan luth synod|natl baptist conv., usa, inc|1st christian|amer baptist ch in usa|christ. and mission. alliance|evangelical, evangelist|quaker|luth ch in amer|free will baptist|pilgrim holiness|other fundamentalist|independent|natl baptist conv. of america|missionary baptist|christian reform|lds--mormon|wesleyan|brethren church|church of god in christ|other presbyt chs|presbyt ch usa|disciples of christ|christian born again|church of god israelite|holiness, nazarene|christian scientist|primitive baptist|mennonite|other luth chs|other meth ch|evangelical reformed|evangelical united brethren|evangeligal congregational|united church of canada|united brethren, breth. in christ|ind. bible fellowship|dutch reform|lds--jesus christ; ch of jesus lds|federated church|lds--reorganized|evangelist free church|living church of god|apostolic|missionary|adventist|moravian",southern baptist conv,,,categorical,3,1991,2008
gss_deptperf,gss,deptperf,gss:deptperf,size of perf based pay depend on workgroup,yes|no,yes,,,binary,4,2002,2018
gss_difstand,gss,difstand,gss:difstand,some ppl hold standard in workplace that others don?,sometimes|often|never|rarely,sometimes,,,categorical,2,2004,2012
gss_discaffm,gss,discaffm,gss:discaffm,a man won't get a job or promotion,somewhat likely|not very likely|very unlikely|very likely,somewhat likely,,,categorical,11,1996,2018
gss_discaffw,gss,discaffw,gss:discaffw,a woman won't get a job or promotion,somewhat likely|very likely|not very likely|very unlikely,somewhat likely,,,categorical,11,1996,2018
gss_doc15,gss,doc15,gss:doc15,doctor not really care me as a person,disagree|neither agree nor disagree|strong disagree|agree|strongly agree,disagree,,,categorical,2,1998,2006
gss_doc16,gss,doc16,gss:doc16,doctors judgment trusted,agree|strongly agree|neither agree nor disagree|disagree|strong disagree,agree,,,categorical,2,1998,2006
gss_doc18,gss,doc18,gss:doc18,doctor put medical needs above all other,agree|strongly agree|neither agree nor disagree|disagree|strong disagree,agree,,,categorical,2,1998,2006
gss_doc19,gss,doc19,gss:doc19,doctor a real expert in taking care problem,agree|neither agree nor disagree|strongly agree|disagree|strong disagree,agree,,,categorical,2,1998,2006
gss_donothng,gss,donothng,gss:donothng,how likely to do nothing if coworker not working,not at all likely|very likely|not very likely|somewhat likely,not at all likely,,,categorical,2,2002,2006
gss_draftfe,gss,draftfe,gss:draftfe,"if return to draft, draft women?",should not|should,should not,,,binary,3,1982,1984
gss_draftfem,gss,draftfem,gss:draftfem,"if emergency, draft women also?",should|should not,should,,,binary,3,1982,1984
gss_dwell5,gss,dwell5,gss:dwell5,"in last 5 yrs, r has been prevented from moving bc landlord believed r was gay/l",yes|no,yes,,,binary,2,2008,2012
gss_earnrs,gss,earnrs,gss:earnrs,how many in family earned money?,2.0|1.0|3 or more|0.0,2.0,,,categorical,32,1972,2018
gss_earnrs_7222,gss,earnrs_7222,gss:earnrs_7222,how many in family earned money?,2.0|1.0|0.0|3.0|4.0|5.0|6.0|7.0|eight or more,2.0,,,categorical,32,1972,2018
gss_ecoagree,gss,ecoagree,gss:ecoagree,agreement by economists on effect of reducing fed inc tax,3.0|4.0|2.0|no agreement at all|near complete agreement,3.0,,,categorical,2,2006,2010
gss_ecobsttx,gss,ecobsttx,gss:ecobsttx,best policy vs narrow interest on fed inc tax: economist,2.0|3.0|what is best for the country|4.0|own narrow interests,2.0,,,categorical,2,2006,2010
gss_ecoinftx,gss,ecoinftx,gss:ecoinftx,influence on reducing fed inc taxby economists,a fair amount|a great deal of influence|a little influence|none at all,a fair amount,,,categorical,2,2006,2010
gss_econgrn,gss,econgrn,gss:econgrn,economic progress dependent on environment,agree|neither agree nor disagree|disagree|strongly agree|strongly disagree,agree,,,categorical,2,2000,2010
gss_educ,gss,educ,gss:educ,highest year of school completed,12th grade|4 years of college|2 years of college|1 year of college|11th grade|10th grade|8th grade|3 years of college|9th grade|6 years of college|5 years of college|8 or more years of college|7th grade|6th grade|7 years of college|5th grade|4th grade|3rd grade|no formal schooling|2nd grade|1st grade,12th grade,,,categorical,32,1972,2018
gss_educ1,gss,educ1,gss:educ1,education level of person #1,h.s. grad|bach. degree|some college|grad or prof|10-12 years|asso. degree|7-9 years|1-6 years,h.s. grad,,,categorical,2,1985,2004
gss_educ2,gss,educ2,gss:educ2,education level of person #2,h.s. grad|bach. degree|some college|grad or prof|10-12 years|7-9 years|asso. degree|1-6 years,h.s. grad,,,categorical,2,1985,2004
gss_educ3,gss,educ3,gss:educ3,education level of person #3,h.s. grad|bach. degree|some college|grad or prof|10-12 years|asso. degree|7-9 years|1-6 years,h.s. grad,,,categorical,2,1985,2004
gss_educ30,gss,educ30,gss:educ30,r use education site in past 30 days,never|1-2 times|more than 5 times|3-5 times,never,,,categorical,3,2000,2004
gss_educ4,gss,educ4,gss:educ4,education level of person #4,h.s. grad|bach. degree|some college|grad or prof|10-12 years|asso. degree|7-9 years|1-6 years,h.s. grad,,,categorical,2,1985,2004
gss_educ5,gss,educ5,gss:educ5,education level of person #5,bach. degree|h.s. grad|some college|grad or prof|asso. degree|10-12 years|7-9 years|1-6 years,bach. degree,,,categorical,2,1985,2004
gss_eftotlt,gss,eftotlt,gss:eftotlt,total number of students enrolled in college respondent attended,468 or more students|0-467 students enrolled,468 or more students,,,binary,3,2012,2016
gss_elecfair,gss,elecfair,gss:elecfair,how fair last natl election: opprtunities of candidate,somewhat fair|very fair|neither fair nor unfair|somewhat unfair|very unfair,somewhat fair,,,categorical,2,2004,2014
gss_elecvote,gss,elecvote,gss:elecvote,how honest last natl election: counting of votes,somewhat honest|very honest|somewhat dishonest|neither honest nor dishonest|very dishonest,somewhat honest,,,categorical,2,2004,2014
gss_emchurch,gss,emchurch,gss:emchurch,r send or receive to or from church members,no|yes,no,,,binary,2,2000,2002
gss_emfamloc,gss,emfamloc,gss:emfamloc,r send or receive to or from family members at,no|yes,no,,,binary,2,2000,2002
gss_emfamoth,gss,emfamoth,gss:emfamoth,r send or receive to or from other family members,yes|no,yes,,,binary,2,2000,2002
gss_emhrw,gss,emhrw,gss:emhrw,hours per week using work computer email,1.0|2.0|5.0|10.0|3.0|4.0|15.0|20.0|8.0|6.0|40.0|12.0|30.0|7.0|25.0|9.0|52.0|14.0|19.0|18.0|11.0|29.0|24.0|50.0|45.0|23.0|80.0|16.0|35.0|22.0|75.0|48.0|60.0|42.0|17.0|32.0|90.0,1.0,,,categorical,2,2000,2002
gss_emminw,gss,emminw,gss:emminw,minutes per week using work computer email,30.0|15.0|10.0|20.0|2.0|5.0|45.0|50.0|1.0|35.0|40.0|6.0|3.0|7.0,30.0,,,categorical,2,2000,2002
gss_empathy3,gss,empathy3,gss:empathy3,r feels protective towards people taken advantage,describes very well|4.0|3.0|2.0|does not describe very well,describes very well,,,categorical,2,2002,2004
gss_emwrkawy,gss,emwrkawy,gss:emwrkawy,r send or receive to or from business contacts,no|yes,no,,,binary,2,2000,2002
gss_emwrkloc,gss,emwrkloc,gss:emwrkloc,r send or receive to or from coworkers,no|yes,no,,,binary,2,2000,2002
gss_enviro12,gss,enviro12,gss:enviro12,past 12 months r web to learn environment,no|yes,no,,,binary,2,2000,2002
gss_eqclose,gss,eqclose,gss:eqclose,r feels equally close to all persons,yes|no,yes,,,binary,2,1985,1987
gss_eqincome,gss,eqincome,gss:eqincome,govt should redistribute wealth,disagree|neither agree nor disagree|agree|5.0|agree strongly,disagree,,,categorical,2,1985,1990
gss_equalize,gss,equalize,gss:equalize,govts resp: reduce income differences,probably should be|probably should not be|definitely should not be|definitely should be,probably should be,,,categorical,7,1985,2016
gss_eqwlth,gss,eqwlth,gss:eqwlth,should govt reduce income differences,the government should reduce income differences|4.0|3.0|the government should not concern itself with reducing income differences|5.0|2.0|6.0,the government should reduce income differences,,,categorical,24,1978,2018
gss_ethclose,gss,ethclose,gss:ethclose,how close feel to your ethnic or racial group?,very close|close|not very close|not close at all,very close,,,categorical,2,1996,2004
gss_ethnic,gss,ethnic,gss:ethnic,country of family origin,germany|england & wales|ireland|africa (general)|italy|mexico|american indian|scotland|poland|american only|france|norway|netherlands|sweden|russia|other spanish|french canada|czechoslovakia|spain|puerto rico|denmark|other canada|hungary|non-span west indies|austria|philippines|china|india|finland|switzerland|greece|other asian|yugoslavia|portugal|lithuania|japan|other european|arabic|belgium|romania|west indies,germany,,,categorical,32,1972,2018
gss_evdwell,gss,evdwell,gss:evdwell,"in life, r has ever been prevented from moving bc landlord believed r was gay/le",no|yes,no,,,binary,2,2008,2012
gss_evharjb,gss,evharjb,gss:evharjb,"in life, r has ever been harassed on job bc r was believed to be gay/les/bi",no|yes,no,,,binary,2,2008,2012
gss_evjob,gss,evjob,gss:evjob,have you ever had a paid job for 1 year or+,yes|no,yes,,,binary,3,1998,2016
gss_evlosejb,gss,evlosejb,gss:evlosejb,"in life, r has ever been denied a job or fired bc employers believed r was gay/l",no|yes,no,,,binary,2,2008,2012
gss_evnegjob,gss,evnegjob,gss:evnegjob,"in life, r ever been denied promo or recvd bad evaluation bc employr belivd r wa",no|yes,no,,,binary,2,2008,2012
gss_evpaidsx,gss,evpaidsx,gss:evpaidsx,ever have sex paid for or being paid since 18,no|yes,no,,,binary,15,1991,2018
gss_evstray,gss,evstray,gss:evstray,have sex other than spouse while married,no|never married|yes,no,,,categorical,15,1991,2018
gss_evwork,gss,evwork,gss:evwork,ever work as long as one year,yes|no,yes,,,binary,32,1972,2018
gss_excldimm,gss,excldimm,gss:excldimm,america should exclude illegal immigrants,agree|agree strongly|neither agree nor disagree|disagree|disagree strongly,agree,,,categorical,3,1996,2014
gss_extinct,gss,extinct,gss:extinct,effect of global warming: polar bear's become extinct,a great deal|some|a little|not at all,a great deal,,,categorical,2,2006,2010
gss_fairearn,gss,fairearn,gss:fairearn,how fair is what r earn on the job,about as much as you deserve|somewhat less than you deserve|much less than you deserve|somewhat more than you deserve|much more than you deserve,about as much as you deserve,,,categorical,5,2002,2018
gss_faith1,gss,faith1,gss:faith1,has death in family strengthened faith,sometimes|never|often,sometimes,,,categorical,2,1988,1998
gss_famgen,gss,famgen,gss:famgen,number of family generations in household,"two generations, children|one generation|three or more generations|two generations, parents|two generations, grandchild(ren)","two generations, children",,,categorical,29,1975,2018
gss_famgen_7522,gss,famgen_7522,gss:famgen_7522,number of family generations in household,"two generations, children|one generation|three generations, child(ren), grandchildren|three generations, child(ren), parent|two generations, parents|two generations, grandchild(ren)|four generations","two generations, children",,,categorical,29,1975,2018
gss_family16,gss,family16,gss:family16,living with parents when 16 yrs old,"both own parents|mother only|mother and stepparent|father only|other arrangement with relatives (e.g., aunt and uncle, grandparents)|father and stepparent|some other female relative (no male head)|some other male relative (no female head)",both own parents,,,categorical,32,1972,2018
gss_famintjb,gss,famintjb,gss:famintjb,how often r felt: demand of family life interfere with job,hardly ever|never|sometimes|often|always,hardly ever,,,categorical,2,2006,2016
gss_famsuffr,gss,famsuffr,gss:famsuffr,family life suffers if mom works f-t,disagree|agree|strongly disagree|neither agree nor disagree|strongly agree,disagree,,,categorical,6,1988,2012
gss_famvswk,gss,famvswk,gss:famvswk,how often fam life interfere job,rarely|never|sometimes|often,rarely,,,categorical,5,2002,2018
gss_fe12,gss,fe12,gss:fe12,past 12 months r web to learn gender issues,no|yes,no,,,binary,2,2000,2002
gss_fechld,gss,fechld,gss:fechld,mother working doesn't hurt children,agree|disagree|strongly agree|strongly disagree,agree,,,categorical,21,1977,2018
gss_fefam,gss,fefam,gss:fefam,"better for man to work, woman tend home",disagree|agree|strongly disagree|strongly agree,disagree,,,categorical,21,1977,2018
gss_fehelp,gss,fehelp,gss:fehelp,wife should help husbands career first,disagree|agree|strongly disagree|strongly agree,disagree,,,categorical,11,1977,1998
gss_fehire,gss,fehire,gss:fehire,should hire and promote women,agree|disagree|strongly agree|neither agree nor disagree|strongly disagree,agree,,,categorical,11,1996,2018
gss_fehome,gss,fehome,gss:fehome,women take care of home not country,disagree|agree,disagree,,,binary,16,1974,1998
gss_feimp,gss,feimp,gss:feimp,importance of women's rights issue to r,important|not very imp|not imp at all|one of most imp,important,,,categorical,2,1983,1996
gss_fejobaff,gss,fejobaff,gss:fejobaff,for or against preferential hiring of women,strongly oppose|not strongly oppose|strongly favor|not strongly favor,strongly oppose,,,categorical,11,1996,2018
gss_fejobind,gss,fejobind,gss:fejobind,job is best way for woman to be indep,agree|neither agree nor disagree|disagree|strongly agree|strongly disagree,agree,,,categorical,3,1988,2002
gss_fenumok,gss,fenumok,gss:fenumok,number of women in military,about right number|should be more|too many,about right number,,,categorical,3,1982,1984
gss_fepol,gss,fepol,gss:fepol,women not suited for politics,disagree|agree,disagree,,,binary,26,1974,2018
gss_fepoly,gss,fepoly,gss:fepoly,men or women better suited for politics,equal|men|women,equal,,,categorical,2,1974,1982
gss_fepres,gss,fepres,gss:fepres,vote for woman president,yes|no,yes,,,binary,19,1972,2010
gss_fepresch,gss,fepresch,gss:fepresch,preschool kids suffer if mother works,disagree|agree|strongly disagree|strongly agree,disagree,,,categorical,21,1977,2018
gss_fework,gss,fework,gss:fework,should women work,approve|disapprove,approve,,,binary,17,1972,1998
gss_findjob,gss,findjob,gss:findjob,could r find a job <unemployed r's>,fairly easy|fairly difficult|very difficult|very easy|neither easy nor difficult,fairly easy,,,categorical,2,1989,1998
gss_finrela,gss,finrela,gss:finrela,opinion of family income,average|below average|above average|far below average|far above average,average,,,categorical,32,1972,2018
gss_firstyou,gss,firstyou,gss:firstyou,should take care of oneself and ones family first,strongly agree|agree|neither agree nor disagree|disagree|strongly disagree,strongly agree,,,categorical,2,2002,2018
gss_flexhrs,gss,flexhrs,gss:flexhrs,importance of flexible hrs. in a job,impt|neither|very impt|not impt|not impt at all,impt,,,categorical,3,1989,2006
gss_follow,gss,follow,gss:follow,importance of following church teachings,very important|3.0|2.0|not very important|4.0,very important,,,categorical,2,1988,1998
gss_foraff12,gss,foraff12,gss:foraff12,past 12 months r web to learn foreign affairs,no|yes,no,,,binary,2,2000,2002
gss_forland,gss,forland,gss:forland,foreigner's should not be allowed to buy land,disagree|neither agree nor disagree|agree|disagree strongly|agree strongly,disagree,,,categorical,3,1996,2014
gss_frndden1,gss,frndden1,gss:frndden1,what is friend 1s specific denomination,no denomination|southern baptist|united methodist|other baptists|episcopal|lutheran-mo synod|am lutheran|am baptist asso|united pres ch in usa|afr meth episcopal|am bapt ch in usa|other lutheran|nat bapt conv usa|other methodist|nat bapt conv of am|presbyterian c in us|luth ch in america|evangelical lutheran|afr meth ep zion|other presbyterian|presbyt ch usa,no denomination,,,categorical,2,1988,1998
gss_frndden2,gss,frndden2,gss:frndden2,what is friend 2s specific denomination,no denomination|southern baptist|united methodist|episcopal|other baptists|am lutheran|am baptist asso|lutheran-mo synod|united pres ch in usa|afr meth episcopal|other presbyterian|other lutheran|other methodist|am bapt ch in usa|presbyterian c in us|nat bapt conv usa|nat bapt conv of am|luth ch in america|evangelical lutheran|afr meth ep zion|presbyt ch usa,no denomination,,,categorical,2,1988,1998
gss_frndden3,gss,frndden3,gss:frndden3,what is friend 3s specific denomination,southern baptist|no denomination|united methodist|episcopal|other baptists|lutheran-mo synod|am baptist asso|am lutheran|am bapt ch in usa|united pres ch in usa|other methodist|other lutheran|evangelical lutheran|presbyterian c in us|nat bapt conv usa|other presbyterian|luth ch in america|nat bapt conv of am|afr meth episcopal|wi evan luth synod|afr meth ep zion,southern baptist,,,categorical,2,1988,1998
gss_frndsex,gss,frndsex,gss:frndsex,r had sex with friend last year,yes|no,yes,,,binary,18,1988,2018
gss_fucitzn,gss,fucitzn,gss:fucitzn,is r planning/appling for us citizenship or not,planning to apply for u.s. citizenship|not planning to apply to u.s. citizenship|currently applying for u.s. citizenship|not eligible to become a u.s. citizen,planning to apply for u.s. citizenship,,,categorical,6,2008,2018
gss_gender1,gss,gender1,gss:gender1,gender of 1st person,male|female,male,,,binary,29,1975,2018
gss_gender10,gss,gender10,gss:gender10,gender of 10th person,male|female,male,,,binary,25,1975,2018
gss_gender11,gss,gender11,gss:gender11,gender of 11th person (visitor),female|male,female,,,binary,29,1975,2018
gss_gender12,gss,gender12,gss:gender12,gender of 12th person (visitor),female|male,female,,,binary,28,1975,2018
gss_gender13,gss,gender13,gss:gender13,gender of 13th person (visitor),male|female,male,,,binary,21,1975,2016
gss_gender14,gss,gender14,gss:gender14,gender of 14th person (visitor),male|female,male,,,binary,13,1975,2016
gss_gender2,gss,gender2,gss:gender2,gender of 2nd person,female|male,female,,,binary,29,1975,2018
gss_gender3,gss,gender3,gss:gender3,gender of 3rd person,male|female,male,,,binary,29,1975,2018
gss_gender4,gss,gender4,gss:gender4,gender of 4th person,male|female,male,,,binary,29,1975,2018
gss_gender5,gss,gender5,gss:gender5,gender of 5th person,female|male,female,,,binary,29,1975,2018
gss_gender6,gss,gender6,gss:gender6,gender of 6th person,male|female,male,,,binary,29,1975,2018
gss_gender7,gss,gender7,gss:gender7,gender of 7th person,male|female,male,,,binary,29,1975,2018
gss_gender8,gss,gender8,gss:gender8,gender of 8th person,male|female,male,,,binary,29,1975,2018
gss_gender9,gss,gender9,gss:gender9,gender of 9th person,female|male,female,,,binary,27,1975,2018
gss_getjob,gss,getjob,gss:getjob,how likely you would find a job,very likely|likely|very unlikely|unlikely,very likely,,,categorical,3,1998,2016
gss_givskill,gss,givskill,gss:givskill,how much ought skilled worker make?,"30000.0|40000.0|25000.0|20000.0|35000.0|50000.0|45000.0|60000.0|15000.0|18000.0|10000.0|24000.0|80000.0|22000.0|32000.0|12000.0|36000.0|17000.0|16000.0|23000.0|28000.0|70000.0|26000.0|27000.0|100000.0|55000.0|14000.0|75000.0|65000.0|21000.0|19000.0|13000.0|20800.0|11000.0|38000.0|42000.0|7000.0|4000.0|31200.0|48000.0|27500.0|16640.0|5000.0|8000.0|37000.0|1000.0|90000.0|9000.0|18200.0|6000.0|same as now paid|39000.0|$1 million (or more, for 1987 & 2000)|41600.0|less than now paid|17280.0|46000.0|30500.0|39200.0|47000.0|85000.0|13440.0|67000.0|19500.0|2000.0|500000.0|2250.0|34000.0|19200.0|49500.0|300000.0|29000.0|5200.0|more than now paid|450000.0|24500.0|36500.0|52000.0|12500.0|24960.0|62000.0|78000.0|1300.0|3000.0|20500.0|15500.0|31000.0|18500.0|3800.0|10400.0|32500.0|225000.0|22875.0",30000.0,,,categorical,2,1987,2000
gss_givunskl,gss,givunskl,gss:givunskl,how much ought unskilled worker make?,"20000.0|15000.0|25000.0|30000.0|10000.0|12000.0|18000.0|40000.0|35000.0|16000.0|50000.0|17000.0|14000.0|8000.0|13000.0|28000.0|9000.0|19000.0|22000.0|7000.0|5000.0|24000.0|11000.0|6000.0|60000.0|2000.0|100000.0|3000.0|45000.0|4000.0|32000.0|18500.0|23000.0|27000.0|1000.0|26000.0|17500.0|8500.0|21000.0|2500.0|29000.0|16500.0|200000.0|33000.0|12480.0|10400.0|75000.0|39000.0|52000.0|same as now paid|less than now paid|14400.0|20800.0|6968.0|12500.0|8989.0|14560.0|$1 million (or more, for 1987 & 2000)|125000.0|18720.0|19200.0|38000.0|2250.0|33600.0|250000.0|31000.0|7680.0|9600.0|10500.0|8320.0|more than now paid|13500.0|29999.0|5500.0|450000.0|3500.0|5200.0|1500.0|15600.0|354000.0|416.0|11440.0|58000.0|55000.0|80000.0|11520.0|14500.0|0.0|7800.0|7500.0|2800.0",20000.0,,,categorical,2,1987,2000
gss_gochurch,gss,gochurch,gss:gochurch,importance of attending church regularly,very important|not very important|3.0|2.0|4.0,very important,,,categorical,2,1988,1998
gss_god,gss,god,gss:god,r's confidence in the existence of god,no doubts|believe with doubts|higher power|believe sometimes|don't believe,no doubts,,,categorical,13,1988,2018
gss_govaid,gss,govaid,gss:govaid,"ever receive welfare, unemp insur, etc.",no|yes,no,,,binary,8,1973,1983
gss_govdook,gss,govdook,gss:govdook,we can trust people in govt,disagree|neither agree nor disagree|agree|strongly disagree|strongly agree,disagree,,,categorical,3,2004,2014
gss_govmentl,gss,govmentl,gss:govmentl,should govt provide health care for mental illness,probably should be|definitely should be|probably should not be|definitely should not be,probably should be,,,categorical,2,1996,2006
gss_grace,gss,grace,gss:grace,had powerful religious experience,never in my life|once or twice|several times|often,never in my life,,,categorical,5,1983,1991
gss_gradtounder,gss,gradtounder,gss:gradtounder,ratio of graduate students to undergraduate students in college respondent atten,.211 or over|0-.210 graduate student per undergraduate student,.211 or over,,,binary,3,2012,2016
gss_grnexagg,gss,grnexagg,gss:grnexagg,environmental threats exaggerated,disagree|agree|neither agree nor disagree|strongly disagree|strongly agree,disagree,,,categorical,2,2000,2010
gss_grnintl,gss,grnintl,gss:grnintl,intl agreements for environment problems,agree|strongly agree|neither agree nor disagree|disagree|strongly disagree,agree,,,categorical,2,2000,2010
gss_grntaxes,gss,grntaxes,gss:grntaxes,pay higher taxes to help envir?,fairly willing|fairly unwilling|neither willing nor unwilling|very unwilling|very willing,fairly willing,,,categorical,4,1993,2010
gss_grntest7,gss,grntest7,gss:grntest7,car's not imp cause of air pollution,definitely not true|probably not true|probably true|definitely true,definitely not true,,,categorical,2,1993,1994
gss_grpparty,gss,grpparty,gss:grpparty,r belongs to a political party,never belonged|belong but dont participate|belong and actively participate|used to belong,never belonged,,,categorical,2,2004,2014
gss_grprelig,gss,grprelig,gss:grprelig,r belongs to a church or othr religious organization,belong and actively participate|used to belong|belong but dont participate|never belonged,belong and actively participate,,,categorical,2,2004,2014
gss_grpwork,gss,grpwork,gss:grpwork,r belongs to a trade union or professional association,never belonged|used to belong|belong and actively participate|belong but dont participate,never belonged,,,categorical,2,2004,2014
gss_gun,gss,gun,gss:gun,ever threatened with gun or shot at,no|yes,no,,,binary,15,1973,1994
gss_gun12,gss,gun12,gss:gun12,past 12 months r web to learn gun control,no|yes,no,,,binary,2,2000,2002
gss_gunage,gss,gunage,gss:gunage,threatened or shot at as child or adult,adult|child|both,adult,,,categorical,15,1973,1994
gss_gunimp,gss,gunimp,gss:gunimp,importance of gun control issue to r,important|not very imp|one of most imp|not important,important,,,categorical,2,1976,1984
gss_gunlaw,gss,gunlaw,gss:gunlaw,favor or oppose gun permits,favor|oppose,favor,,,binary,29,1972,2018
gss_gunnum,gss,gunnum,gss:gunnum,if threatened or shot at--how many times,once|2-3 times|4+ times,once,,,categorical,7,1973,1984
gss_gwbiz,gss,gwbiz,gss:gwbiz,understanding of global warming by business leaders,4.0|3.0|not at all|2.0|very well,4.0,,,categorical,2,2006,2010
gss_gwpol,gss,gwpol,gss:gwpol,understanding of global warming by elected officials,3.0|4.0|not at all|2.0|very well,3.0,,,categorical,2,2006,2010
gss_gwsci,gss,gwsci,gss:gwsci,understanding of global warming by environmnt scientists,very well|2.0|3.0|4.0|not at all,very well,,,categorical,2,2006,2010
gss_hapmar,gss,hapmar,gss:hapmar,happiness of marriage,very happy|pretty happy|not too happy,very happy,,,categorical,31,1973,2018
gss_harjob5,gss,harjob5,gss:harjob5,"in last 5 yrs, r has ever been harassed on job bc r was believed to be gay/les/b",yes|no|not employed in last 5 years,yes,,,categorical,2,2008,2012
gss_haveinfo,gss,haveinfo,gss:haveinfo,enough info to get the job done,very true|somewhat true|not too true|not at all true,very true,,,categorical,5,2002,2018
gss_health,gss,health,gss:health,condition of health,good|excellent|fair|poor,good,,,categorical,29,1972,2018
gss_health1,gss,health1,gss:health1,r's health in general,very good|good|excellent|fair|poor,very good,,,categorical,6,2002,2018
gss_health12,gss,health12,gss:health12,r use web for health information in past 12 mon,yes|no,yes,,,binary,2,2000,2002
gss_health30,gss,health30,gss:health30,r use health site in past 30 days,never|1-2 times|3-5 times|more than 5 times,never,,,categorical,3,2000,2004
gss_healthissp,gss,healthissp,gss:healthissp,merged healthissp_d and healthissp_e,good|very good|excellent|fair|poor,good,,,categorical,2,2012,2018
gss_helpblk,gss,helpblk,gss:helpblk,should govt aid black people?,no special treatment|agree with both|4.0|government should help|2.0,no special treatment,,,categorical,23,1975,2018
gss_helphwrk,gss,helphwrk,gss:helphwrk,helped someone with hwork during past 12 months,at least two or three times in the past year|not at all in the past year|once a month|once in the past year|once a week|more than once a week,at least two or three times in the past year,,,categorical,4,2002,2014
gss_helpjob,gss,helpjob,gss:helpjob,helped somebody to find a job past 12 months,not at all in the past year|at least two or three times in the past year|once in the past year|once a month|once a week|more than once a week,not at all in the past year,,,categorical,4,2002,2014
gss_helporg1,gss,helporg1,gss:helporg1,willing to work harder for the firm,agree|strongly agree|neither agree nor disagree|disagree|strongly disagree,agree,,,categorical,3,1998,2016
gss_helppoor,gss,helppoor,gss:helppoor,should govt improve standard of living?,agree with both|government should help|4.0|2.0|people should care for themselves,agree with both,,,categorical,23,1975,2018
gss_helpsick,gss,helpsick,gss:helpsick,should govt help pay for medical care?,agree with both|government should help|2.0|4.0|people should care for themselves,agree with both,,,categorical,23,1975,2018
gss_hhrace,gss,hhrace,gss:hhrace,race of household,"white|black|other, mixed, not able to observe|asiatic, oriental|american indian",white,,,categorical,29,1975,2018
gss_hhwkfair,gss,hhwkfair,gss:hhwkfair,sharing of hh work between r and spouse,i do roughly my fair share of hh work|i do much more than my fair share of hh work|i do a bit more than my fair share of hh work|i do a bit less than my fair share of hh work|i do much less than my fair share of hh work,i do roughly my fair share of hh work,,,categorical,2,2002,2012
gss_hiinc,gss,hiinc,gss:hiinc,importance of high pr income in a job,important|very important|neither important nor unimportant|not important|not important at all,important,,,categorical,4,1989,2016
gss_hinumok,gss,hinumok,gss:hinumok,number of hispanics in military,about right number|should be more|too many,about right number,,,categorical,3,1982,1984
gss_hlpequip,gss,hlpequip,gss:hlpequip,enough help and equip to ge the job done,very true|somewhat true|not too true|not at all true,very true,,,categorical,5,2002,2018
gss_hlpoths,gss,hlpoths,gss:hlpoths,importance of helping others in a job,important|very important|neither important nor unimportant|not important|not important at all,important,,,categorical,4,1989,2016
gss_hlpsoc,gss,hlpsoc,gss:hlpsoc,importance of social usefulness in a job,important|very important|neither important nor unimportant|not important|not important at all,important,,,categorical,4,1989,2016
gss_hlthcare,gss,hlthcare,gss:hlthcare,govts resp: provide hlth care for sick,definitely should be|probably should be|probably should not be|definitely should not be,definitely should be,,,categorical,5,1985,2016
gss_hlthdoc,gss,hlthdoc,gss:hlthdoc,r sought health information doctor or nur'se,1 or 2 times|3-5 times|not at all|6 or more times,1 or 2 times,,,categorical,3,2000,2004
gss_hlthfrel,gss,hlthfrel,gss:hlthfrel,r sought health information friends or relatives,not at all|1 or 2 times|3-5 times|6 or more times,not at all,,,categorical,3,2000,2004
gss_hlthinfo,gss,hlthinfo,gss:hlthinfo,r sought health information past year,not at all|1 or 2 times|3-5 times|6 or more times,not at all,,,categorical,3,2000,2004
gss_hlthmag1,gss,hlthmag1,gss:hlthmag1,r sought health information general interest magazines,not at all|1 or 2 times|3-5 times|6 or more times,not at all,,,categorical,3,2000,2004
gss_hlthmag2,gss,hlthmag2,gss:hlthmag2,r sought health information health magazines,not at all|1 or 2 times|3-5 times|6 or more times,not at all,,,categorical,3,2000,2004
gss_hlthpapr,gss,hlthpapr,gss:hlthpapr,r sought health information newspaper articles,not at all|1 or 2 times|3-5 times|6 or more times,not at all,,,categorical,3,2000,2004
gss_hlthstrt,gss,hlthstrt,gss:hlthstrt,"would you say the respondent? health in general is excellent, good, fair, or poo",excellent|good|fair|poor,excellent,,,categorical,2,2016,2018
gss_hlthtv,gss,hlthtv,gss:hlthtv,r sought health information tv or radio,not at all|1 or 2 times|3-5 times|6 or more times,not at all,,,categorical,3,2000,2004
gss_hlthwww,gss,hlthwww,gss:hlthwww,r sought health information www,not at all|1 or 2 times|3-5 times|6 or more times,not at all,,,categorical,3,2000,2004
gss_homekid,gss,homekid,gss:homekid,most women really want a home and kids,neither agree nor disagree|agree|disagree|strongly disagree|strongly agree,neither agree nor disagree,,,categorical,4,1988,2012
gss_homesch,gss,homesch,gss:homesch,children attend home schooling,no|yes,no,,,binary,2,1998,2000
gss_homosex,gss,homosex,gss:homosex,homosexual sex relations,always wrong|not wrong at all|wrong only sometimes|almost always wrong,always wrong,,,categorical,27,1973,2018
gss_homosex1,gss,homosex1,gss:homosex1,is homosexual sex wrong?,always wrong|not wrong at all|wrong only sometimes|almost always wrong,always wrong,,,categorical,5,1991,2018
gss_housewrk,gss,housewrk,gss:housewrk,being housewife as fulfilling as paid work,agree|neither agree nor disagree|strongly agree|disagree|strongly disagree,agree,,,categorical,4,1988,2012
gss_hrdshp5,gss,hrdshp5,gss:hrdshp5,unable to afford needed medical care,no|yes,no,,,binary,2,1991,2004
gss_hrdshp6,gss,hrdshp6,gss:hrdshp6,lacking health insurance coverage,no|yes,no,,,binary,2,1991,2004
gss_hrs1,gss,hrs1,gss:hrs1,number of hours worked last week,40.0|50.0|60.0|45.0|30.0|35.0|20.0|48.0|55.0|32.0|38.0|25.0|42.0|70.0|15.0|37.0|24.0|44.0|36.0|16.0|65.0|46.0|80.0|10.0|43.0|52.0|56.0|89+ hours|8.0|12.0|28.0|47.0|41.0|39.0|18.0|75.0|54.0|22.0|72.0|34.0|53.0|49.0|21.0|6.0|27.0|4.0|33.0|5.0|26.0|23.0|58.0|51.0|62.0|64.0|14.0|9.0|31.0|84.0|17.0|3.0|68.0|13.0|7.0|29.0|57.0|19.0|1.0|63.0|66.0|2.0|11.0|85.0|67.0|59.0|61.0|86.0|74.0|78.0|0.0|73.0|77.0|69.0|76.0|88.0|82.0|83.0|71.0|87.0|79.0|81.0,40.0,,,categorical,31,1973,2018
gss_hrs2,gss,hrs2,gss:hrs2,number of hours usually work a week,40.0|50.0|45.0|60.0|35.0|20.0|30.0|25.0|48.0|24.0|55.0|32.0|70.0|15.0|38.0|10.0|36.0|42.0|8.0|4.0|44.0|12.0|65.0|37.0|56.0|80.0|5.0|1.0|47.0|43.0|52.0|7.0|16.0|58.0|75.0|18.0|34.0|33.0|21.0|89+ hours|41.0|46.0|6.0|3.0|28.0|0.0|22.0|11.0|13.0|84.0|66.0|23.0|39.0|17.0|27.0|57.0|2.0|68.0|72.0|9.0|26.0,40.0,,,categorical,31,1973,2018
gss_hrsmoney,gss,hrsmoney,gss:hrsmoney,r preference re: work hrs and money,work the same number of hours and earn the same money|work longer hours and earn more money|work fewer hours and earn less money,work the same number of hours and earn the same money,,,categorical,4,1989,2016
gss_hsbio,gss,hsbio,gss:hsbio,r ever took a high school biology course,yes|no,yes,,,binary,7,2006,2018
gss_hschem,gss,hschem,gss:hschem,r ever took a high school chemistry course,yes|no,yes,,,binary,7,2006,2018
gss_hsmath,gss,hsmath,gss:hsmath,the highest level of math r completed in high school,"two years of algebra|geometry (plane or solid or both)|one year of algebra|general math, business, or vocational math|trigonometry/linear programming/analysis|calculus|pre-calculus|pre-algebra|statistics/probability|no math in hs; didn't go to hs",two years of algebra,,,categorical,7,2006,2018
gss_hsphys,gss,hsphys,gss:hsphys,r ever took a high school physics course,no|yes,no,,,binary,7,2006,2018
gss_hubbywk1,gss,hubbywk1,gss:hubbywk1,men should earn money women keep house,strongly disagree|disagree|neither agree nor disagree|agree|strongly agree,strongly disagree,,,categorical,3,1994,2012
gss_hubbywrk,gss,hubbywrk,gss:hubbywrk,husb shld work wife shld look after home,disagree|strongly disagree|neither agree nor disagree|agree|strongly agree,disagree,,,categorical,5,1988,2018
gss_huntbear,gss,huntbear,gss:huntbear,true-false: hunting make polar bear extinct than climate change,true|false,true,,,binary,2,2006,2010
gss_hurtatwk,gss,hurtatwk,gss:hurtatwk,number of injuries on the job past 12 months,0.0|1.0|2.0|3.0|7 or more|5.0|4.0|6.0,0.0,,,categorical,5,2002,2018
gss_hurtoth,gss,hurtoth,gss:hurtoth,how likely x violent toward other people,not very likely|somewhat likely|not at all likely|very likely,not very likely,,,categorical,3,1996,2018
gss_hurtself,gss,hurtself,gss:hurtself,how likely x violent toward oneself,somewhat likely|very likely|not very likely|not at all likely,somewhat likely,,,categorical,3,1996,2018
gss_if00who,gss,if00who,gss:if00who,who would r has voted for in 2000 election,bush|gore|nader,bush,,,categorical,3,2002,2006
gss_if04who,gss,if04who,gss:if04who,who would r has voted for in 2004 election,kerry|bush|nader,kerry,,,categorical,3,2006,2010
gss_if08who,gss,if08who,gss:if08who,who you would have voted for,obama|mccain,obama,,,binary,3,2010,2014
gss_if12who,gss,if12who,gss:if12who,who would r have voted for in 2012 election,obama|romney,obama,,,binary,3,2014,2018
gss_if68who,gss,if68who,gss:if68who,who would r have voted for-1968 election,nixon|humphrey|wallace|wldnt vt-relig,nixon,,,categorical,2,1972,1973
gss_if72who,gss,if72who,gss:if72who,who would r have voted for-1972 election,nixon|mcgovern|wldnt vt-relig,nixon,,,categorical,5,1973,1977
gss_if76who,gss,if76who,gss:if76who,who would r have voted for-1976 election,carter|ford,carter,,,binary,4,1977,1982
gss_if80who,gss,if80who,gss:if80who,who would r have voted for-1980 election,carter|reagan|anderson,carter,,,categorical,5,1982,1987
gss_if84who,gss,if84who,gss:if84who,who would r have voted for-1984 election,reagan|mondale,reagan,,,binary,5,1985,1989
gss_if88who,gss,if88who,gss:if88who,who would r have voted for-1988 election,bush|dukakis,bush,,,binary,4,1989,1993
gss_if92who,gss,if92who,gss:if92who,who would r have voted for-1992 election,clinton|bush|perot,clinton,,,categorical,4,1993,1998
gss_if96who,gss,if96who,gss:if96who,who would r have voted for-1996 election,clinton|dole|perot,clinton,,,categorical,3,1998,2002
gss_immameco,gss,immameco,gss:immameco,immigrants good for america,agree|neither agree nor disagree|disagree|agree strongly|disagree strongly,agree,,,categorical,3,1996,2014
gss_immcrime,gss,immcrime,gss:immcrime,immigrants increase crime rates,disagree|neither agree nor disagree|agree|disagree strongly|agree strongly,disagree,,,categorical,3,1996,2014
gss_immideas,gss,immideas,gss:immideas,immigrants make america more open,agree|neither agree nor disagree|agree strongly|disagree|disagree strongly,agree,,,categorical,2,1996,2014
gss_immjobs,gss,immjobs,gss:immjobs,immigrants take jobs away,agree|disagree|neither agree nor disagree|agree strongly|disagree strongly,agree,,,categorical,3,1996,2014
gss_immrghts,gss,immrghts,gss:immrghts,legal immigrants should have same right as american,disagree|agree|neither agree nor disagree|disagree strongly|agree strongly,disagree,,,categorical,2,2004,2014
gss_immunite,gss,immunite,gss:immunite,will immigrants affect national unity,somewhat likely|very likely|not so likely|not at all likely,somewhat likely,,,categorical,2,1994,2000
gss_impgrn,gss,impgrn,gss:impgrn,more important in life than save environment,disagree|neither agree nor disagree|agree|strongly disagree|strongly agree,disagree,,,categorical,2,2000,2010
gss_incdef,gss,incdef,gss:incdef,distance below poverty line,"20,001 +|10,000 to 20,000|5,000 to 9,999|1,000 to 4,999|-4,999 to -1,000|-999 to 999|-10,000 to -5,000|< -10,000","20,001 +",,,categorical,19,1972,1993
gss_incgap,gss,incgap,gss:incgap,income differentials in usa too big,agree|strongly agree|neither agree nor disagree|disagree|strongly disagree,agree,,,categorical,5,1987,2018
gss_incom16,gss,incom16,gss:incom16,r's family income when 16 yrs old,average|below average|above average|far below average|far above average|lived in institution,average,,,categorical,29,1972,2018
gss_income,gss,income,gss:income,total family income,"$25,000 or more|$10,000 to $14,999|$20,000 to $24,999|$15,000 to $19,999|$8,000 to $9,999|$7,000 to $7,999|$5,000 to $5,999|$3,000 to $3,999|$6,000 to $6,999|$1,000 to $2,999|$4,000 to $4,999|under $1,000","$25,000 or more",,,categorical,31,1973,2018
gss_income06,gss,income06,gss:income06,total family income,$60000 to 74999|$150000 or over|$40000 to 49999|$50000 to 59999|$75000 to $89999|$90000 to $109999|$30000 to 34999|$35000 to 39999|$110000 to $129999|$25000 to 29999|$22500 to 24999|$20000 to 22499|$130000 to $149999|$10000 to 12499|$15000 to 17499|$12500 to 14999|$17500 to 19999|$8 000 to 9 999|under $1 000|$1 000 to 2 999|$7 000 to 7 999|$6 000 to 6 999|$3 000 to 3 999|$5 000 to 5 999|$4 000 to 4 999,$60000 to 74999,,,categorical,5,2006,2014
gss_income16,gss,income16,gss:income16,total family income,"$60,000 to $74,999|$75,000 to $89,999|$170,000 or over|$50,000 to $59,999|$90,000 to $109,999|$40,000 to $49,999|$110,000 to $129,999|$30,000 to $34,999|$130,000 to $149,999|$35,000 to $39,999|$22,500 to $24,999|$150,000 to $169,999|$25,000 to $29,999|$20,000 to $22,499|$10,000 to $12,499|$12,500 to $14,999|$15,000 to $17,499|$17,500 to $19,999|$8,000 to $9,999|under $1,000|$1,000 to $2,999|$3,000 to $3,999|$5,000 to $5,999|$7,000 to $7,999|$6,000 to $6,999|$4,000 to $4,999","$60,000 to $74,999",,,categorical,2,2016,2018
gss_income77,gss,income77,gss:income77,total family income,$25000-49999|$10000-12499|$15000-17499|$12500-14999|$20000-22499|$17500-19999|$22500-24999|$8000-9999|$3000-3999|$6000-6999|$50000 +|$7000-7999|$5000-5999|$1000-2999|$4000-4999|lt $1000,$25000-49999,,,categorical,3,1977,1980
gss_income82,gss,income82,gss:income82,total family income,$25000-34999|$35000-49999|$50000+|$10000-12499|$12500-14999|$20000-22499|$22500-24999|$15000-17499|$17500-19999|$8000-9999|$5000-5999|$3000-3999|$6000-6999|$4000-4999|$7000-7999|$1000-2999|lt $1000,$25000-34999,,,categorical,4,1982,1985
gss_income86,gss,income86,gss:income86,total family income,$60000+|$40000-49999|$30000-34999|$25000-29999|$35000-39999|$50000-59999|$10000-12499|$20000-22499|$12500-14999|$15000-17499|$22500-24999|$17500-19999|$8000-9999|$4000-4999|$7000-7999|$5000-5999|$6000-6999|$3000-3999|$1000-2999|lt $1000,$60000+,,,categorical,5,1986,1990
gss_income91,gss,income91,gss:income91,total family income,$75000+|$40000-49999|$50000-59999|$60000-74999|$30000-34999|$25000-29999|$35000-39999|$22500-24999|$15000-17499|$12500-14999|$10000-12499|$20000-22499|$17500-19999|$8000-9999|$5000-5999|$4000-4999|$7000-7999|$3000-3999|$6000-6999|$1000-2999|lt $1000,$75000+,,,categorical,4,1991,1996
gss_income98,gss,income98,gss:income98,total family income,$60000 to 74999|$110000 or over|$40000 to 49999|$50000 to 59999|$30000 to 34999|$75000 to $89999|$35000 to 39999|$90000 - $109999|$25000 to 29999|$22500 to 24999|$20000 to 22499|$15000 to 17499|$12500 to 14999|$10000 to 12499|$17500 to 19999|$8 000 to 9 999|under $1 000|$7 000 to 7 999|$6 000 to 6 999|$1 000 to 2 999|$5 000 to 5 999|$3 000 to 3 999|$4 000 to 4 999,$60000 to 74999,,,categorical,4,1998,2004
gss_incuspop,gss,incuspop,gss:incuspop,estimated income status of housing unit,average|lower than average|higher than average,average,,,categorical,2,2016,2018
gss_indusfam,gss,indusfam,gss:indusfam,indust air pollution danger to my family,somewhat dangerous|very dangerous|extremely dangerous|not very dangerous|not dangerous at all,somewhat dangerous,,,categorical,2,1993,1994
gss_indusgen,gss,indusgen,gss:indusgen,indust air pollution danger to envir,very dangerous|somewhat dangerous|extremely dangerous|not very dangerous|not dangerous at all,very dangerous,,,categorical,6,1993,2018
gss_inequal1,gss,inequal1,gss:inequal1,extra pay -> people take responsibility,agree|strongly agree|disagree|neither agree nor disagree|strongly disagree,agree,,,categorical,2,1987,1996
gss_inequal3,gss,inequal3,gss:inequal3,inequality exists for benefit of rich,agree|neither agree nor disagree|strongly agree|disagree|strongly disagree,agree,,,categorical,4,1987,2008
gss_inequal4,gss,inequal4,gss:inequal4,extra pay -> people earn degrees,agree|strongly agree|disagree|neither agree nor disagree|strongly disagree,agree,,,categorical,2,1987,2000
gss_inequal5,gss,inequal5,gss:inequal5,pay differences -> american prosperity,disagree|agree|neither agree nor disagree|strongly disagree|strongly agree,disagree,,,categorical,4,1987,2008
gss_inequal6,gss,inequal6,gss:inequal6,everyone benefits from business profits,agree|disagree|neither agree nor disagree|strongly agree|strongly disagree,agree,,,categorical,2,1987,1996
gss_inequal7,gss,inequal7,gss:inequal7,inequality due to lack of solidarity,agree|neither agree nor disagree|disagree|strongly agree|strongly disagree,agree,,,categorical,2,1987,2000
gss_infljobs,gss,infljobs,gss:infljobs,top priority of govt: inflation or jobs?,keep down unemplymnt|keep down inflation,keep down unemplymnt,,,binary,3,1985,1996
gss_inteduc,gss,inteduc,gss:inteduc,interested in local school issues,very interested|moderately interested|not at all interested,very interested,,,categorical,6,2008,2018
gss_intenvir,gss,intenvir,gss:intenvir,interested in environmental issues,moderately interested|very interested|not at all interested,moderately interested,,,categorical,6,2008,2018
gss_intethn,gss,intethn,gss:intethn,race of interviewer,white|black|hispanic|two or more races|asian,white,,,categorical,8,2004,2018
gss_intintl,gss,intintl,gss:intintl,interested in international issues,moderately interested|not at all interested|very interested,moderately interested,,,categorical,6,2008,2018
gss_intjob,gss,intjob,gss:intjob,importance of interesting work in a job,very important|important|neither important nor unimportant|not important|not important at all,very important,,,categorical,4,1989,2016
gss_intlincs,gss,intlincs,gss:intlincs,large intl company damage to local business,agree|neither agree nor disagree|strongly agree|disagree|strongly disagree,agree,,,categorical,2,2004,2014
gss_intmed,gss,intmed,gss:intmed,interested in medical discoveries,very interested|moderately interested|not at all interested,very interested,,,categorical,6,2008,2018
gss_intmil,gss,intmil,gss:intmil,interested in military policy,moderately interested|very interested|not at all interested,moderately interested,,,categorical,6,2008,2018
gss_intrace1,gss,intrace1,gss:intrace1,interviewer s race1,white|black or african-american|asian indian|some other race|american indian or alaska native|hispanic|chinese|filipino|korean|other asian|vietnamese|japanese|other pacific islander,white,,,categorical,8,2004,2018
gss_intrace2,gss,intrace2,gss:intrace2,interviewer s race2,white|american indian or alaska native|hispanic|black or african-american|some other race|japanese|native hawaiian|korean|other asian|chinese|filipino|other pacific islander|asian indian|vietnamese,white,,,categorical,8,2004,2018
gss_intrace3,gss,intrace3,gss:intrace3,interviewer s race3,american indian or alaska native|some other race|black or african-american|hispanic|white|asian indian,american indian or alaska native,,,categorical,7,2004,2018
gss_intsex,gss,intsex,gss:intsex,sex of interviewer,female|male,female,,,binary,8,2004,2018
gss_inuitway,gss,inuitway,gss:inuitway,effect of global warming: inuit no longer follow traditional way of life,a great deal|some|a little|not at all,a great deal,,,categorical,2,2006,2010
gss_iwrkhard,gss,iwrkhard,gss:iwrkhard,how hard does r work at job,real hard|not to interfere|only minimum,real hard,,,categorical,2,1989,1998
gss_jbintfam,gss,jbintfam,gss:jbintfam,how often r felt: demand of job interfere with family life,sometimes|hardly ever|never|often|always,sometimes,,,categorical,2,2006,2016
gss_jbtrain,gss,jbtrain,gss:jbtrain,did r have any training to improve job skill past 12 months,yes|no,yes,,,binary,2,2006,2016
gss_jobcntct,gss,jobcntct,gss:jobcntct,times r sought job information from contact outside,not at all|1 or 2 times|3-5 times|6 or more times,not at all,,,categorical,2,2002,2004
gss_jobcowrk,gss,jobcowrk,gss:jobcowrk,times r sought job information from co-workers,not at all|1 or 2 times|3-5 times|6 or more times,not at all,,,categorical,2,2002,2004
gss_jobeasy,gss,jobeasy,gss:jobeasy,how easy if r find a job as good as current one,fairly easy|fairly difficult|neither easy nor difficult|very easy|very difficult,fairly easy,,,categorical,2,2006,2016
gss_jobfind,gss,jobfind,gss:jobfind,could r find equally good job,not easy|somewhat easy|very easy,not easy,,,categorical,24,1977,2018
gss_jobfind1,gss,jobfind1,gss:jobfind1,how easy for r to find a same job,not easy at all to find similar job|somewhat easy to find similar job|very easy to find similar job,not easy at all to find similar job,,,categorical,5,2002,2018
gss_jobfrnds,gss,jobfrnds,gss:jobfrnds,times r sought job information from friends,not at all|1 or 2 times|3-5 times|6 or more times,not at all,,,categorical,2,2002,2004
gss_jobhour,gss,jobhour,gss:jobhour,short working hours,fifth|fourth|third|second|most impt,fifth,,,categorical,18,1973,2014
gss_jobinc,gss,jobinc,gss:jobinc,high income,third|second|most impt|fourth|fifth,third,,,categorical,18,1973,2014
gss_jobinfo,gss,jobinfo,gss:jobinfo,r sought employment info past year,no|6 or more times|1 or 2 times|3-5 times,no,,,categorical,2,2002,2004
gss_joblose,gss,joblose,gss:joblose,is r likely to lose job,not likely|not too likely|fairly likely|very likely|leaving labor force,not likely,,,categorical,24,1977,2018
gss_jobmeans,gss,jobmeans,gss:jobmeans,work important and feel accomplishment,most impt|second|third|fourth|fifth,most impt,,,categorical,18,1973,2014
gss_jobonwww,gss,jobonwww,gss:jobonwww,times r sought job information from internet,not at all|6 or more times|1 or 2 times|3-5 times,not at all,,,categorical,2,2002,2004
gss_jobpaper,gss,jobpaper,gss:jobpaper,times r sought job information from newspaper,not at all|6 or more times|1 or 2 times|3-5 times,not at all,,,categorical,2,2002,2004
gss_jobplace,gss,jobplace,gss:jobplace,times r sought job information from counseling service,not at all|1 or 2 times|3-5 times|6 or more times,not at all,,,categorical,2,2002,2004
gss_jobpromo,gss,jobpromo,gss:jobpromo,chances for advancement,second|third|most impt|fourth|fifth,second,,,categorical,18,1973,2014
gss_jobpub,gss,jobpub,gss:jobpub,times r sought job information from publication,not at all|1 or 2 times|6 or more times|3-5 times,not at all,,,categorical,2,2002,2004
gss_jobsall,gss,jobsall,gss:jobsall,govts resp: provide jobs for all,probably should not be|definitely should not be|probably should be|definitely should be,probably should not be,,,categorical,8,1985,2016
gss_jobsat,gss,jobsat,gss:jobsat,how satisfied is r with his/her job,very satisfied|fairly satisfied|completely satisfied|neither satisfied nor dissatisfied|fairly dissatisfied|very dissatisfied|completely dissatisfied,very satisfied,,,categorical,4,1989,2016
gss_jobsec,gss,jobsec,gss:jobsec,no danger of being fired,fourth|fifth|third|second|most impt,fourth,,,categorical,18,1973,2014
gss_jobsecok,gss,jobsecok,gss:jobsecok,the job security is good,very true|somewhat true|not too true|not at all true,very true,,,categorical,6,2002,2018
gss_jobtvrad,gss,jobtvrad,gss:jobtvrad,times r sought job information from radio or tv,not at all|1 or 2 times|3-5 times|6 or more times,not at all,,,categorical,2,2002,2004
gss_kd1relig,gss,kd1relig,gss:kd1relig,religion of r's child 1,none|protestant|jewish|catholic|christian|muslim/islam|inter-nondenominational|hinduism|other eastern religions|buddhism|orthodox-christian,none,,,categorical,2,2008,2012
gss_kd2relig,gss,kd2relig,gss:kd2relig,religion of r's child 2,jewish|none|protestant|catholic|christian|inter-nondenominational|muslim/islam|other eastern religions|buddhism|hinduism|orthodox-christian,jewish,,,categorical,2,2008,2012
gss_kd3relig,gss,kd3relig,gss:kd3relig,religion of r's child 3,protestant|catholic|jewish|none|christian|inter-nondenominational|buddhism|muslim/islam|orthodox-christian|other eastern religions,jewish,,,categorical,2,2008,2012
gss_kidsuffr,gss,kidsuffr,gss:kidsuffr,preschooler will suffer if mom works,agree|disagree|strongly disagree|neither agree nor disagree|strongly agree,agree,,,categorical,4,1988,2012
gss_knowschd,gss,knowschd,gss:knowschd,how far in advance know work schedule,one week or less|4 weeks or more|between 1 and 2 weeks|between 3 and 4 weeks,one week or less,,,categorical,2,2014,2018
gss_knowwhat,gss,knowwhat,gss:knowwhat,r knows what's expected on job,agree|strongly agree|disagree|strongly disagree,agree,,,categorical,5,2002,2018
gss_laborpow,gss,laborpow,gss:laborpow,power of labor unions in r's country,about the right amount of power|too much power|far too much power|too little power|far too little power,about the right amount of power,,,categorical,3,1985,1996
gss_lackinfo,gss,lackinfo,gss:lackinfo,ppl at work fail to give r necessary info,never|sometimes|rarely|often,never,,,categorical,2,2004,2012
gss_laidoff,gss,laidoff,gss:laidoff,r was laid off main job last year,no|yes,no,,,binary,5,2002,2018
gss_lasers,gss,lasers,gss:lasers,sci knowledge: lasers work by focusing sound waves,false|true,false,,,binary,7,2006,2018
gss_law4,gss,law4,gss:law4,accused of crime,no|yes,no,,,binary,2,1991,2004
gss_ldcgrn,gss,ldcgrn,gss:ldcgrn,poor countries less than rich for environment,disagree|neither agree nor disagree|agree|strongly disagree|strongly agree,disagree,,,categorical,2,2000,2010
gss_learnnew,gss,learnnew,gss:learnnew,job requires r to learn new things,strongly agree|agree|disagree|strongly disagree,strongly agree,,,categorical,5,2002,2018
gss_leavejob,gss,leavejob,gss:leavejob,how likely will try to find another firm,very unlikely|unlikely|very likely|likely,very unlikely,,,categorical,3,1998,2016
gss_lessreg,gss,lessreg,gss:lessreg,less govt regulation of business,in favor|neither in favor nor against|strongly in favor of|against|strongly against,in favor,,,categorical,5,1985,2016
gss_letin,gss,letin,gss:letin,increase or decrease immigrants to us,left the same as it is now|decreased a lot|decreased a little|increased a little|increased a lot,left the same as it is now,,,categorical,2,1994,2000
gss_letin1,gss,letin1,gss:letin1,number of immigrants to america nowadays should be,remain the same as it is|reduced a little|reduced a lot|increased a little|increased a lot,remain the same as it is,,,categorical,3,1996,2014
gss_letin1a,gss,letin1a,gss:letin1a,number of immigrants nowadays should be,remain the same as it is|reduced a lot|reduced a little|increased a little|increased a lot,remain the same as it is,,,categorical,8,2004,2018
gss_libhomo,gss,libhomo,gss:libhomo,allow homosexuals book in library,not remove|remove,not remove,,,binary,27,1973,2018
gss_libtemp,gss,libtemp,gss:libtemp,feeling thermometer:liberals,50.0|60.0|70.0|40.0|30.0|85.0|0.0|100.0|15.0|75.0|80.0|90.0|25.0|20.0|65.0|10.0|45.0|51.0|55.0|35.0|95.0|1.0|49.0|5.0|94.0|32.0|7.0|82.0|52.0|76.0|53.0|33.0|98.0|84.0|19.0|97.0,50.0,,,categorical,3,1986,1989
gss_live2,gss,live2,gss:live2,your home in poor condition,no|yes,no,,,binary,2,1991,2004
gss_liveblks,gss,liveblks,gss:liveblks,neighborhood half black,neither favor nor oppose|favor|oppose|strongly favor|strongly oppose,neither favor nor oppose,,,categorical,13,1990,2018
gss_localnum,gss,localnum,gss:localnum,number of employees: r's work site,"1-9|10-49|100-499|50-99|2,000+|500-999|1,000-1,999",1-9,,,categorical,15,1989,2018
gss_lookjob,gss,lookjob,gss:lookjob,are you looking for a job,no|yes,no,,,binary,3,1998,2016
gss_losejob5,gss,losejob5,gss:losejob5,"in last 5 yrs, r has been denied a job or fired bc employer believed r was gay/l",yes|no|not employed in last 5 years,yes,,,categorical,2,2008,2012
gss_lotofsay,gss,lotofsay,gss:lotofsay,r has lot of say in job,agree|strongly agree|disagree|strongly disagree,agree,,,categorical,2,2002,2006
gss_madeg,gss,madeg,gss:madeg,mother's (or youngest same-sex parent's) highest degree,high school|less than high school|bachelor's|associate/junior college|graduate,high school,,,categorical,32,1972,2018
gss_maeduc,gss,maeduc,gss:maeduc,"highest year school completed, mother (or youngest same-sex parent)",12th grade|8th grade|4 years of college|2 years of college|10th grade|6th grade|11th grade|9th grade|1 year of college|no formal schooling|7th grade|5th grade|4th grade|3rd grade|6 years of college|3 years of college|2nd grade|8 or more years of college|5 years of college|7 years of college|1st grade,12th grade,,,categorical,32,1972,2018
gss_maind10,gss,maind10,gss:maind10,mother's (or youngest same-sex parent's) industry code (naics 2007),"elementary and secondary schools|hospitals|restaurants and other food services|private households|nursing care facilities|cut and sew apparel manufacturing|department stores and discount stores|grocery stores|banking and related activities|child day care services|colleges and universities, including junior colleges|crop production|beauty salons|traveler accommodation|real estate|insurance carriers and related activities|offices of physicians|clothing stores|wired telecommunications carriers|executive offices and legislative bodies|not specified retail trade|justice, public order, and safety activities|construction|motor vehicles and motor vehicle equipment manufacturing|drycleaning and laundry services|legal services|not specified manufacturing industries|fabric mills, except knitting mills|services to buildings and dwellings|national security and international affairs|individual and family services|offices of dentists|administration of human resource programs|home health care services|postal service|animal slaughtering and processing|accounting, tax preparation, bookkeeping, and payroll services|electronic component and product manufacturing, n.e.c.|personal and household goods repair and maintenance|footwear manufacturing|religious organizations|pharmacies and drug stores|printing and related support activities|miscellaneous general merchandise stores|furniture and related product manufacturing|fruit and vegetable preserving and specialty food manufacturing|outpatient care centers|electrical lighting and electrical equipment manufacturing, and other electrical component manufacturing, n.e.c.|newspaper publishers|residential care facilities, without nursing|aircraft and parts manufacturing|other amusement, gambling, and recreation industries|knitting fabric mills, and apparel knitting mills|drinking places, alcoholic beverages|groceries and related products, merchant wholesalers|civic, social, advocacy organizations, and grantmaking and giving services|miscellaneous manufacturing, n.e.c.|gasoline stations|other direct selling establishments|savings institutions, including credit unions|bakeries, except retail|administration of economic programs and space research|specialty food stores|communications, and audio and video equipment manufacturing|business support services|glass and glass product manufacturing|retail bakeries|machinery manufacturing, n.e.c.|other health care services|animal production|truck transportation|other schools and instruction, and educational support services|employment services|retail florists|independent artists, performing arts, spectator sports, and related industries|bus service and urban transit|non-depository credit and related activities|furniture and home furnishings stores|automobile dealers|specialized design services|computer and peripheral equipment manufacturing|public finance activities|pharmaceutical and medicine manufacturing|seafood and other miscellaneous foods, n.e.c.|medical equipment and supplies manufacturing|sporting and athletic goods, and doll, toy and game manufacturing|libraries and archives|not specified food industries|periodical, book, and directory publishers|architectural, engineering, and related services|plastics product manufacturing|textile product mills, except carpet and rug|jewelry, luggage, and leather goods stores|fiber, yarn, and thread mills|travel arrangements and reservation services|tobacco manufacturing|sugar and confectionery products|warehousing and storage|building material and supplies dealers|advertising and related services|securities, commodities, funds, trusts, and other financial investments|electric power generation, transmission, and distribution|resin, synthetic rubber and fibers, and filaments manufacturing|industrial and miscellaneous chemicals|air transportation|scientific research and development services|iron and steel mills and steel product manufacturing|gift, novelty, and souvenir shops|offices of other health practitioners|u.s. armed forces/n.s.|museums, art galleries, historical sites, and similar institutions|health and personal care, except drug, stores|soap, cleaning compound, and cosmetics manufacturing|miscellaneous fabricated metal products manufacturing|pulp, paper, and paperboard mills|services incidental to transportation|hardware stores|sporting goods, camera, and hobby and toy stores|household appliance manufacturing|dairy product manufacturing|sewing, needlework, and piece goods stores|navigational, measuring, electromedical, and control instruments manufacturing|nail salons and other personal care services|beverage manufacturing|computer systems design and related services|used merchandise stores|other personal services|radio and television broadcasting and cable subscription programming|other professional, scientific, and technical services|motion pictures and video industries|leather tanning and finishing and other allied products manufacturing|other general government and support|paperboard containers and boxes|ordnance|automotive repair and maintenance|aerospace product and parts manufacturing|apparel accessories and other apparel manufacturing|radio, tv, and computer stores|investigation and security services|commercial and service industry machinery manufacturing|book stores and news dealers|ship and boat building|structural metals, and boiler, tank, and shipping container manufacturing|miscellaneous retail stores|rail transportation|professional and commercial equipment and supplies, merchant wholesalers|other administrative and other support services|miscellaneous paper and pulp products|petroleum refining|business, technical, and trade schools and training|shoe stores|administration of environmental quality and housing programs|cutlery and hand tool manufacturing|landscaping services|lawn and garden equipment and supplies stores|offices of optometrists|mail order houses|community food and housing, and emergency services|funeral homes, and cemeteries and crematories|auto parts, accessories, and tire stores|other telecommunications services|metalworking machinery manufacturing|tire manufacturing|petroleum and petroleum products, merchant wholesalers|business, professional, political, and similar organizations|office supplies and stationery stores|management, scientific, and technical consulting services|apparel, fabrics, and notions, merchant wholesalers|natural gas distribution|animal food, grain, and oilseed milling|pottery, ceramics, and plumbing fixture manufacturing|fuel dealers|electrical and electronic goods, merchant wholesalers|couriers and messengers|support activities for agriculture and forestry|veterinary services|paint, coating, and adhesive manufacturing|not specified wholesale trade|beer, wine, and liquor stores|machine shops; turned product; screw, nut, and bolt manufacturing|bowling centers|management of companies and enterprises|miscellaneous nondurable goods, merchant wholesalers|wholesale electronic markets, agents and brokers|household appliance stores|carpet and rug mills|motor vehicles, parts and supplies, merchant wholesalers|textile and fabric finishing and coating mills|rubber product, except tire, manufacturing|drugs, sundries, and chemical and allied products, merchant wholesalers|machinery, equipment, and supplies, merchant wholesalers|taxi and limousine service|not specified utilities|support activities for mining|recreational vehicle parks and camps, and rooming and boarding houses|miscellaneous wood products|offices of chiropractors|farm product raw materials, merchant wholesalers|water, steam, air-conditioning, and irrigation systems|vocational rehabilitation services|commercial and industrial machinery and equipment repair and maintenance|lumber and other construction materials, merchant wholesalers|miscellaneous durable goods, merchant wholesalers|waste management and remediation services|u.s. army|automotive equipment rental and leasing|music stores|recyclable material, merchant wholesalers|agricultural implement manufacturing|labor unions|data processing, hosting, and related services|farm supplies, merchant wholesalers|car washes|not specified machinery manufacturing|u.s. air force|hardware, plumbing and heating equipment, and supplies, merchant wholesalers|oil and gas extraction|metal forgings and stampings|foundries|barber shops|logging|sound recording industries|forestry, except logging|paper and paper products, merchant wholesalers|sawmills and wood preservation|vending machine operators|fishing, hunting, and trapping|agricultural chemical manufacturing|engines, turbines, and power transmission equipment manufacturing|metals and minerals, except petroleum, merchant wholesalers|nonferrous metal (except aluminum) production and processing|electric and gas, and other combinations|electronic and precision equipment repair and maintenance|aluminum production and processing|coal mining|prefabricated wood buildings and mobile homes|u.s. navy|other motor vehicle dealers|commercial, industrial, and other intangible assets rental and leasing|not specified metal industries|sewage treatment facilities|u.s. marine corps|cement, concrete, lime, and gypsum product manufacturing|alcoholic beverages, merchant wholesalers|veneer, plywood, and engineered wood products|structural clay product manufacturing|video tape and disk rental|other consumer goods rental|scenic and sightseeing transportation|furniture and home furnishing, merchant wholesalers|construction, and mining and oil and gas field machinery manufacturing|coating, engraving, heat treating and allied activities|nonmetallic mineral mining and quarrying|internet publishing and broadcasting and web search portals|railroad rolling stock manufacturing|water transportation|electronic auctions|other information services|pipeline transportation|miscellaneous nonmetallic mineral product manufacturing|metal ore mining|other transportation equipment manufacturing|footwear and leather goods repair",elementary and secondary schools,,,categorical,13,1994,2018
gss_major1,gss,major1,gss:major1,college major 1,"business|medical and health sciences and services|education administration and teaching|social sciences|engineering|psychology|fine arts|computer and information sciences|communications|physical sciences|public affairs, policy, and social work|english language, literature, and composition|biology and life sciences|criminal justice and fire protection|law and legal studies|history|liberal arts and humanities|mathematics and statistics|theology and religious vocations|agriculture|environment and natural resources|electrical and mechanic repairs and technologies|cosmetology services and culinary arts|interdisciplinary and multi-disciplinary studies (general)|linguistics and foreign languages|engineering technologies|architecture|library science|philosophy and religious studies|area, ethnic, and civilization studies|precision production and industrial arts|physical fitness, parks, recreation, and leisure|family and consumer sciences",business,,,categorical,4,2012,2018
gss_major1_1222,gss,major1_1222,gss:major1_1222,college major 1,business administration|education|engineering|nursing|health|psychology|accounting/bookkeeping|computer science|english|biology|communications/speech|political science/international relations|economics|criminology/criminal justice|law|history|marketing|medicine|finance|general sciences|social work|sociology|liberal arts|art|physical education|theology|child/human/family development|mathematics|visual arts/graphic design/design and drafting|other vocational|social sciences|chemistry|information technology|food science/nutrition/culinary arts|electronics|human services/human resources|environmental science/ecology|journalism|pharmacy|educational administration|physics|general studies|administrative science/public administration|foreign language|fine arts|agriculture/horticulture|dentistry|music|counseling|special education|law enforcement|veterinary medicine|comm. disorders|industry & technology|architecture|library science|textiles/cloth|theater arts|television/film|geology|aviation/aeronatics|anthropology|public relations|geography|urban and regional planning|philosophy|forestry|ethnic studies|advertising|statistics/biostatistics|industrial relations|dance|mechanics/machine trade|parks and recreation|fashion|home economics|humanities|gerontology|allied health,business administration,,,categorical,4,2012,2018
gss_major2,gss,major2,gss:major2,college major 2,"business|social sciences|education administration and teaching|medical and health sciences and services|fine arts|computer and information sciences|mathematics and statistics|english language, literature, and composition|history|psychology|public affairs, policy, and social work|physical sciences|biology and life sciences|communications|criminal justice and fire protection|linguistics and foreign languages|law and legal studies|theology and religious vocations|environment and natural resources|engineering|liberal arts and humanities|library science|philosophy and religious studies|area, ethnic, and civilization studies|engineering technologies|agriculture|electrical and mechanic repairs and technologies|cosmetology services and culinary arts|physical fitness, parks, recreation, and leisure|interdisciplinary and multi-disciplinary studies (general)",business,,,categorical,4,2012,2018
gss_major2_1222,gss,major2_1222,gss:major2_1222,college major 2,business administration|education|english|health|computer science|mathematics|accounting/bookkeeping|economics|history|marketing|psychology|political science/international relations|biology|finance|art|theater arts|human services/human resources|nursing|foreign language|criminology/criminal justice|sociology|chemistry|music|child/human/family development|law|communications/speech|medicine|theology|special education|environmental science/ecology|fine arts|engineering|urban and regional planning|visual arts/graphic design/design and drafting|social work|journalism|social sciences|information technology|statistics/biostatistics|other vocational|physical education|library science|general sciences|educational administration|philosophy|liberal arts|ethnic studies|anthropology|industry & technology|comm. disorders|dentistry|geography|agriculture/horticulture|physics|counseling|geology|mechanics/machine trade|administrative science/public administration|law enforcement|food science/nutrition/culinary arts|television/film|parks and recreation|pharmacy|aviation/aeronatics|gerontology|humanities|general studies|forestry|optometry|textiles/cloth|public relations|dance,business administration,,,categorical,4,2012,2018
gss_makefrnd,gss,makefrnd,gss:makefrnd,religion helps people to make friends,agree|strongly agree|neither agree nor disagree|disagree|strongly disagree,agree,,,categorical,2,2008,2018
gss_makejobs,gss,makejobs,gss:makejobs,govt create new jobs,in favor|strongly in favor of|neither in favor nor against|against|strongly against,in favor,,,categorical,5,1985,2016
gss_maocc10,gss,maocc10,gss:maocc10,mother's (or youngest same-sex parent's) occupatoin code (2010),"secretaries and administrative assistants|maids and housekeeping cleaners|nursing, psychiatric, and home health aides|elementary and middle school teachers|retail salespersons|registered nurses|sewing machine operators|waiters and waitresses|cooks|production workers, all other|bookkeeping, accounting, and auditing clerks|cashiers|first-line supervisors of retail sales workers|childcare workers|miscellaneous assemblers and fabricators|secondary school teachers|hairdressers, hairstylists, and cosmetologists|office clerks, general|janitors and building cleaners|accountants and auditors|tailors, dressmakers, and sewers|miscellaneous agricultural workers|first-line supervisors of office and administrative support workers|licensed practical and licensed vocational nurses|teacher assistants|tellers|preschool and kindergarten teachers|managers, all other|packaging and filling machine operators and tenders|food service managers|real estate brokers and sales agents|receptionists and information clerks|inspectors, testers, sorters, samplers, and weighers|social workers|customer service representatives|other teachers and instructors|postsecondary teachers|packers and packagers, hand|electrical, electronics, and electromechanical assemblers|first-line supervisors of food preparation and serving workers|farmers, ranchers, and other agricultural managers|dining room and cafeteria attendants and bartender helpers|bus drivers|laundry and dry-cleaning workers|stock clerks and order fillers|designers|first-line supervisors of production and operating workers|combined food preparation and serving workers, including fast food|laborers and freight, stock, and material movers, hand|special education teachers|personal care aides|telephone operators|financial managers|door-to-door sales workers, news and street vendors, and related workers|librarians|butchers and other meat, poultry, and fish processing workers|credit counselors and loan officers|dietitians and nutritionists|payroll and timekeeping clerks|dental assistants|switchboard operators, including answering service|education administrators|textile, apparel, and furnishings workers, all other|pressers, textile, garment, and related materials|bartenders|first-line supervisors of non-retail sales workers|sales representatives, wholesale and manufacturing|food preparation workers|medical and health services managers|data entry keyers|bakers|textile winding, twisting, and drawing out machine setters, operators, and tenders|insurance sales agents|postal service clerks|billing and posting clerks|shoe machine operators and tenders|counselors|word processors and typists|physicians and surgeons|health practitioner support technologists and technicians|paralegals and legal assistants|clinical laboratory technologists and technicians|counter and rental clerks|chefs and head cooks|human resources workers|chief executives|property, real estate, and community association managers|shipping, receiving, and traffic clerks|counter attendants, cafeteria, food concession, and coffee shop|security guards and gaming surveillance officers|office and administrative support workers, all other|food batchmakers|computer programmers|dispatchers|postal service mail carriers|first-line supervisors of housekeeping and janitorial workers|marketing and sales managers|textile knitting and weaving machine setters, operators, and tenders|artists and related workers|human resources managers|interviewers, except eligibility and loan|travel agents|medical assistants|graders and sorters, agricultural products|driver/sales workers and truck drivers|welding, soldering, and brazing workers|dental hygienists|purchasing agents, except wholesale, retail, and farm products|business operations specialists, all other|military officer special and tactical operations leaders|insurance claims and policy processing clerks|first-line supervisors of personal service workers|file clerks|computer operators|human resources assistants, except payroll and timekeeping|dishwashers|miscellaneous healthcare support occupations, including medical equipment preparers|library assistants, clerical|lodging managers|diagnostic related technologists and technicians|social and community service managers|metal workers and plastic workers, all other|musicians, singers, and related workers|sales and related workers, all other|medical transcriptionists|food processing workers, all other|printing press operators|wholesale and retail buyers, except farm products|general and operations managers|court, municipal, and license clerks|recreation and fitness workers|miscellaneous legal support workers|advertising sales agents|claims adjusters, appraisers, examiners, and investigators|lawyers|speech-language pathologists|mail clerks and mail machine operators, except postal service|crossing guards|prepress technicians and workers|aircraft structure, surfaces, rigging, and systems assemblers|food servers, nonrestaurant|models, demonstrators, and product promoters|police and sheriff's patrol officers|social and human service assistants|postal service mail sorters, processors, and processing machine operators|machine feeders and offbearers|biological scientists|shoe and leather workers and repairers|photographic process workers and processing machine operators|news analysts, reporters and correspondents|cutting, punching, and press machine setters, operators, and tenders, metal and plastic|bill and account collectors|molders and molding machine setters, operators, and tenders, metal and plastic|crushing, grinding, polishing, mixing, and blending workers|engineering technicians, except drafters|financial clerks, all other|pharmacists|computer systems analysts|painting workers|print binding and finishing workers|sales representatives, services, all other|editors|hosts and hostesses, restaurant, lounge, and coffee shop|hotel, motel, and resort desk clerks|miscellaneous health technologists and technicians|compliance officers|software developers, applications and systems software|psychologists|cleaners of vehicles and equipment|military, rank not specified|order clerks|bailiffs, correctional officers, and jailers|reservation and transportation ticket agents and travel clerks|medical records and health information technicians|cutting workers|architects, except naval|molders, shapers, and casters, except metal and plastic|pharmacy aides|postmasters and mail superintendents|helpers-production workers|tax preparers|grounds maintenance workers|first-line supervisors of mechanics, installers, and repairers|industrial production managers|material moving workers, all other|automotive service technicians and mechanics|chemists and materials scientists|nurse practitioners|miscellaneous personal appearance workers|taxi drivers and chauffeurs|transportation, storage, and distribution managers|physical therapists|construction laborers|computer support specialists|painters, construction and maintenance|management analysts|miscellaneous media and communication workers|first-line enlisted military supervisors|first-line supervisors of farming, fishing, and forestry workers|food and tobacco roasting, baking, and drying machine operators and tenders|paper goods machine setters, operators, and tenders|insurance underwriters|proofreaders and copy markers|religious workers, all other|miscellaneous entertainment attendants and related workers|judges, magistrates, and other judicial workers|dentists|securities, commodities, and financial services sales agents|information and record clerks, all other|supervisors of transportation and material moving workers|upholsterers|industrial truck and tractor operators|emergency medical technicians and paramedics|couriers and messengers|agents and business managers of artists, performers,|surveyors, cartographers, and photogrammetrists|machinists|electrical and electronics engineers|drafters|private detectives and investigators|miscellaneous life, physical, and social science technicians|respiratory therapists|other installation, maintenance, and repair workers|barbers|budget analysts|weighers, measurers, checkers, and samplers, recordkeeping|writers and authors|production, planning, and expediting clerks|credit authorizers, checkers, and clerks|jewelers and precious stone and metal workers|medical, dental, and ophthalmic laboratory technicians|construction managers|paperhangers|office machine operators, except computer|telemarketers|probation officers and correctional treatment specialists|engine and other machine assemblers|furniture finishers|computer occupations, all other|computer and information systems managers|meeting, convention, and event planners|public relations specialists|opticians, dispensing|lathe and turning machine tool setters, operators, and tenders, metal and plastic|flight attendants|residential advisors|electricians|chemical technicians|detectives and criminal investigators|medical scientists|radio and telecommunications equipment installers and repairers|occupational therapists|physical scientists, all other|archivists, curators, and museum technicians|training and development specialists|administrative services managers|gaming services workers|financial specialists, all other|loan interviewers and clerks|extruding, forming, pressing, and compacting machine setters,|civil engineers|industrial and refractory machinery mechanics|nonfarm animal caretakers|phlebotomists|carpenters|transportation inspectors|first-line supervisors of correctional officers|textile cutting machine setters, operators, and tenders|other education, training, and library workers|library technicians|public relations and fundraising managers|financial analysts|fundraisers|appraisers and assessors of real estate|tax examiners and collectors, and revenue agents|athletes, coaches, umpires, and related workers|gaming managers|compensation and benefits managers|personal care and service workers, all other|massage therapists|purchasing managers|food cooking machine operators and tenders|agricultural and food science technicians|physical therapist assistants and aides|drilling and boring machine tool setters, operators, and tenders, metal and plastic|aircraft mechanics and service technicians|buyers and purchasing agents, farm products|baggage porters, bellhops, and concierges|parts salespersons|technical writers|veterinarians|coin, vending, and amusement machine servicers and repairers|first-line supervisors of construction trades and extraction workers|funeral service managers|motion picture projectionists|semiconductor processors|ushers, lobby attendants, and ticket takers|new accounts clerks|computer hardware engineers|market research analysts and marketing specialists|water and wastewater treatment plant and system operators|clergy|tire builders|automotive and watercraft service attendants|lifeguards and other recreational, and all other protective service workers|biological technicians|woodworking machine setters, operators, and tenders, except sawing|cleaning, washing, and metal pickling equipment operators and tenders|photographers|chemical engineers|cabinetmakers and bench carpenters|first-line supervisors of police and detectives|computer and information research scientists|construction and building inspectors|audiologists|logging workers|database administrators|announcers|entertainers and performers, sports and related workers, all other|first-line supervisors of landscaping, lawn service, and groundskeeping workers|chemical processing machine setters, operators, and tenders|legislators|optometrists|gaming cage workers|producers and directors|operations research analysts|adhesive bonding machine operators and tenders|directors, religious activities and education|mechanical engineers|tour and travel guides|actors|food preparation and serving related workers, all other|communications equipment operators, all other|eligibility interviewers, government programs|telecommunications line installers and repairers|engineers, all other|physician assistants|other extraction workers|sociologists|recreational therapists|firefighters|tool and die makers|nurse anesthetists|miscellaneous community and social service specialists,|precision instrument and equipment repairers|urban and regional planners|other healthcare practitioners and technical occupations|credit analysts|survey researchers|astronomers and physicists|veterinary assistants and laboratory animal caretakers|military enlisted tactical operations and air/weapons specialists and crew members|morticians, undertakers, and funeral directors|helpers, construction trades|health diagnosing and treating practitioners, all other|correspondence clerks|geological and petroleum technicians|sheet metal workers|textile bleaching and dyeing machine operators and tenders|brickmasons, blockmasons, and stonemasons|environmental engineers|structural metal fabricators and fitters|maintenance and repair workers, general|economists|plating and coating machine setters, operators, and tenders, metal and plastic|railroad conductors and yardmasters|broadcast and sound engineering technicians and radio|statistical assistants|meter readers, utilities|paving, surfacing, and tamping equipment operators|nurse midwives|agricultural engineers|miscellaneous plant and system operators|judicial law clerks|therapists, all other|animal trainers|forest and conservation workers|drywall installers, ceiling tile installers, and tapers|grinding, lapping, polishing, and buffing machine tool setters, operators, and tenders, metal and plastic|reinforcing iron and rebar workers|electric motor, power tool, and related repairers|television, video, and motion picture camera operators and|chiropractors|environmental scientists and geoscientists|animal breeders|logisticians|training and development managers|parking enforcement workers|avionics technicians|subway, streetcar, and other rail transportation workers|fire inspectors|network and computer systems administrators|ship and boat captains and operators|fabric and apparel patternmakers|crane and tower operators|cost estimators|natural sciences managers|statisticians|cargo and freight agents|metal furnace operators, tenders, pourers, and casters|sailors and marine oilers|mathematicians|air traffic controllers and airfield operations specialists|agricultural and food scientists|brokerage clerks|cooling and freezing equipment operators and tenders|motor vehicle operators, all other|fishers and related fishing workers|helpers-installation, maintenance, and repair workers|miscellaneous vehicle and mobile equipment mechanics, installers, and repairers|stationary engineers and boiler operators|advertising and promotions managers|structural iron and steel workers|animal control workers|model makers and patternmakers, metal and plastic|heavy vehicle and mobile equipment service technicians and mechanics|woodworkers, all other|media and communication equipment workers, all other|etchers and engravers|compensation, benefits, and job analysis specialists|miscellaneous social scientists and related workers|pipelayers, plumbers, pipefitters, and steamfitters|industrial engineers, including health and safety|milling and planing machine setters, operators, and tenders, metal and plastic|refuse and recyclable material collectors|mining and geological engineers, including mining safety engineers|carpet, floor, and tile installers and finishers",secretaries and administrative assistants,,,categorical,13,1994,2018
gss_mapaid,gss,mapaid,gss:mapaid,should working women have paid maternity leave,agree|strongly agree|neither agree nor disagree|disagree|strongly disagree,agree,,,categorical,2,1994,2002
gss_mapres10,gss,mapres10,gss:mapres10,mother's (or youngest same-sex parent's) occupational prestige score (2010),47.0|31.0|35.0|25.0|48.0|64.0|32.0|61.0|38.0|45.0|33.0|39.0|28.0|24.0|46.0|36.0|27.0|53.0|42.0|60.0|50.0|49.0|21.0|69.0|55.0|40.0|37.0|54.0|51.0|22.0|26.0|74.0|44.0|59.0|16.0|34.0|52.0|29.0|30.0|72.0|43.0|41.0|73.0|63.0|56.0|80.0|17.0|65.0|58.0|62.0|20.0|66.0|18.0|23.0|71.0|57.0|75.0|70.0|67.0|68.0,47.0,,,categorical,13,1994,2018
gss_mapres105plus,gss,mapres105plus,gss:mapres105plus,mother's (or youngest same-sex parent's) occupational prestige score using thres,55.0|14.0|16.0|18.0|50.0|85.0|28.0|87.0|26.0|29.0|24.0|22.0|12.0|48.0|27.0|39.0|91.0|68.0|46.0|15.0|54.0|21.0|88.0|58.0|32.0|65.0|13.0|56.0|38.0|44.0|20.0|69.0|42.0|94.0|40.0|62.0|73.0|11.0|49.0|5.0|64.0|83.0|95.0|19.0|35.0|9.0|80.0|8.0|60.0|47.0|51.0|66.0|25.0|90.0|61.0|10.0|78.0|86.0|84.0|63.0|59.0|6.0|74.0|37.0|33.0|34.0|7.0|17.0|30.0|76.0|53.0|81.0|71.0|23.0|79.0|36.0|72.0|75.0|92.0|70.0|89.0|43.0|97.0|57.0|93.0|82.0|67.0|45.0|41.0|77.0|52.0|31.0,55.0,,,categorical,13,1994,2018
gss_marblk,gss,marblk,gss:marblk,close relative marry black person,neither favor nor oppose|strongly favor|strongly oppose|oppose|favor,neither favor nor oppose,,,categorical,13,1990,2018
gss_marcohrt,gss,marcohrt,gss:marcohrt,year of first marriage,1970.0|1971.0|1969.0|1946.0|1972.0|1964.0|1965.0|1966.0|1968.0|1967.0|1973.0|1947.0|1945.0|1950.0|1948.0|1959.0|1974.0|1955.0|1961.0|1954.0|1962.0|1960.0|1953.0|1963.0|1957.0|1949.0|1975.0|1958.0|1940.0|1956.0|1951.0|1952.0|1977.0|1976.0|1942.0|1941.0|1944.0|1979.0|1980.0|1943.0|1978.0|1939.0|1938.0|1981.0|1982.0|1983.0|1936.0|1935.0|1937.0|1934.0|1985.0|1984.0|1933.0|1932.0|1929.0|1986.0|1928.0|1930.0|1931.0|1987.0|1927.0|1926.0|1988.0|1924.0|1925.0|1989.0|1922.0|1923.0|1920.0|1990.0|1921.0|1917.0|1918.0|1991.0|1919.0|1992.0|1916.0|1915.0|1914.0|1913.0|1993.0|1909.0|1912.0|1911.0|1910.0|1908.0|1906.0|1907.0|1904.0|1994.0|1903.0|1905.0|1900.0|1901.0|1902.0,1970.0,,,categorical,20,1972,1994
gss_marelkid,gss,marelkid,gss:marelkid,mothers religion when r was child,protestant|catholic|hinduism|jewish|buddhism|none,protestant,,,categorical,4,1991,2018
gss_marfin,gss,marfin,gss:marfin,financial security main advtg of marriage,disagree|neither agree nor disagree|strongly disagree|agree|strongly agree,disagree,,,categorical,2,1988,1994
gss_marfree,gss,marfree,gss:marfree,personal freedom more impt than marriage,disagree|neither agree nor disagree|strongly disagree|agree|strongly agree,disagree,,,categorical,2,1988,1996
gss_markids,gss,markids,gss:markids,main purpose of marriage = kids,disagree|neither agree nor disagree|strongly disagree|agree|strongly agree,disagree,,,categorical,2,1988,1994
gss_marnomar,gss,marnomar,gss:marnomar,bad marriage better than none at all,strongly disagree|disagree|neither agree nor disagree|agree|strongly agree,strongly disagree,,,categorical,3,1988,2002
gss_marsame,gss,marsame,gss:marsame,homosexual couples should have the right to marry one another,strongly disagree|disagree|neither agree nor disagree|agree|strongly agree,strongly disagree,,,categorical,2,1988,2004
gss_marsame1,gss,marsame1,gss:marsame1,homosexual couples have right to marry,strongly agree|agree|strongly disagree|disagree|neither agree nor disagree,strongly agree,,,categorical,7,2006,2018
gss_masei10,gss,masei10,gss:masei10,r's mother's (or youngest same-sex parent's) socioeconomic index (2010),38.8|12.6|24.2|80.9|39.7|84.2|13.6|26.8|13.2|19.6|38.3|21.6|43.0|21.8|14.0|25.0|82.5|24.6|35.8|20.7|76.3|23.3|26.5|46.6|52.0|26.1|20.8|41.1|32.6|61.4|67.7|25.7|17.1|41.0|56.9|27.0|38.1|62.9|59.1|37.6|39.9|31.6|84.5|14.8|13.3|15.8|23.8|69.3|46.5|20.1|31.9|28.6|71.7|18.8|63.7|62.1|77.2|59.8|65.3|41.8|29.9|75.5|12.4|26.9|57.5|62.0|19.7|71.8|57.8|11.8|37.2|33.4|68.6|9.0|54.6|34.7|60.3|35.1|92.8|60.5|77.4|32.0|30.9|23.7|14.6|45.3|20.5|81.0|38.2|28.7|58.4|73.9|33.2|12.7|60.1|39.2|45.0|28.4|34.6|76.7|59.9|39.6|70.1|91.1|35.3|47.9|10.6|44.6|36.5|52.3|50.3|25.1|67.8|55.3|37.9|18.6|50.0|31.1|42.9|56.8|61.5|88.3|37.7|22.9|17.0|38.9|43.8|58.2|21.1|27.7|85.8|26.6|34.5|72.5|50.1|34.8|88.7|57.4|50.7|92.0|80.7|26.2|61.2|24.1|73.4|22.4|69.4|87.9|49.2|17.5|50.4|35.5|45.1|44.9|36.9|92.2|84.0|57.0|24.0|52.4|68.0|31.3|52.1|30.3|31.2|86.6|28.5|52.5|32.7|87.3|25.2|64.5|36.8|78.3|63.1|27.4|66.2|51.7|29.4|92.1|83.8|71.0|43.1|62.6|20.3|20.9|53.0|60.2|77.9|53.8|86.5|62.7|63.3|79.9|55.1|35.4|21.5|64.2|77.3|73.6|49.4|39.5|29.2|34.4|70.5|74.6|41.4|27.5|52.6|29.3|45.4|73.5|88.0|89.4|48.8|77.0|86.8|70.4|64.9|37.1|64.4|42.7|24.8|85.2|42.8|30.0|54.3|70.3|81.9|82.4|73.0|53.9|36.4|59.4|82.7|29.5|73.2|27.6|37.8|71.6|18.9|44.5|58.6|22.1|53.6|29.6|89.9|46.0|29.7|86.1|25.4|81.5|75.6|43.5|84.3|21.0|54.1|19.0|51.5|25.6|87.6|27.1|72.6|88.4|20.0|53.7|49.3|91.6|72.7|80.2|22.5|40.4|55.0|48.1|52.9|46.2|75.7|36.7|56.3|65.1|48.3|88.6|85.0|40.1|57.3|65.6|87.8|39.1|69.5|66.1|63.2|34.1|85.5|33.9|91.9|62.4|58.1|37.0|49.6|53.2|79.6|71.4|37.4|31.5|19.2|23.2|86.7|83.4|61.9|48.4|53.1|59.0|74.8|86.9|33.7|57.1|77.7|66.4|30.8|21.3|73.1|51.8|35.2|28.8|81.6|36.2|23.0,38.8,,,categorical,13,1994,2018
gss_masei10educ,gss,masei10educ,gss:masei10educ,percentage of some college educ in maocc10 based on acs 2010,57.6|17.3|40.8|98.9|22.3|55.9|56.1|16.5|97.8|44.0|24.3|35.0|45.4|55.4|25.1|99.0|37.7|42.3|93.7|69.1|37.0|14.1|65.3|79.2|58.8|76.9|53.0|54.2|17.0|78.0|51.1|99.1|90.6|58.9|83.0|22.7|28.2|45.2|36.0|82.5|17.2|82.3|33.7|42.0|24.1|26.7|38.4|94.8|50.7|82.8|99.7|97.5|16.9|92.0|78.2|59.2|55.5|27.1|68.6|46.3|32.4|12.2|53.9|65.6|73.0|91.4|85.9|55.7|28.9|75.9|31.0|12.6|16.0|52.1|55.8|56.7|65.5|85.7|83.7|21.7|95.6|47.4|41.8|82.4|99.4|31.9|48.5|81.3|66.9|19.3|81.4|26.0|91.9|50.0|50.1|58.5|36.5|86.3|67.3|73.3|68.8|62.7|12.4|25.4|71.7|86.8|61.1|46.6|57.1|62.4|66.0|13.5|42.8|68.4|22.0|86.7|87.3|74.4|70.9|76.5|64.6|30.7|46.4|25.7|59.3|73.5|74.2|60.9|79.4|75.5|77.2|99.3|40.3|92.1|29.1|75.1|34.1|83.1|31.1|51.0|71.6|50.6|17.9|54.6|95.5|54.3|24.0|23.9|63.9|67.4|94.4|73.9|94.0|52.7|97.3|17.5|70.1|58.6|54.8|64.1|29.5|15.5|99.2|69.9|35.3|21.9|38.3|43.9|48.9|21.0|48.8|34.2|27.0|34.7|39.6|57.7|78.3|98.3|20.4|21.6|80.0|33.9|33.5|79.9|78.8|80.7|52.2|88.3|87.0|67.6|47.3|61.3|20.5|19.2|74.6|46.1|96.3|80.1|99.5|79.5|96.0|37.8|31.2|95.7|94.1|63.1|44.2|51.7|35.5|43.7|89.8|30.4|84.5|92.4|84.8|27.5|62.8|19.0|65.1|85.6|92.6|78.1|26.2|89.4|47.8|83.5|19.7|95.1|37.4|45.7|58.7|49.0|63.5|91.7|56.6|90.8|81.1|75.6|83.3|58.2|70.3|96.4|13.4|55.6|85.4|28.3|19.9|48.1|47.5|32.1|91.2|35.1|62.2|46.7|55.1|97.0|17.7|72.2|9.8|77.5|81.0|61.0|13.3|69.8|68.2|46.9|92.9|40.9|90.9|90.2|18.6|85.3|93.1|69.6|66.8|95.0|42.6|21.1|86.2|41.6|78.4|63.3|81.9|72.5|84.6|98.7|70.4|94.3|16.8|28.0|23.6|48.2|64.7|10.9|42.1|17.8|12.3|98.5|84.4|88.2|63.7|47.9|66.7|90.5|53.3|40.4|25.6|96.5|79.6|19.8|22.4|45.5|45.1|26.6|30.6|35.2|40.2|79.8|27.8|18.0|18.7,57.6,,,categorical,13,1994,2018
gss_matesex,gss,matesex,gss:matesex,was 1 of r's partner's spouse or regular,yes|no,yes,,,binary,18,1988,2018
gss_mawork,gss,mawork,gss:mawork,mothers employment since marriage,yes|no,yes,,,binary,18,1973,1993
gss_mawork14,gss,mawork14,gss:mawork14,did mom work before r was 14 yrs old,yes|no|didnt live with mom,yes,,,categorical,4,1988,2012
gss_mawrkgrw,gss,mawrkgrw,gss:mawrkgrw,did mother (or youngest same-sex parent) ever work for pay for as long as a year,yes|no,yes,,,binary,13,1994,2018
gss_mawrkslf,gss,mawrkslf,gss:mawrkslf,mother (or youngest same-sex parent) self-emp. or worked for somebody,someone else|self-employed,someone else,,,binary,13,1994,2018
gss_mawrkwrm,gss,mawrkwrm,gss:mawrkwrm,working mom can have a warm rel w kids,agree|strongly agree|disagree|strongly disagree|neither agree nor disagree,agree,,,categorical,4,1988,2012
gss_medcare1,gss,medcare1,gss:medcare1,who r thinks should be most responsible for cost of xs medical care,"insurance|name, him-herself|government|his-her family|private charity",insurance,,,categorical,2,1996,2006
gss_medcare2,gss,medcare2,gss:medcare2,who r thinks should be next most responsible for cost of xs medical care,his-her family|insurance|government|private charity,his-her family,,,categorical,2,1996,2006
gss_meddoc,gss,meddoc,gss:meddoc,x should go to general medical doctor for help,yes|no,yes,,,binary,3,1996,2018
gss_medinfsc,gss,medinfsc,gss:medinfsc,influence on funding for stem cell rsch: medical researchers,a fair amount|a great deal of influence|a little influence|none at all,a fair amount,,,categorical,2,2006,2010
gss_meetings,gss,meetings,gss:meetings,how many people seen at church or group meeting,0|3 - 5|6 - 10|1 - 2|16-25|11 - 15|26-50|50+,0,,,categorical,3,2000,2004
gss_meltpot,gss,meltpot,gss:meltpot,r attitude toward mixing cultures in us,4.0|5.0|3.0|blend in to larger society|maintain distinct cultures|6.0|2.0,4.0,,,categorical,2,1994,2000
gss_memchurh,gss,memchurh,gss:memchurh,membership in church group,no|yes,no,,,binary,16,1974,2004
gss_memgreek,gss,memgreek,gss:memgreek,membership in school fraternity,no|yes,no,,,binary,16,1974,2004
gss_memnat,gss,memnat,gss:memnat,membership in nationality group,no|yes,no,,,binary,16,1974,2004
gss_memschl,gss,memschl,gss:memschl,membership in school service,no|yes,no,,,binary,16,1974,2004
gss_memunion,gss,memunion,gss:memunion,membership in labor union,no|yes,no,,,binary,16,1974,2004
gss_mentloth,gss,mentloth,gss:mentloth,x should go to other mental health professional for help,yes|no,yes,,,binary,3,1996,2018
gss_meovrwrk,gss,meovrwrk,gss:meovrwrk,men hurt family when focus on work too much,agree|disagree|neither agree nor disagree|strongly agree|strongly disagree,agree,,,categorical,12,1994,2018
gss_milpay,gss,milpay,gss:milpay,pay and benefits for military personnel,about right|should be larger|should be smaller,about right,,,categorical,2,1982,1983
gss_milqual,gss,milqual,gss:milqual,quality of persons in military,good|not so good|excellent|poor,good,,,categorical,3,1982,1984
gss_milvolok,gss,milvolok,gss:milvolok,how well has volunteer military worked?,fairly well|not well|very well,fairly well,,,categorical,2,1982,1984
gss_misswork,gss,misswork,gss:misswork,miss work for health past 30 days,0.0|1.0|2.0|3.0|4.0|5.0|7.0|30.0|10.0|8.0|14.0|20.0|12.0|15.0|21.0|6.0|16.0,0.0,,,categorical,2,2014,2018
gss_mntlhlth,gss,mntlhlth,gss:mntlhlth,days of poor mental health past 30 days,0.0|2.0|5.0|3.0|1.0|10.0|30.0|15.0|4.0|20.0|7.0|14.0|6.0|25.0|8.0|12.0|9.0|21.0|28.0|16.0|29.0|22.0|27.0|18.0|23.0|17.0|26.0|24.0|11.0|19.0,0.0,,,categorical,8,2002,2018
gss_moral12,gss,moral12,gss:moral12,past 12 months r web to learn moral issues,no|yes,no,,,binary,2,2000,2002
gss_moredays,gss,moredays,gss:moredays,days per month r work extra hours,0.0|2.0|4.0|5.0|20.0|3.0|1.0|10.0|15.0|30.0|8.0|6.0|7.0|12.0|25.0|24.0|22.0|16.0|9.0|14.0|28.0|18.0|21.0|17.0|26.0|23.0|27.0|11.0|19.0|13.0|29.0,0.0,,,categorical,5,2002,2018
gss_mustwork,gss,mustwork,gss:mustwork,mandatory to work extra hours,no|yes,no,,,binary,5,2002,2018
gss_myskills,gss,myskills,gss:myskills,job allows r use of skills,agree|strongly agree|disagree|strongly disagree,agree,,,categorical,5,2002,2018
gss_mywaygod,gss,mywaygod,gss:mywaygod,r has own way of connecting with god without churches or religious services,agree|strongly agree|disagree|neither agree nor disagree|strongly disagree,agree,,,categorical,2,2008,2018
gss_nataid,gss,nataid,gss:nataid,foreign aid,too much|about right|too little,too much,,,categorical,31,1973,2018
gss_natarms,gss,natarms,gss:natarms,"military, armaments, and defense",about right|too much|too little,about right,,,categorical,31,1973,2018
gss_natarmsy,gss,natarmsy,gss:natarmsy,national defense:version y,about right|too much|too little,about right,,,categorical,22,1984,2018
gss_natchld,gss,natchld,gss:natchld,assistance for childcare,too little|about right|too much,too little,,,categorical,10,2000,2018
gss_natcrime,gss,natcrime,gss:natcrime,halting rising crime rate,too little|about right|too much,too little,,,categorical,31,1973,2018
gss_nateduc,gss,nateduc,gss:nateduc,improving nations education system,too little|about right|too much,too little,,,categorical,31,1973,2018
gss_nateducy,gss,nateducy,gss:nateducy,education:version y,too little|about right|too much,too little,,,categorical,22,1984,2018
gss_natenrgy,gss,natenrgy,gss:natenrgy,developing alternative energy sources,too little|about right|too much,too little,,,categorical,5,2010,2018
gss_natenvir,gss,natenvir,gss:natenvir,improving & protecting environment,too little|about right|too much,too little,,,categorical,31,1973,2018
gss_natenviy,gss,natenviy,gss:natenviy,the environment:version y,too little|about right|too much,too little,,,categorical,22,1984,2018
gss_natfare,gss,natfare,gss:natfare,welfare,too much|about right|too little,too much,,,categorical,31,1973,2018
gss_natfarey,gss,natfarey,gss:natfarey,assistance to the poor:version y,too little|about right|too much,too little,,,categorical,22,1984,2018
gss_natheal,gss,natheal,gss:natheal,improving & protecting nations health,too little|about right|too much,too little,,,categorical,31,1973,2018
gss_nathealy,gss,nathealy,gss:nathealy,health:version y,too little|about right|too much,too little,,,categorical,22,1984,2018
gss_natrace,gss,natrace,gss:natrace,improving the conditions of black people,about right|too little|too much,about right,,,categorical,31,1973,2018
gss_natracey,gss,natracey,gss:natracey,assistance to black people: version y,about right|too little|too much,about right,,,categorical,22,1984,2018
gss_natsoc,gss,natsoc,gss:natsoc,social security,too little|about right|too much,too little,,,categorical,22,1984,2018
gss_naturwar,gss,naturwar,gss:naturwar,nature is survival of fittest,agree|neither agree nor disagree|disagree|strongly agree|strongly disagree,agree,,,categorical,2,1993,1994
gss_negjob5,gss,negjob5,gss:negjob5,"in last 5 yrs, r been denied promo or recvd bad evaluation bc employr belivd r w",yes|not employed in last 5 years|no,yes,,,categorical,2,2008,2012
gss_newjob12,gss,newjob12,gss:newjob12,r use web to look for new job in past 12 months,no|yes,no,,,binary,2,2000,2002
gss_noicecap,gss,noicecap,gss:noicecap,effect of global warming: northern ice cap melt,a great deal|some|a little|not at all,a great deal,,,categorical,2,2006,2010
gss_nounemp1,gss,nounemp1,gss:nounemp1,r would accept job requiring new skill to avoid unemployment,agree|strongly agree|neither agree nor disagree|disagree|strongly disagree,agree,,,categorical,2,2006,2016
gss_nounemp2,gss,nounemp2,gss:nounemp2,r would accept position with lower pay to avoid unemployment,agree|disagree|strongly agree|neither agree nor disagree|strongly disagree,agree,,,categorical,2,2006,2016
gss_nounemp3,gss,nounemp3,gss:nounemp3,r would accept temporary employment to avoid unemployment,agree|strongly agree|disagree|neither agree nor disagree|strongly disagree,agree,,,categorical,2,2006,2016
gss_nounemp4,gss,nounemp4,gss:nounemp4,r would accept travel longer to work to avoid unemployment,agree|disagree|strongly agree|neither agree nor disagree|strongly disagree,agree,,,categorical,2,2006,2016
gss_ntwkhard,gss,ntwkhard,gss:ntwkhard,past week not work hard enough,0.0|10.0|20.0|5.0|25.0|30.0|50.0|15.0|40.0|2.0|3.0|70.0|100.0|1.0|60.0|4.0|75.0|80.0|8.0|90.0|7.5|3.5|35.0|4.5|2.5|65.0|1.5|12.5|85.0|0.5|22.5|12.0|13.0|14.0|9.0|7.0|62.5|17.5|17.0|18.0,0.0,,,categorical,2,2014,2018
gss_nukefam,gss,nukefam,gss:nukefam,nuke power danger to my family,somewhat dangerous|very dangerous|not very dangerous|extremely dangerous|not dangerous at all,somewhat dangerous,,,categorical,2,1993,1994
gss_numkids,gss,numkids,gss:numkids,what is ideal number of kids for family,2.0|3.0|4.0|1.0|5.0|0.0|6.0|seven or more,2.0,,,categorical,3,1988,2012
gss_nummen,gss,nummen,gss:nummen,number of male sex partner's since 18,"0.0|1.0|2.0|3.0|4.0|5.0|10.0|6.0|7.0|8.0|15.0|20.0|12.0|1 or more, number unknown|9.0|25.0|30.0|50.0|11.0|100.0|13.0|18.0|40.0|dash or slash|14.0|'many,' 'lots'|35.0|'n.a.'|16.0|22.0|21.0|17.0|'several'|200.0|'x'|45.0|60.0|23.0|26.0|33.0|75.0|24.0|27.0|garbled text|150.0|300.0|28.0|65.0|989 or more|70.0|19.0|36.0|80.0|122.0|32.0|55.0|38.0|99.0|62.0|110.0|48.0|41.0|500.0|57.0|56.0|51.0|85.0|42.0|88.0|365.0|700.0|37.0|120.0|34.0|43.0|39.0|90.0|375.0|83.0|600.0|54.0|336.0|397.0|125.0|400.0|84.0|103.0|350.0|52.0|175.0",0.0,,,categorical,17,1989,2018
gss_numorg,gss,numorg,gss:numorg,number of people working in organization at all locations,"100-499 in range|10-49 in range|1.0|above 100,000 in range|10,000 or more|1-9 in range|50-99 in range|500-999 in range|10,000-50,000 in range|5,000-10,000 in range|1,000-1,999 in range|2.0|50.0|3.0|2,000-2,999 in range|50,000-100,000 in range|4.0|5.0|100.0|500.0|9.0|20.0|1000.0|2000.0|200.0|6.0|3,000-3,999 in range|10.0|300.0|7.0|30.0|4,000-4,999 in range|15.0|8.0|150.0|400.0|5000.0|12.0|40.0|11.0|25.0|120.0|250.0|13.0|75.0|3000.0|800.0|70.0|1500.0|35.0|60.0|600.0|80.0|16.0|1200.0|350.0|6000.0|17.0|65.0|14.0|4000.0|18.0|700.0|2500.0|7000.0|45.0|160.0|90.0|130.0|22.0|3800.0|450.0|180.0|8000.0|49.0|175.0|3500.0|1800.0|125.0|280.0|260.0|24.0|38.0|165.0|900.0|6500.0|23.0|1100.0|110.0|172.0|550.0|9000.0|140.0|105.0|155.0|3200.0|4500.0|32.0|73.0|19.0|999.0|78.0|375.0|161.0|21.0|31.0|63.0|42.0|28.0|1700.0|48.0|27.0|240.0|72.0|37.0|56.0|92.0|66.0|154.0|650.0|225.0|7500.0|36.0|55.0|1001.0|370.0|99.0|185.0|750.0|52.0|850.0|480.0|745.0|83.0|95.0|1300.0|670.0|210.0|499.0|5100.0|85.0|61.0|113.0|8500.0|258.0|207.0|234.0|4300.0|9800.0|76.0|43.0|33.0|1600.0|425.0|467.0|630.0|2300.0|59.0|47.0|220.0|190.0|106.0|86.0|275.0|62.0|116.0|532.0|309.0|163.0|44.0|2600.0",100-499 in range,,,categorical,4,2006,2018
gss_numwomen,gss,numwomen,gss:numwomen,number of female sex partner's since 18,"0.0|1.0|2.0|3.0|5.0|10.0|4.0|6.0|20.0|15.0|8.0|12.0|7.0|30.0|50.0|25.0|100.0|9.0|40.0|1 or more, number unknown|35.0|11.0|18.0|14.0|13.0|200.0|'many,' 'lots'|16.0|60.0|75.0|150.0|17.0|'n.a.'|24.0|21.0|22.0|45.0|23.0|28.0|19.0|300.0|'several'|dash or slash|32.0|70.0|27.0|120.0|33.0|989 or more|80.0|36.0|250.0|garbled text|'x'|26.0|65.0|90.0|31.0|500.0|29.0|34.0|55.0|68.0|63.0|101.0|125.0|85.0|52.0|87.0|73.0|175.0|122.0|42.0|350.0|130.0|56.0|51.0|145.0|41.0|222.0|86.0|37.0|47.0|54.0|53.0|165.0|170.0|69.0|403.0|59.0|137.0|280.0|61.0|140.0|380.0|96.0|115.0|700.0|750.0|400.0|49.0|58.0|127.0|77.0|82.0|325.0|57.0|62.0|74.0|103.0|270.0|210.0|138.0|48.0|123.0|301.0|167.0|89.0|105.0|121.0|253.0|201.0|255.0|38.0|39.0|240.0|46.0|66.0|147.0|88.0|450.0|84.0|43.0",0.0,,,categorical,17,1989,2018
gss_occmobil,gss,occmobil,gss:occmobil,status of job higher than father's?,higher|about equal|much higher than dad|lower|much lower than dad|no dad-never had job|r never had job,higher,,,categorical,2,1987,2000
gss_oppsegov,gss,oppsegov,gss:oppsegov,how important: citizen engage in acts of civil disobeyed,not at all important|very important|4.0|5.0|6.0|2.0|3.0,not at all important,,,categorical,2,2004,2014
gss_opwlth,gss,opwlth,gss:opwlth,need wealthy family to get ahead,not very important|fairly important|very important|not important at all|essential,not very important,,,categorical,2,1987,2000
gss_ormeddoc,gss,ormeddoc,gss:ormeddoc,in what order go to a general medical doctor,2.0|3.0|1.0|4.0|5.0|6.0|7.0|8.0|9.0,2.0,,,categorical,2,1996,2006
gss_ortlkfm,gss,ortlkfm,gss:ortlkfm,in what order talk things over with family & friends,1.0|2.0|3.0|4.0|5.0|6.0|7.0|8.0|9.0|10.0,1.0,,,categorical,2,1996,2006
gss_oth1,gss,oth1,gss:oth1,being discriminated against,no|yes,no,,,binary,2,1991,2004
gss_oth16,gss,oth16,gss:oth16,other protestant denominations,"pentecostal|mormon|church of christ|christian; central christian|congregationalist, 1st congreg|churches of god (except with christ and holiness)|jehovah's witnesses|assembly of god|nazarene|united church of christ|7th day adventist|holiness; church of holiness|reformed|christian scientist|christian reform|disciples of christ|evangelical, evangelist|united brethren, united brethren in christ|first christian|brethren church, brethren|unitarian, universalist|pentecostal holiness, holiness pentecostal|free will baptist|missionary baptist|mennonite|quaker|dutch reform|church of god in christ|evangelical reformed|salvation army|holiness (nazarene)|apostolic faith|wesleyan|lds--reorganized|independent|church of god in christ holiness|full gospel|free methodist|sanctified, sanctification|christian & missionary alliance|moravian|other fundamentalist|four square gospel|evangelist free church|community church|pilgrim holiness|pentecostal assembly of god|united church of christianity|christ in christian union|united church, unity church|pentecostal church of god|church of the living god|primitive baptist|advent children|reformed united church of christ|friends|evangelical united brethren|apostolic church|holiness church of god|covenant|first christian disciples of christ|missionary church|amish|united church of canada|ind bible, bible, bible fellowship|christian disciples|church of christ, evangelical|evangelical covenant|christian catholic|african methodist|apostolic christian|first reformed|federated church|first church|hungarian reformed|brethren, plymouth|holy roller|bible missionary|spiritualist|christ adelphians|reformed church of christ|christ church unity|worldwide church of god|pentecostal apostolic|church of god, saint & christ|mission covenant|baptist (northern)|religious science|wesleyan methodist--pilgrim|church of the first born|zion union apostolic--reformed|charismatic|alliance|swedish mission|open bible|mennonite brethren|zion union apostolic|new apostolic|evangelical methodist|calvary bible|born again|unity|polish national church|mind science|grace brethren|carmelite|the church of god of prophecy|evangelical congregational|zwinglian|church of prophecy|christian union|brother of christ|macedonia|chinese gospel church|assyrian evangelist church|american reform|latvian lutheran|faith covenant|assembly of christ|new testament christian|church of daniel's band|armenian apostolic church|jacobite apostolic|national progressive baptist|unity of the brethren|unity school of christianity|community of christ|friends in christ|zion union|pathways christian church|church of living christ|new birth christian|divine science|swedenurgian/churches of the new jerusalem|chapel of faith|faith christian|schwenkfelder|word of jesus|ethiopian evangelical church|church of jesus christ of the restoration|the amana church|united christian",pentecostal,,,categorical,31,1973,2018
gss_oth2,gss,oth2,gss:oth2,unable to get to school,no|yes,no,,,binary,2,1991,2004
gss_oth3,gss,oth3,gss:oth3,child have trouble in school,no|yes,no,,,binary,2,1991,2004
gss_othcredt,gss,othcredt,gss:othcredt,other people take credit for r's work or ideas,never|rarely|sometimes|often,never,,,categorical,2,2004,2012
gss_other,gss,other,gss:other,other protestant denominations,"pentecostal|mormon|church of christ|christian; central christian|jehovah's witnesses|congregationalist, 1st congreg|churches of god (except with christ and holiness)|assembly of god|united church of christ|7th day adventist|nazarene|holiness; church of holiness|unitarian, universalist|evangelical, evangelist|disciples of christ|reformed|christian reform|pentecostal holiness, holiness pentecostal|free will baptist|first christian|missionary baptist|brethren church, brethren|christian scientist|quaker|mennonite|church of god in christ|apostolic faith|wesleyan|full gospel|independent|other fundamentalist|unity|sanctified, sanctification|evangelist free church|united brethren, united brethren in christ|holiness (nazarene)|christian & missionary alliance|spiritualist|salvation army|pentecostal assembly of god|lds--reorganized|ind bible, bible, bible fellowship|religious science|dutch reform|four square gospel|pentecostal church of god|church of god in christ holiness|community church|moravian|united church of christianity|friends|united church, unity church|covenant|missionary church|free methodist|first church|first christian disciples of christ|apostolic church|evangelical reformed|pentecostal apostolic|charismatic|advent children|christian disciples|reformed united church of christ|apostolic christian|primitive baptist|christian catholic|grace brethren|wesleyan methodist--pilgrim|born again|open bible|christian union|reformed church of christ|christ adelphians|church of the living god|holiness church of god|pilgrim holiness|amish|evangelical covenant|bible missionary|mind science|brethren, plymouth|worldwide church of god|mission covenant|church of christ, evangelical|church of god, saint & christ|christian calvary chapel|new age spirituality|baptist (northern)|united holiness|new testament christian|evangelical congregational|federated church|united church of canada|hebrew roots|disciples of god|evangelical methodist|zion union|church of the first born|the church of god of prophecy|first reformed|zion union apostolic--reformed|christ church unity|spirit filled|chinese gospel church|assembly of christ|house of prayer|mennonite brethren|church of prophecy|christ in christian union|zion union apostolic|american reform|alliance|community christian fellowship|journeys|christian tabernacle|holy roller|national progressive baptist|community of christ|church of daniel's band|zwinglian|evangelical united brethren|polish national church|swedish mission|hebrew israelites|eden evangelist|new hope christian fellowship|grace reformed|brother of christ|new apostolic|metropolitan community|the way ministry|church universal and triumphant|christ cathedral of truth|calvary bible|latvian lutheran|faith gospel tabernacle|living word|new birth christian|world overcomer outreach ministry|course in miracles|disciple of jesus|armenian apostolic church|calvary|faith covenant|true light church of christ|unity of the brethren|laotian christian|spirit of christ|shephard's chapel|pathways christian church|real life ministries|new life|witness holiness|new song|independent fundamental church of america|life sanctuary|chapel of faith|african methodist|ethiopian evangelical church|scandinavian church|empowerment temple|grace independent baptist church|church of jesus christ of the restoration|sanctuary|assyrian evangelist church|the amana church|the legacy church|harvest church|the word church|great faith ministries|word of faith church|united christian|shield of faith ministries|vineyard church|rain on us deliverance ministries|greater new testament church|cornerstone church|cathedral of joy",pentecostal,,,categorical,32,1972,2018
gss_othersex,gss,othersex,gss:othersex,r had sex with some other last year,no|yes,no,,,binary,18,1988,2018
gss_othfam1,gss,othfam1,gss:othfam1,person #1 is r's family member,not mentioned|mentioned,not mentioned,,,binary,3,1985,2004
gss_othfam2,gss,othfam2,gss:othfam2,person #2 is r's family member,not mentioned|mentioned,not mentioned,,,binary,3,1985,2004
gss_othfam3,gss,othfam3,gss:othfam3,person #3 is r's family member,not mentioned|mentioned,not mentioned,,,binary,3,1985,2004
gss_othfam4,gss,othfam4,gss:othfam4,person #4 is r's family member,not mentioned|mentioned,not mentioned,,,binary,2,1985,2004
gss_othfam5,gss,othfam5,gss:othfam5,person #5 is r's family member,not mentioned|mentioned,not mentioned,,,binary,2,1985,2004
gss_othsch,gss,othsch,gss:othsch,children attend other school,no|yes,no,,,binary,2,1998,2000
gss_othssame,gss,othssame,gss:othssame,no saving environment unless others do same,disagree|agree|neither agree nor disagree|strongly disagree|strongly agree,disagree,,,categorical,2,2000,2010
gss_oversamp,gss,oversamp,gss:oversamp,weights for black oversamples,not 1982/1987|1.235|1.241|0.4347|0.3778,not 1982/1987,,,categorical,32,1972,2018
gss_overwork,gss,overwork,gss:overwork,r has too much work to do well,disagree|agree|strongly disagree|strongly agree,disagree,,,categorical,5,2002,2018
gss_ownbanks,gss,ownbanks,gss:ownbanks,govts role in banking and insurance,control prices|leave alone|own it,control prices,,,categorical,2,1985,1990
gss_owngun,gss,owngun,gss:owngun,have gun in home,no|yes,no,,,binary,27,1973,2018
gss_padeg,gss,padeg,gss:padeg,father's (or oldest same-sex parent's) highest degree,less than high school|high school|bachelor's|graduate|associate/junior college,less than high school,,,categorical,32,1972,2018
gss_paeduc,gss,paeduc,gss:paeduc,"highest year school completed, father (or oldest same-sex parent)",12th grade|8th grade|4 years of college|2 years of college|6th grade|10th grade|9th grade|11th grade|3rd grade|no formal schooling|1 year of college|7th grade|4th grade|5th grade|6 years of college|8 or more years of college|3 years of college|5 years of college|2nd grade|7 years of college|1st grade,12th grade,,,categorical,32,1972,2018
gss_paidsex,gss,paidsex,gss:paidsex,r had sex for pay last year,no|yes,no,,,binary,18,1988,2018
gss_paind10,gss,paind10,gss:paind10,father's (or oldest same-sex parent's) industry code (naics 2007),"construction|crop production|animal production|rail transportation|motor vehicles and motor vehicle equipment manufacturing|iron and steel mills and steel product manufacturing|truck transportation|elementary and secondary schools|justice, public order, and safety activities|coal mining|national security and international affairs|grocery stores|automotive repair and maintenance|postal service|insurance carriers and related activities|automobile dealers|electric power generation, transmission, and distribution|restaurants and other food services|colleges and universities, including junior colleges|religious organizations|hospitals|aircraft and parts manufacturing|industrial and miscellaneous chemicals|sawmills and wood preservation|real estate|groceries and related products, merchant wholesalers|machinery manufacturing, n.e.c.|wired telecommunications carriers|not specified manufacturing industries|furniture and related product manufacturing|executive offices and legislative bodies|services incidental to transportation|fabric mills, except knitting mills|building material and supplies dealers|gasoline stations|animal slaughtering and processing|pulp, paper, and paperboard mills|banking and related activities|printing and related support activities|ship and boat building|bus service and urban transit|metal ore mining|foundries|architectural, engineering, and related services|offices of physicians|legal services|u.s. army|logging|structural metals, and boiler, tank, and shipping container manufacturing|electrical lighting and electrical equipment manufacturing, and other electrical component manufacturing, n.e.c.|u.s. air force|dairy product manufacturing|support activities for mining|beverage manufacturing|newspaper publishers|cut and sew apparel manufacturing|department stores and discount stores|aerospace product and parts manufacturing|petroleum refining|administration of economic programs and space research|barber shops|drycleaning and laundry services|glass and glass product manufacturing|furniture and home furnishings stores|metalworking machinery manufacturing|landscaping services|not specified retail trade|miscellaneous manufacturing, n.e.c.|traveler accommodation|miscellaneous fabricated metal products manufacturing|machine shops; turned product; screw, nut, and bolt manufacturing|u.s. armed forces/n.s.|u.s. navy|securities, commodities, funds, trusts, and other financial investments|specialty food stores|agricultural implement manufacturing|water, steam, air-conditioning, and irrigation systems|air transportation|warehousing and storage|animal food, grain, and oilseed milling|personal and household goods repair and maintenance|commercial and industrial machinery and equipment repair and maintenance|waste management and remediation services|cement, concrete, lime, and gypsum product manufacturing|natural gas distribution|other amusement, gambling, and recreation industries|petroleum and petroleum products, merchant wholesalers|bakeries, except retail|tire manufacturing|taxi and limousine service|clothing stores|pharmacies and drug stores|labor unions|aluminum production and processing|construction, and mining and oil and gas field machinery manufacturing|computer and peripheral equipment manufacturing|miscellaneous general merchandise stores|retail bakeries|accounting, tax preparation, bookkeeping, and payroll services|nonmetallic mineral mining and quarrying|lawn and garden equipment and supplies stores|fuel dealers|footwear manufacturing|auto parts, accessories, and tire stores|water transportation|hardware stores|electronic component and product manufacturing, n.e.c.|services to buildings and dwellings|household appliance manufacturing|independent artists, performing arts, spectator sports, and related industries|offices of dentists|administration of environmental quality and housing programs|plastics product manufacturing|administration of human resource programs|commercial and service industry machinery manufacturing|public finance activities|machinery, equipment, and supplies, merchant wholesalers|advertising and related services|sugar and confectionery products|not specified type of mining|scientific research and development services|fishing, hunting, and trapping|miscellaneous wood products|communications, and audio and video equipment manufacturing|drinking places, alcoholic beverages|paperboard containers and boxes|nonferrous metal (except aluminum) production and processing|navigational, measuring, electromedical, and control instruments manufacturing|pharmaceutical and medicine manufacturing|electronic and precision equipment repair and maintenance|private households|ordnance|other general government and support|hardware, plumbing and heating equipment, and supplies, merchant wholesalers|computer systems design and related services|engines, turbines, and power transmission equipment manufacturing|support activities for agriculture and forestry|lumber and other construction materials, merchant wholesalers|fruit and vegetable preserving and specialty food manufacturing|farm product raw materials, merchant wholesalers|railroad rolling stock manufacturing|jewelry, luggage, and leather goods stores|resin, synthetic rubber and fibers, and filaments manufacturing|household appliance stores|museums, art galleries, historical sites, and similar institutions|knitting fabric mills, and apparel knitting mills|non-depository credit and related activities|leather tanning and finishing and other allied products manufacturing|radio and television broadcasting and cable subscription programming|motor vehicles, parts and supplies, merchant wholesalers|recyclable material, merchant wholesalers|periodical, book, and directory publishers|funeral homes, and cemeteries and crematories|miscellaneous paper and pulp products|not specified food industries|electric and gas, and other combinations|medical equipment and supplies manufacturing|drugs, sundries, and chemical and allied products, merchant wholesalers|miscellaneous nonmetallic mineral product manufacturing|radio, tv, and computer stores|alcoholic beverages, merchant wholesalers|rubber product, except tire, manufacturing|sporting and athletic goods, and doll, toy and game manufacturing|miscellaneous retail stores|pottery, ceramics, and plumbing fixture manufacturing|oil and gas extraction|structural clay product manufacturing|soap, cleaning compound, and cosmetics manufacturing|management, scientific, and technical consulting services|motion pictures and video industries|sewage treatment facilities|not specified metal industries|not specified wholesale trade|fiber, yarn, and thread mills|not specified machinery manufacturing|wholesale electronic markets, agents and brokers|other direct selling establishments|apparel, fabrics, and notions, merchant wholesalers|seafood and other miscellaneous foods, n.e.c.|professional and commercial equipment and supplies, merchant wholesalers|cutlery and hand tool manufacturing|paint, coating, and adhesive manufacturing|electrical and electronic goods, merchant wholesalers|paper and paper products, merchant wholesalers|specialized design services|shoe stores|textile product mills, except carpet and rug|tobacco manufacturing|civic, social, advocacy organizations, and grantmaking and giving services|savings institutions, including credit unions|footwear and leather goods repair|agricultural chemical manufacturing|investigation and security services|individual and family services|other personal services|not specified utilities|veneer, plywood, and engineered wood products|forestry, except logging|u.s. marine corps|metal forgings and stampings|metals and minerals, except petroleum, merchant wholesalers|miscellaneous nondurable goods, merchant wholesalers|beer, wine, and liquor stores|other professional, scientific, and technical services|sporting goods, camera, and hobby and toy stores|couriers and messengers|nursing care facilities|textile and fabric finishing and coating mills|miscellaneous petroleum and coal products|residential care facilities, without nursing|other telecommunications services|office supplies and stationery stores|pipeline transportation|retail florists|management of companies and enterprises|coating, engraving, heat treating and allied activities|employment services|veterinary services|farm supplies, merchant wholesalers|carpet and rug mills|beauty salons|outpatient care centers|health and personal care, except drug, stores|automotive equipment rental and leasing|offices of optometrists|other health care services|miscellaneous durable goods, merchant wholesalers|other administrative and other support services|u.s. coast guard|business support services|business, professional, political, and similar organizations|book stores and news dealers|offices of other health practitioners|offices of chiropractors|prefabricated wood buildings and mobile homes|active duty military personnel, all other|vending machine operators|other schools and instruction, and educational support services|furniture and home furnishing, merchant wholesalers|other transportation equipment manufacturing|business, technical, and trade schools and training|used merchandise stores|music stores|commercial, industrial, and other intangible assets rental and leasing|sewing, needlework, and piece goods stores|apparel accessories and other apparel manufacturing|other consumer goods rental|travel arrangements and reservation services|scenic and sightseeing transportation|recreational vehicle parks and camps, and rooming and boarding houses|other motor vehicle dealers|nail salons and other personal care services|car washes|mail order houses|bowling centers|child day care services|libraries and archives|sound recording industries|other information services|home health care services|vocational rehabilitation services|gift, novelty, and souvenir shops|data processing, hosting, and related services|community food and housing, and emergency services",construction,,,categorical,32,1972,2018
gss_paocc10,gss,paocc10,gss:paocc10,father's (or oldest same-sex parent's) occupatoin code (2010),"farmers, ranchers, and other agricultural managers|driver/sales workers and truck drivers|miscellaneous agricultural workers|first-line supervisors of retail sales workers|carpenters|first-line supervisors of production and operating workers|production workers, all other|managers, all other|construction laborers|laborers and freight, stock, and material movers, hand|first-line supervisors of construction trades and extraction workers|sales representatives, wholesale and manufacturing|automotive service technicians and mechanics|mining machine operators|retail salespersons|janitors and building cleaners|machinists|electricians|welding, soldering, and brazing workers|pipelayers, plumbers, pipefitters, and steamfitters|construction managers|accountants and auditors|first-line supervisors of non-retail sales workers|chief executives|military, rank not specified|clergy|police and sheriff's patrol officers|painters, construction and maintenance|miscellaneous assemblers and fabricators|insurance sales agents|physicians and surgeons|operating engineers and other construction equipment operators|brickmasons, blockmasons, and stonemasons|electrical and electronics engineers|postsecondary teachers|industrial production managers|mechanical engineers|secondary school teachers|industrial and refractory machinery mechanics|inspectors, testers, sorters, samplers, and weighers|food service managers|postal service mail carriers|butchers and other meat, poultry, and fish processing workers|lawyers|grounds maintenance workers|logging workers|first-line supervisors of office and administrative support workers|financial managers|first-line supervisors of mechanics, installers, and repairers|stationary engineers and boiler operators|first-line enlisted military supervisors|civil engineers|bus and truck mechanics and diesel engine specialists|general and operations managers|tool and die makers|firefighters|military officer special and tactical operations leaders|marketing and sales managers|real estate brokers and sales agents|education administrators|other extraction workers|structural metal fabricators and fitters|supervisors of transportation and material moving workers|molders and molding machine setters, operators, and tenders, metal and plastic|elementary and middle school teachers|barbers|stock clerks and order fillers|security guards and gaming surveillance officers|crane and tower operators|other installation, maintenance, and repair workers|printing press operators|heavy vehicle and mobile equipment service technicians and mechanics|metal workers and plastic workers, all other|locomotive engineers and operators|industrial truck and tractor operators|railroad conductors and yardmasters|taxi drivers and chauffeurs|bus drivers|subway, streetcar, and other rail transportation workers|bakers|engineering technicians, except drafters|painting workers|sheet metal workers|tailors, dressmakers, and sewers|postal service clerks|radio and telecommunications equipment installers and repairers|military enlisted tactical operations and air/weapons specialists and crew members|cooks|millwrights|sawing machine setters, operators, and tenders, wood|office clerks, general|aircraft mechanics and service technicians|bookkeeping, accounting, and auditing clerks|bartenders|heating, air conditioning, and refrigeration mechanics and installers|pharmacists|highway maintenance workers|industrial engineers, including health and safety|aerospace engineers|engineers, all other|railroad brake, signal, and switch operators|dentists|drafters|designers|computer programmers|shipping, receiving, and traffic clerks|first-line supervisors of farming, fishing, and forestry workers|crushing, grinding, polishing, mixing, and blending workers|transportation, storage, and distribution managers|electrical power-line installers and repairers|automotive body and related repairers|metal furnace operators, tenders, pourers, and casters|chemists and materials scientists|human resources workers|maintenance and repair workers, general|fishers and related fishing workers|chefs and head cooks|textile, apparel, and furnishings workers, all other|cutting, punching, and press machine setters, operators, and tenders, metal and plastic|rail-track laying and maintenance equipment operators|chemical engineers|grinding, lapping, polishing, and buffing machine tool setters, operators, and tenders, metal and plastic|purchasing agents, except wholesale, retail, and farm products|sewing machine operators|shoe and leather workers and repairers|prepress technicians and workers|property, real estate, and community association managers|refuse and recyclable material collectors|architects, except naval|first-line supervisors of housekeeping and janitorial workers|door-to-door sales workers, news and street vendors, and related workers|carpet, floor, and tile installers and finishers|cement masons, concrete finishers, and terrazzo workers|securities, commodities, and financial services sales agents|material moving workers, all other|structural iron and steel workers|aircraft pilots and flight engineers|cabinetmakers and bench carpenters|postmasters and mail superintendents|chemical processing machine setters, operators, and tenders|bailiffs, correctional officers, and jailers|roofers|wholesale and retail buyers, except farm products|laundry and dry-cleaning workers|lathe and turning machine tool setters, operators, and tenders, metal and plastic|detectives and criminal investigators|computer systems analysts|first-line supervisors of police and detectives|transportation inspectors|packaging and filling machine operators and tenders|packers and packagers, hand|production, planning, and expediting clerks|electrical, electronics, and electromechanical assemblers|parts salespersons|musicians, singers, and related workers|boilermakers|sales and related workers, all other|telecommunications line installers and repairers|electronic home entertainment equipment installers and repairers|first-line supervisors of landscaping, lawn service, and groundskeeping workers|dredge, excavating, and loading machine operators|molders, shapers, and casters, except metal and plastic|tax examiners and collectors, and revenue agents|human resources managers|artists and related workers|explosives workers, ordnance handling experts, and blasters|nursing, psychiatric, and home health aides|ship and boat captains and operators|first-line supervisors of food preparation and serving workers|sales representatives, services, all other|home appliance repairers|lodging managers|cleaners of vehicles and equipment|upholsterers|medical and health services managers|computer, automated teller, and office machine repairers|plasterers and stucco masons|customer service representatives|other teachers and instructors|textile knitting and weaving machine setters, operators, and tenders|cutting workers|claims adjusters, appraisers, examiners, and investigators|furniture finishers|drywall installers, ceiling tile installers, and tapers|cashiers|secretaries and administrative assistants|social workers|compliance officers|construction and building inspectors|human resources assistants, except payroll and timekeeping|derrick, rotary drill, and service unit operators, oil, gas, and mining|precision instrument and equipment repairers|miscellaneous plant and system operators|computer and information systems managers|extruding, forming, pressing, and compacting machine setters,|counselors|dispatchers|buyers and purchasing agents, farm products|architectural and engineering managers|waiters and waitresses|paper goods machine setters, operators, and tenders|purchasing managers|advertising sales agents|earth drillers, except oil and gas|judges, magistrates, and other judicial workers|operators, and tenders furnace, kiln, oven, drier, and kettle operators and tenders|veterinarians|engine and other machine assemblers|meter readers, utilities|postal service mail sorters, processors, and processing machine operators|maintenance workers, machinery|materials engineers|photographers|first-line supervisors of fire fighting and prevention workers|automotive and watercraft service attendants|textile winding, twisting, and drawing out machine setters, operators, and tenders|appraisers and assessors of real estate|tire builders|advertising and promotions managers|medical, dental, and ophthalmic laboratory technicians|pressers, textile, garment, and related materials|credit counselors and loan officers|sailors and marine oilers|weighers, measurers, checkers, and samplers, recordkeeping|baggage porters, bellhops, and concierges|reservation and transportation ticket agents and travel clerks|pumping station operators|drilling and boring machine tool setters, operators, and tenders, metal and plastic|maids and housekeeping cleaners|social and community service managers|shoe machine operators and tenders|food batchmakers|rolling machine setters, operators, and tenders, metal and plastic|power plant operators, distributors, and dispatchers|news analysts, reporters and correspondents|management analysts|surveying and mapping technicians|conservation scientists and foresters|chemical technicians|payroll and timekeeping clerks|registered nurses|public relations specialists|software developers, applications and systems software|food processing workers, all other|air traffic controllers and airfield operations specialists|cost estimators|aircraft structure, surfaces, rigging, and systems assemblers|athletes, coaches, umpires, and related workers|miscellaneous vehicle and mobile equipment mechanics, installers, and repairers|model makers and patternmakers, metal and plastic|physical scientists, all other|broadcast and sound engineering technicians and radio|personal financial advisors|miscellaneous life, physical, and social science technicians|optometrists|morticians, undertakers, and funeral directors|machine feeders and offbearers|environmental scientists and geoscientists|couriers and messengers|helpers-installation, maintenance, and repair workers|editors|economists|mining and geological engineers, including mining safety engineers|print binding and finishing workers|helpers-production workers|helpers, construction trades|agricultural and food scientists|electrical and electronics repairers, industrial and utility|forging machine setters, operators, and tenders, metal and plastic|office and administrative support workers, all other|first-line supervisors of correctional officers|electronic equipment installers and repairers, motor vehicles|woodworkers, all other|hoist and winch operators|chiropractors|hairdressers, hairstylists, and cosmetologists|first-line supervisors of protective service workers, all other|glaziers|billing and posting clerks|psychologists|heat treating equipment setters, operators, and tenders, metal and plastic|tellers|surveyors, cartographers, and photogrammetrists|computer occupations, all other|biological scientists|elevator installers and repairers|textile bleaching and dyeing machine operators and tenders|business operations specialists, all other|computer hardware engineers|miscellaneous community and social service specialists,|transportation attendants, except flight attendants|transit and railroad police|plating and coating machine setters, operators, and tenders, metal and plastic|astronomers and physicists|insulation workers|woodworking machine setters, operators, and tenders, except sawing|administrative services managers|jewelers and precious stone and metal workers|forest and conservation workers|pest control workers|electric motor, power tool, and related repairers|control and valve installers and repairers|motion picture projectionists|computer operators|small engine mechanics|funeral service managers|tool grinders, filers, and sharpeners|gaming services workers|coin, vending, and amusement machine servicers and repairers|probation officers and correctional treatment specialists|diagnostic related technologists and technicians|ship engineers|helpers-extraction workers|miscellaneous legal support workers|food and tobacco roasting, baking, and drying machine operators and tenders|bill and account collectors|announcers|paperhangers|court, municipal, and license clerks|religious workers, all other|reinforcing iron and rebar workers|network and computer systems administrators|water and wastewater treatment plant and system operators|layout workers, metal and plastic|recreation and fitness workers|clinical laboratory technologists and technicians|riggers|agricultural inspectors|food preparation workers|environmental engineers|communications equipment operators, all other|other education, training, and library workers|graders and sorters, agricultural products|dishwashers|private detectives and investigators|conveyor operators and tenders|nonfarm animal caretakers|legislators|other healthcare practitioners and technical occupations|producers and directors|petroleum engineers|photographic process workers and processing machine operators|etchers and engravers|first-line supervisors of personal service workers|public relations and fundraising managers|agricultural and food science technicians|mail clerks and mail machine operators, except postal service|counter and rental clerks|other transportation workers|adhesive bonding machine operators and tenders|avionics technicians|fence erectors|motor vehicle operators, all other|extruding and drawing machine setters, operators, and tenders, metal and plastic|market research analysts and marketing specialists|locksmiths and safe repairers|nuclear engineers|parking lot attendants|cargo and freight agents|insurance underwriters|fish and game wardens|data entry keyers|file clerks|emergency medical technicians and paramedics|cooling and freezing equipment operators and tenders|opticians, dispensing|entertainers and performers, sports and related workers, all other|information and record clerks, all other|financial analysts|septic tank servicers and sewer pipe cleaners|telephone operators|special education teachers|fire inspectors|signal and track switch repairers|writers and authors|urban and regional planners|statistical assistants|personal care and service workers, all other|mine shuttle car operators|miscellaneous healthcare support occupations, including medical equipment preparers|tax preparers|animal trainers|statisticians|roustabouts, oil and gas|librarians|receptionists and information clerks|tour and travel guides|financial clerks, all other|physical therapists|budget analysts|atmospheric and space scientists|personal care aides|insurance claims and policy processing clerks|television, video, and motion picture camera operators and|transportation security screeners|miscellaneous construction and related workers|order clerks|food cooking machine operators and tenders|proofreaders and copy markers|agents and business managers of artists, performers,|medical scientists|computer support specialists|counter attendants, cafeteria, food concession, and coffee shop|miscellaneous entertainment attendants and related workers|technical writers|compensation, benefits, and job analysis specialists|geological and petroleum technicians|interviewers, except eligibility and loan|training and development specialists|podiatrists|office machine operators, except computer|combined food preparation and serving workers, including fast food|milling and planing machine setters, operators, and tenders, metal and plastic|miscellaneous personal appearance workers|licensed practical and licensed vocational nurses|mathematicians|logisticians|dining room and cafeteria attendants and bartender helpers|gaming managers|tank car, truck, and ship loaders|respiratory therapists|paving, surfacing, and tamping equipment operators|sales engineers|marine engineers and naval architects|childcare workers|bridge and lock tenders|manufactured building and mobile home installers|cleaning, washing, and metal pickling equipment operators and tenders|pile-driver operators|ambulance drivers and attendants, except emergency medical technicians|social and human service assistants|crossing guards|operations research analysts|miscellaneous media and communication workers|travel agents|food servers, nonrestaurant|multiple machine tool setters, operators, and tenders, metal and plastic|hazardous materials removal workers|pharmacy aides|dietitians and nutritionists|textile cutting machine setters, operators, and tenders|health practitioner support technologists and technicians|security and fire alarm systems installers|preschool and kindergarten teachers|paralegals and legal assistants|actors|database administrators|agricultural engineers|fabric and apparel patternmakers|automotive glass installers and repairers|eligibility interviewers, government programs|sociologists|archivists, curators, and museum technicians|computer network architects|media and communication equipment workers, all other|financial specialists, all other|computer and information research scientists|social science research assistants|medical assistants|directors, religious activities and education|loan interviewers and clerks|fundraisers|financial examiners|roof bolters, mining|dancers and choreographers|computer control programmers and operators|word processors and typists|credit authorizers, checkers, and clerks|model makers and patternmakers, wood|veterinary assistants and laboratory animal caretakers|ushers, lobby attendants, and ticket takers|miscellaneous social scientists and related workers|training and development managers|information security analysts|biomedical engineers|phlebotomists|credit analysts|food preparation and serving related workers, all other|embalmers and funeral attendants|hunters and trappers|procurement clerks|first-line supervisors of gaming workers|meeting, convention, and event planners|physician assistants|electrical and electronics installers and repairers, transportation|natural sciences managers|nurse anesthetists|compensation and benefits managers|animal breeders|medical transcriptionists|emergency management directors|biological technicians|lifeguards and other recreational, and all other protective service workers|commercial divers|health diagnosing and treating practitioners, all other|brokerage clerks|miscellaneous health technologists and technicians|occupational therapy assistants and aides|new accounts clerks|hotel, motel, and resort desk clerks|teacher assistants|telemarketers|massage therapists|switchboard operators, including answering service|animal control workers|actuaries|hosts and hostesses, restaurant, lounge, and coffee shop|residential advisors|nuclear technicians|library technicians","farmers, ranchers, and other agricultural managers",,,categorical,32,1972,2018
gss_papres10,gss,papres10,gss:papres10,father's (or oldest same-sex parent's) occupational prestige score (2010),46.0|35.0|38.0|45.0|39.0|50.0|27.0|44.0|40.0|49.0|28.0|42.0|31.0|47.0|36.0|25.0|53.0|32.0|60.0|43.0|24.0|48.0|59.0|66.0|73.0|72.0|34.0|33.0|63.0|62.0|29.0|70.0|65.0|37.0|64.0|51.0|80.0|26.0|74.0|69.0|61.0|41.0|30.0|58.0|75.0|22.0|56.0|52.0|71.0|21.0|57.0|54.0|55.0|23.0|68.0|17.0|67.0|18.0|16.0|20.0|76.0,46.0,,,categorical,32,1972,2018
gss_papres105plus,gss,papres105plus,gss:papres105plus,father's (or oldest same-sex parent's) occupational prestige score using thresho,58.0|29.0|18.0|50.0|49.0|42.0|39.0|62.0|28.0|23.0|94.0|26.0|16.0|37.0|85.0|54.0|63.0|27.0|55.0|19.0|91.0|15.0|43.0|35.0|90.0|95.0|53.0|80.0|65.0|36.0|61.0|21.0|75.0|33.0|76.0|78.0|86.0|24.0|46.0|40.0|51.0|38.0|12.0|20.0|31.0|45.0|89.0|34.0|69.0|44.0|11.0|73.0|84.0|48.0|25.0|32.0|59.0|87.0|47.0|52.0|22.0|64.0|81.0|92.0|17.0|66.0|56.0|72.0|14.0|88.0|97.0|60.0|68.0|9.0|13.0|93.0|8.0|83.0|30.0|82.0|10.0|6.0|41.0|70.0|71.0|57.0|79.0|7.0|74.0|77.0|67.0|5.0,58.0,,,categorical,32,1972,2018
gss_parcit,gss,parcit,gss:parcit,were your parents citizens of america?,both were citizens of america|neither was a citizen of america|only father was a citizen of america|only mother was a citizen of america,both were citizens of america,,,categorical,3,1996,2014
gss_parelkid,gss,parelkid,gss:parelkid,father's religion when r was child,protestant|catholic|hinduism|jewish|buddhism|none,protestant,,,categorical,4,1991,2018
gss_partfull,gss,partfull,gss:partfull,was r's work part-time or full-time?,full-time|part-time,full-time,,,binary,13,1994,2018
gss_partners,gss,partners,gss:partners,how many sex partner's r had in last year,"1 partner|no partners|2 partners|3 partners|4 partners|5-10 partners|11+ partners|1 or more, (unspecified)",1 partner,,,categorical,18,1988,2018
gss_partners_8822,gss,partners_8822,gss:partners_8822,how many sex partner's r had in last year,1 partner|no partners|2 partners|3 partners|4 partners|5-10 partners|1 or more (unspecified)|11-20 partners|21-100 partners|more than 100 partners,1 partner,,,categorical,18,1988,2018
gss_partnrs5,gss,partnrs5,gss:partnrs5,how many sex partner's r had in last 5 years,1 partner|no partners|2 partners|3 partners|5-10 partners|4 partners|11-20 partners|1 or more (unspecified)|21-100 partners|more than 100 partners,1 partner,,,categorical,15,1991,2018
gss_partteam,gss,partteam,gss:partteam,r work as part of a team,"yes, i work as part of a team|no, i work mostly on my own","yes, i work as part of a team",,,binary,5,2002,2018
gss_partyid,gss,partyid,gss:partyid,political party affiliation,"not very strong democrat|not very strong republican|strong democrat|independent, close to democrat|strong republican|independent, close to republican|other party",not very strong democrat,,,categorical,32,1972,2018
gss_pasei10,gss,pasei10,gss:pasei10,r's father's (or oldest same-sex parent's) socioeconomic index (2010),39.9|32.0|14.0|43.0|28.7|46.5|26.8|67.7|25.2|23.3|46.0|42.2|62.0|31.2|39.7|20.7|38.3|45.4|59.1|65.3|28.4|36.2|76.3|77.4|57.5|50.0|62.6|50.4|24.6|24.0|57.8|25.0|38.1|92.8|83.8|31.0|18.6|38.8|91.1|46.6|86.5|84.5|18.8|42.8|68.0|82.5|41.0|68.6|58.4|52.4|69.3|34.7|20.0|52.0|35.3|63.1|85.2|48.3|33.9|65.1|70.1|73.9|36.7|56.9|20.9|75.5|23.8|26.1|31.6|80.9|21.5|25.1|35.4|32.6|36.4|59.8|39.2|31.1|19.7|60.4|58.1|28.5|35.8|48.4|26.5|57.4|26.2|13.6|34.1|52.1|39.1|86.1|28.3|14.4|27.7|22.9|53.6|26.9|52.3|92.0|48.8|27.2|81.6|61.4|89.3|92.1|62.7|81.0|37.6|23.7|34.6|52.5|51.9|20.5|33.7|30.8|86.6|29.9|31.3|40.0|87.6|23.2|59.9|54.6|53.9|13.2|26.6|24.1|84.0|41.8|33.2|17.1|50.1|23.0|21.4|71.0|35.2|79.4|27.1|51.8|21.6|45.1|15.8|27.5|73.5|80.7|31.9|72.6|14.8|49.4|29.6|63.7|60.3|55.3|40.1|46.2|30.1|27.0|60.1|24.2|61.2|50.3|17.5|20.3|71.8|12.7|53.8|19.2|29.5|62.9|69.4|44.6|53.2|24.8|20.8|32.7|38.2|89.1|19.6|71.6|22.1|61.5|37.2|39.8|89.9|34.4|37.0|58.2|37.3|49.6|84.3|83.1|51.5|75.2|21.0|11.8|73.1|62.1|12.4|33.1|44.9|43.4|41.6|25.4|12.6|67.8|9.0|62.4|27.4|65.2|72.5|78.3|88.7|39.6|80.1|57.3|55.1|27.6|84.2|74.6|87.9|66.4|37.7|59.4|21.3|86.8|83.4|79.3|28.8|91.6|66.1|53.5|21.1|86.7|73.4|91.9|77.7|45.3|54.3|39.0|57.1|33.4|32.1|77.9|70.5|85.8|25.7|81.5|33.3|34.8|87.8|64.9|31.5|32.8|41.1|64.2|29.7|42.9|47.9|30.3|31.4|25.6|25.5|37.1|36.8|56.8|53.7|51.7|74.8|85.0|43.5|60.5|42.3|51.6|35.1|20.1|85.5|48.1|70.3|10.6|63.3|72.7|34.5|82.4|44.5|30.9|53.0|22.5|53.1|28.1|71.7|75.6|77.2|66.2|77.0|41.4|49.3|43.1|81.9|59.0|73.6|28.6|57.0|37.4|40.4|50.7|87.3|77.3|85.9|18.9|13.3|60.2|88.0|64.5|14.6|29.4|63.2|88.3|29.2|82.7|61.9|79.9|82.9|21.8|21.2|35.5|19.0|26.7|43.8|80.2|45.0|17.0|55.0|52.9|70.4|64.4|42.7|73.0|76.5|38.4|39.5|30.0|65.6|41.2|46.7|75.7|86.9|88.6|73.2|37.9|54.1|69.5|71.1|49.2|37.8|93.7|22.4|29.3,39.9,,,categorical,32,1972,2018
gss_pasei10educ,gss,pasei10educ,gss:pasei10educ,percentage of some college educ in paocc10 based on acs 2010,45.2|25.4|14.1|55.4|25.7|76.9|42.0|24.3|29.5|20.4|24.1|22.3|35.1|73.0|22.9|55.9|33.9|21.7|43.9|19.2|99.7|27.8|58.5|93.7|85.7|65.6|99.4|99.1|54.2|77.2|70.1|89.4|21.6|75.9|25.1|16.0|42.3|94.4|92.0|69.9|99.0|93.1|37.4|50.1|16.9|21.0|13.3|65.3|82.8|48.8|29.7|45.5|95.1|76.5|41.6|72.2|16.5|56.1|86.8|86.3|21.1|78.0|38.5|47.3|36.5|31.2|24.0|98.9|46.1|33.7|22.0|48.5|37.8|30.7|22.7|37.7|30.6|48.2|39.6|36.0|68.6|28.9|90.5|59.2|46.4|63.9|28.0|45.4|37.0|95.6|28.3|52.1|70.4|34.8|11.9|95.0|82.5|19.3|53.9|32.1|26.2|21.5|79.5|91.9|34.2|31.9|23.9|57.7|20.6|95.7|25.6|82.4|32.4|81.4|47.4|31.0|27.0|13.5|24.4|71.7|97.3|18.0|18.7|17.3|87.0|26.6|92.1|64.6|46.9|54.8|91.4|13.1|17.2|27.5|17.5|85.6|57.6|81.0|49.0|17.0|63.1|28.2|19.6|74.4|20.5|27.1|25.8|79.2|49.3|42.6|35.3|75.6|40.8|47.9|73.9|68.4|19.1|85.9|38.3|40.4|99.2|69.7|14.2|58.9|83.0|15.5|75.5|12.3|83.1|35.0|90.6|61.0|66.0|63.3|92.4|19.7|50.0|48.1|95.3|44.0|79.4|20.8|62.4|32.8|97.8|30.4|50.6|32.5|91.3|77.5|92.9|12.6|81.1|51.7|99.5|12.2|78.2|47.5|23.0|64.1|18.6|36.2|19.9|87.3|88.3|26.0|78.3|16.7|54.7|95.5|55.2|96.8|65.1|38.4|72.5|56.7|79.6|66.7|81.3|34.1|83.3|22.4|35.2|17.9|19.8|94.0|21.9|19.0|16.8|96.5|66.9|63.5|44.4|98.5|66.3|22.5|55.8|24.7|96.3|53.0|84.5|39.2|78.4|34.9|23.6|98.7|23.2|17.7|73.3|44.2|38.6|42.1|35.8|62.2|28.7|29.4|47.8|49.7|89.8|86.7|74.2|33.5|54.3|69.8|35.5|59.3|80.7|17.8|73.5|83.7|34.3|66.8|91.7|12.4|45.7|81.9|90.9|54.6|40.2|55.6|40.3|41.8|63.7|67.6|33.8|39.9|53.3|79.9|48.9|55.7|57.1|74.6|60.9|68.2|50.7|94.8|94.1|64.7|42.8|75.1|97.5|51.1|46.6|69.6|67.4|98.3|82.3|61.1|84.4|62.3|13.4|78.8|80.1|69.1|52.2|91.2|79.8|67.3|78.1|43.7|26.7|34.7|58.2|96.0|10.9|93.3|84.0|46.3|58.6|14.3|9.8|35.9|61.3|71.6|29.1|90.2|80.0|68.8|31.1|65.5|92.6|97.0|83.5|96.4|62.7|85.3|90.8|91.1|48.3|55.5|46.7|88.2|87.5|58.7|84.6|60.7|62.9|84.8|70.9|84.7|55.1|94.3|52.7|58.8|70.3|45.1|99.6|62.8|56.6,45.2,,,categorical,32,1972,2018
gss_pawrkslf,gss,pawrkslf,gss:pawrkslf,father (or oldest same-sex parent) self-emp. or worked for somebody,someone else|self-employed,someone else,,,binary,32,1972,2018
gss_payskill,gss,payskill,gss:payskill,how much r thinks skilled worker makes,"30000.0|25000.0|20000.0|40000.0|35000.0|15000.0|50000.0|18000.0|45000.0|10000.0|60000.0|12000.0|24000.0|17000.0|22000.0|28000.0|16000.0|27000.0|32000.0|36000.0|14000.0|26000.0|38000.0|13000.0|19000.0|75000.0|9000.0|23000.0|11000.0|21000.0|8000.0|5000.0|55000.0|42000.0|20800.0|70000.0|2500.0|1000.0|7000.0|80000.0|27500.0|29000.0|3000.0|48000.0|33000.0|14560.0|65000.0|34000.0|10400.0|6000.0|100000.0|90000.0|22500.0|31000.0|17500.0|41000.0|1600.0|16640.0|30430.0|2000.0|43000.0|41600.0|17280.0|27040.0|57000.0|22050.0|39000.0|7680.0|85000.0|47000.0|$1 million (or more, for 1987 & 2000)|300000.0|4000.0|20400.0|12480.0|150000.0|19200.0|12400.0|11520.0|1900.0|5200.0|12500.0|20500.0|47840.0|900000.0|28800.0|36500.0|78000.0|200000.0|1200.0|1300.0|1040.0|23040.0|6500.0|6700.0|37000.0|16500.0|7200.0|14500.0|14900.0|3800.0|52000.0|25500.0|96000.0",30000.0,,,categorical,2,1987,2000
gss_paytaxes,gss,paytaxes,gss:paytaxes,how important never to try to evade taxes,very important|6.0|5.0|4.0|not at all important|3.0|2.0,very important,,,categorical,2,2004,2014
gss_pclit,gss,pclit,gss:pclit,shame tradl amer lit ignored for minority lit,agree|disagree|strongly agree|strongly disagree,agree,,,categorical,2,1993,1998
gss_permoral,gss,permoral,gss:permoral,r agrees that morality a personal matter,agree somewhat|agree strongly|disagree somewhat|disagree strongly,agree somewhat,,,categorical,4,1988,2010
gss_physhlth,gss,physhlth,gss:physhlth,days of poor physical health past 30 days,0.0|2.0|1.0|3.0|5.0|30.0|4.0|7.0|10.0|15.0|14.0|20.0|6.0|25.0|21.0|8.0|12.0|9.0|18.0|28.0|13.0|29.0|16.0|11.0|22.0|24.0|27.0|19.0|17.0|26.0,0.0,,,categorical,5,2002,2018
gss_physwrk,gss,physwrk,gss:physwrk,how often must r do physical work,never|sometimes|hardly ever|often|always,never,,,categorical,3,1989,2006
gss_pikupsex,gss,pikupsex,gss:pikupsex,r had sex with casual date last year,no|yes,no,,,binary,18,1988,2018
gss_polabuse,gss,polabuse,gss:polabuse,citizen said vulgar or obscene things,no|yes,no,,,binary,27,1973,2018
gss_polactve,gss,polactve,gss:polactve,pol party encourage ppl to be active in politics in am,agree|neither agree nor disagree|disagree|strongly agree|strongly disagree,agree,,,categorical,2,2004,2014
gss_polattak,gss,polattak,gss:polattak,citizen attacking policeman with fists,yes|no,yes,,,binary,27,1973,2018
gss_polbsttx,gss,polbsttx,gss:polbsttx,best policy vs narrow interest on fed inc tax: elected official,3.0|4.0|own narrow interests|2.0|what is best for the country,3.0,,,categorical,2,2006,2010
gss_poleff11,gss,poleff11,gss:poleff11,don't have any say about what the government does,disagree|agree|neither agree nor disagree|strongly agree|strongly disagree,disagree,,,categorical,7,1996,2018
gss_poleff16,gss,poleff16,gss:poleff16,people elected to congress try to keep promises,disagree|neither agree nor disagree|agree|strongly disagree|strongly agree,disagree,,,categorical,4,1996,2016
gss_poleff17,gss,poleff17,gss:poleff17,most government administrator's can be trusted,disagree|neither agree nor disagree|agree|strongly disagree|strongly agree,disagree,,,categorical,4,1996,2016
gss_poleff18,gss,poleff18,gss:poleff18,govt do not care much what ppl like r think,agree|disagree|strongly agree|neither agree nor disagree|strongly disagree,agree,,,categorical,2,2004,2014
gss_polescap,gss,polescap,gss:polescap,citizen attempting to escape custody,yes|no,yes,,,binary,27,1973,2018
gss_polhitok,gss,polhitok,gss:polhitok,ever approve of police striking citizen,yes|no,yes,,,binary,27,1973,2018
gss_polinfgw,gss,polinfgw,gss:polinfgw,influence on global warming policy: elected official,a little influence|a fair amount|none at all|a great deal of influence,a little influence,,,categorical,2,2006,2010
gss_polinftx,gss,polinftx,gss:polinftx,influence on reducing fed inc taxby elected officials,a fair amount|a little influence|a great deal of influence|none at all,a fair amount,,,categorical,2,2006,2010
gss_polmurdr,gss,polmurdr,gss:polmurdr,citizen questioned as murder suspect,no|yes,no,,,binary,27,1973,2018
gss_polviews,gss,polviews,gss:polviews,think of self as liberal or conservative,"moderate, middle of the road|slightly conservative|conservative|slightly liberal|liberal|extremely conservative|extremely liberal","moderate, middle of the road",,,categorical,30,1974,2018
gss_popespks,gss,popespks,gss:popespks,pope is infallible on matter's of faith or morals,i am uncertain whether this is true or false|probably true|certainly true|probably false|certainly false,i am uncertain whether this is true or false,,,categorical,8,2004,2018
gss_porninf,gss,porninf,gss:porninf,materials provide info about sex,yes|no,yes,,,binary,15,1973,1994
gss_pornmorl,gss,pornmorl,gss:pornmorl,materials lead to breakdown in morals,yes|no,yes,,,binary,15,1973,1994
gss_postlf10,gss,postlf10,gss:postlf10,reunion with loved ones,very likely|somewhat likely|not too likely|not likely at all,very likely,,,categorical,2,1983,1984
gss_postlf8,gss,postlf8,gss:postlf8,place of loving intellectual communion,very likely|somewhat likely|not too likely|not likely at all,very likely,,,categorical,2,1983,1984
gss_postlf9,gss,postlf9,gss:postlf9,union with god,very likely|somewhat likely|not too likely|not likely at all,very likely,,,categorical,2,1983,1984
gss_povline,gss,povline,gss:povline,r's hh poverty status,not poor|poor|not poor -- imputed|borderline|poor -- imputed|borderline -- imputed,not poor,,,categorical,19,1972,1993
gss_prayer,gss,prayer,gss:prayer,bible prayer in public schools,disapprove|approve,disapprove,,,binary,25,1974,2018
gss_premars1,gss,premars1,gss:premars1,is premarital sex wrong?,not wrong at all|always wrong|wrong only sometimes|almost always wrong,not wrong at all,,,categorical,4,1991,2008
gss_premarsx,gss,premarsx,gss:premarsx,sex before marriage,not wrong at all|always wrong|wrong only sometimes|almost always wrong,not wrong at all,,,categorical,27,1972,2018
gss_pres00,gss,pres00,gss:pres00,"vote for gore, bush, nader",bush|gore|nader|other (specify)|didnt vote,bush,,,categorical,3,2002,2006
gss_pres04,gss,pres04,gss:pres04,"vote for kerry, bush, nader",bush|kerry|nader|didnt vote,bush,,,categorical,3,2006,2010
gss_pres08,gss,pres08,gss:pres08,vote obama or mccain,obama|mccain|other candidate (specify)|didn't vote,obama,,,categorical,3,2010,2014
gss_pres12,gss,pres12,gss:pres12,vote obama or romney,obama|romney|other candidate (specify)|didn't vote for president,obama,,,categorical,3,2014,2018
gss_pres68,gss,pres68,gss:pres68,"vote for humphrey, nixon, or wallace",nixon|humphrey|wallace,nixon,,,categorical,2,1972,1973
gss_pres72,gss,pres72,gss:pres72,vote for mcgovern or nixon,nixon|mcgovern,nixon,,,binary,5,1973,1977
gss_pres76,gss,pres76,gss:pres76,vote for carter or ford,carter|ford|no pres. vote,carter,,,categorical,4,1977,1982
gss_pres80,gss,pres80,gss:pres80,"vote for carter, reagan or anderson",carter|reagan|anderson|didnt vote,carter,,,categorical,5,1982,1987
gss_pres84,gss,pres84,gss:pres84,vote for reagan or mondale,reagan|mondale|no pres. vote,reagan,,,categorical,5,1985,1989
gss_pres88,gss,pres88,gss:pres88,vote for dukakis or bush,bush|dukakis|no pres. vote,bush,,,categorical,4,1989,1993
gss_pres92,gss,pres92,gss:pres92,"vote for clinton, bush, perot",clinton|bush|perot|no pres. vote,clinton,,,categorical,4,1993,1998
gss_pres96,gss,pres96,gss:pres96,"vote for clinton, dole, perot",clinton|dole|perot|other (specify)|didnt vote,clinton,,,categorical,3,1998,2002
gss_prideorg,gss,prideorg,gss:prideorg,i am proud working for my firm,agree|strongly agree|neither agree nor disagree|disagree|strongly disagree,agree,,,categorical,3,1998,2016
gss_privsch,gss,privsch,gss:privsch,children attend private secular school,no|yes,no,,,binary,2,1998,2000
gss_prodctiv,gss,prodctiv,gss:prodctiv,work conditions allow productivity,agree|strongly agree|disagree|strongly disagree,agree,,,categorical,5,2002,2018
gss_progtax,gss,progtax,gss:progtax,how much income tax should rich pay?,pay more|all pay same|pay much more|pay less|pay much less,pay more,,,categorical,2,1985,1990
gss_promotn,gss,promotn,gss:promotn,importance of advancement in a job,important|very important|neither important nor unimportant|not important|not important at all,important,,,categorical,4,1989,2016
gss_protest6,gss,protest6,gss:protest6,allow national anti-govt strike,definitely not allowed|probably not allowed|probably allowed|definitely allowed,definitely not allowed,,,categorical,4,1985,2006
gss_prouddem,gss,prouddem,gss:prouddem,how proud the way democracy works,somewhat proud|very proud|not very proud|not proud at all,somewhat proud,,,categorical,3,1996,2014
gss_proudemp,gss,proudemp,gss:proudemp,r proud to work for employer,agree|strongly agree|disagree|strongly disagree,agree,,,categorical,5,2002,2018
gss_proudgrp,gss,proudgrp,gss:proudgrp,how proud its fair and equal treatment,somewhat proud|not very proud|very proud|not proud at all,somewhat proud,,,categorical,3,1996,2014
gss_proudsss,gss,proudsss,gss:proudsss,how proud its social security system,somewhat proud|not very proud|very proud|not proud at all,somewhat proud,,,categorical,3,1996,2014
gss_proudwrk,gss,proudwrk,gss:proudwrk,i am proud of the type of work i do,agree|strongly agree|neither agree nor disagree|disagree|strongly disagree,agree,,,categorical,2,1998,2016
gss_pubsch,gss,pubsch,gss:pubsch,all children attend pub elem & hi school,yes|no,yes,,,binary,2,1998,2000
gss_punsin,gss,punsin,gss:punsin,r agrees that sinners must be punished,agree somewhat|disagree somewhat|disagree strongly|agree strongly,agree somewhat,,,categorical,4,1988,2010
gss_putdown,gss,putdown,gss:putdown,ppl at work treat r in a manner putting r down,never|rarely|sometimes|often,never,,,categorical,2,2004,2012
gss_racchurh,gss,racchurh,gss:racchurh,attend church with other race,no|yes|no church,no,,,categorical,12,1978,1994
gss_racclos,gss,racclos,gss:racclos,any opp. race living close to r,yes|no,yes,,,binary,20,1972,1994
gss_racdif1,gss,racdif1,gss:racdif1,differences due to discrimination,no|yes,no,,,binary,21,1977,2018
gss_racdif3,gss,racdif3,gss:racdif3,differences due to lack of education,no|yes,no,,,binary,21,1977,2018
gss_racdin,gss,racdin,gss:racdin,object to opp. race home for dinner,not object|mildly object|strongly object,not object,,,categorical,9,1972,1985
gss_racdis,gss,racdis,gss:racdis,how far are closest opp. race,same block|1-3 blks away|4-8 blks away|over 8 blks,same block,,,categorical,20,1972,1994
gss_race,gss,race,gss:race,race of respondent,white|black,white,,,binary,32,1972,2018
gss_race1,gss,race1,gss:race1,race of person number 1,white|black|hispanic|asian,white,,,categorical,2,1985,2004
gss_race2,gss,race2,gss:race2,race of person number 2,white|black|hispanic|asian,white,,,categorical,2,1985,2004
gss_race3,gss,race3,gss:race3,race of person number 3,white|black|hispanic|asian,white,,,categorical,2,1985,2004
gss_race4,gss,race4,gss:race4,race of person number 4,white|black|hispanic|asian,white,,,categorical,2,1985,2004
gss_race5,gss,race5,gss:race5,race of person number 5,white|black|hispanic|asian,white,,,categorical,2,1985,2004
gss_racecen1,gss,racecen1,gss:racecen1,"what is r's race, first mention",white|black or african american|hispanic|american indian or alaska native|filipino|asian indian|chinese|some other race|other asian|japanese|other pacific islander|korean|vietnamese,white,,,categorical,10,2000,2018
gss_racecen1_0022,gss,racecen1_0022,gss:racecen1_0022,"what is r's race, first mention",white|black or african american|hispanic|american indian or alaska native|filipino|asian indian|chinese|some other race|other asian|japanese|korean|vietnamese|native hawaiian|other pacific islander|samoan|guamanian or chamorro,white,,,categorical,10,2000,2018
gss_racecen2,gss,racecen2,gss:racecen2,"what is r's race, second mention",american indian or alaska native|white|hispanic|black or african american|some other race|chinese|filipino|other pacific islander|other asian|japanese|asian indian|korean|vietnamese,american indian or alaska native,,,categorical,10,2000,2018
gss_racecen2_0022,gss,racecen2_0022,gss:racecen2_0022,"what is r's race, second mention",american indian or alaska native|white|hispanic|black or african american|some other race|chinese|filipino|other asian|japanese|asian indian|korean|other pacific islander|guamanian or chamorro|native hawaiian|samoan|vietnamese,american indian or alaska native,,,categorical,10,2000,2018
gss_racecen3,gss,racecen3,gss:racecen3,"what is r's race, third mention",american indian or alaska native|white|chinese|black or african american|other pacific islander|some other race|hispanic|asian indian|other asian|japanese|korean|filipino|vietnamese,american indian or alaska native,,,categorical,10,2000,2018
gss_racecen3_0022,gss,racecen3_0022,gss:racecen3_0022,"what is r's race, third mention",american indian or alaska native|white|chinese|black or african american|some other race|other pacific islander|hispanic|asian indian|other asian|samoan|japanese|native hawaiian|korean|filipino|vietnamese,american indian or alaska native,,,categorical,10,2000,2018
gss_racedbtf,gss,racedbtf,gss:racedbtf,certainty of observed race,"no doubt|some doubt, pretty sure|completely unsure|a lot of doubt, pretty unsure",no doubt,,,categorical,2,1996,2000
gss_racesee,gss,racesee,gss:racesee,observed race,white|black|asian|hispanic|american indian|filipino|spanish|indian|mexican|black and white|latino|middle eastern|alaska native|puerto rican|trinidad|japanese|pacific islander|oriental|cuban|brown|yellow,white,,,categorical,2,1996,2000
gss_raceself,gss,raceself,gss:raceself,r's own racial id,white|black,white,,,binary,2,1996,2000
gss_racfew,gss,racfew,gss:racfew,children to school with opposite race,"no|yes, object",no,,,binary,16,1972,1996
gss_rachaf,gss,rachaf,gss:rachaf,children to school half opposite race,"no|yes, object",no,,,binary,16,1972,1996
gss_rachome,gss,rachome,gss:rachome,opp. race home for dinner recently,no|yes,no,,,binary,17,1973,2006
gss_racinteg,gss,racinteg,gss:racinteg,will neighborhood become all black,"stay integrated|all black|mixed,not wh-bl",stay integrated,,,categorical,20,1972,1994
gss_raclive,gss,raclive,gss:raclive,any opp. race in neighborhood,yes|no,yes,,,binary,32,1972,2018
gss_racmar,gss,racmar,gss:racmar,favor law against racial intermarriage,no|yes,no,,,binary,21,1972,2002
gss_racmost,gss,racmost,gss:racmost,children to school mostly opposite race,"no|yes, object",no,,,binary,16,1972,1996
gss_racopen,gss,racopen,gss:racopen,vote on open housing law,second law|first law|neither,second law,,,categorical,24,1973,2018
gss_racpres,gss,racpres,gss:racpres,would vote for black president,yes|no,yes,,,binary,18,1972,2010
gss_racpush,gss,racpush,gss:racpush,blacks shouldn't push,agree strongly|agree slightly|disagree strongly|disagree slightly,agree strongly,,,categorical,14,1972,2002
gss_racrel12,gss,racrel12,gss:racrel12,past 12 months r web to learn race relations,no|yes,no,,,binary,2,2000,2002
gss_racschol,gss,racschol,gss:racschol,should whites & blacks go to same school,same schools|separate schools,same schools,,,binary,7,1972,1985
gss_racwork,gss,racwork,gss:racwork,racial makeup of workplace,mostly white|all white|about half and half|mostly black|all black|works alone,mostly white,,,categorical,13,1990,2018
gss_readword,gss,readword,gss:readword,how often did r read bible last year,didnt read last year|lt once a week|several x week|once a week|once a day|several x day,didnt read last year,,,categorical,2,1988,1998
gss_realinc,gss,realinc,gss:realinc,family income in constant $,27793.0|32761.0|30841.0|56647.0|25465.0|45866.0|31668.0|34078.0|99988.0|43178.0|33016.0|35651.0|38910.0|102565.0|30458.0|36167.0|67851.0|88133.0|44863.0|72229.0|46773.0|128434.60593800001|99257.0|103880.0|34380.0|24366.0|36146.25|37603.0|79340.0|100963.26468|48277.0|86496.0|110895.0|37226.0|51237.0|92858.0|91587.0|21669.0|40756.5|31005.0|31927.5|137237.765589|23588.0|155139.9731|134817.4399|39919.0|18951.0|32625.0|34965.0|13537.0|30645.0|41746.0|25582.5|45837.0|31590.000000000004|39875.0|24879.0|38373.75|35370.0|33125.0|44887.0|36575.0|8122.0|42234.75|28156.5|119879.41732000001|45000.0|94738.0|43426.0|33209.0|20355.0|14415.0|42020.0|46507.0|34413.5|26484.0|20011.0|40425.0|29402.0|31364.0|31299.0|28830.0|31267.5|48938.0|29925.0|38610.0|50027.0|28029.0|51023.0|9173.0|90278.0|27171.0|26015.0|102084.0|33075.0|53055.0|24970.0|23563.0|55515.0|43230.0|53550.0|58970.0|46901.25|25511.0|22050.0|141038.0|51570.0|16577.0|28323.0|13563.0|27500.0|37895.0|22980.0|22206.0|28490.0|38449.0|22392.0|21060.0|146153.66858505|24830.0|26538.0|36189.0|37455.0|25740.0|51620.25|32100.0|49813.5|39022.5|13570.0|16994.0|47300.0|18335.0|37500.0|29452.5|23310.0|12779.0|24097.5|38222.0|24547.0|44178.75|32500.0|40930.0|42735.0|17335.0|93210.0|48790.0|23386.0|29475.0|25545.0|46800.0|45959.0|30150.0|26950.0|131676.6906|33266.0|45400.0|49000.0|56405.0|52510.144499999995|60380.0|43994.0|27188.0|25837.0|119606.06532|12381.0|34788.0|20335.25|24395.0|36114.0|16284.0|54480.0|21285.0|90265.0|27158.0|21612.0|24937.0|144502.71714|57521.289000000004|33926.0|56850.0|40682.8935|20770.0|21010.0|51800.0|55000.0|54862.0|13579.0|20430.0|19938.0|2707.0|19623.5|18947.0|43152.8415|53077.0|17884.0|15132.0|19591.0|24139.0|65358.623999999996|14515.0|31336.0|14015.0|23463.75|5242.0|21615.0|115841.0|19657.0|28650.0|39020.4285|4935.0|90722.0|37500.4605|18287.0|22432.0|25619.0|21659.0|15372.5|11250.0|15075.0|15619.0|56842.0|18375.0|21250.0|62570.0|22642.5|11205.0|18459.0|56160.0|64260.0|22919.0|10436.0|11794.0|11466.0|16563.0|128141.0|11876.0|17403.75|13750.0|18476.25|17154.0|10857.0|21318.75|13269.0|16633.0|13595.0|16835.0|10850.0|10223.0|18505.0|60915.0|19111.0|22605.0|13475.0|17206.75|19425.0|28570.648500000003|68220.0|68900.0|18851.0|21299.0|11490.0|56058.0|4074.0|24207.0|9401.0|19846.0|19713.0|23750.0|14452.0|50763.0|3852.0|14641.0|27881.912999999997|7782.0|6741.0|12756.0|14726.25|8636.0|10808.0|15633.75|20635.0|16604.5|13007.5|62160.0|4447.0|9980.0|7130.0|15279.0|16235.0|11761.0|56760.0|20507.0|14446.0|15210.0|15682.0|65520.00000000001|16038.0|66500.0|15925.0|11103.0|12229.0|10005.0|14755.0|16250.0|26646.939000000002|9969.0|72640.0|19793.0|17550.0|9000.0|16363.0|22032.0|17394.0|17737.5|14245.0|15793.0|13242.0|6333.0|20081.25|9167.0|12520.0|21068.0|10806.0|58800.0|8595.0|15668.0|12415.0|18094.0|17025.0|16703.0|8156.0|17036.0|17757.0|11115.0|9500.0|63560.0|12773.0|8843.0|12197.0|66220.0|11781.0|12302.5|18750.0|14325.0|9952.0|12870.0|16676.0|10594.0|11196.0|12080.625|7481.0|9905.0|2411.0|11007.5|12468.0|10505.0|11233.75|8685.0|9945.0|8417.5|9473.0|4220.0|9143.0|72520.0|5827.5|14738.0|12718.125|14860.375|10782.5|10412.5|9819.0|13296.125|5425.0|7836.0|8308.0|5287.0|7039.125|3619.0|162607.0|6861.0|15406.0|5512.5|7962.5|7751.0|6631.0|5321.25|7122.5|14131.0|68600.0|12485.0|11379.375|74970.0|6248.0|11637.5|74880.0|9811.75|143778.0|11329.0|6024.375|12830.75|13501.875|9238.125|13594.0|4500.0|10167.625|8302.25|8349.0|8603.375|12918.0|6395.625|7500.0|8667.0|6053.0|3021.0|8142.0|7816.875|9042.0|4587.0|6737.5|6798.0|74452.0|109355.0|14340.25|2000.0|11731.875|7984.0|10051.25|9647.5|79590.0|6242.5|7238.0|3567.0|8701.875|5265.0|6876.0|5806.0|5107.5|7644.0|8254.0|7363.125|5985.0|10659.375|4750.0|3976.0|7521.0|5308.0|7686.25|9187.5|3695.0|8520.0|5631.3|5500.0|6525.0|5606.0|6435.0|5112.0|6792.75|6503.75|7074.0|7153.0|6500.0|8775.0|2925.0|2272.0|1234.0|1310.0|4343.0|11321.25|259.0|7917.0|10040.625|7605.0|6201.0|6273.0|5102.0|7384.0|3500.0|3760.0|4952.0|2201.0|4596.0|5116.5|8868.75|5895.0|3537.0|4323.0|4879.0|1112.0|7377.5|4086.0|5766.0|5432.0|4175.0|3992.0|6653.0|483.0|4662.0|1671.0|6625.0|1930.0|2111.0|301.9|6030.0|9712.5|3378.0|603.0|4257.0|6267.0|3105.0|6958.0|8512.5|236.5|5167.0|4212.0|1036.0|1572.0|2751.0|4202.0|4016.25|3924.7|4410.0|3885.0|980.0|227.0|312.85|5109.0|2674.0|4713.0|550.0|2038.0|908.0|245.0|5730.0|1450.0|3438.0|4819.5|3988.0|345.0|1330.0|905.0|755.0|1813.0|393.0|946.0|4987.0|2189.9500000000003|1019.0|1855.0|234.0|936.0|5434.2|3263.0|4966.0|3441.3500000000004|333.0|3789.0|1378.0|4478.0|3126.75|1528.0|1638.0|3100.0|2717.1|4322.0|1071.0|3185.0|1251.4|284.25|464.0|3247.0|3657.0|510.0|1207.6|2327.0|5438.0|3695.25|3480.75|363.0|1874.25|2497.0|1715.0|3675.0|963.0|4692.75|2849.0|1137.0|568.0|4067.05|4528.5|3074.5|3320.9|382.0|1589.0|3367.0|2601.5|1774.0|500.0|2113.3|267.75|528.0|3510.0|1655.5|3405.0|4263.75|2945.25|1989.75|418.0|2815.65|2992.0|2538.0|2574.0|3042.0|3547.5|2043.0|2558.25|444.0|2205.0|2409.75|2106.0|2951.0|2331.0|2128.5|2695.0,27793.0,,,categorical,32,1972,2018
gss_realrinc,gss,realrinc,gss:realrinc,r's income in constant $,25465.0|27793.0|30841.0|4935.0|4074.0|3852.0|3619.0|4447.0|20355.0|16994.0|13570.0|21669.0|31668.0|20011.0|12779.0|17335.0|25582.5|27171.0|22206.0|1112.0|22050.0|24097.5|13563.0|2411.0|35651.0|21285.0|29925.0|26484.0|13595.0|16577.0|28156.5|20430.0|20335.25|12381.0|18335.0|3021.0|21060.0|21010.0|34078.0|33016.0|14515.0|31005.0|21612.0|23563.0|26015.0|32625.0|56647.0|20770.0|30645.0|19938.0|10857.0|22392.0|25740.0|25511.0|22980.0|14015.0|15132.0|2201.0|25545.0|21615.0|26538.0|9980.0|18476.25|19623.5|11466.0|24970.0|23310.0|27158.0|16284.0|1234.0|11250.0|24879.0|905.0|11103.0|24395.0|18947.0|31590.000000000004|36167.0|7782.0|34965.0|13579.0|17154.0|29452.5|9401.0|28323.0|24830.0|11876.0|27500.0|36146.25|18287.0|17206.75|34380.0|22919.0|12756.0|13750.0|29402.0|7130.0|17394.0|31927.5|9167.0|15210.0|40756.5|24547.0|10436.0|2272.0|15372.5|43178.0|17403.75|34413.5|21659.0|31267.5|19591.0|15633.75|15619.0|10223.0|15682.0|10594.0|31299.0|12773.0|14415.0|18851.0|2111.0|1019.0|10850.0|28830.0|10005.0|15668.0|28490.0|28570.648500000003|963.0|33075.0|14641.0|27881.912999999997|23386.0|16676.0|21299.0|23463.75|44863.0|6741.0|13269.0|25619.0|2038.0|15406.0|12197.0|48277.0|8595.0|35370.0|14755.0|18505.0|16563.0|21250.0|38910.0|22432.0|10505.0|26950.0|22642.5|8156.0|13007.5|13475.0|31364.0|28029.0|2000.0|41746.0|16604.5|37603.0|13242.0|1930.0|20081.25|38373.75|17550.0|16235.0|21068.0|22605.0|30150.0|40682.8935|7751.0|12718.125|20635.0|18459.0|15075.0|33209.0|16835.0|15925.0|19111.0|16038.0|14446.0|12520.0|8349.0|18750.0|33125.0|96036.0|5827.5|8142.0|9969.0|14325.0|14245.0|17884.0|12918.0|16633.0|19425.0|4220.0|37455.0|19846.0|21318.75|12830.75|12229.0|17025.0|11490.0|29475.0|14726.25|32500.0|25837.0|39020.4285|14738.0|8843.0|10808.0|23750.0|11781.0|36575.0|39022.5|11205.0|12870.0|755.0|37895.0|39919.0|9000.0|9905.0|16363.0|568.0|33266.0|14452.0|46773.0|24937.0|603.0|16250.0|9143.0|8636.0|22032.0|67851.0|13296.125|12415.0|28650.0|6876.0|7481.0|12468.0|16703.0|3378.0|12080.625|8308.0|9952.0|37500.4605|15793.0|19713.0|33926.0|24139.0|14340.25|11007.5|134008.440726|44178.75|10051.25|9945.0|17757.0|7363.125|18094.0|4952.0|9173.0|14131.0|34788.0|42735.0|32100.0|11637.5|17737.5|39875.0|6333.0|43426.0|500.0|10806.0|44887.0|20507.0|6861.0|19793.0|1450.0|87419.0|9473.0|12485.0|42234.75|27188.0|13594.0|7836.0|7039.125|81652.0|15279.0|510.0|123611.0|9647.5|11196.0|5512.5|45400.0|43152.8415|26646.939000000002|1774.0|10412.5|1855.0|11731.875|8603.375|18375.0|31336.0|6737.5|9500.0|38222.0|5102.0|40425.0|550.0|6053.0|24207.0|6631.0|5287.0|38610.0|14860.375|6395.625|7521.0|3695.0|45000.0|8667.0|8254.0|3105.0|11321.25|528.0|3567.0|12302.5|6792.75|11761.0|1251.4|7500.0|3976.0|6248.0|7816.875|5425.0|49000.0|11233.75|234366.65324100002|483.0|96450.0|9238.125|7962.5|11115.0|8685.0|4587.0|46800.0|9187.5|5985.0|6024.375|53550.0|72229.0|36114.0|1572.0|46901.25|2925.0|49813.5|10659.375|45837.0|8302.25|36189.0|45959.0|42020.0|151050.72136000003|8417.5|55515.0|13501.875|103206.0|37500.0|132148.07386|9811.75|87058.0|4879.0|38449.0|3500.0|7644.0|4500.0|464.0|6503.75|7605.0|8520.0|1671.0|7984.0|10782.5|6201.0|6525.0|52510.144499999995|1036.0|46507.0|95796.90568|9042.0|10167.625|43230.0|5265.0|5112.0|7384.0|11379.375|7074.0|47300.0|48938.0|418.0|2674.0|7238.0|11329.0|5806.0|1330.0|3760.0|45866.0|936.0|9819.0|50027.0|5606.0|5500.0|6798.0|5321.25|5308.0|1207.6|7917.0|75863.0|4596.0|7122.5|7153.0|341672.3793|5631.3|8701.875|1528.0|6030.0|51800.0|1137.0|4662.0|164382.03756|8775.0|7686.25|1071.0|444.0|2751.0|54480.0|10040.625|5107.5|3992.0|80690.0|3537.0|51237.0|908.0|6242.5|4323.0|6273.0|4175.0|6435.0|57521.289000000004|382.0|312.85|980.0|6500.0|259.0|393.0|6625.0|1655.5|83666.0|6653.0|81266.0|480144.472857|946.0|4478.0|345.0|1589.0|60380.0|134018.0|159292.273065|9712.5|56760.0|1378.0|1813.0|333.0|53055.0|1874.25|8512.5|5116.5|8868.75|227.0|5109.0|139297.0|3367.0|51570.0|4202.0|51023.0|3247.0|92594.0|101376.0|51620.25|56160.0|5167.0|150054.0|245.0|3185.0|4750.0|56850.0|40930.0|4086.0|1715.0|2189.9500000000003|2601.5|3441.3500000000004|64260.0|62160.0|111284.0|2717.1|2331.0|236.5|284.25|3438.0|3263.0|5766.0|4343.0|4713.0|3988.0|63560.0|54862.0|53077.0|6958.0|1638.0|4322.0|2538.0|301.9|5438.0|3675.0|56842.0|2327.0|68220.0|267.75|109525.15854|3789.0|58800.0|5434.2|3042.0|4819.5|5730.0|3657.0|2992.0|5895.0|2849.0|2558.25|3074.5|7377.5|2695.0|65358.623999999996|2128.5|4410.0|3126.75|1989.75|4263.75|2205.0|3405.0|2497.0|2106.0|2574.0|97992.0|4987.0|55000.0|2043.0|4257.0|4212.0|5432.0|3924.7|363.0|3510.0|2113.3|234.0|4016.25|4692.75|3695.25|3885.0|3480.75|2945.25|3100.0|66500.0|6267.0|4966.0|2815.65|201640.0|48790.0|66220.0|62570.0|56058.0|4528.5|65520.00000000001|56405.0|72520.0|3320.9|72640.0|4067.05|74880.0|2951.0|2409.75|135131.0|3547.5|68900.0|79590.0|74970.0|68600.0,25465.0,,,categorical,30,1974,2018
gss_relatsex,gss,relatsex,gss:relatsex,relation to last sex partner,"yes, the last time i had sex, it was with someone i was in an on-going relationship with|no, the last time i had sex, it was not with someone i was in an on-going relationship with","yes, the last time i had sex, it was with someone i was in an on-going relationship with",,,binary,12,1996,2018
gss_relexper,gss,relexper,gss:relexper,turning point in life for religion,no|yes,no,,,binary,6,1991,2010
gss_relig16,gss,relig16,gss:relig16,religion in which raised,protestant|catholic|none|jewish|christian|muslim/islam|orthodox-christian|buddhism|hinduism|inter-nondenominational|native american|other eastern religions,protestant,,,categorical,31,1973,2018
gss_relig30,gss,relig30,gss:relig30,r use religion site in past 30 days,never|1-2 times|more than 5 times|3-5 times,never,,,categorical,3,2000,2004
gss_religcon,gss,religcon,gss:religcon,religions bring more conflict,agree|disagree|neither agree nor disagree|strongly agree|strongly disagree,agree,,,categorical,3,1998,2018
gss_religkid,gss,religkid,gss:religkid,religion r was raised in,protestant|catholic|hinduism|jewish|buddhism|none,protestant,,,categorical,4,1991,2018
gss_religsp,gss,religsp,gss:religsp,r's spouse's religion,"protestant|catholic|no religion|jewish|other -specify|orthodox greek, russian, etc|moslem",protestant,,,categorical,3,1991,2008
gss_relmarry,gss,relmarry,gss:relmarry,r accepts a person from a different religion or view from r's marrying relative,probably accept|definitely accept|probably not accept|definitely not accept,probably accept,,,categorical,2,2008,2018
gss_relneg,gss,relneg,gss:relneg,any turning point when less committed to religion,no|yes,no,,,binary,3,2006,2010
gss_relsch,gss,relsch,gss:relsch,children attend other church school,no|yes,no,,,binary,2,1998,2000
gss_reltruth,gss,reltruth,gss:reltruth,how much truth in religion,basic truth many|truth in one|little truth any,basic truth many,,,categorical,2,1998,2008
gss_respect,gss,respect,gss:respect,r treated with respect at work,agree|strongly agree|disagree|strongly disagree,agree,,,categorical,5,2002,2018
gss_respnum,gss,respnum,gss:respnum,number in family of r,1st person|2nd person|3rd person|4th person|5th person|11th person|6th person|7th person|8th person|12th person|9th person|10th person|14th person,1st person,,,categorical,29,1975,2018
gss_rhhwork,gss,rhhwork,gss:rhhwork,how many hours a week does r spend on hh work,10.0|5.0|4.0|3.0|2.0|8.0|6.0|20.0|7.0|15.0|1.0|12.0|0.0|14.0|30.0|40.0|25.0|35.0|21.0|16.0|28.0|50.0|24.0|9.0|60.0|70.0|48.0|45.0|72.0|22.0|18.0|13.0|97 or more|51.0|56.0|19.0|42.0|34.0|23.0|36.0|55.0|80.0|17.0|49.0|85.0|84.0|27.0|11.0,10.0,,,categorical,2,2002,2012
gss_rhiinc,gss,rhiinc,gss:rhiinc,r's income is high,disagree|neither agree nor disagree|agree|strongly disagree|strongly agree,disagree,,,categorical,4,1989,2016
gss_rhlpoths,gss,rhlpoths,gss:rhlpoths,r helps others in job,agree|strongly agree|neither agree nor disagree|disagree|strongly disagree,agree,,,categorical,4,1989,2016
gss_rhlpsoc,gss,rhlpsoc,gss:rhlpsoc,r's job is useful to society,agree|strongly agree|neither agree nor disagree|disagree|strongly disagree,agree,,,categorical,4,1989,2016
gss_rhlthend,gss,rhlthend,gss:rhlthend,r health rating,good|excellent|fair|poor,good,,,categorical,2,2016,2018
gss_richwork,gss,richwork,gss:richwork,"if rich, continue or stop working",continue to work|stop working,continue to work,,,binary,27,1973,2018
gss_rincblls,gss,rincblls,gss:rincblls,income alone is enough,no|yes,no,,,binary,5,2002,2018
gss_rincom06,gss,rincom06,gss:rincom06,respondents income,$40000 to 49999|$50000 to 59999|$60000 to 74999|$30000 to 34999|$25000 to 29999|$35000 to 39999|$75000 to $89999|$20000 to 22499|$22500 to 24999|$10000 to 12499|$12500 to 14999|$15000 to 17499|$90000 to $109999|$17500 to 19999|$1 000 to 2 999|$150000 or over|$3 000 to 3 999|under $1 000|$8 000 to 9 999|$110000 to $129999|$6 000 to 6 999|$5 000 to 5 999|$4 000 to 4 999|$7 000 to 7 999|$130000 to $149999,$40000 to 49999,,,categorical,5,2006,2014
gss_rincom16,gss,rincom16,gss:rincom16,respondents income,"$40,000 to $49,999|$50,000 to $59,999|$60,000 to $74,999|$30,000 to $34,999|$35,000 to $39,999|$25,000 to $29,999|$75,000 to $89,999|$20,000 to $22,499|$90,000 to $109,999|$22,500 to $24,999|$170,000 or over|$10,000 to $12,499|$1,000 to $2,999|$12,500 to $14,999|$15,000 to $17,499|$17,500 to $19,999|$110,000 to $129,999|$3,000 to $3,999|under $1,000|$8,000 to $9,999|$130,000 to $149,999|$5,000 to $5,999|$4,000 to $4,999|$7,000 to $7,999|$6,000 to $6,999|$150,000 to $169,999","$40,000 to $49,999",,,categorical,2,2016,2018
gss_rincom77,gss,rincom77,gss:rincom77,respondents income,$10000-12499|$1000-2999|$8000-9999|$12500-14999|$15000-17499|lt $1000|$25000-49999|$5000-5999|$17500-19999|$3000-3999|$7000-7999|$4000-4999|$6000-6999|$20000-22499|$22500-24999|$50000 +,$10000-12499,,,categorical,3,1977,1980
gss_rincom82,gss,rincom82,gss:rincom82,respondents income,$25000-34999|$10000-12499|$12500-14999|$1000-2999|$15000-17499|$20000-22499|$8000-9999|$17500-19999|$22500-24999|$35000-49999|lt $1000|$3000-3999|$5000-5999|$6000-6999|$4000-4999|$7000-7999|$50000+,$25000-34999,,,categorical,4,1982,1985
gss_rincom86,gss,rincom86,gss:rincom86,respondents income,$10000-12499|$25000-29999|$12500-14999|$15000-17499|$30000-34999|$20000-22499|$17500-19999|$22500-24999|$1000-2999|$40000-49999|$8000-9999|$35000-39999|lt $1000|$3000-3999|$5000-5999|$7000-7999|$4000-4999|$60000+|$6000-6999|$50000-59999,$10000-12499,,,categorical,5,1986,1990
gss_rincom91,gss,rincom91,gss:rincom91,respondents income,$25000-29999|$30000-34999|$40000-49999|$10000-12499|$15000-17499|$22500-24999|$12500-14999|$17500-19999|$20000-22499|$35000-39999|$8000-9999|$50000-59999|$1000-2999|$75000+|$3000-3999|$4000-4999|lt $1000|$5000-5999|$60000-74999|$6000-6999|$7000-7999,$25000-29999,,,categorical,4,1991,1996
gss_rincom98,gss,rincom98,gss:rincom98,respondents income,$40000 to 49999|$30000 to 34999|$25000 to 29999|$50000 to 59999|$35000 to 39999|$20000 to 22499|$60000 to 74999|$10000 to 12499|$22500 to 24999|$17500 to 19999|$12500 to 14999|$15000 to 17499|$110000 or over|$1 000 to 2 999|$8 000 to 9 999|$75000 to $89999|under $1 000|$3 000 to 3 999|$6 000 to 6 999|$5 000 to 5 999|$4 000 to 4 999|$7 000 to 7 999|$90000 - $109999,$40000 to 49999,,,categorical,4,1998,2004
gss_rincome,gss,rincome,gss:rincome,respondents income,"$25,000 or more|$10,000 to $14,999|$15,000 to $19,999|$20,000 to $24,999|$1,000 to $2,999|$8,000 to $9,999|under $1,000|$3,000 to $3,999|$5,000 to $5,999|$4,000 to $4,999|$6,000 to $6,999|$7,000 to $7,999","$25,000 or more",,,categorical,30,1974,2018
gss_rintjob,gss,rintjob,gss:rintjob,r's job is interesting,agree|strongly agree|neither agree nor disagree|disagree|strongly disagree,agree,,,categorical,4,1989,2016
gss_rotapple,gss,rotapple,gss:rotapple,r agrees immoral person corrupts society,agree somewhat|disagree somewhat|agree strongly|disagree strongly,agree somewhat,,,categorical,4,1988,2010
gss_rowngun,gss,rowngun,gss:rowngun,does gun belong to r,yes|no,yes,,,binary,23,1980,2018
gss_rsecjob,gss,rsecjob,gss:rsecjob,r's job is secure,agree|strongly agree|neither agree nor disagree|disagree|strongly disagree,agree,,,categorical,4,1989,2016
gss_rwrkbaby,gss,rwrkbaby,gss:rwrkbaby,did r work when kid was preschooler,"yes, full-time|no|yes,part-time","yes, full-time",,,categorical,3,1988,2002
gss_rwrkgrwn,gss,rwrkgrwn,gss:rwrkgrwn,did r work after kids left home,"yes, full-time|no|yes,part-time","yes, full-time",,,categorical,3,1988,2002
gss_rwrkindp,gss,rwrkindp,gss:rwrkindp,r can work independently,agree|strongly agree|neither agree nor disagree|disagree|strongly disagree,agree,,,categorical,4,1989,2016
gss_rwrknokd,gss,rwrknokd,gss:rwrknokd,did r work aftr marrge but before kids,"yes, full-time|no|yes,part-time","yes, full-time",,,categorical,3,1988,2002
gss_rwrksch,gss,rwrksch,gss:rwrksch,did r work after youngest in school,"yes, full-time|yes,part-time|no","yes, full-time",,,categorical,3,1988,2002
gss_safefrst,gss,safefrst,gss:safefrst,no shortcuts on worker safety,agree|strongly agree|disagree|strongly disagree,agree,,,categorical,5,2002,2018
gss_safehlth,gss,safehlth,gss:safehlth,safety and health condition good at work,agree|strongly agree|disagree|strongly disagree,agree,,,categorical,5,2002,2018
gss_safetywk,gss,safetywk,gss:safetywk,worker safety priority at work,agree|strongly agree|disagree|strongly disagree,agree,,,categorical,5,2002,2018
gss_saqsex,gss,saqsex,gss:saqsex,r did sex module,"r did sex saq|administered by interviewer|r did not do sex|promised, but did not do",r did sex saq,,,categorical,6,1996,2006
gss_satfam,gss,satfam,gss:satfam,family life,very great deal|great deal|quite a bit|a fair amount|some|a little|none,very great deal,,,categorical,18,1973,1994
gss_satfam7,gss,satfam7,gss:satfam7,family satisfaction in general,very satisfied|completely satisfied|fairly satisfied|neither satisfied nor dissatisfied|fairly dissatisfied|very dissatisfied|completely dissatisfied,very satisfied,,,categorical,3,2002,2018
gss_sathealt,gss,sathealt,gss:sathealt,health and physical condition,great deal|very great deal|quite a bit|a fair amount|some|a little|none,great deal,,,categorical,18,1973,1994
gss_sathobby,gss,sathobby,gss:sathobby,"non-working activities, hobbies",great deal|very great deal|quite a bit|a fair amount|some|a little|none,great deal,,,categorical,18,1973,1994
gss_satjob,gss,satjob,gss:satjob,work satisfaction,very satisfied|moderately satisfied|a little dissatisfied|very dissatisfied,very satisfied,,,categorical,32,1972,2018
gss_satjob1,gss,satjob1,gss:satjob1,job satisfaction in general,very satisfied|somewhat satisfied|not too satisfied|not at all satisfied,very satisfied,,,categorical,5,2002,2018
gss_satjob7,gss,satjob7,gss:satjob7,job satisfaction in general,very satisfied|fairly satisfied|completely satisfied|neither satisfied nor dissatisfied|fairly dissatisfied|very dissatisfied|completely dissatisfied,very satisfied,,,categorical,2,2002,2012
gss_savejobs,gss,savejobs,gss:savejobs,govt support for declining industries,in favor|neither in favor nor against|strongly in favor of|against|strongly against,in favor,,,categorical,5,1985,2016
gss_schl30,gss,schl30,gss:schl30,r use school site in past 30 days,never|1-2 times|more than 5 times|3-5 times,never,,,categorical,3,2000,2004
gss_sciagrgw,gss,sciagrgw,gss:sciagrgw,extent of agreement on global warming amg env scientists,3.0|2.0|near complete agreement|4.0|no agreement at all,3.0,,,categorical,2,2006,2010
gss_scibstgw,gss,scibstgw,gss:scibstgw,best policy vs narrow interest: environmental scientist,what is best for the country|2.0|3.0|own narrow interests|4.0,what is best for the country,,,categorical,2,2006,2010
gss_scientgo,gss,scientgo,gss:scientgo,scientists work for good of humanity,agree|strongly agree|disagree|strongly disagree,agree,,,categorical,3,2012,2018
gss_sciinfgw,gss,sciinfgw,gss:sciinfgw,influence on global warming policy: environmntal scientists,a great deal of influence|a fair amount|a little influence|none at all,a great deal of influence,,,categorical,2,2006,2010
gss_scmed,gss,scmed,gss:scmed,how well medical researcher's understand stem cells,very well|2.0|3.0|4.0|not at all,very well,,,categorical,2,2006,2010
gss_scresrch,gss,scresrch,gss:scresrch,government should fund stem cell research,probably should fund such research|definitely should fund such research|probably should not fund such research|definitely should not fund such research,probably should fund such research,,,categorical,2,2006,2010
gss_sealevel,gss,sealevel,gss:sealevel,effect of global warming: sea level flood coastal areas,a great deal|some|a little|not at all,a great deal,,,categorical,2,2006,2010
gss_secbudgt,gss,secbudgt,gss:secbudgt,government maintain secrecy on the intelligence budget,probably should|definitely should|probably should not|definitely should not,probably should,,,categorical,2,1996,1998
gss_secdiplo,gss,secdiplo,gss:secdiplo,government maintain secrecy on diplomatic initiatives,probably should|definitely should|probably should not|definitely should not,probably should,,,categorical,2,1996,1998
gss_secjob,gss,secjob,gss:secjob,importance of job security in a job,very important|important|neither important nor unimportant|not important|not important at all,very important,,,categorical,4,1989,2016
gss_secmilop,gss,secmilop,gss:secmilop,government maintain secrecy on military operations,definitely should|probably should|probably should not|definitely should not,definitely should,,,categorical,2,1996,1998
gss_secondwk,gss,secondwk,gss:secondwk,r has job other than main,no|yes,no,,,binary,5,2002,2018
gss_secterr,gss,secterr,gss:secterr,government maintain secrecy on domestic terrorism,definitely should|probably should|probably should not|definitely should not,definitely should,,,categorical,2,1996,1998
gss_sector,gss,sector,gss:sector,type of college respondent attended,"public, 4-year or above|private not-for-profit, 4-year or above|public, 2-year|private for-profit, 4-year or above|private not-for-profit, 2-year or less|private for-profit, less than 2-year|private for-profit, 2-year|administrative unit","public, 4-year or above",,,categorical,3,2012,2016
gss_seecowrk,gss,seecowrk,gss:seecowrk,how easy to see whether co-workers working,very easy to see|8.0|not at all easy to see|9.0|5.0|7.0|6.0|4.0|3.0|2.0|1.0,very easy to see,,,categorical,2,2002,2006
gss_sei10educ,gss,sei10educ,gss:sei10educ,percentage of some college educ in occ10 based on acs 2010,57.6|22.3|56.1|55.9|25.4|17.3|55.4|98.9|40.8|44.0|16.5|35.0|76.9|97.8|99.0|42.3|65.3|45.2|25.7|45.4|24.1|24.3|99.1|42.0|93.7|33.7|73.0|20.4|37.7|21.7|14.1|25.1|54.2|58.9|29.5|92.0|19.2|85.7|43.9|51.1|58.8|99.4|35.1|91.4|65.6|82.8|78.0|33.9|86.3|21.0|58.5|69.1|56.7|76.5|79.2|75.9|68.6|77.2|95.6|90.6|99.7|27.8|31.9|82.5|63.9|48.5|55.7|36.5|83.0|66.9|22.7|70.1|36.0|94.4|26.7|53.0|27.1|21.6|28.2|59.2|37.4|22.0|48.8|30.7|55.8|81.4|92.1|50.7|53.9|38.4|85.9|19.3|16.0|89.4|91.9|82.4|17.0|50.1|16.9|55.5|83.7|69.9|81.3|90.5|13.5|65.5|62.4|17.2|63.1|46.1|29.7|95.1|94.8|37.0|82.3|93.1|46.4|72.2|52.1|62.7|86.7|39.6|75.5|46.3|31.0|79.5|28.3|46.6|78.3|12.2|57.1|97.5|47.3|32.1|73.5|57.7|17.5|50.0|54.8|74.4|20.6|47.4|64.6|97.3|41.6|87.0|73.3|28.0|28.9|42.8|22.9|78.2|87.3|45.5|12.6|61.1|73.9|13.3|30.6|92.4|74.2|71.7|38.3|83.3|15.5|40.3|77.5|48.9|94.0|38.5|52.2|86.8|67.3|32.4|31.1|24.0|95.7|75.1|13.1|70.4|79.4|18.7|34.8|23.9|41.8|50.6|71.6|90.9|60.9|69.7|37.8|94.1|64.1|51.7|26.2|83.1|95.0|65.1|27.0|16.8|26.6|11.9|46.9|42.6|68.4|85.6|17.9|61.3|99.2|12.3|95.3|31.2|12.4|68.8|27.5|54.6|54.3|19.6|21.1|20.5|66.0|79.9|99.5|18.0|21.5|95.5|19.7|81.1|74.6|45.7|67.6|51.0|47.5|75.6|25.6|26.0|59.3|48.2|52.7|98.3|49.0|78.1|72.5|44.2|34.7|43.7|42.1|99.3|32.5|88.3|58.7|84.5|66.7|29.1|55.2|92.9|64.7|79.6|63.5|70.3|49.3|34.2|21.9|81.9|63.3|91.1|17.7|96.0|61.0|19.9|78.4|66.3|80.7|91.7|80.1|70.9|47.8|44.4|67.4|90.2|23.2|19.0|81.0|55.6|92.6|69.8|29.4|79.8|84.8|78.8|22.4|35.3|30.4|19.8|96.3|58.6|40.4|91.2|18.6|39.9|68.2|80.0|23.6|33.5|24.4|28.7|34.1|55.1|19.1|88.2|38.6|46.7|56.6|85.4|16.7|89.8|98.5|96.8|54.7|20.8|36.2|33.8|22.5|97.0|48.3|66.8|14.3|84.6|85.3|25.8|35.8|62.8|9.8|48.1|39.2|84.4|13.4|96.5|35.2|40.9|93.3|90.8|63.7|47.9|24.7|40.2|17.8|83.5|58.2|96.4|32.8|14.2|62.3|62.2|87.5|62.9|49.7|34.9|91.3|23.0|35.5|69.6|99.6|53.3|35.9|86.2|94.3|60.7|45.1|84.7|10.9|84.0|98.7|34.3,57.6,,,categorical,32,1972,2018
gss_selfirst,gss,selfirst,gss:selfirst,take care of yourself first before others,agree|disagree|strongly agree|neither agree nor disagree|strongly disagree,agree,,,categorical,2,1993,1996
gss_sethours,gss,sethours,gss:sethours,who set working hours,employer decides|i decide w/limts|free to decide,employer decides,,,categorical,2,1998,2006
gss_sex,gss,sex,gss:sex,respondents sex,female|male,female,,,binary,32,1972,2018
gss_sex1,gss,sex1,gss:sex1,sex of person number 1,female|male,female,,,binary,2,1985,2004
gss_sex2,gss,sex2,gss:sex2,sex of person number 2,female|male,female,,,binary,2,1985,2004
gss_sex3,gss,sex3,gss:sex3,sex of person number 3,female|male,female,,,binary,2,1985,2004
gss_sex4,gss,sex4,gss:sex4,sex of person number 4,female|male,female,,,binary,2,1985,2004
gss_sex5,gss,sex5,gss:sex5,sex of person number 5,female|male,female,,,binary,2,1985,2004
gss_sexeduc,gss,sexeduc,gss:sexeduc,sex education in public schools,favor|oppose,favor,,,binary,25,1974,2018
gss_sexfreq,gss,sexfreq,gss:sexfreq,frequency of sex during last year,2 or 3 times a week|about once a week|not at all|2 or 3 times a month|once a month|once or twice|more than 3 times a week,2 or 3 times a week,,,categorical,17,1989,2018
gss_sexhar,gss,sexhar,gss:sexhar,r experienced sexual harassment,no|yes|never have worked,no,,,categorical,2,1994,1996
gss_sexornt,gss,sexornt,gss:sexornt,sexual orientation,"heterosexual or straight|bisexual|gay, lesbian, or homosexual",heterosexual or straight,,,categorical,6,2008,2018
gss_sexpromo,gss,sexpromo,gss:sexpromo,sex makes your promotion different,no effect|better|worse,no effect,,,categorical,2,1991,1996
gss_sexsex,gss,sexsex,gss:sexsex,sex of sex partner's in last year,exclusively male|exclusively female|both male and female,exclusively male,,,categorical,18,1988,2018
gss_sexsex18,gss,sexsex18,gss:sexsex18,"since age 18, have your sex partner's been...","only men|only women|i have not had any sex partners|some women, but mostly men|some men, but mostly women|equally men and women",only men,,,categorical,2,2008,2012
gss_sexsex5,gss,sexsex5,gss:sexsex5,sex of sex partner's last five years,exclusively male|exclusively female|both male and female,exclusively male,,,categorical,15,1991,2018
gss_shotgun,gss,shotgun,gss:shotgun,shotgun in home,no|yes,no,,,binary,27,1973,2018
gss_shout,gss,shout,gss:shout,ppl at work shout at r in hostile manner,never|rarely|sometimes|often,never,,,categorical,2,2004,2012
gss_skltrain,gss,skltrain,gss:skltrain,r had job skill training in thepast 12 months,no|yes,no,,,binary,2,2006,2016
gss_solok,gss,solok,gss:solok,how important: citizens have adequate standard of living,very important|6.0|5.0|4.0|3.0|not at all important|2.0,very important,,,categorical,2,2004,2014
gss_sparms,gss,sparms,gss:sparms,govt spending on defense,spend same|spend less|spend more|spend much less|spend much more,spend same,,,categorical,5,1985,2016
gss_spbarate,gss,spbarate,gss:spbarate,rate of ba degree earning in college spouse attended,58% or over|40-57.9%|0-39.9%,58% or over,,,categorical,3,2012,2016
gss_spden,gss,spden,gss:spden,"specific denomination, spouse",baptist|other denomination|methodist|lutheran|no denomination or non-denominational church|presbyterian|episcopal,baptist,,,categorical,27,1973,2018
gss_spden16,gss,spden16,gss:spden16,denomination in which spouse raised,"southern baptist|united methodist|no denomination|episcopal|am lutheran|other baptists|am baptist asso|united pres ch in usa|lutheran-mo synod|presbyterian c in us|other methodist|afr meth episcopal|other lutheran|am bapt ch in usa|nat bapt conv of am|luth ch in america|presbyterian, merged|evangelic luth|other presbyterian|nat bapt conv usa|wi evan luth synod|afr meth ep zion",no denomination,,,categorical,19,1973,1994
gss_spden_7322,gss,spden_7322,gss:spden_7322,"specific denomination, spouse","other, specify|no denomination or non-denominational church|southern baptist convention|united methodist church|episcopal church|other baptist churches|lutheran church - missouri synod|american lutheran church|american baptist association|united presbyterian church in the u.s.a.|presbyterian church in the u.s.|evangelical lutheran|lutheran church in america|american baptist churches in the u.s.a.|presbyterian, merged|national baptist convention of america|wisconsin evangelical lutheran synod|other presbyterian churches|african methodist episcopal church|other methodist churches|other lutheran churches|national baptist convention u.s.a., inc.|african methodist episcopal zion church","other, specify",,,categorical,27,1973,2018
gss_speduc,gss,speduc,gss:speduc,"highest year school completed, spouse",12th grade|4 years of college|2 years of college|1 year of college|11th grade|8th grade|10th grade|6 years of college|3 years of college|9th grade|5 years of college|8 or more years of college|7th grade|6th grade|7 years of college|5th grade|4th grade|3rd grade|no formal schooling|2nd grade|1st grade,12th grade,,,categorical,32,1972,2018
gss_speftotlt,gss,speftotlt,gss:speftotlt,total number of students enrolled in college spouse attended,468 or more students|0-467 students enrolled,468 or more students,,,binary,3,2012,2016
gss_spenviro,gss,spenviro,gss:spenviro,govt spending on environment,spend more|spend same|spend much more|spend less|spend much less,spend more,,,categorical,5,1985,2016
gss_spethnic,gss,spethnic,gss:spethnic,country of spouse's family origin,germany|england & wales|ireland|africa|italy|american indian|mexico|poland|scotland|france|norway|netherlands|sweden|french canada|russia|american only|czechoslovakia|denmark|spain|puerto rico|austria|other canada|switzerland|greece|other spanish|hungary|japan|china|india|non-span windies|philippines|finland|yugoslavia|lithuania|portugal|rumania|other asian|arabic|belgium|other european|west indies,germany,,,categorical,9,1985,1994
gss_spevwork,gss,spevwork,gss:spevwork,spouse ever work as long as a year,yes|no,yes,,,binary,32,1972,2018
gss_spgradtounder,gss,spgradtounder,gss:spgradtounder,ratio of graduate students to undergraduate students in college spouse attended,.211 or over|0-.210 graduate student per undergraduate student,.211 or over,,,binary,3,2012,2016
gss_sphhwork,gss,sphhwork,gss:sphhwork,how many hours a week does spouse on hh wrk,10.0|0.0|2.0|5.0|20.0|1.0|3.0|4.0|8.0|15.0|7.0|6.0|40.0|30.0|12.0|14.0|25.0|21.0|35.0|16.0|60.0|24.0|97.0|9.0|50.0|28.0|18.0|80.0|55.0|17.0|72.0|36.0|86.0|64.0|56.0|96.0|34.0|11.0|70.0|84.0|23.0,10.0,,,categorical,2,2002,2012
gss_sphlth,gss,sphlth,gss:sphlth,govt spending on health,spend more|spend same|spend much more|spend less|spend much less,spend more,,,categorical,5,1985,2016
gss_sphrs1,gss,sphrs1,gss:sphrs1,number of hrs spouse worked last week,40.0|50.0|60.0|45.0|20.0|30.0|48.0|35.0|55.0|32.0|70.0|24.0|25.0|38.0|16.0|36.0|44.0|65.0|15.0|42.0|80.0|10.0|37.0|89+ hours|8.0|56.0|52.0|12.0|46.0|72.0|54.0|43.0|28.0|18.0|75.0|6.0|47.0|22.0|84.0|58.0|34.0|27.0|4.0|62.0|49.0|5.0|26.0|21.0|39.0|41.0|3.0|1.0|68.0|51.0|66.0|53.0|57.0|14.0|64.0|2.0|33.0|23.0|29.0|7.0|9.0|19.0|63.0|17.0|11.0|76.0|85.0|13.0|31.0|0.0|74.0|77.0|61.0|67.0|73.0|71.0|78.0|59.0|69.0|88.0|82.0|79.0|81.0|86.0,40.0,,,categorical,31,1973,2018
gss_sphrs2,gss,sphrs2,gss:sphrs2,no. of hrs spouse usually works a week,40.0|50.0|60.0|20.0|45.0|30.0|35.0|48.0|25.0|70.0|16.0|65.0|55.0|10.0|56.0|38.0|46.0|44.0|8.0|32.0|37.0|42.0|43.0|80.0|12.0|21.0|36.0|1.0|52.0|73.0|26.0|27.0|54.0|14.0|24.0|15.0|57.0|13.0|89+ hours|34.0|5.0|84.0|51.0|22.0|49.0|72.0|39.0|33.0|18.0|47.0,40.0,,,categorical,31,1973,2018
gss_spkath,gss,spkath,gss:spkath,allow anti-religionist to speak,"yes, allowed to speak|not allowed","yes, allowed to speak",,,binary,28,1972,2018
gss_spkhomo,gss,spkhomo,gss:spkhomo,allow homosexual to speak,"yes, allowed to speak|not allowed","yes, allowed to speak",,,binary,27,1973,2018
gss_spmentl,gss,spmentl,gss:spmentl,govt spending on health,spend the same as now|spend more|spend much more|spend less|spend much less,spend the same as now,,,categorical,2,1996,2006
gss_spoth16,gss,spoth16,gss:spoth16,other protestant denominations,"church of christ|mormon|pentecostal|christian; central christian|congregationalist, 1st congreg|churches of god(except with christ and holiness)|assembly of god|holiness; church of holiness|united church of christ|nazarene|7th day adventist|reformed|christian reform|jehovah's witnesses|evangelical, evangelist|brethren church, brethren|christian scientist|disciples of christ|mennonite|first christian|pentecostal holiness, holiness pentecostal|unitarian, universalist|united brethren, united brethren in christ|salvation army|quaker|dutch reform|wesleyan|missionary baptist|evangelical reformed|church of god in christ|free will baptist|evangelical united brethren|covenant|christian & missionary alliance|holy roller|lds--reorganized|united church of canada|united church of christianity|pentecostal assembly of god|holiness (nazarene)|evangelist free church|apostolic faith|christian disciples|moravian|four square gospel|amish|missionary church|holiness church of god|open bible|united church, unity church|friends|advent christian|other fundamentalist|hungarian reformed|reformed church of christ|pilgrim holiness|pentecostal apostolic|church of god in christ holiness|free methodist|grace brethren|first christian disciples of christ|christ adelphians|pentecostal church of god|church of christ, evangelical|full gospel|community church|christ in christian union|first church|independent|independent fundamental church of america|calvary bible|primitive baptist|christ in god|bible missionary|evangelical covenant|ind bible, bible, bible fellowship|evangelical congregational|federated church|christian catholic|brethren, plymouth|church of the first born|church of god, saint & christ|swedish mission|zion union apostolic|faith christian|grace reformed|triumph church of god|zion union|evangelical methodist|united holiness|apostolic church|baptist (northern)|christ church unity|brother of christ|carmelite|sanctified, sanctification|church of the living god|african methodist|wesleyan methodist--pilgrim|reformed united church of christ|mind science|mennonite brethren|zion union apostolic--reformed|american reform|apostolic christian|mission covenant|eden evangelist|first reformed",church of christ,,,categorical,19,1973,1994
gss_spother,gss,spother,gss:spother,other protestant denominations,"mormon|pentecostal|church of christ|christian; central christian|jehovah's witnesses|congregationalist, 1st congreg|churches of god (except with christ and holiness)|assembly of god|united church of christ|7th day adventist|nazarene|holiness; church of holiness|evangelical, evangelist|reformed|unitarian, universalist|pentecostal holiness, holiness pentecostal|disciples of christ|christian reform|first christian|free will baptist|quaker|brethren church, brethren|missionary baptist|wesleyan|mennonite|full gospel|christian scientist|independent|christian & missionary alliance|church of god in christ|apostolic faith|other fundamentalist|salvation army|holiness (nazarene)|four square gospel|evangelist free church|united brethren, united brethren in christ|pentecostal assembly of god|lds--reorganized|unity|united church of christianity|covenant|pentecostal church of god|born again|charismatic|ind bible, bible, bible fellowship|holiness church of god|moravian|dutch reform|missionary church|advent children|evangelical reformed|church of god in christ holiness|reformed united church of christ|church of christ, evangelical|grace brethren|first church|christian disciples|community church|holy roller|religious science|reformed church of christ|open bible|evangelical covenant|pilgrim holiness|free methodist|united church of canada|pentecostal apostolic|wesleyan methodist--pilgrim|friends|apostolic church|apostolic christian|bible missionary|mind science|united church, unity church|first christian disciples of christ|grace reformed|christ in christian union|the church of god of prophecy|hebrew roots|church of god, saint & christ|amish|new hope christian fellowship|sanctified, sanctification|christ church unity|mennonite brethren|christian catholic|evangelical methodist|evangelical congregational|journeys|church of god of israel|christ adelphians|old testament|christian calvary chapel|worldwide church of god|federated church|people's church|spiritualist|church of the living god|church of prophecy|church of the first born|reformed church of jesus christ of latter day saints|american reform|hawaiian ohana|faith christian|zion union|chinese gospel church|new apostolic|hungarian reformed|carmelite|brother of christ|eden evangelist|swedish mission|african methodist|zion union apostolic--reformed|new testament christian|mission covenant|universal church of the kingdom of god|pathways christian church|united holiness|christian tabernacle|armenian apostolic church|disciple of jesus|brethren, plymouth|the way ministry|zion union apostolic|church universal and triumphant|calvary bible|christ cathedral of truth|primitive baptist|alliance|calvary|first reformed|christ in god",mormon,,,categorical,27,1973,2018
gss_sppolice,gss,sppolice,gss:sppolice,govt spending on law enforcement,spend more|spend same|spend much more|spend less|spend much less,spend more,,,categorical,5,1985,2016
gss_sprel16,gss,sprel16,gss:sprel16,religion in which spouse raised,protestant|catholic|jewish|none,protestant,,,categorical,20,1973,2012
gss_spschool,gss,spschool,gss:spschool,govt spending on education,spend more|spend much more|spend same|spend less|spend much less,spend more,,,categorical,5,1985,2016
gss_spsector,gss,spsector,gss:spsector,type of college spouse attended,"public, 4-year or above|private not-for-profit, 4-year or above|public, 2-year|private for-profit, 4-year or above|administrative unit|private for-profit, 2-year","public, 4-year or above",,,categorical,3,2012,2016
gss_spsei10educ,gss,spsei10educ,gss:spsei10educ,percentage of some college educ in spocc10 based on acs 2010,57.6|25.4|56.1|22.3|55.4|55.9|98.9|76.9|97.8|16.5|40.8|99.0|42.3|45.2|42.0|25.7|65.3|17.3|24.3|93.7|73.0|35.0|44.0|24.1|99.1|21.7|85.7|45.4|19.2|35.1|99.4|20.4|29.5|92.0|25.1|33.9|58.5|65.6|37.7|54.2|82.8|99.7|43.9|33.7|78.0|51.1|14.1|75.9|70.1|91.4|27.8|79.2|77.2|68.6|86.3|58.8|76.5|94.4|69.1|95.6|58.9|21.0|92.1|53.0|82.5|63.9|36.5|36.0|69.9|90.6|89.4|37.4|83.0|56.7|48.5|29.7|48.8|31.9|59.2|50.1|85.9|82.4|22.0|55.7|16.9|22.7|21.6|55.8|95.1|91.9|17.0|62.4|30.7|81.4|90.5|93.1|16.0|38.4|19.3|28.2|55.5|46.4|46.1|57.7|97.5|30.6|81.3|52.1|71.7|72.2|66.9|54.8|38.5|63.1|79.5|27.1|50.7|75.5|94.8|47.3|86.8|82.3|83.7|13.5|50.0|57.1|37.0|73.3|22.9|12.2|61.1|53.9|45.5|28.0|97.3|37.8|87.3|95.0|70.4|69.7|62.7|18.7|74.4|64.6|20.6|73.9|46.3|31.0|39.6|41.6|47.4|95.7|17.5|78.2|92.4|13.3|31.2|32.1|34.8|26.7|79.4|86.7|87.0|17.2|28.9|64.1|78.3|98.3|42.6|65.5|99.2|13.1|26.2|46.6|41.8|42.8|24.0|15.5|23.9|68.4|18.0|83.1|12.6|20.5|26.6|75.1|75.6|19.6|88.3|74.2|65.1|38.3|28.3|73.5|17.9|67.3|48.9|16.8|67.6|90.2|67.4|27.0|95.3|40.3|71.6|68.8|94.1|25.6|61.0|77.5|51.7|46.9|84.5|27.5|79.9|83.3|85.6|49.0|90.9|12.4|12.3|99.5|11.9|48.2|54.6|91.1|59.3|21.5|78.1|60.9|94.0|49.3|63.3|21.1|50.6|66.3|32.4|29.1|54.3|51.0|96.0|61.3|95.5|78.4|20.8|91.7|66.7|45.7|23.6|21.9|99.3|93.3|98.5|92.9|26.0|72.5|81.1|44.4|35.3|55.2|18.6|79.8|81.0|34.2|28.7|89.8|22.5|66.0|29.4|31.1|79.6|85.4|58.7|40.4|58.6|47.9|52.2|39.2|19.7|80.7|36.2|24.4|96.8|97.0|17.7|54.7|19.0|47.5|96.3|23.2|32.5|91.3|30.4|19.1|47.8|69.8|22.4|43.7|34.7|42.1|80.1|70.9|44.2|34.1|39.9|38.6|70.3|85.3|74.6|81.9|66.8|16.7|40.9|52.7|63.5|80.0|84.4|88.2|92.6|35.8|64.7|25.8|32.8|40.2|91.2|33.8|19.9|34.3|48.3|14.2|84.8|96.5|17.8|83.5|68.2|33.5|98.7|35.5|58.2|63.7|55.1|56.6|24.7|99.6|84.6|69.6|55.6|35.2|9.8|19.8|23.0|53.3|14.3|96.4|87.5|78.8|45.1|13.4|90.8|62.3|62.8|48.1|84.7|49.7|34.9|35.9|60.7|86.2|10.9|84.0|62.9|62.2,57.6,,,categorical,32,1972,2018
gss_spunemp,gss,spunemp,gss:spunemp,govt spending on unemployment benefits,spend same|spend more|spend less|spend much more|spend much less,spend same,,,categorical,5,1985,2016
gss_spwkbaby,gss,spwkbaby,gss:spwkbaby,did spouse work with young children,worked full-time|stayed home|worked part-time,worked full-time,,,categorical,2,1994,2002
gss_spwkgrwn,gss,spwkgrwn,gss:spwkgrwn,did spouse work after children left home,worked full-time|worked part-time|stayed home,worked full-time,,,categorical,2,1994,2002
gss_spwknokd,gss,spwknokd,gss:spwknokd,did spouse work after marriage before kids,worked full-time|stayed home|worked part-time,worked full-time,,,categorical,2,1994,2002
gss_spwrksch,gss,spwrksch,gss:spwrksch,did spouse work with school age children,worked full-time|worked part-time|stayed home,worked full-time,,,categorical,2,1994,2002
gss_spwrkslf,gss,spwrkslf,gss:spwrkslf,spouse self-emp. or works for somebody,someone else|self-employed,someone else,,,binary,32,1972,2018
gss_spwrksta,gss,spwrksta,gss:spwrksta,spouse labor force status,"working full time|keeping house|retired|working part time|with a job, but not at work because of temporary illness, vacation, strike|unemployed, laid off, looking for work|in school",working full time,,,categorical,32,1972,2018
gss_stayorg3,gss,stayorg3,gss:stayorg3,i would turn down job offering more pay,disagree|neither agree nor disagree|strongly disagree|agree|strongly agree,disagree,,,categorical,3,1998,2016
gss_stress,gss,stress,gss:stress,how often does r find work stressful,sometimes|often|hardly ever|always|never,sometimes,,,categorical,10,1989,2018
gss_strngun,gss,strngun,gss:strngun,strong unions needed to protect workers,agree|neither agree nor disagree|disagree|strongly agree|strongly disagree,agree,,,categorical,2,1989,2016
gss_studious,gss,studious,gss:studious,good student,not mentioned|3 least desirable|1 least desirable|3 most desirable|1 most desirable,not mentioned,,,categorical,6,1973,1983
gss_studiouy,gss,studiouy,gss:studiouy,good student-version y,not mentioned|3 least desirable|3 most desirable|1 least desirable|1 most desirable,not mentioned,,,categorical,3,1980,1986
gss_suicide3,gss,suicide3,gss:suicide3,suicide if dishonored family,no|yes,no,,,binary,24,1977,2018
gss_suirac2,gss,suirac2,gss:suirac2,race of suicide victim 2nd closest to r,white|black|hispanic,white,,,categorical,2,1990,1991
gss_suirac3,gss,suirac3,gss:suirac3,race of suicide victim 3rd closest to r,white|hispanic,white,,,binary,2,1990,1991
gss_suirace,gss,suirace,gss:suirace,race of suicide victim closest to r,white|black|hispanic,white,,,categorical,2,1990,1991
gss_suisex,gss,suisex,gss:suisex,sex of suicide victim closest to r,male|female,male,,,binary,2,1990,1991
gss_suisex2,gss,suisex2,gss:suisex2,sex of suicide victim 2nd closest to r,male|female,male,,,binary,2,1990,1991
gss_suisex3,gss,suisex3,gss:suisex3,sex of suicidevictim 3rd closest to r,male|female,male,,,binary,2,1990,1991
gss_sunsch16,gss,sunsch16,gss:sunsch16,how frequently r attended sunday school,regularly|some of the time|most of the time|never|att parochial sch,regularly,,,categorical,2,1988,1998
gss_supcares,gss,supcares,gss:supcares,supervisor concerned about welfare,very true|somewhat true|not too true|not at all true,very true,,,categorical,6,2002,2018
gss_supervis,gss,supervis,gss:supervis,does r supervise others at work in main job,no|yes,no,,,binary,2,1989,2018
gss_suphelp,gss,suphelp,gss:suphelp,supervisor helpful to r in getting job done,very true|somewhat true|not too true|not at all true,very true,,,categorical,5,2002,2018
gss_suprvsjb,gss,suprvsjb,gss:suprvsjb,does r supervise others at work,no|yes,no,,,binary,2,2010,2014
gss_talkemp,gss,talkemp,gss:talkemp,how likely to talk directly if coworker not work,very likely|not at all likely|somewhat likely|not very likely,very likely,,,categorical,2,2002,2006
gss_talksup,gss,talksup,gss:talksup,how likely to speak supervisor if coworker not w,not at all likely|somewhat likely|very likely|not very likely|i do not have a supervisor or manager,not at all likely,,,categorical,2,2002,2006
gss_tax,gss,tax,gss:tax,r's federal income tax,too high|about right|too low,too high,,,categorical,25,1976,2018
gss_taxcheat,gss,taxcheat,gss:taxcheat,wrong to cheat on taxes?,wrong|seriously wrong|a bit wrong|not wrong,wrong,,,categorical,2,1991,1998
gss_taxes12,gss,taxes12,gss:taxes12,past 12 months r web to learn taxes,no|yes,no,,,binary,2,2000,2002
gss_taxmid,gss,taxmid,gss:taxmid,taxes on middle income people too high,too high|about right|much too high|too low|much too low,too high,,,categorical,4,1987,2016
gss_taxpoor,gss,taxpoor,gss:taxpoor,taxes on low income people too high,too high|about right|much too high|too low|much too low,too high,,,categorical,4,1987,2016
gss_taxrich,gss,taxrich,gss:taxrich,taxes on high income people too high,too low|about right|too high|much too low|much too high,too low,,,categorical,5,1987,2016
gss_taxserve,gss,taxserve,gss:taxserve,favor conscription given taxes?,probably favor|probably oppose|strongly favor|strongly oppose,probably favor,,,categorical,2,1982,1984
gss_taxshare,gss,taxshare,gss:taxshare,should rich pay bigger share of taxes?,larger|the same share|much larger share|smaller|much smaller share,larger,,,categorical,3,1987,2008
gss_teamsafe,gss,teamsafe,gss:teamsafe,mgt and employees work together re safety,agree|strongly agree|disagree|strongly disagree,agree,,,categorical,5,2002,2018
gss_teensex,gss,teensex,gss:teensex,sex before marriage:teens 14-16,always wrong|almost always wrong|wrong only sometimes|not wrong at all,always wrong,,,categorical,19,1986,2018
gss_tempfam,gss,tempfam,gss:tempfam,greenhouse effect danger to my family,somewhat dangerous|very dangerous|not very dangerous|extremely dangerous|not dangerous at all,somewhat dangerous,,,categorical,2,1993,1994
gss_timefam,gss,timefam,gss:timefam,time r would spend on family,spend much more|spend a bit more|spend same|spend a bit less|spend much less,spend much more,,,categorical,3,1989,2006
gss_timehhwk,gss,timehhwk,gss:timehhwk,time r would spend on household work,spend same|spend a bit more|spend a bit less|spend much less|spend much more,spend same,,,categorical,3,1989,2006
gss_timeoff,gss,timeoff,gss:timeoff,how difficult r takes an hour off during working hours,not difficult at all|not too difficult|somewhat difficult|very difficult,not difficult at all,,,categorical,2,2006,2016
gss_timepdwk,gss,timepdwk,gss:timepdwk,time r would spend on paid work,spend same|spend a bit less|spend a bit more|spend much more|spend much less,spend same,,,categorical,3,1989,2006
gss_tithing,gss,tithing,gss:tithing,how much does r give to religion,"0.0|100.0|50.0|200.0|500.0|300.0|1000.0|10.0|600.0|150.0|250.0|400.0|20.0|2000.0|25.0|1500.0|800.0|1200.0|5.0|3000.0|30.0|2500.0|75.0|700.0|350.0|4000.0|52.0|120.0|60.0|40.0|520.0|5000.0|450.0|900.0|260.0|104.0|2.0|3500.0|240.0|tithes, amt. not given|750.0|125.0|1300.0|6000.0|15.0|2400.0|650.0|80.0|4500.0|1040.0|70.0|1800.0|3.0|1700.0|550.0|12.0|15000.0|10000.0|7000.0|175.0|2600.0|90.0|480.0|65.0|4.0|8000.0|156.0|225.0|312.0|96.0|850.0|12000.0|1350.0|35.0|720.0|130.0|1750.0|85.0|24.0|270.0|98.0|6500.0|1250.0|1600.0|9000.0|1100.0|5500.0|540.0|48.0|110.0|360.0|960.0|425.0|2700.0|170.0|160.0|1400.0|2210.0|864.0|265.0|9999.0|5046.0|99.0|2250.0|330.0|624.0|275.0|998.0|178.0|5300.0|1150.0|336.0|780.0|1.0|1900.0|2080.0|786.0|680.0|8500.0|630.0|5200.0|1490.0|3400.0|2200.0|3060.0|4400.0|115.0|67.0|325.0|114.0|301.0|2800.0|3120.0|1440.0|3482.0|570.0|516.0|627.0|2100.0|102.0|3300.0|9.0|18.0|1004.0|72.0|6450.0|180.0|1680.0|32.0|504.0|288.0|22.0|20000.0|99996 or more|596.0|481.0|364.0|189.0",0.0,,,categorical,3,1987,1989
gss_tlkfam,gss,tlkfam,gss:tlkfam,x should talk to family and friends,yes|no,yes,,,binary,3,1996,2018
gss_toldwork,gss,toldwork,gss:toldwork,how many of r's coworkers know r is gay/les/bi,none of them|less than half|all of my coworkers|more than half|about half,none of them,,,categorical,2,2008,2012
gss_trdunion,gss,trdunion,gss:trdunion,workers need strong unions,disagree|agree|strongly disagree|strongly agree,disagree,,,categorical,5,2002,2018
gss_trstprof,gss,trstprof,gss:trstprof,trust profs judgments in assigning reading,agree|disagree|strongly disagree|strongly agree,agree,,,categorical,2,1993,1998
gss_trust,gss,trust,gss:trust,can people be trusted,can't be too careful|most people can be trusted|depends,can't be too careful,,,categorical,28,1972,2018
gss_trustman,gss,trustman,gss:trustman,r trust management at work,agree|strongly agree|disagree|strongly disagree,agree,,,categorical,5,2002,2018
gss_trustsci,gss,trustsci,gss:trustsci,we trust too much in science,neither agree nor disagree|disagree|agree|strongly disagree|strongly agree,neither agree nor disagree,,,categorical,3,1998,2018
gss_trynewjb,gss,trynewjb,gss:trynewjb,how likely r make effort for new job next year,not at all likely|somewhat likely|very likely,not at all likely,,,categorical,7,2002,2018
gss_twoincs,gss,twoincs,gss:twoincs,husb & wife should contrib to family income,agree|neither agree nor disagree|strongly agree|disagree|strongly disagree,agree,,,categorical,3,1988,1996
gss_twoincs1,gss,twoincs1,gss:twoincs1,both men and women should contribute to income,agree|neither agree nor disagree|strongly agree|disagree|strongly disagree,agree,,,categorical,3,1994,2012
gss_txbiz,gss,txbiz,gss:txbiz,how well business leader knows effect of reducing fed inc tax,3.0|2.0|very well|4.0|not at all,3.0,,,categorical,2,2006,2010
gss_txeco,gss,txeco,gss:txeco,how well economist knows effect of reducing fed income tax,3.0|very well|2.0|4.0|not at all,3.0,,,categorical,2,2006,2010
gss_txpol,gss,txpol,gss:txpol,how well elected official knows effect of reducing fed inc tax,3.0|4.0|2.0|not at all|very well,3.0,,,categorical,2,2006,2010
gss_unemp,gss,unemp,gss:unemp,ever unemployed in last ten yrs,no|yes,no,,,binary,28,1973,2018
gss_unemp5,gss,unemp5,gss:unemp5,unemployed in last 5 yrs,"no|4 prior yrs|4 prior yrs, earner|both,not earner|both,earner both|last yr|last yr, earner|both,earner last yr|both,earner prior 4",no,,,categorical,12,1978,1994
gss_union,gss,union,gss:union,does r or spouse belong to union,"no, neither belong|yes, respondent belongs|yes, spouse belongs|yes, both belong","no, neither belong",,,categorical,28,1973,2018
gss_union1,gss,union1,gss:union1,does r or spouse or partner belong to union,"no, neither belong|yes, respondent belongs|yes, spouse or partner belongs|yes, both belong","no, neither belong",,,categorical,2,2016,2018
gss_unrel1,gss,unrel1,gss:unrel1,relatives unemployed in last yr,0.0|1.0|2.0|3.0|4.0|5.0,0.0,,,categorical,4,1978,1984
gss_uscitzn,gss,uscitzn,gss:uscitzn,"if not born in us, is r a us citizen",a u.s. citizen|not a u.s. citizen,a u.s. citizen,,,binary,6,2008,2018
gss_uscitzn_0822,gss,uscitzn_0822,gss:uscitzn_0822,"if not born in us, is r a us citizen","a u.s. citizen|not a u.s. citizen|born outside of the u.s. to parents who were u.s. citizens at that time (if volunteered)|a u.s. citizen born in puerto rico, the u.s. virgin islands, or the northern marianas islands (if volunteered)",a u.s. citizen,,,categorical,6,2008,2018
gss_uswar,gss,uswar,gss:uswar,expect u.s. in war within 10 years,yes|no,yes,,,binary,11,1973,2016
gss_uswary,gss,uswary,gss:uswary,expect u.s. in world war in 10 years,no|yes,no,,,binary,21,1976,2018
gss_valgiven,gss,valgiven,gss:valgiven,total donations past year r and immediate family,0.0|500.0|100.0|200.0|1000.0|2000.0|300.0|5000.0|3000.0|50.0|1500.0|400.0|10000.0|20.0|600.0|150.0|4000.0|2500.0|250.0|1200.0|6000.0|800.0|700.0|25.0|15000.0|60.0|10.0|8000.0|7000.0|3500.0|40.0|30.0|20000.0|12000.0|350.0|900.0|25000.0|9000.0|4500.0|5.0|120.0|15.0|30000.0|14000.0|750.0|1600.0|360.0|80.0|1300.0|480.0|2.0|3.0|11000.0|75.0|5500.0|9500.0|160.0|50000.0|100000.0|2800.0|3600.0|144.0|16500.0|35000.0|130.0|22000.0|70.0|1100.0|550.0|125.0|2300.0|6500.0|240.0|70000.0|23000.0|7500.0|32000.0|104.0|12.0|2400.0|35.0|18.0|6.0|59300.0|520.0|1250.0|13000.0|340.0|31000.0|16000.0|8800.0|28000.0|950.0|450.0|4800.0|5200.0|55.0|1.0|1092.0|2250.0|3800.0|1040.0|24.0|1800.0|445.0|425.0|40000.0|84.0|260.0|2700.0|90.0|1625.0|5600.0|375.0|6300.0|156.0|1400.0|48.0|1320.0|52.0|64.0|999.0,0.0,,,categorical,2,2012,2014
gss_vetfam,gss,vetfam,gss:vetfam,family members served in armed forces?,yes|no,yes,,,binary,2,1982,1984
gss_vietdraft,gss,vietdraft,gss:vietdraft,born on date with a vietnam war draft lottery number,draft lottery number made draft unlikely|draft lottery number made draft likely,draft lottery number made draft unlikely,,,binary,26,1978,2018
gss_vigmar,gss,vigmar,gss:vigmar,how willing r would have x marry in r's family,probably unwilling|definitely unwilling|probably willing|definitely willing,probably unwilling,,,categorical,3,1996,2018
gss_vigwork,gss,vigwork,gss:vigwork,how willing r would work closely with x on a job,probably willing|probably unwilling|definitely unwilling|definitely willing,probably willing,,,categorical,3,1996,2018
gss_voedcol,gss,voedcol,gss:voedcol,non-college postsecondary education (voednme1),no|yes,no,,,binary,3,2012,2016
gss_voedncol,gss,voedncol,gss:voedncol,non-college postsecondary education (voednme2),no|yes,no,,,binary,3,2012,2016
gss_volchrty,gss,volchrty,gss:volchrty,r done volunteer work for a charity,not at all in the past year|at least 2 or 3 times in the past year|once in the past year|once a month|more than once a week|once a week,not at all in the past year,,,categorical,4,2002,2014
gss_vote00,gss,vote00,gss:vote00,did r vote in 2000 election,voted|did not vote|ineligible,voted,,,categorical,3,2002,2006
gss_vote04,gss,vote04,gss:vote04,did r vote in 2004 election,voted|did not vote|ineligible,voted,,,categorical,3,2006,2010
gss_vote08,gss,vote08,gss:vote08,did r vote in 2008 election,voted|did not vote|ineligible,voted,,,categorical,3,2010,2014
gss_vote12,gss,vote12,gss:vote12,did r vote in 2012 election,voted|did not vote|ineligible,voted,,,categorical,3,2014,2018
gss_vote68,gss,vote68,gss:vote68,did r vote in 1968 election,voted|did not vote|not eligible|wldnt vt-relig,voted,,,categorical,2,1972,1973
gss_vote72,gss,vote72,gss:vote72,did r vote in 1972 election,voted|did not vote|not eligible|wldnt vt-relig,voted,,,categorical,5,1973,1977
gss_vote76,gss,vote76,gss:vote76,did r vote in 1976 election,voted|did not vote|not eligible,voted,,,categorical,4,1977,1982
gss_vote80,gss,vote80,gss:vote80,did r vote in 1980 election,voted|did not vote|not eligible,voted,,,categorical,5,1982,1987
gss_vote84,gss,vote84,gss:vote84,did r vote in 1984 election,voted|did not vote|not eligible,voted,,,categorical,5,1985,1989
gss_vote88,gss,vote88,gss:vote88,did r vote in 1988 election,voted|did not vote|not eligible,voted,,,categorical,4,1989,1993
gss_vote92,gss,vote92,gss:vote92,did r vote in 1992 election,voted|did not vote|not eligible,voted,,,categorical,4,1993,1998
gss_vote96,gss,vote96,gss:vote96,did r vote in 1996 election,voted|did not vote|ineligible,voted,,,categorical,3,1998,2002
gss_voteelec,gss,voteelec,gss:voteelec,how important always to vote in elections,very important|6.0|5.0|4.0|not at all important|3.0|2.0,very important,,,categorical,2,2004,2014
gss_wantads,gss,wantads,gss:wantads,answered advertisements for jobs,"no|yes, once or twice|yes, more than twice",no,,,categorical,3,1998,2016
gss_wantjob1,gss,wantjob1,gss:wantjob1,which job would you prefer,a full time job|a part-time job|no paid job at all|a job with less than 10 hours a week,a full time job,,,categorical,3,1998,2016
gss_wantjob2,gss,wantjob2,gss:wantjob2,would like to have a job now or in the future,yes|no,yes,,,binary,3,1998,2016
gss_waterfam,gss,waterfam,gss:waterfam,water pollution danger to my family,somewhat dangerous|very dangerous|extremely dangerous|not very dangerous|not dangerous at all,somewhat dangerous,,,categorical,2,1993,1994
gss_watergen,gss,watergen,gss:watergen,water pollution danger to envir,extremely dangerous|very dangerous|somewhat dangerous|not very dangerous|not dangerous at all,extremely dangerous,,,categorical,6,1993,2018
gss_waypaid,gss,waypaid,gss:waypaid,how paid in main job,paid by the hour|salaried|commission|paid by the job|self-employed|paid by day|piece work|salary and bonus/commission|paid by contract|paid by percent|tips,paid by the hour,,,categorical,5,2002,2018
gss_weekswrk,gss,weekswrk,gss:weekswrk,weeks r worked last year,52.0|none or zero|40.0|50.0|48.0|26.0|30.0|36.0|12.0|20.0|45.0|51.0|32.0|24.0|49.0|44.0|16.0|42.0|8.0|46.0|25.0|35.0|28.0|38.0|10.0|4.0|47.0|6.0|15.0|3.0|2.0|22.0|39.0|18.0|1.0|34.0|5.0|43.0|14.0|9.0|37.0|13.0|21.0|27.0|17.0|41.0|7.0|23.0|33.0|11.0|31.0|29.0|19.0,52.0,,,categorical,13,1994,2018
gss_whencol,gss,whencol,gss:whencol,when received college degree,2011.0|2007.0|2012.0|2004.0|2010.0|2008.0|2014.0|2000.0|2005.0|2009.0|2001.0|1981.0|2013.0|2006.0|2002.0|1986.0|2003.0|1995.0|1998.0|1989.0|1991.0|1978.0|1990.0|1982.0|1979.0|1985.0|1993.0|1980.0|1999.0|1996.0|1987.0|1983.0|1997.0|1992.0|1984.0|1994.0|1973.0|1988.0|2015.0|1972.0|1975.0|2016.0|1976.0|1977.0|1974.0|1971.0|1969.0|1970.0|1968.0|1966.0|1961.0|1960.0|1964.0|1967.0|1965.0|1962.0|1958.0|1957.0|1955.0|1951.0|1963.0|1952.0|1956.0|1954.0|1959.0|1950.0|1949.0|1953.0|1948.0|1947.0|1938.0|1946.0|1940.0|1943.0,2011.0,,,categorical,3,2012,2016
gss_whyjbend,gss,whyjbend,gss:whyjbend,main reason your job end,"i reached retirement age|family responsibilities|i became (permanently) disabled|i retired early, by choice|my place of work was shut down|my term of employment/contract ended|i got married|i was dismissed|i retired early, not by choice",i reached retirement age,,,categorical,3,1998,2016
gss_whywkhme,gss,whywkhme,gss:whywkhme,usual reason r work at home,worker has to work at home to keep up with job|worker wants to work at home|worker is operating home-based business|other combinations and other reasons,worker has to work at home to keep up with job,,,categorical,5,2002,2018
gss_wkageism,gss,wkageism,gss:wkageism,r feels discriminated because of age,no|yes,no,,,binary,6,2002,2018
gss_wkfreedm,gss,wkfreedm,gss:wkfreedm,a lot of freedom to decide how to do job,very true|somewhat true|not too true|not at all true,very true,,,categorical,5,2002,2018
gss_wkharoth,gss,wkharoth,gss:wkharoth,r threatened on the job last 12 months,no|yes,no,,,binary,5,2002,2018
gss_wkharsex,gss,wkharsex,gss:wkharsex,r sexually harassed on the job last 12 months,no|yes,no,,,binary,5,2002,2018
gss_wkracism,gss,wkracism,gss:wkracism,r feels discriminated because of race,no|yes,no,,,binary,6,2002,2018
gss_wksexism,gss,wksexism,gss:wksexism,r feels discriminated because of gender,no|yes,no,,,binary,5,2002,2018
gss_wksmooth,gss,wksmooth,gss:wksmooth,workplace runs in smooth manner,agree|strongly agree|disagree|strongly disagree,agree,,,categorical,5,2002,2018
gss_wktopsat,gss,wktopsat,gss:wktopsat,satisfaction comes from work,disagree|strongly disagree|agree|strongly agree,disagree,,,categorical,2,2002,2006
gss_wkvsfam,gss,wkvsfam,gss:wkvsfam,how often job interferes fam life,rarely|sometimes|never|often,rarely,,,categorical,6,2002,2018
gss_wlthasns,gss,wlthasns,gss:wlthasns,rich - poor,4.0|5.0|3.0|6.0|2.0|7 - poor|1 - rich,4.0,,,categorical,3,1990,2000
gss_wlthblks,gss,wlthblks,gss:wlthblks,rich - poor,5.0|4.0|6.0|3.0|7 - poor|2.0|1 - rich,5.0,,,categorical,14,1990,2018
gss_wlthhsps,gss,wlthhsps,gss:wlthhsps,rich - poor,5.0|6.0|4.0|7 - poor|3.0|2.0|1 - rich,5.0,,,categorical,4,1990,2018
gss_wlthjews,gss,wlthjews,gss:wlthjews,rich - poor,3.0|4.0|2.0|1 - rich|5.0|6.0|7 - poor,3.0,,,categorical,2,1990,2000
gss_wlthwhts,gss,wlthwhts,gss:wlthwhts,rich - poor,4.0|3.0|2.0|5.0|1 - rich|6.0|7 - poor,4.0,,,categorical,14,1990,2018
gss_work1,gss,work1,gss:work1,unemployed and looking for work a month +,no|yes,no,,,binary,2,1991,2004
gss_work12,gss,work12,gss:work12,r use web for work in past 12 months,yes|no,yes,,,binary,2,2000,2002
gss_work2,gss,work2,gss:work2,being demoted or move to worse position,no|yes,no,,,binary,2,1991,2004
gss_work3,gss,work3,gss:work3,a cut in pay or reduced hours,no|yes,no,,,binary,2,1991,2004
gss_work30,gss,work30,gss:work30,r use work site in past 30 days,never|more than 5 times|1-2 times|3-5 times,never,,,categorical,3,2000,2004
gss_work4,gss,work4,gss:work4,being passed over for promotion,no|yes,no,,,binary,2,1991,2004
gss_work5,gss,work5,gss:work5,having trouble with one's boss,no|yes,no,,,binary,2,1991,2004
gss_work6,gss,work6,gss:work6,own business losing money or failing,no|yes,no,,,binary,2,1991,2004
gss_work7,gss,work7,gss:work7,"a husband, wife, partner being fired",no|yes,no,,,binary,2,1991,2004
gss_work8,gss,work8,gss:work8,"a husband, wife, partner cut in pay",no|yes,no,,,binary,2,1991,2004
gss_work9,gss,work9,gss:work9,ones' spouse being unemployed,no|yes,no,,,binary,2,1991,2004
gss_workasns,gss,workasns,gss:workasns,hard working - lazy,4.0|3.0|2.0|1 - hard-working|5.0|6.0|7 - lazy,4.0,,,categorical,3,1990,2000
gss_workblks,gss,workblks,gss:workblks,hard working - lazy,4.0|5.0|3.0|6.0|2.0|7 - lazy|1 - hard-working,4.0,,,categorical,14,1990,2018
gss_workdiff,gss,workdiff,gss:workdiff,r does numerous things on job,agree|strongly agree|disagree|strongly disagree,agree,,,categorical,5,2002,2018
gss_workfast,gss,workfast,gss:workfast,job requires r to work fast,agree|disagree|strongly agree|strongly disagree,agree,,,categorical,5,2002,2018
gss_workfor,gss,workfor,gss:workfor,r work for whom,private company|government or government agency|non-profit organization,private company,,,categorical,3,2002,2010
gss_workfor1,gss,workfor1,gss:workfor1,r work for whom,for-profit company|government or government agency|non-profit or not-for-profit organization,for-profit company,,,categorical,2,2014,2018
gss_workhard,gss,workhard,gss:workhard,to work hard,2nd important|3rd important|most important|4th important|least important,2nd important,,,categorical,20,1986,2018
gss_workhsps,gss,workhsps,gss:workhsps,hard working -lazy,4.0|3.0|5.0|2.0|6.0|1 - hard-working|7 - lazy,4.0,,,categorical,4,1990,2018
gss_workjews,gss,workjews,gss:workjews,hard working - lazy,4.0|3.0|2.0|1 - hard-working|5.0|6.0|7 - lazy,4.0,,,categorical,2,1990,2000
gss_worknow,gss,worknow,gss:worknow,are you currently working for pay,yes|no,yes,,,binary,3,1998,2016
gss_workwhts,gss,workwhts,gss:workwhts,hard working - lazy,4.0|3.0|2.0|5.0|1 - hard-working|6.0|7 - lazy,4.0,,,categorical,14,1990,2018
gss_worryjob,gss,worryjob,gss:worryjob,do you worry about losing job,i don't worry at all|i worry a little|i worry to some extent|i worry a great deal,i don't worry at all,,,categorical,3,1998,2016
gss_wrkbaby,gss,wrkbaby,gss:wrkbaby,shld woman with preschooler work?,stay home|work part-time|work full-time,stay home,,,categorical,4,1988,2012
gss_wrkearn,gss,wrkearn,gss:wrkearn,job is just a way to earn money,disagree|agree|strongly disagree|neither agree nor disagree|strongly agree,disagree,,,categorical,4,1989,2016
gss_wrkenjoy,gss,wrkenjoy,gss:wrkenjoy,enjoy job even if $ not needed,agree|disagree|neither agree nor disagree|strongly agree|strongly disagree,agree,,,categorical,4,1989,2016
gss_wrkgrown,gss,wrkgrown,gss:wrkgrown,shld woman work after kids leave home?,work full-time|work part-time|stay home,work full-time,,,categorical,3,1988,2002
gss_wrkhome,gss,wrkhome,gss:wrkhome,how often r works at home,never|more than once a week|a few times a year|about once a week|worker works mainly at home|about once a month,never,,,categorical,5,2002,2018
gss_wrkimp,gss,wrkimp,gss:wrkimp,work is persons most impt. activity,disagree|agree|neither|strongly disagree|strongly agree,disagree,,,categorical,2,1989,1998
gss_wrkindp,gss,wrkindp,gss:wrkindp,importance of independent work in a job,important|very important|neither important nor unimportant|not important|not important at all,important,,,categorical,4,1989,2016
gss_wrknokid,gss,wrknokid,gss:wrknokid,"shld mom work aftr marriage, before kids?",work full-time|work part-time|stay home,work full-time,,,categorical,3,1988,2002
gss_wrksch,gss,wrksch,gss:wrksch,shld woman work after youngest in school?,work part-time|work full-time|stay home,work part-time,,,categorical,4,1988,2012
gss_wrksched,gss,wrksched,gss:wrksched,usual work schedule,day shift|irregular shift/on-call|night shift|rotating shifts|afternoon shift|split shift,day shift,,,categorical,5,2002,2018
gss_wrkslf,gss,wrkslf,gss:wrkslf,r self-emp or works for somebody,someone else|self-employed,someone else,,,binary,32,1972,2018
gss_wrkstat,gss,wrkstat,gss:wrkstat,labor force status,"working full time|keeping house|retired|working part time|in school|unemployed, laid off, looking for work|with a job, but not at work because of temporary illness, vacation, strike",working full time,,,categorical,32,1972,2018
gss_wrktime,gss,wrktime,gss:wrktime,r has enough time to get the job done,very true|somewhat true|not too true|not at all true,very true,,,categorical,5,2002,2018
gss_wrktype,gss,wrktype,gss:wrktype,work arrangement at main job,"regular, permanent employee|independent contractor/consultant/freelance worker|work for contractor who provides workers/services|on-call, work only when called to work|paid by a temporary agency","regular, permanent employee",,,categorical,5,2002,2018
gss_wrkwayup,gss,wrkwayup,gss:wrkwayup,black people overcome prejudice without favors,agree strongly|agree somewhat|neither agree nor disagree|disagree somewhat|disagree strongly,agree strongly,,,categorical,13,1994,2018
gss_wrldgovt,gss,wrldgovt,gss:wrldgovt,international bodies should enforce environment,agree|neither agree nor disagree|agree strongly|disagree|disagree strongly,agree,,,categorical,3,1996,2014
gss_wwwart,gss,wwwart,gss:wwwart,use web to learn about visual arts,no|yes,no,,,binary,2,2000,2002
gss_wwwbiz,gss,wwwbiz,gss:wwwbiz,has anyone met on web become business partner,no|yes,no,,,binary,2,2000,2002
gss_wwwcowrk,gss,wwwcowrk,gss:wwwcowrk,has anyone met on web become coworker,no|yes,no,,,binary,2,2000,2002
gss_wwwhrw,gss,wwwhrw,gss:wwwhrw,hours per week using work computer www,0.0|1.0|2.0|5.0|3.0|10.0|4.0|6.0|20.0|15.0|30.0|7.0|8.0|9.0|12.0|40.0|24.0|25.0|50.0|34.0|22.0|26.0|35.0|45.0|13.0|17.0|16.0|18.0|60.0,0.0,,,categorical,2,2000,2002
gss_wwwminw,gss,wwwminw,gss:wwwminw,minutes per week using work computer www,0.0|30.0|15.0|10.0|5.0|20.0|45.0|1.0|35.0|40.0|6.0|19.0|25.0|3.0|50.0,0.0,,,categorical,2,2000,2002
gss_xhaustn,gss,xhaustn,gss:xhaustn,how often does work exhaust r,sometimes|often|always|hardly ever|never,sometimes,,,categorical,4,1989,2016
gss_xmarsex,gss,xmarsex,gss:xmarsex,sex with person other than spouse,always wrong|almost always wrong|wrong only sometimes|not wrong at all,always wrong,,,categorical,27,1973,2018
gss_xmarsex1,gss,xmarsex1,gss:xmarsex1,is extramarital sex wrong?,always wrong|almost always wrong|wrong only sometimes|not wrong at all,always wrong,,,categorical,5,1991,2018
gss_yearsjob,gss,yearsjob,gss:yearsjob,time at current job,0.75|0.25|2.0|3.0|5.0|4.0|1.0|6.0|10.0|7.0|8.0|15.0|20.0|12.0|9.0|11.0|13.0|14.0|18.0|16.0|25.0|30.0|17.0|19.0|22.0|23.0|27.0|21.0|28.0|24.0|26.0|35.0|32.0|29.0|40.0|33.0|34.0|31.0|37.0|36.0|45.0|38.0|50.0|42.0|39.0|43.0|44.0|48.0|47.0|55.0|41.0|67.0|51.0|60.0|49.0|46.0|57.0,0.75,,,categorical,5,2002,2018
gss_yrjobend,gss,yrjobend,gss:yrjobend,when did your last paid job end,1997.0|1996.0|2005.0|2004.0|2006.0|1998.0|1994.0|1995.0|1991.0|1989.0|1993.0|2001.0|1992.0|2003.0|1985.0|2000.0|1986.0|1990.0|1984.0|1983.0|2002.0|1982.0|1980.0|1999.0|1988.0|1978.0|1979.0|1987.0|1976.0|1981.0|1962.0|1970.0|1972.0|1975.0|1974.0|1969.0|1952.0|1966.0|1955.0|1951.0|1941.0|1967.0|1944.0|1950.0|1959.0|1973.0|1956.0|1945.0|1946.0|1964.0|1971.0|1961.0|1926.0|1965.0|1954.0|1960.0|1942.0|1977.0,1997.0,,,categorical,2,1998,2006
pew_microdata_1184_1987_2012_Values_Merge_public_born,pew,born,pew:microdata:1184:1987-2012_Values_Merge_public:born,"Would you describe yourself as a born again or evangelical Christian, or not?",No|Yes,No,,,binary,14,1987,2012
pew_microdata_1184_1987_2012_Values_Merge_public_church87,pew,church87,pew:microdata:1184:1987-2012_Values_Merge_public:church87,How often attend church,A few times a year|Every week|Never|Once or twice a month|Almost every week,A few times a year,,,categorical,3,1987,1994
pew_microdata_1184_1987_2012_Values_Merge_public_church97,pew,church97,pew:microdata:1184:1987-2012_Values_Merge_public:church97,How often attend church,Once a week|A few times a year|Seldom|Once or twice a month|More than once a week|Never,Once a week,,,categorical,7,1997,2012
pew_microdata_1184_1987_2012_Values_Merge_public_citysize,pew,citysize,pew:microdata:1184:1987-2012_Values_Merge_public:citysize,Respondent description of region,Sm.city/Town|Large city|Suburb|Rural area,Sm.city/Town,,,categorical,6,1993,2003
pew_microdata_1184_1987_2012_Values_Merge_public_cregion,pew,cregion,pew:microdata:1184:1987-2012_Values_Merge_public:cregion,Census region,South|Midwest|West|Northeast,South,,,categorical,15,1987,2012
pew_microdata_1184_1987_2012_Values_Merge_public_educ,pew,educ,pew:microdata:1184:1987-2012_Values_Merge_public:educ,What is the last grade or class that you completed in school?,H.S. Grad|College +|Some College|Some H.S.|8th or less|Tech/Trade,H.S. Grad,,,categorical,15,1987,2012
pew_microdata_1184_1987_2012_Values_Merge_public_educ87,pew,educ87,pew:microdata:1184:1987-2012_Values_Merge_public:educ87,What is the last grade or class that you completed in school?,H.S. Grad|Some college|College Grad|Some H.S.|Tech/Trade|Grade 8|9.0|Grades 5-7,H.S. Grad,,,categorical,7,1987,1993
pew_microdata_1184_1987_2012_Values_Merge_public_educ94,pew,educ94,pew:microdata:1184:1987-2012_Values_Merge_public:educ94,What is the last grade or class that you completed in school? [DO NOT READ],H.S. Grad|Some College|College Grad|Some H.S.|Post-Grad|8th or less|Tech/Trade,H.S. Grad,,,categorical,7,1994,2009
pew_microdata_1184_1987_2012_Values_Merge_public_employ,pew,employ,pew:microdata:1184:1987-2012_Values_Merge_public:employ,"Are you now employed full-time, part-time or not employed?",Full-time|Not employed|Part-time,Full-time,,,categorical,10,1987,2012
pew_microdata_1184_1987_2012_Values_Merge_public_folgov,pew,folgov,pew:microdata:1184:1987-2012_Values_Merge_public:folgov,Follow whats going on in govt and pub affairs,Most of the time|Some of the time|Only now and then|Hardly at all,Most of the time,,,categorical,10,1987,2007
pew_microdata_1184_1987_2012_Values_Merge_public_form,pew,form,pew:microdata:1184:1987-2012_Values_Merge_public:form,form,2.0|1.0|3.0|4.0,2.0,,,categorical,7,1987,1994
pew_microdata_1184_1987_2012_Values_Merge_public_hisp,pew,hisp,pew:microdata:1184:1987-2012_Values_Merge_public:hisp,"Are you, yourself, of Hispanic origin or descent, such as Mexican, Puerto Rican, Cuban, or some other Spanish background?",No|Hispanic,No,,,binary,15,1987,2012
pew_microdata_1184_1987_2012_Values_Merge_public_ideo87,pew,ideo87,pew:microdata:1184:1987-2012_Values_Merge_public:ideo87,"When it comes to politics, do you usually think of yourself as a liberal, a conservative or in between? (1987)",Moderate|Conservative|Liberal,Moderate,,,categorical,7,1987,2012
pew_microdata_1184_1987_2012_Values_Merge_public_ideo94,pew,ideo94,pew:microdata:1184:1987-2012_Values_Merge_public:ideo94,"In general, would you describe your political views as [READ]",Moderate|Conservative|Liberal|Very Cons|Very Liberal,Moderate,,,categorical,5,2002,2012
pew_microdata_1184_1987_2012_Values_Merge_public_income,pew,income,pew:microdata:1184:1987-2012_Values_Merge_public:income,Income ranges 1987 to 2012,Lower middle|Upper middle|Upper|Low,Lower middle,,,categorical,15,1987,2012
pew_microdata_1184_1987_2012_Values_Merge_public_income07,pew,income07,pew:microdata:1184:1987-2012_Values_Merge_public:income07,"INCOME Thinking about the past year, what was your total family income from all sources, before taxes? Just stop me when I get to the right category. (READ)","50-74,999|20K-29,999|10K-19,999|30K-39,999|75k-99,999|100-149,999|40K-49,999|< 10,000|150,000+","50-74,999",,,categorical,3,2007,2012
pew_microdata_1184_1987_2012_Values_Merge_public_income87,pew,income87,pew:microdata:1184:1987-2012_Values_Merge_public:income87,Income 1987,"15K-19,999|50K-99,999|40K-49,999|25K-29,999|20K-24,999|12K-14,999|30K-34,999|35K-39,999|10K-11,999|7K-9,999|6K-6,999|5K-5,999|4K-4,999|100,000 +|3K-3,999|< 2,000|2K-2,999","15K-19,999",,,categorical,3,1987,1990
pew_microdata_1184_1987_2012_Values_Merge_public_income91,pew,income91,pew:microdata:1184:1987-2012_Values_Merge_public:income91,Income 1991,"30K-49,999|20K-29,999|50,000 +|15K-19,999|10K-14,999|< 10,000","30K-49,999",,,categorical,3,1991,1993
pew_microdata_1184_1987_2012_Values_Merge_public_income94,pew,income94,pew:microdata:1184:1987-2012_Values_Merge_public:income94,"Last year, that is in YEAR, what was your total family income from all sources, before taxes? Just stop me when I get to the right category [READ]","20K-29,999|30K-39,999|50-74,999|10K-19,999|40K-49,999|< 10,000|75k-99,999|100,000 +|9.0","20K-29,999",,,categorical,5,1994,2003
pew_microdata_1184_1987_2012_Values_Merge_public_internet,pew,internet,pew:microdata:1184:1987-2012_Values_Merge_public:internet,Ever use internet,Yes|No,Yes,,,binary,5,1997,2007
pew_microdata_1184_1987_2012_Values_Merge_public_kids87,pew,kids87,pew:microdata:1184:1987-2012_Values_Merge_public:kids87,Children living in HH,"No kids|Yes, kids",No kids,,,binary,5,1987,1993
pew_microdata_1184_1987_2012_Values_Merge_public_laborhh,pew,laborhh,pew:microdata:1184:1987-2012_Values_Merge_public:laborhh,Labor Union Membership,"No, no union member in hh|Yes, self and/or spouse is union member","No, no union member in hh",,,binary,14,1987,2012
pew_microdata_1184_1987_2012_Values_Merge_public_marital,pew,marital,pew:microdata:1184:1987-2012_Values_Merge_public:marital,Marital Status,Married|Never married|Divorced|Widowed|Separated|Living with a partner,Married,,,categorical,15,1987,2012
pew_microdata_1184_1987_2012_Values_Merge_public_oftvote,pew,oftvote,pew:microdata:1184:1987-2012_Values_Merge_public:oftvote,How often do you vote?,Always|Nearly always|Part of the time|Seldom|Never (VOL),Always,,,categorical,14,1987,2012
pew_microdata_1184_1987_2012_Values_Merge_public_ownrent,pew,ownrent,pew:microdata:1184:1987-2012_Values_Merge_public:ownrent,Own or Rent Home,Own|Rent|Other arrangement,Own,,,categorical,9,1988,2007
pew_microdata_1184_1987_2012_Values_Merge_public_parent,pew,parent,pew:microdata:1184:1987-2012_Values_Merge_public:parent,Children under 18 living in household,No|Yes,No,,,binary,13,1987,2012
pew_microdata_1184_1987_2012_Values_Merge_public_parent94,pew,parent94,pew:microdata:1184:1987-2012_Values_Merge_public:parent94,Parent of child living in HH,No|Yes,No,,,binary,8,1994,2012
pew_microdata_1184_1987_2012_Values_Merge_public_party,pew,party,pew:microdata:1184:1987-2012_Values_Merge_public:party,Party Identification,Independent|Democrat|Republican|No preference|Other party,Independent,,,categorical,15,1987,2012
pew_microdata_1184_1987_2012_Values_Merge_public_party5,pew,party5,pew:microdata:1184:1987-2012_Values_Merge_public:party5,Party and Partyln combined 5-way,Democrat|Republican|Lean Dem|Lean Rep|Independent|0.0,Democrat,,,categorical,15,1987,2012
pew_microdata_1184_1987_2012_Values_Merge_public_partyln,pew,partyln,pew:microdata:1184:1987-2012_Values_Merge_public:partyln,Party Lean Follow Up,Lean Dem|Lean Repub,Lean Dem,,,binary,15,1987,2012
pew_microdata_1184_1987_2012_Values_Merge_public_partysum,pew,partysum,pew:microdata:1184:1987-2012_Values_Merge_public:partysum,Party and Partyln combined 3-way,Dem/ln D|Rep/ln R|No leaning|0.0,Dem/ln D,,,categorical,15,1987,2012
pew_microdata_1184_1987_2012_Values_Merge_public_presvote,pew,presvote,pew:microdata:1184:1987-2012_Values_Merge_public:presvote,Voted in last Presidential election,"Yes, Rep|Yes, Dem|No, Didnt vote|Yes, Other|(1987 ONLY)Combined Didnt vote/Other/Dont remember|Yes, dont remember|Ref.|Dont remember|5.0","Yes, Rep",,,categorical,12,1987,2009
pew_microdata_1184_1987_2012_Values_Merge_public_q10a,pew,q10a,pew:microdata:1184:1987-2012_Values_Merge_public:q10a,q10a enviro stricter laws,Completely agree|Mostly agree|Mostly disagree|Completely disagree,Completely agree,,,categorical,9,1992,2012
pew_microdata_1184_1987_2012_Values_Merge_public_q10aa,pew,q10aa,pew:microdata:1184:1987-2012_Values_Merge_public:q10aa,q10aa women fewer opport,Mostly agree|Mostly disagree|Completely agree|Completely disagree,Mostly agree,,,categorical,4,2002,2012
pew_microdata_1184_1987_2012_Values_Merge_public_q10b,pew,q10b,pew:microdata:1184:1987-2012_Values_Merge_public:q10b,q10b enviro higher prices,Mostly agree|Mostly disagree|Completely agree|Completely disagree,Mostly agree,,,categorical,10,1992,2012
pew_microdata_1184_1987_2012_Values_Merge_public_q10bb,pew,q10bb,pew:microdata:1184:1987-2012_Values_Merge_public:q10bb,q10bb men-wom difft things,Mostly agree|Completely agree|Mostly disagree|Completely disagree,Mostly agree,,,categorical,2,2002,2003
pew_microdata_1184_1987_2012_Values_Merge_public_q10c,pew,q10c,pew:microdata:1184:1987-2012_Values_Merge_public:q10c,q10c ensure equal opportun,Completely agree|Mostly agree|Mostly disagree|Completely disagree,Completely agree,,,categorical,14,1987,2012
pew_microdata_1184_1987_2012_Values_Merge_public_q10cc,pew,q10cc,pew:microdata:1184:1987-2012_Values_Merge_public:q10cc,q10cc rehabilitate criminals,Mostly agree|Completely agree|Mostly disagree|Completely disagree,Mostly agree,,,categorical,2,2002,2003
pew_microdata_1184_1987_2012_Values_Merge_public_q10d,pew,q10d,pew:microdata:1184:1987-2012_Values_Merge_public:q10d,q10d too far on equal rights,Mostly disagree|Mostly agree|Completely disagree|Completely agree,Mostly disagree,,,categorical,15,1987,2012
pew_microdata_1184_1987_2012_Values_Merge_public_q10dd,pew,q10dd,pew:microdata:1184:1987-2012_Values_Merge_public:q10dd,q10dd tax system is unfair,Mostly disagree|Mostly agree|Completely agree|Completely disagree,Mostly disagree,,,categorical,3,2002,2007
pew_microdata_1184_1987_2012_Values_Merge_public_q10e,pew,q10e,pew:microdata:1184:1987-2012_Values_Merge_public:q10e,q10e govt care for helpless,Mostly agree|Completely agree|Mostly disagree|Completely disagree,Mostly agree,,,categorical,13,1987,2012
pew_microdata_1184_1987_2012_Values_Merge_public_q10f,pew,q10f,pew:microdata:1184:1987-2012_Values_Merge_public:q10f,q10f govt should help needy,Mostly agree|Mostly disagree|Completely agree|Completely disagree,Mostly agree,,,categorical,14,1987,2012
pew_microdata_1184_1987_2012_Values_Merge_public_q10g,pew,q10g,pew:microdata:1184:1987-2012_Values_Merge_public:q10g,q10g govt give food-shelter,Mostly agree|Completely agree|Mostly disagree|Completely disagree,Mostly agree,,,categorical,14,1987,2012
pew_microdata_1184_1987_2012_Values_Merge_public_q10h,pew,q10h,pew:microdata:1184:1987-2012_Values_Merge_public:q10h,q10h like pols compromise,Mostly agree|Completely agree|Mostly disagree|Completely disagree,Mostly agree,,,categorical,10,1987,2012
pew_microdata_1184_1987_2012_Values_Merge_public_q10i,pew,q10i,pew:microdata:1184:1987-2012_Values_Merge_public:q10i,q10i I am very patriotic,Completely agree|Mostly agree|Mostly disagree|Completely disagree,Completely agree,,,categorical,14,1987,2012
pew_microdata_1184_1987_2012_Values_Merge_public_q10j,pew,q10j,pew:microdata:1184:1987-2012_Values_Merge_public:q10j,q10j blacks no recent gains,Mostly disagree|Mostly agree|Completely disagree|Completely agree,Mostly disagree,,,categorical,15,1987,2012
pew_microdata_1184_1987_2012_Values_Merge_public_q10k,pew,q10k,pew:microdata:1184:1987-2012_Values_Merge_public:q10k,q10k blacks ok b-w dating,Completely agree|Mostly agree|Completely disagree|Mostly disagree,Completely agree,,,categorical,14,1987,2012
pew_microdata_1184_1987_2012_Values_Merge_public_q10l,pew,q10l,pew:microdata:1184:1987-2012_Values_Merge_public:q10l,q10l blacks affirm-action,Mostly disagree|Completely disagree|Mostly agree|Completely agree,Mostly disagree,,,categorical,15,1987,2012
pew_microdata_1184_1987_2012_Values_Merge_public_q10m,pew,q10m,pew:microdata:1184:1987-2012_Values_Merge_public:q10m,q10m blacks discrim is rare,Mostly disagree|Completely disagree|Mostly agree|Completely agree,Mostly disagree,,,categorical,12,1987,2012
pew_microdata_1184_1987_2012_Values_Merge_public_q10n,pew,q10n,pew:microdata:1184:1987-2012_Values_Merge_public:q10n,q10n restrict immigration,Completely agree|Mostly agree|Mostly disagree|Completely disagree,Completely agree,,,categorical,9,1992,2012
pew_microdata_1184_1987_2012_Values_Merge_public_q10o,pew,q10o,pew:microdata:1184:1987-2012_Values_Merge_public:q10o,q10o get even with countries,Mostly disagree|Mostly agree|Completely agree|Completely disagree,Mostly disagree,,,categorical,14,1987,2012
pew_microdata_1184_1987_2012_Values_Merge_public_q10p,pew,q10p,pew:microdata:1184:1987-2012_Values_Merge_public:q10p,q10p peace through strength,Mostly agree|Mostly disagree|Completely agree|Completely disagree,Mostly agree,,,categorical,15,1987,2012
pew_microdata_1184_1987_2012_Values_Merge_public_q10q,pew,q10q,pew:microdata:1184:1987-2012_Values_Merge_public:q10q,q10q Am lives worth more,Completely disagree|Mostly disagree|Mostly agree|Completely agree,Completely disagree,,,categorical,11,1987,2007
pew_microdata_1184_1987_2012_Values_Merge_public_q10r,pew,q10r,pew:microdata:1184:1987-2012_Values_Merge_public:q10r,q10r willing to fight,Mostly agree|Mostly disagree|Completely agree|Completely disagree,Mostly agree,,,categorical,15,1987,2012
pew_microdata_1184_1987_2012_Values_Merge_public_q10s,pew,q10s,pew:microdata:1184:1987-2012_Values_Merge_public:q10s,q10s worry nuclear war,Mostly agree|Mostly disagree|Completely agree|Completely disagree,Mostly agree,,,categorical,9,1987,2007
pew_microdata_1184_1987_2012_Values_Merge_public_q10t,pew,q10t,pew:microdata:1184:1987-2012_Values_Merge_public:q10t,q10t countries resent US,Mostly agree|Completely agree|Mostly disagree|Completely disagree,Mostly agree,,,categorical,12,1987,2012
pew_microdata_1184_1987_2012_Values_Merge_public_q10u,pew,q10u,pew:microdata:1184:1987-2012_Values_Merge_public:q10u,q10u best to be active world,Completely agree|Mostly agree|Mostly disagree|Completely disagree,Completely agree,,,categorical,15,1987,2012
pew_microdata_1184_1987_2012_Values_Merge_public_q10v,pew,q10v,pew:microdata:1184:1987-2012_Values_Merge_public:q10v,q10v poor are too dependent,Mostly agree|Completely agree|Mostly disagree|Completely disagree,Mostly agree,,,categorical,10,1992,2012
pew_microdata_1184_1987_2012_Values_Merge_public_q10w,pew,q10w,pew:microdata:1184:1987-2012_Values_Merge_public:q10w,q10w Japan has taken unfair advantage of the United States,Mostly agree|Completely agree|Mostly disagree|Completely disagree,Mostly agree,,,categorical,4,1992,1999
pew_microdata_1184_1987_2012_Values_Merge_public_q10x,pew,q10x,pew:microdata:1184:1987-2012_Values_Merge_public:q10x,q10x problems here at home,Completely agree|Mostly agree|Mostly disagree|Completely disagree,Completely agree,,,categorical,10,1992,2012
pew_microdata_1184_1987_2012_Values_Merge_public_q10y,pew,q10y,pew:microdata:1184:1987-2012_Values_Merge_public:q10y,q10y fuel conservation,Mostly agree|Completely agree|Mostly disagree|Completely disagree,Mostly agree,,,categorical,3,2002,2007
pew_microdata_1184_1987_2012_Values_Merge_public_q10z,pew,q10z,pew:microdata:1184:1987-2012_Values_Merge_public:q10z,q10z newcomers threaten,Mostly disagree|Mostly agree|Completely agree|Completely disagree,Mostly disagree,,,categorical,5,2002,2012
pew_microdata_1184_1987_2012_Values_Merge_public_q16a,pew,q16a,pew:microdata:1184:1987-2012_Values_Merge_public:q16a,q16a prayer important,Completely agree|Mostly agree|Mostly disagree|Completely disagree,Completely agree,,,categorical,12,1987,2012
pew_microdata_1184_1987_2012_Values_Merge_public_q16aa,pew,q16aa,pew:microdata:1184:1987-2012_Values_Merge_public:q16aa,q16aa DC issues dont affect,Mostly disagree|Mostly agree|Completely disagree|Completely agree,Mostly disagree,,,categorical,14,1987,2012
pew_microdata_1184_1987_2012_Values_Merge_public_q16b,pew,q16b,pew:microdata:1184:1987-2012_Values_Merge_public:q16b,q16b judgment day,Completely agree|Mostly agree|Mostly disagree|Completely disagree,Completely agree,,,categorical,14,1987,2012
pew_microdata_1184_1987_2012_Values_Merge_public_q16bb,pew,q16bb,pew:microdata:1184:1987-2012_Values_Merge_public:q16bb,q16bb guilty when not vote,Completely agree|Mostly agree|Mostly disagree|Completely disagree,Completely agree,,,categorical,14,1987,2012
pew_microdata_1184_1987_2012_Values_Merge_public_q16c,pew,q16c,pew:microdata:1184:1987-2012_Values_Merge_public:q16c,q16c Even today miracles are performed by the power of God,Completely agree|Mostly agree|Mostly disagree|Completely disagree,Completely agree,,,categorical,8,1987,1999
pew_microdata_1184_1987_2012_Values_Merge_public_q16cc,pew,q16cc,pew:microdata:1184:1987-2012_Values_Merge_public:q16cc,q16cc vote without knowing,Mostly agree|Mostly disagree|Completely disagree|Completely agree,Mostly agree,,,categorical,11,1987,2007
pew_microdata_1184_1987_2012_Values_Merge_public_q16d,pew,q16d,pew:microdata:1184:1987-2012_Values_Merge_public:q16d,q16d never doubt God,Completely agree|Mostly agree|Mostly disagree|Completely disagree,Completely agree,,,categorical,13,1987,2012
pew_microdata_1184_1987_2012_Values_Merge_public_q16dd,pew,q16dd,pew:microdata:1184:1987-2012_Values_Merge_public:q16dd,q16dd business-privacy,Completely agree|Mostly agree|Mostly disagree|Completely disagree,Completely agree,,,categorical,3,2002,2012
pew_microdata_1184_1987_2012_Values_Merge_public_q16e,pew,q16e,pew:microdata:1184:1987-2012_Values_Merge_public:q16e,q16e school fire homosex,Completely disagree|Mostly disagree|Completely agree|Mostly agree,Completely disagree,,,categorical,15,1987,2012
pew_microdata_1184_1987_2012_Values_Merge_public_q16ee,pew,q16ee,pew:microdata:1184:1987-2012_Values_Merge_public:q16ee,q16ee science hurting-helping,Mostly disagree|Mostly agree|Completely disagree|Completely agree,Mostly disagree,,,categorical,4,2002,2009
pew_microdata_1184_1987_2012_Values_Merge_public_q16f,pew,q16f,pew:microdata:1184:1987-2012_Values_Merge_public:q16f,q16f ban dangerous books,Completely agree|Completely disagree|Mostly disagree|Mostly agree,Completely agree,,,categorical,15,1987,2012
pew_microdata_1184_1987_2012_Values_Merge_public_q16ff,pew,q16ff,pew:microdata:1184:1987-2012_Values_Merge_public:q16ff,q16ff tech life too complicat,Mostly disagree|Completely disagree|Mostly agree|Completely agree,Mostly disagree,,,categorical,4,2002,2009
pew_microdata_1184_1987_2012_Values_Merge_public_q16g,pew,q16g,pew:microdata:1184:1987-2012_Values_Merge_public:q16g,q16g porn is harmless,Mostly agree|Completely disagree|Mostly disagree|Completely agree,Mostly agree,,,categorical,9,1987,2007
pew_microdata_1184_1987_2012_Values_Merge_public_q16gov,pew,q16gov,pew:microdata:1184:1987-2012_Values_Merge_public:q16gov,q16gov government-privacy,Mostly agree|Completely agree|Mostly disagree|Completely disagree,Mostly agree,,,categorical,3,2003,2012
pew_microdata_1184_1987_2012_Values_Merge_public_q16h,pew,q16h,pew:microdata:1184:1987-2012_Values_Merge_public:q16h,q16h free speech limits,Mostly disagree|Completely disagree|Completely agree|Mostly agree,Mostly disagree,,,categorical,11,1987,2012
pew_microdata_1184_1987_2012_Values_Merge_public_q16i,pew,q16i,pew:microdata:1184:1987-2012_Values_Merge_public:q16i,q16i police searches,Completely disagree|Completely agree|Mostly disagree|Mostly agree,Completely disagree,,,categorical,11,1987,2012
pew_microdata_1184_1987_2012_Values_Merge_public_q16j,pew,q16j,pew:microdata:1184:1987-2012_Values_Merge_public:q16j,q16j women tradit roles,Completely disagree|Mostly disagree|Mostly agree|Completely agree,Completely disagree,,,categorical,13,1987,2012
pew_microdata_1184_1987_2012_Values_Merge_public_q16k,pew,q16k,pew:microdata:1184:1987-2012_Values_Merge_public:q16k,q16k too many kids-day care,Mostly agree|Completely agree|Mostly disagree|Completely disagree,Mostly agree,,,categorical,8,1987,2003
pew_microdata_1184_1987_2012_Values_Merge_public_q16l,pew,q16l,pew:microdata:1184:1987-2012_Values_Merge_public:q16l,q16l AIDS Gods punishm,Completely disagree|Mostly disagree|Mostly agree|Completely agree,Completely disagree,,,categorical,11,1987,2007
pew_microdata_1184_1987_2012_Values_Merge_public_q16m,pew,q16m,pew:microdata:1184:1987-2012_Values_Merge_public:q16m,q16m old fashioned values,Completely agree|Mostly agree|Mostly disagree|Completely disagree,Completely agree,,,categorical,13,1987,2012
pew_microdata_1184_1987_2012_Values_Merge_public_q16n,pew,q16n,pew:microdata:1184:1987-2012_Values_Merge_public:q16n,q16n good-evil applies to all,Completely agree|Mostly agree|Mostly disagree|Completely disagree,Completely agree,,,categorical,13,1987,2012
pew_microdata_1184_1987_2012_Values_Merge_public_q16o,pew,q16o,pew:microdata:1184:1987-2012_Values_Merge_public:q16o,q16o labor unions necessary,Mostly agree|Completely agree|Mostly disagree|Completely disagree,Mostly agree,,,categorical,10,1987,2012
pew_microdata_1184_1987_2012_Values_Merge_public_q16p,pew,q16p,pew:microdata:1184:1987-2012_Values_Merge_public:q16p,q16p Labor unions have too much power,Mostly agree|Mostly disagree|Completely agree|Completely disagree,Mostly agree,,,categorical,7,1987,2012
pew_microdata_1184_1987_2012_Values_Merge_public_q16q,pew,q16q,pew:microdata:1184:1987-2012_Values_Merge_public:q16q,q16q rich get richer,Mostly agree|Completely agree|Mostly disagree|Completely disagree,Mostly agree,,,categorical,14,1987,2012
pew_microdata_1184_1987_2012_Values_Merge_public_q16r,pew,q16r,pew:microdata:1184:1987-2012_Values_Merge_public:q16r,q16r I can usually tell whether I have a lot in common with someone by knowing how much education he or she has,Mostly disagree|Completely disagree|Mostly agree|Completely agree,Mostly disagree,,,categorical,8,1987,1999
pew_microdata_1184_1987_2012_Values_Merge_public_q16s,pew,q16s,pew:microdata:1184:1987-2012_Values_Merge_public:q16s,q16s in common other races,Mostly disagree|Completely disagree|Mostly agree|Completely agree,Mostly disagree,,,categorical,9,1987,2009
pew_microdata_1184_1987_2012_Values_Merge_public_q16t,pew,q16t,pew:microdata:1184:1987-2012_Values_Merge_public:q16t,q16t can not make ends meet,Mostly disagree|Mostly agree|Completely agree|Completely disagree,Mostly disagree,,,categorical,15,1987,2012
pew_microdata_1184_1987_2012_Values_Merge_public_q16u,pew,q16u,pew:microdata:1184:1987-2012_Values_Merge_public:q16u,q16u Money is one of my most important concerns,Mostly disagree|Mostly agree|Completely disagree|Completely agree,Mostly disagree,,,categorical,8,1987,1999
pew_microdata_1184_1987_2012_Values_Merge_public_q16v,pew,q16v,pew:microdata:1184:1987-2012_Values_Merge_public:q16v,q16v satisfied financially,Mostly agree|Mostly disagree|Completely agree|Completely disagree,Mostly agree,,,categorical,15,1987,2012
pew_microdata_1184_1987_2012_Values_Merge_public_q16w,pew,q16w,pew:microdata:1184:1987-2012_Values_Merge_public:q16w,q16w duty to vote,Completely agree|Mostly agree|Mostly disagree|Completely disagree,Completely agree,,,categorical,15,1987,2012
pew_microdata_1184_1987_2012_Values_Merge_public_q16x,pew,q16x,pew:microdata:1184:1987-2012_Values_Merge_public:q16x,q16x interested natl affairs,Mostly agree|Completely agree|Mostly disagree|Completely disagree,Mostly agree,,,categorical,14,1987,2012
pew_microdata_1184_1987_2012_Values_Merge_public_q16y,pew,q16y,pew:microdata:1184:1987-2012_Values_Merge_public:q16y,q16y bored by Washington,Mostly agree|Mostly disagree|Completely disagree|Completely agree,Mostly agree,,,categorical,11,1987,2003
pew_microdata_1184_1987_2012_Values_Merge_public_q16z,pew,q16z,pew:microdata:1184:1987-2012_Values_Merge_public:q16z,q16z interested local politics,Mostly agree|Completely agree|Mostly disagree|Completely disagree,Mostly agree,,,categorical,14,1987,2012
pew_microdata_1184_1987_2012_Values_Merge_public_q20w,pew,q20w,pew:microdata:1184:1987-2012_Values_Merge_public:q20w,q20w Wall Street makes an important contribution to the American economy,Mostly agree|Mostly disagree|Completely agree|Completely disagree,Mostly agree,,,categorical,2,2009,2012
pew_microdata_1184_1987_2012_Values_Merge_public_q20x,pew,q20x,pew:microdata:1184:1987-2012_Values_Merge_public:q20x,q20x Wall Street only cares about making money for itself,Mostly agree|Completely agree|Mostly disagree|Completely disagree,Mostly agree,,,categorical,2,2009,2012
pew_microdata_1184_1987_2012_Values_Merge_public_q28s,pew,q28s,pew:microdata:1184:1987-2012_Values_Merge_public:q28s,q28s Worry about nuclear terrorist attack,Mostly disagree|Mostly agree|Completely agree|Completely disagree,Mostly disagree,,,categorical,3,2003,2012
pew_microdata_1184_1987_2012_Values_Merge_public_q2a,pew,q2a,pew:microdata:1184:1987-2012_Values_Merge_public:q2a,q2a no say about gov,Mostly agree|Mostly disagree|Completely agree|Completely disagree,Mostly agree,,,categorical,15,1987,2012
pew_microdata_1184_1987_2012_Values_Merge_public_q2b,pew,q2b,pew:microdata:1184:1987-2012_Values_Merge_public:q2b,q2b officials lose touch,Mostly agree|Completely agree|Mostly disagree|Completely disagree,Mostly agree,,,categorical,15,1987,2012
pew_microdata_1184_1987_2012_Values_Merge_public_q2c,pew,q2c,pew:microdata:1184:1987-2012_Values_Merge_public:q2c,q2c officials care,Mostly disagree|Mostly agree|Completely disagree|Completely agree,Mostly disagree,,,categorical,15,1987,2012
pew_microdata_1184_1987_2012_Values_Merge_public_q2d,pew,q2d,pew:microdata:1184:1987-2012_Values_Merge_public:q2d,q2d voting gives some say,Mostly agree|Completely agree|Mostly disagree|Completely disagree,Mostly agree,,,categorical,13,1987,2012
pew_microdata_1184_1987_2012_Values_Merge_public_q2e,pew,q2e,pew:microdata:1184:1987-2012_Values_Merge_public:q2e,q2e success determined,Mostly disagree|Mostly agree|Completely disagree|Completely agree,Mostly disagree,,,categorical,13,1987,2012
pew_microdata_1184_1987_2012_Values_Merge_public_q2f,pew,q2f,pew:microdata:1184:1987-2012_Values_Merge_public:q2f,q2f little guarantee,Mostly disagree|Completely disagree|Mostly agree|Completely agree,Mostly disagree,,,categorical,14,1987,2012
pew_microdata_1184_1987_2012_Values_Merge_public_q2g,pew,q2g,pew:microdata:1184:1987-2012_Values_Merge_public:q2g,q2g admire hard work,Completely agree|Mostly agree|Mostly disagree|Completely disagree,Completely agree,,,categorical,8,1992,2012
pew_microdata_1184_1987_2012_Values_Merge_public_q2h,pew,q2h,pew:microdata:1184:1987-2012_Values_Merge_public:q2h,q2h US strength business,Mostly agree|Completely agree|Mostly disagree|Completely disagree,Mostly agree,,,categorical,14,1987,2012
pew_microdata_1184_1987_2012_Values_Merge_public_q2hh,pew,q2hh,pew:microdata:1184:1987-2012_Values_Merge_public:q2hh,q2hh Occasional acts of terrorism in the U.S. will be part of life in the future,Mostly agree|Completely agree|Mostly disagree|Completely disagree,Mostly agree,,,categorical,4,2003,2012
pew_microdata_1184_1987_2012_Values_Merge_public_q2i,pew,q2i,pew:microdata:1184:1987-2012_Values_Merge_public:q2i,q2i regulation harm-good,Mostly agree|Mostly disagree|Completely agree|Completely disagree,Mostly agree,,,categorical,12,1987,2012
pew_microdata_1184_1987_2012_Values_Merge_public_q2j,pew,q2j,pew:microdata:1184:1987-2012_Values_Merge_public:q2j,"q2j limit feds, local best",Mostly agree|Completely agree|Mostly disagree|Completely disagree,Mostly agree,,,categorical,11,1987,2012
pew_microdata_1184_1987_2012_Values_Merge_public_q2k,pew,q2k,pew:microdata:1184:1987-2012_Values_Merge_public:q2k,q2k govt inefficient-waste,Mostly agree|Mostly disagree|Completely agree|Completely disagree,Mostly agree,,,categorical,15,1987,2012
pew_microdata_1184_1987_2012_Values_Merge_public_q2l,pew,q2l,pew:microdata:1184:1987-2012_Values_Merge_public:q2l,q2l govt controls too much,Mostly agree|Mostly disagree|Completely agree|Completely disagree,Mostly agree,,,categorical,15,1987,2012
pew_microdata_1184_1987_2012_Values_Merge_public_q2m,pew,q2m,pew:microdata:1184:1987-2012_Values_Merge_public:q2m,q2m govt benefit of all,Mostly agree|Mostly disagree|Completely disagree|Completely agree,Mostly agree,,,categorical,14,1987,2012
pew_microdata_1184_1987_2012_Values_Merge_public_q2n,pew,q2n,pew:microdata:1184:1987-2012_Values_Merge_public:q2n,q2n business fair balance,Mostly disagree|Mostly agree|Completely disagree|Completely agree,Mostly disagree,,,categorical,14,1987,2012
pew_microdata_1184_1987_2012_Values_Merge_public_q2o,pew,q2o,pew:microdata:1184:1987-2012_Values_Merge_public:q2o,q2o business too powerful,Mostly agree|Completely agree|Mostly disagree|Completely disagree,Mostly agree,,,categorical,15,1987,2012
pew_microdata_1184_1987_2012_Values_Merge_public_q2p,pew,q2p,pew:microdata:1184:1987-2012_Values_Merge_public:q2p,q2p business too profits,Mostly agree|Mostly disagree|Completely agree|Completely disagree,Mostly agree,,,categorical,15,1987,2012
pew_microdata_1184_1987_2012_Values_Merge_public_q2q,pew,q2q,pew:microdata:1184:1987-2012_Values_Merge_public:q2q,q2q time pols to step aside,Mostly agree|Completely agree|Mostly disagree|Completely disagree,Mostly agree,,,categorical,12,1987,2012
pew_microdata_1184_1987_2012_Values_Merge_public_q2r,pew,q2r,pew:microdata:1184:1987-2012_Values_Merge_public:q2r,q2r agencies equal trouble,Mostly agree|Mostly disagree|Completely agree|Completely disagree,Mostly agree,,,categorical,10,1987,2009
pew_microdata_1184_1987_2012_Values_Merge_public_q2s,pew,q2s,pew:microdata:1184:1987-2012_Values_Merge_public:q2s,q2s many wont work hard,Mostly agree|Mostly disagree|Completely agree|Completely disagree,Mostly agree,,,categorical,7,1992,2012
pew_microdata_1184_1987_2012_Values_Merge_public_q2t,pew,q2t,pew:microdata:1184:1987-2012_Values_Merge_public:q2t,q2t Ams can solve probs,Mostly agree|Mostly disagree|Completely agree|Completely disagree,Mostly agree,,,categorical,15,1987,2012
pew_microdata_1184_1987_2012_Values_Merge_public_q2u,pew,q2u,pew:microdata:1184:1987-2012_Values_Merge_public:q2u,q2u no limits to growth,Mostly agree|Mostly disagree|Completely agree|Completely disagree,Mostly agree,,,categorical,15,1987,2012
pew_microdata_1184_1987_2012_Values_Merge_public_q2v,pew,q2v,pew:microdata:1184:1987-2012_Values_Merge_public:q2v,q2v new pp in Washington,Mostly agree|Mostly disagree|Completely agree|Completely disagree,Mostly agree,,,categorical,10,1987,2012
pew_microdata_1184_1987_2012_Values_Merge_public_q31g,pew,q31g,pew:microdata:1184:1987-2012_Values_Merge_public:q31g,q31g The government needs to do more to make health care affordable and accessible,Completely agree|Mostly agree|Mostly disagree|Completely disagree,Completely agree,,,categorical,2,2009,2012
pew_microdata_1184_1987_2012_Values_Merge_public_q31gg,pew,q31gg,pew:microdata:1184:1987-2012_Values_Merge_public:q31gg,q31gg A free market economy needs government regulation in order to best serve the public interest,Mostly agree|Completely agree|Mostly disagree|Completely disagree,Mostly agree,,,categorical,2,2009,2012
pew_microdata_1184_1987_2012_Values_Merge_public_q31hh,pew,q31hh,pew:microdata:1184:1987-2012_Values_Merge_public:q31hh,q31hh I am concerned about the government becoming too involved in healthcare,Mostly disagree|Completely agree|Mostly agree|Completely disagree,Mostly disagree,,,categorical,2,2009,2012
pew_microdata_1184_1987_2012_Values_Merge_public_q87bb,pew,q87bb,pew:microdata:1184:1987-2012_Values_Merge_public:q87bb,q87bb I do not pay attention to whether a candidate calls himself a liberal or a conservative,Mostly agree|Completely agree|Mostly disagree|Completely disagree,Mostly agree,,,categorical,7,1987,2009
pew_microdata_1184_1987_2012_Values_Merge_public_q87d,pew,q87d,pew:microdata:1184:1987-2012_Values_Merge_public:q87d,q87d I am sometimes very conscious of the presence of God,Completely agree|Mostly agree|Mostly disagree|Completely disagree,Completely agree,,,categorical,4,1987,1990
pew_microdata_1184_1987_2012_Values_Merge_public_q87g,pew,q87g,pew:microdata:1184:1987-2012_Values_Merge_public:q87g,q87g The federal government should be able to overrule individual states on important matters,Mostly agree|Mostly disagree|Completely disagree|Completely agree,Mostly agree,,,categorical,3,1987,1990
pew_microdata_1184_1987_2012_Values_Merge_public_q87m,pew,q87m,pew:microdata:1184:1987-2012_Values_Merge_public:q87m,q87m The government ought to be able to censor news stories that it feels threaten national security,Mostly agree|Completely agree|Mostly disagree|Completely disagree,Mostly agree,,,categorical,3,1987,1990
pew_microdata_1184_1987_2012_Values_Merge_public_q87n,pew,q87n,pew:microdata:1184:1987-2012_Values_Merge_public:q87n,q87n The news media should be free to report on any stories they feel are in the national interest,Mostly agree|Completely agree|Mostly disagree|Completely disagree,Mostly agree,,,categorical,3,1987,1990
pew_microdata_1184_1987_2012_Values_Merge_public_q87oo,pew,q87oo,pew:microdata:1184:1987-2012_Values_Merge_public:q87oo,q87oo There is an international communist conspiracy to rule the world,Mostly agree|Mostly disagree|Completely agree|Completely disagree,Mostly agree,,,categorical,4,1987,1990
pew_microdata_1184_1987_2012_Values_Merge_public_q87pp,pew,q87pp,pew:microdata:1184:1987-2012_Values_Merge_public:q87pp,q87pp Communist and non-communist countries can learn to live together peacefully,Mostly agree|Completely agree|Mostly disagree|Completely disagree,Mostly agree,,,categorical,4,1987,1990
pew_microdata_1184_1987_2012_Values_Merge_public_q87qq,pew,q87qq,pew:microdata:1184:1987-2012_Values_Merge_public:q87qq,q87qq Communist countries are all alike,Mostly disagree|Mostly agree|Completely disagree|Completely agree,Mostly disagree,,,categorical,3,1987,1990
pew_microdata_1184_1987_2012_Values_Merge_public_q87rr,pew,q87rr,pew:microdata:1184:1987-2012_Values_Merge_public:q87rr,q87rr Communists are responsible for a lot of the unrest in the United States today,Mostly agree|Mostly disagree|Completely agree|Completely disagree,Mostly agree,,,categorical,4,1987,1990
pew_microdata_1184_1987_2012_Values_Merge_public_race,pew,race,pew:microdata:1184:1987-2012_Values_Merge_public:race,"What is your race? Are you white, black, or some other?",White|Black,White,,,binary,15,1987,2012
pew_microdata_1184_1987_2012_Values_Merge_public_race94,pew,race94,pew:microdata:1184:1987-2012_Values_Merge_public:race94,"What is your race? Are you white, black, Asian, or some other?",White|Black|Asian,White,,,categorical,8,1994,2012
pew_microdata_1184_1987_2012_Values_Merge_public_racethn,pew,racethn,pew:microdata:1184:1987-2012_Values_Merge_public:racethn,Race Ethnicity Combined,White Non-Hispanic|Black Non-Hispanic|Hispanic|Other Non-Hispanic,White Non-Hispanic,,,categorical,15,1987,2012
pew_microdata_1184_1987_2012_Values_Merge_public_regicert,pew,regicert,pew:microdata:1184:1987-2012_Values_Merge_public:regicert,"Are you absolutely certain you are registered to vote, or is there a chance your registration has lapsed because you moved or for some other reason?","Yes, certain|Not certain","Yes, certain",,,binary,9,1992,2012
pew_microdata_1184_1987_2012_Values_Merge_public_regist,pew,regist,pew:microdata:1184:1987-2012_Values_Merge_public:regist,"These days, many people are so busy they can't find time to register to vote, or move around so often they don't get a chance to re-register Are you NOW registered to vote in your precinct or election district?","Yes, registered|No","Yes, registered",,,binary,14,1987,2012
pew_microdata_1184_1987_2012_Values_Merge_public_relig,pew,relig,pew:microdata:1184:1987-2012_Values_Merge_public:relig,"What is your religious preference — Protestant, Roman Catholic, Jewish, Mormon, or an orthodox church such as the Greek or Russian Orthodox Church?",Protestant|Catholic|No/None|Jewish|Mormon|Orthodox|Islam,Protestant,,,categorical,15,1987,2012
pew_microdata_1184_1987_2012_Values_Merge_public_relig3,pew,relig3,pew:microdata:1184:1987-2012_Values_Merge_public:relig3,"Religious Intensity based on three items (Prayer important, Judgment Day, Never doubt God)",Agree all|Disagree all,Agree all,,,binary,11,1987,2012
pew_microdata_1184_1987_2012_Values_Merge_public_relign,pew,relign,pew:microdata:1184:1987-2012_Values_Merge_public:relign,Religion bannerpoints,White Non-Hispanic Mainline Protestant|White Non-Hispanic Evangelical Protestant|White Non-Hispanic Catholic|unaffiliated|Black Non-Hispanic Protestant|Other Protestant|Other Catholic|Other Religion|Other Christian|Jewish,White Non-Hispanic Mainline Protestant,,,categorical,15,1987,2012
pew_microdata_1184_1987_2012_Values_Merge_public_sex,pew,sex,pew:microdata:1184:1987-2012_Values_Merge_public:sex,sex,FEMALE|MALE,FEMALE,,,binary,15,1987,2012
pew_microdata_1184_1987_2012_Values_Merge_public_state,pew,state,pew:microdata:1184:1987-2012_Values_Merge_public:state,State from FIPS,California|New York|Texas|Pennsylvania|Florida|Ohio|Illinois|Michigan|North Carolina|Georgia|New Jersey|Virginia|Tennessee|Washington|Indiana|Missouri|Massachusetts|Wisconsin|Maryland|Alabama|Kentucky|Minnesota|Louisiana|Colorado|South Carolina|Oregon|Oklahoma|Iowa|Arizona|Connecticut|Mississippi|Kansas|Utah|Arkansas|West Virginia|New Mexico|Nebraska|Maine|Idaho|Nevada|Montana|Rhode Island|New Hampshire|South Dakota|Vermont|Washington DC|North Dakota|Delaware|Hawaii|Wyoming|Alaska,California,,,categorical,13,1987,2012
pew_microdata_1184_1987_2012_Values_Merge_public_usr,pew,usr,pew:microdata:1184:1987-2012_Values_Merge_public:usr,Community type,Suburban|Urban|Rural,Suburban,,,categorical,5,1997,2007
pew_microdata_1184_1987_2012_Values_Merge_public_year,pew,year,pew:microdata:1184:1987-2012_Values_Merge_public:year,Survey year,1987.0|1988.0|1989.0|1990.0|1991.0|1992.0|1993.0|1994.0|1997.0|1999.0|2002.0|2003.0|2007.0|2009.0|2012.0,2003.0,,,categorical,15,1987,2012
pew_microdata_1300_Merge_1987_2007_finalc_age,pew,age,pew:microdata:1300:Merge_1987-2007_finalc:age,What is your age?,18.0|34.0|33.0|40.0|32.0|35.0|30.0|42.0|37.0|28.0|38.0|31.0|25.0|36.0|29.0|39.0|27.0|24.0|45.0|41.0|43.0|50.0|21.0|19.0|22.0|26.0|44.0|23.0|47.0|20.0|46.0|49.0|52.0|48.0|55.0|65.0|62.0|51.0|53.0|56.0|54.0|60.0|57.0|59.0|58.0|70.0|63.0|64.0|67.0|61.0|69.0|66.0|68.0|72.0|71.0|74.0|73.0|75.0|77.0|76.0|78.0|79.0|80.0|81.0|82.0|83.0|85.0|84.0|88.0|86.0|87.0|90.0|89.0|91.0|92.0|97 and older|93.0|94.0|95.0,18.0,,,categorical,13,1987,2007
pew_microdata_1300_Merge_1987_2007_finalc_born,pew,born,pew:microdata:1300:Merge_1987-2007_finalc:born,"Would you describe yourself as a born again or evangelical Christian, or not?",No|Yes,No,,,binary,12,1987,2007
pew_microdata_1300_Merge_1987_2007_finalc_church87,pew,church87,pew:microdata:1300:Merge_1987-2007_finalc:church87,How often attend church,A few times a year|Every week|Never|Once or twice a month|Almost every week,A few times a year,,,categorical,3,1987,1994
pew_microdata_1300_Merge_1987_2007_finalc_church97,pew,church97,pew:microdata:1300:Merge_1987-2007_finalc:church97,How often attend church,Once a week|A few times a year|Seldom|Once or twice a month|More than once a week|Never,Once a week,,,categorical,5,1997,2007
pew_microdata_1300_Merge_1987_2007_finalc_citypop,pew,citypop,pew:microdata:1300:Merge_1987-2007_finalc:citypop,citypop,12.0|2.0|11.0|9.0|8.0|6.0|3.0|5.0|0.0|10.0|7.0|4.0,12.0,,,categorical,2,1987,1988
pew_microdata_1300_Merge_1987_2007_finalc_citysize,pew,citysize,pew:microdata:1300:Merge_1987-2007_finalc:citysize,Respondent description of region,Sm.city/Town|Large city|Suburb|Rural area,Sm.city/Town,,,categorical,6,1993,2003
pew_microdata_1300_Merge_1987_2007_finalc_cohort6,pew,cohort6,pew:microdata:1300:Merge_1987-2007_finalc:cohort6,cohort6,Boomer 1946-1964|Silent 1928-1945|GenX 1965-1976|Greatest 1913-1927|GenY 1977 -|Dead < 1913,Boomer 1946-1964,,,categorical,13,1987,2007
pew_microdata_1300_Merge_1987_2007_finalc_cregion,pew,cregion,pew:microdata:1300:Merge_1987-2007_finalc:cregion,cregion,South|Midwest|Northeast|West,South,,,categorical,13,1987,2007
pew_microdata_1300_Merge_1987_2007_finalc_educ,pew,educ,pew:microdata:1300:Merge_1987-2007_finalc:educ,educ,H.S. Grad|College +|Some College|Some H.S.|8th or less|Tech/Trade,H.S. Grad,,,categorical,13,1987,2007
pew_microdata_1300_Merge_1987_2007_finalc_educ87,pew,educ87,pew:microdata:1300:Merge_1987-2007_finalc:educ87,educ87,H.S. Grad|Some college|College Grad|Some H.S.|Tech/Trade|Grade 8|9.0|Grades 5-7,H.S. Grad,,,categorical,7,1987,1993
pew_microdata_1300_Merge_1987_2007_finalc_educ94,pew,educ94,pew:microdata:1300:Merge_1987-2007_finalc:educ94,What is the last grade or class that you completed in school? [DO NOT READ],H.S. Grad|Some College|College Grad|Some H.S.|Post-Grad|8th or less|Tech/Trade,H.S. Grad,,,categorical,6,1994,2007
pew_microdata_1300_Merge_1987_2007_finalc_employ,pew,employ,pew:microdata:1300:Merge_1987-2007_finalc:employ,"Are you now employed full-time, part-time or not employed?",Full-time|Not employed|Part-time,Full-time,,,categorical,8,1987,2007
pew_microdata_1300_Merge_1987_2007_finalc_folgov,pew,folgov,pew:microdata:1300:Merge_1987-2007_finalc:folgov,Follow whats going on in govt and pub affairs,Most of the time|Some of the time|Only now and then|Hardly at all,Most of the time,,,categorical,10,1987,2007
pew_microdata_1300_Merge_1987_2007_finalc_form,pew,form,pew:microdata:1300:Merge_1987-2007_finalc:form,form,2.0|1.0|3.0|4.0,2.0,,,categorical,7,1987,1994
pew_microdata_1300_Merge_1987_2007_finalc_fringe,pew,fringe,pew:microdata:1300:Merge_1987-2007_finalc:fringe,fringe,3.0|2.0|1.0,3.0,,,categorical,3,1987,1989
pew_microdata_1300_Merge_1987_2007_finalc_hisp,pew,hisp,pew:microdata:1300:Merge_1987-2007_finalc:hisp,"Are you, yourself, of Hispanic origin or descent, such as Mexican, Puerto Rican, Cuban, or some other Spanish background?",No|Hispanic|3.0,No,,,categorical,13,1987,2007
pew_microdata_1300_Merge_1987_2007_finalc_ideo87,pew,ideo87,pew:microdata:1300:Merge_1987-2007_finalc:ideo87,ideo87,Moderate|Conservative|Liberal,Moderate,,,categorical,5,1987,2007
pew_microdata_1300_Merge_1987_2007_finalc_ideo94,pew,ideo94,pew:microdata:1300:Merge_1987-2007_finalc:ideo94,"In general, would you describe your political views as [READ]",Moderate|Conservative|Liberal|Very Cons|Very Liberal,Moderate,,,categorical,3,2002,2007
pew_microdata_1300_Merge_1987_2007_finalc_inc_est,pew,inc_est,pew:microdata:1300:Merge_1987-2007_finalc:inc_est,How Income was estimated,Respondents answer|Interviewers estimate|0.0,Respondents answer,,,categorical,3,1987,1989
pew_microdata_1300_Merge_1987_2007_finalc_income,pew,income,pew:microdata:1300:Merge_1987-2007_finalc:income,Income ranges 1987 to 2007,Lower middle|Upper middle|Upper|Low,Lower middle,,,categorical,13,1987,2007
pew_microdata_1300_Merge_1987_2007_finalc_income87,pew,income87,pew:microdata:1300:Merge_1987-2007_finalc:income87,income87,"15K-19,999|50K-99,999|40K-49,999|25K-29,999|20K-24,999|12K-14,999|30K-34,999|35K-39,999|10K-11,999|7K-9,999|6K-6,999|5K-5,999|4K-4,999|100,000 +|3K-3,999|< 2,000|2K-2,999","15K-19,999",,,categorical,3,1987,1990
pew_microdata_1300_Merge_1987_2007_finalc_income91,pew,income91,pew:microdata:1300:Merge_1987-2007_finalc:income91,income91,"30K-49,999|20K-29,999|50,000 +|15K-19,999|10K-14,999|< 10,000","30K-49,999",,,categorical,3,1991,1993
pew_microdata_1300_Merge_1987_2007_finalc_income94,pew,income94,pew:microdata:1300:Merge_1987-2007_finalc:income94,"Last year, that is in 2001, what was your total family income from all sources, before taxes? Just stop me when I get to the right category [READ]","20K-29,999|30K-39,999|50-74,999|10K-19,999|40K-49,999|< 10,000|75k-99,999|100,000 +|9.0","20K-29,999",,,categorical,5,1994,2003
pew_microdata_1300_Merge_1987_2007_finalc_internet,pew,internet,pew:microdata:1300:Merge_1987-2007_finalc:internet,Ever use internet,Yes|No,Yes,,,binary,5,1997,2007
pew_microdata_1300_Merge_1987_2007_finalc_kids87,pew,kids87,pew:microdata:1300:Merge_1987-2007_finalc:kids87,Children living in HH,"No kids|Yes, kids",No kids,,,binary,5,1987,1993
pew_microdata_1300_Merge_1987_2007_finalc_marital,pew,marital,pew:microdata:1300:Merge_1987-2007_finalc:marital,Marital Status,Married|Never married|Divorced|Widowed|Separated,Married,,,categorical,13,1987,2007
pew_microdata_1300_Merge_1987_2007_finalc_oftvote,pew,oftvote,pew:microdata:1300:Merge_1987-2007_finalc:oftvote,How often do you vote?,Always|Nearly always|Part of the time|Seldom|Never (VOL)|99.0,Always,,,categorical,12,1987,2007
pew_microdata_1300_Merge_1987_2007_finalc_ownrent,pew,ownrent,pew:microdata:1300:Merge_1987-2007_finalc:ownrent,Own or Rent Home,Own|Rent|Other arrangement,Own,,,categorical,9,1988,2007
pew_microdata_1300_Merge_1987_2007_finalc_parent94,pew,parent94,pew:microdata:1300:Merge_1987-2007_finalc:parent94,Parent of child living in HH,No|Yes,No,,,binary,6,1994,2007
pew_microdata_1300_Merge_1987_2007_finalc_party1,pew,party1,pew:microdata:1300:Merge_1987-2007_finalc:party1,Party Identification,Democrat|Independent|Republican|No preference|Other party,Democrat,,,categorical,13,1987,2007
pew_microdata_1300_Merge_1987_2007_finalc_party2,pew,party2,pew:microdata:1300:Merge_1987-2007_finalc:party2,Party Lean Follow Up,Lean Dem|Lean Repub,Lean Dem,,,binary,13,1987,2007
pew_microdata_1300_Merge_1987_2007_finalc_party5,pew,party5,pew:microdata:1300:Merge_1987-2007_finalc:party5,Party ID with leaners,Democrat|Republican|Lean Dem|Lean Rep|Independent|0.0,Democrat,,,categorical,13,1987,2007
pew_microdata_1300_Merge_1987_2007_finalc_presvote,pew,presvote,pew:microdata:1300:Merge_1987-2007_finalc:presvote,Voted in last Presidential election,"Yes, Rep|Yes, Dem|No, Didnt vote|Yes, Other|(1987 ONLY)Combined Didnt vote/Other/Dont remember|Ref.|Yes, dont remember|Dont remember|5.0","Yes, Rep",,,categorical,11,1987,2003
pew_microdata_1300_Merge_1987_2007_finalc_q10a,pew,q10a,pew:microdata:1300:Merge_1987-2007_finalc:q10a,q10a enviro stricter laws,Completely agree|Mostly agree|Mostly disagree|Completely disagree,Completely agree,,,categorical,7,1992,2007
pew_microdata_1300_Merge_1987_2007_finalc_q10aa,pew,q10aa,pew:microdata:1300:Merge_1987-2007_finalc:q10aa,q10aa women fewer opport,Mostly agree|Mostly disagree|Completely agree|Completely disagree,Mostly agree,,,categorical,2,2002,2003
pew_microdata_1300_Merge_1987_2007_finalc_q10b,pew,q10b,pew:microdata:1300:Merge_1987-2007_finalc:q10b,q10b enviro higher prices,Mostly agree|Mostly disagree|Completely agree|Completely disagree,Mostly agree,,,categorical,8,1992,2007
pew_microdata_1300_Merge_1987_2007_finalc_q10bb,pew,q10bb,pew:microdata:1300:Merge_1987-2007_finalc:q10bb,q10bb men-wom difft things,Mostly agree|Completely agree|Mostly disagree|Completely disagree,Mostly agree,,,categorical,2,2002,2003
pew_microdata_1300_Merge_1987_2007_finalc_q10c,pew,q10c,pew:microdata:1300:Merge_1987-2007_finalc:q10c,q10c ensure equal opportun,Completely agree|Mostly agree|Mostly disagree|Completely disagree,Completely agree,,,categorical,12,1987,2007
pew_microdata_1300_Merge_1987_2007_finalc_q10cc,pew,q10cc,pew:microdata:1300:Merge_1987-2007_finalc:q10cc,q10cc rehabilitate criminals,Mostly agree|Completely agree|Mostly disagree|Completely disagree,Mostly agree,,,categorical,2,2002,2003
pew_microdata_1300_Merge_1987_2007_finalc_q10d,pew,q10d,pew:microdata:1300:Merge_1987-2007_finalc:q10d,q10d too far on equal rights,Mostly disagree|Mostly agree|Completely disagree|Completely agree,Mostly disagree,,,categorical,13,1987,2007
pew_microdata_1300_Merge_1987_2007_finalc_q10dd,pew,q10dd,pew:microdata:1300:Merge_1987-2007_finalc:q10dd,q10dd tax system is unfair,Mostly disagree|Mostly agree|Completely agree|Completely disagree,Mostly disagree,,,categorical,3,2002,2007
pew_microdata_1300_Merge_1987_2007_finalc_q10e,pew,q10e,pew:microdata:1300:Merge_1987-2007_finalc:q10e,q10e govt care for helpless,Mostly agree|Completely agree|Mostly disagree|Completely disagree,Mostly agree,,,categorical,11,1987,2007
pew_microdata_1300_Merge_1987_2007_finalc_q10f,pew,q10f,pew:microdata:1300:Merge_1987-2007_finalc:q10f,q10f govt should help needy,Mostly agree|Mostly disagree|Completely agree|Completely disagree,Mostly agree,,,categorical,12,1987,2007
pew_microdata_1300_Merge_1987_2007_finalc_q10g,pew,q10g,pew:microdata:1300:Merge_1987-2007_finalc:q10g,q10g govt give food-shelter,Mostly agree|Completely agree|Mostly disagree|Completely disagree,Mostly agree,,,categorical,12,1987,2007
pew_microdata_1300_Merge_1987_2007_finalc_q10h,pew,q10h,pew:microdata:1300:Merge_1987-2007_finalc:q10h,q10h like pols compromise,Mostly agree|Completely agree|Mostly disagree|Completely disagree,Mostly agree,,,categorical,8,1987,2007
pew_microdata_1300_Merge_1987_2007_finalc_q10i,pew,q10i,pew:microdata:1300:Merge_1987-2007_finalc:q10i,q10i I am very patriotic,Completely agree|Mostly agree|Mostly disagree|Completely disagree,Completely agree,,,categorical,12,1987,2007
pew_microdata_1300_Merge_1987_2007_finalc_q10j,pew,q10j,pew:microdata:1300:Merge_1987-2007_finalc:q10j,q10j blacks no recent gains,Mostly disagree|Mostly agree|Completely disagree|Completely agree,Mostly disagree,,,categorical,13,1987,2007
pew_microdata_1300_Merge_1987_2007_finalc_q10k,pew,q10k,pew:microdata:1300:Merge_1987-2007_finalc:q10k,q10k blacks ok b-w dating,Completely agree|Mostly agree|Completely disagree|Mostly disagree,Completely agree,,,categorical,12,1987,2007
pew_microdata_1300_Merge_1987_2007_finalc_q10l,pew,q10l,pew:microdata:1300:Merge_1987-2007_finalc:q10l,q10l blacks affirm-action,Mostly disagree|Completely disagree|Mostly agree|Completely agree,Mostly disagree,,,categorical,13,1987,2007
pew_microdata_1300_Merge_1987_2007_finalc_q10m,pew,q10m,pew:microdata:1300:Merge_1987-2007_finalc:q10m,q10m blacks discrim is rare,Mostly disagree|Completely disagree|Mostly agree|Completely agree,Mostly disagree,,,categorical,10,1987,2007
pew_microdata_1300_Merge_1987_2007_finalc_q10n,pew,q10n,pew:microdata:1300:Merge_1987-2007_finalc:q10n,q10n restrict immigration,Completely agree|Mostly agree|Mostly disagree|Completely disagree,Completely agree,,,categorical,7,1992,2007
pew_microdata_1300_Merge_1987_2007_finalc_q10o,pew,q10o,pew:microdata:1300:Merge_1987-2007_finalc:q10o,q10o get even with countries,Mostly disagree|Mostly agree|Completely agree|Completely disagree,Mostly disagree,,,categorical,12,1987,2007
pew_microdata_1300_Merge_1987_2007_finalc_q10p,pew,q10p,pew:microdata:1300:Merge_1987-2007_finalc:q10p,q10p peace through strength,Mostly agree|Mostly disagree|Completely agree|Completely disagree,Mostly agree,,,categorical,13,1987,2007
pew_microdata_1300_Merge_1987_2007_finalc_q10q,pew,q10q,pew:microdata:1300:Merge_1987-2007_finalc:q10q,q10q Am lives worth more,Completely disagree|Mostly disagree|Mostly agree|Completely agree,Completely disagree,,,categorical,11,1987,2007
pew_microdata_1300_Merge_1987_2007_finalc_q10r,pew,q10r,pew:microdata:1300:Merge_1987-2007_finalc:q10r,q10r willing to fight,Mostly agree|Mostly disagree|Completely agree|Completely disagree,Mostly agree,,,categorical,13,1987,2007
pew_microdata_1300_Merge_1987_2007_finalc_q10s,pew,q10s,pew:microdata:1300:Merge_1987-2007_finalc:q10s,q10s worry nuclear war,Mostly agree|Mostly disagree|Completely agree|Completely disagree,Mostly agree,,,categorical,9,1987,2007
pew_microdata_1300_Merge_1987_2007_finalc_q10t,pew,q10t,pew:microdata:1300:Merge_1987-2007_finalc:q10t,q10t countries resent US,Mostly agree|Completely agree|Mostly disagree|Completely disagree,Mostly agree,,,categorical,10,1987,2007
pew_microdata_1300_Merge_1987_2007_finalc_q10u,pew,q10u,pew:microdata:1300:Merge_1987-2007_finalc:q10u,q10u best to be active world,Completely agree|Mostly agree|Mostly disagree|Completely disagree,Completely agree,,,categorical,13,1987,2007
pew_microdata_1300_Merge_1987_2007_finalc_q10v,pew,q10v,pew:microdata:1300:Merge_1987-2007_finalc:q10v,q10v poor are too dependent,Mostly agree|Completely agree|Mostly disagree|Completely disagree,Mostly agree,,,categorical,8,1992,2007
pew_microdata_1300_Merge_1987_2007_finalc_q10w,pew,q10w,pew:microdata:1300:Merge_1987-2007_finalc:q10w,q10w Japan has taken unfair advantage of the United States,Mostly agree|Completely agree|Mostly disagree|Completely disagree,Mostly agree,,,categorical,4,1992,1999
pew_microdata_1300_Merge_1987_2007_finalc_q10x,pew,q10x,pew:microdata:1300:Merge_1987-2007_finalc:q10x,q10x problems here at home,Mostly agree|Completely agree|Mostly disagree|Completely disagree,Mostly agree,,,categorical,8,1992,2007
pew_microdata_1300_Merge_1987_2007_finalc_q10y,pew,q10y,pew:microdata:1300:Merge_1987-2007_finalc:q10y,q10y fuel conservation,Mostly agree|Completely agree|Mostly disagree|Completely disagree,Mostly agree,,,categorical,3,2002,2007
pew_microdata_1300_Merge_1987_2007_finalc_q10z,pew,q10z,pew:microdata:1300:Merge_1987-2007_finalc:q10z,q10z newcomers threaten,Mostly disagree|Mostly agree|Completely agree|Completely disagree,Mostly disagree,,,categorical,3,2002,2007
pew_microdata_1300_Merge_1987_2007_finalc_q16a,pew,q16a,pew:microdata:1300:Merge_1987-2007_finalc:q16a,q16a prayer important,Completely agree|Mostly agree|Mostly disagree|Completely disagree,Completely agree,,,categorical,10,1987,2007
pew_microdata_1300_Merge_1987_2007_finalc_q16aa,pew,q16aa,pew:microdata:1300:Merge_1987-2007_finalc:q16aa,q16aa DC issues dont affect,Mostly disagree|Mostly agree|Completely disagree|Completely agree,Mostly disagree,,,categorical,12,1987,2007
pew_microdata_1300_Merge_1987_2007_finalc_q16b,pew,q16b,pew:microdata:1300:Merge_1987-2007_finalc:q16b,q16b judgment day,Completely agree|Mostly agree|Mostly disagree|Completely disagree,Completely agree,,,categorical,12,1987,2007
pew_microdata_1300_Merge_1987_2007_finalc_q16bb,pew,q16bb,pew:microdata:1300:Merge_1987-2007_finalc:q16bb,q16bb guilty when not vote,Completely agree|Mostly agree|Mostly disagree|Completely disagree,Completely agree,,,categorical,12,1987,2007
pew_microdata_1300_Merge_1987_2007_finalc_q16c,pew,q16c,pew:microdata:1300:Merge_1987-2007_finalc:q16c,q16c Even today miracles are performed by the power of God,Completely agree|Mostly agree|Mostly disagree|Completely disagree,Completely agree,,,categorical,8,1987,1999
pew_microdata_1300_Merge_1987_2007_finalc_q16cc,pew,q16cc,pew:microdata:1300:Merge_1987-2007_finalc:q16cc,q16cc vote without knowing,Mostly agree|Mostly disagree|Completely disagree|Completely agree,Mostly agree,,,categorical,11,1987,2007
pew_microdata_1300_Merge_1987_2007_finalc_q16d,pew,q16d,pew:microdata:1300:Merge_1987-2007_finalc:q16d,q16d never doubt God,Completely agree|Mostly agree|Mostly disagree|Completely disagree,Completely agree,,,categorical,11,1987,2007
pew_microdata_1300_Merge_1987_2007_finalc_q16dd,pew,q16dd,pew:microdata:1300:Merge_1987-2007_finalc:q16dd,q16dd business-privacy,Mostly agree|Completely agree|Mostly disagree|Completely disagree,Mostly agree,,,categorical,2,2002,2007
pew_microdata_1300_Merge_1987_2007_finalc_q16e,pew,q16e,pew:microdata:1300:Merge_1987-2007_finalc:q16e,q16e school fire homosex,Completely disagree|Mostly disagree|Completely agree|Mostly agree,Completely disagree,,,categorical,13,1987,2007
pew_microdata_1300_Merge_1987_2007_finalc_q16ee,pew,q16ee,pew:microdata:1300:Merge_1987-2007_finalc:q16ee,q16ee science hurting-helping,Mostly disagree|Mostly agree|Completely disagree|Completely agree,Mostly disagree,,,categorical,3,2002,2007
pew_microdata_1300_Merge_1987_2007_finalc_q16f,pew,q16f,pew:microdata:1300:Merge_1987-2007_finalc:q16f,q16f ban dangerous books,Completely agree|Completely disagree|Mostly disagree|Mostly agree,Completely agree,,,categorical,13,1987,2007
pew_microdata_1300_Merge_1987_2007_finalc_q16ff,pew,q16ff,pew:microdata:1300:Merge_1987-2007_finalc:q16ff,q16ff tech life too complicat,Mostly disagree|Completely disagree|Mostly agree|Completely agree,Mostly disagree,,,categorical,3,2002,2007
pew_microdata_1300_Merge_1987_2007_finalc_q16g,pew,q16g,pew:microdata:1300:Merge_1987-2007_finalc:q16g,q16g porn is harmless,Mostly agree|Completely disagree|Mostly disagree|Completely agree,Mostly agree,,,categorical,9,1987,2007
pew_microdata_1300_Merge_1987_2007_finalc_q16gov,pew,q16gov,pew:microdata:1300:Merge_1987-2007_finalc:q16gov,q16gov government-privacy,Mostly agree|Mostly disagree|Completely agree|Completely disagree,Mostly agree,,,categorical,2,2003,2007
pew_microdata_1300_Merge_1987_2007_finalc_q16h,pew,q16h,pew:microdata:1300:Merge_1987-2007_finalc:q16h,q16h free speech limits,Mostly disagree|Completely disagree|Mostly agree|Completely agree,Mostly disagree,,,categorical,9,1987,2007
pew_microdata_1300_Merge_1987_2007_finalc_q16i,pew,q16i,pew:microdata:1300:Merge_1987-2007_finalc:q16i,q16i police searches,Completely agree|Completely disagree|Mostly disagree|Mostly agree,Completely agree,,,categorical,9,1987,2007
pew_microdata_1300_Merge_1987_2007_finalc_q16j,pew,q16j,pew:microdata:1300:Merge_1987-2007_finalc:q16j,q16j women tradit roles,Completely disagree|Mostly disagree|Mostly agree|Completely agree,Completely disagree,,,categorical,11,1987,2007
pew_microdata_1300_Merge_1987_2007_finalc_q16k,pew,q16k,pew:microdata:1300:Merge_1987-2007_finalc:q16k,q16k too many kids-day care,Mostly agree|Completely agree|Mostly disagree|Completely disagree,Mostly agree,,,categorical,8,1987,2003
pew_microdata_1300_Merge_1987_2007_finalc_q16l,pew,q16l,pew:microdata:1300:Merge_1987-2007_finalc:q16l,q16l AIDS Gods punishm,Completely disagree|Mostly disagree|Mostly agree|Completely agree,Completely disagree,,,categorical,11,1987,2007
pew_microdata_1300_Merge_1987_2007_finalc_q16m,pew,q16m,pew:microdata:1300:Merge_1987-2007_finalc:q16m,q16m old fashioned values,Completely agree|Mostly agree|Mostly disagree|Completely disagree,Completely agree,,,categorical,11,1987,2007
pew_microdata_1300_Merge_1987_2007_finalc_q16n,pew,q16n,pew:microdata:1300:Merge_1987-2007_finalc:q16n,q16n good-evil applies to all,Completely agree|Mostly agree|Mostly disagree|Completely disagree,Completely agree,,,categorical,11,1987,2007
pew_microdata_1300_Merge_1987_2007_finalc_q16o,pew,q16o,pew:microdata:1300:Merge_1987-2007_finalc:q16o,q16o labor unions necessary,Mostly agree|Completely agree|Mostly disagree|Completely disagree,Mostly agree,,,categorical,8,1987,2007
pew_microdata_1300_Merge_1987_2007_finalc_q16p,pew,q16p,pew:microdata:1300:Merge_1987-2007_finalc:q16p,q16p Labor unions have too much power,Mostly agree|Mostly disagree|Completely agree|Completely disagree,Mostly agree,,,categorical,5,1987,1999
pew_microdata_1300_Merge_1987_2007_finalc_q16q,pew,q16q,pew:microdata:1300:Merge_1987-2007_finalc:q16q,q16q rich get richer,Mostly agree|Completely agree|Mostly disagree|Completely disagree,Mostly agree,,,categorical,12,1987,2007
pew_microdata_1300_Merge_1987_2007_finalc_q16r,pew,q16r,pew:microdata:1300:Merge_1987-2007_finalc:q16r,q16r I can usually tell whether I have a lot in common with someone by knowing how much education he or she has',Mostly disagree|Completely disagree|Mostly agree|Completely agree,Mostly disagree,,,categorical,8,1987,1999
pew_microdata_1300_Merge_1987_2007_finalc_q16s,pew,q16s,pew:microdata:1300:Merge_1987-2007_finalc:q16s,q16s in common other races,Mostly disagree|Completely disagree|Mostly agree|Completely agree,Mostly disagree,,,categorical,8,1987,2003
pew_microdata_1300_Merge_1987_2007_finalc_q16t,pew,q16t,pew:microdata:1300:Merge_1987-2007_finalc:q16t,q16t can not make ends meet,Mostly disagree|Mostly agree|Completely agree|Completely disagree,Mostly disagree,,,categorical,13,1987,2007
pew_microdata_1300_Merge_1987_2007_finalc_q16u,pew,q16u,pew:microdata:1300:Merge_1987-2007_finalc:q16u,q16u Money is one of my most important concerns,Mostly disagree|Mostly agree|Completely disagree|Completely agree,Mostly disagree,,,categorical,8,1987,1999
pew_microdata_1300_Merge_1987_2007_finalc_q16v,pew,q16v,pew:microdata:1300:Merge_1987-2007_finalc:q16v,q16v satisfied financially,Mostly agree|Mostly disagree|Completely agree|Completely disagree,Mostly agree,,,categorical,13,1987,2007
pew_microdata_1300_Merge_1987_2007_finalc_q16w,pew,q16w,pew:microdata:1300:Merge_1987-2007_finalc:q16w,q16w duty to vote,Completely agree|Mostly agree|Mostly disagree|Completely disagree,Completely agree,,,categorical,13,1987,2007
pew_microdata_1300_Merge_1987_2007_finalc_q16x,pew,q16x,pew:microdata:1300:Merge_1987-2007_finalc:q16x,q16x interested natl affairs,Mostly agree|Completely agree|Mostly disagree|Completely disagree,Mostly agree,,,categorical,12,1987,2007
pew_microdata_1300_Merge_1987_2007_finalc_q16y,pew,q16y,pew:microdata:1300:Merge_1987-2007_finalc:q16y,q16y bored by Washington,Mostly agree|Mostly disagree|Completely disagree|Completely agree,Mostly agree,,,categorical,11,1987,2003
pew_microdata_1300_Merge_1987_2007_finalc_q16z,pew,q16z,pew:microdata:1300:Merge_1987-2007_finalc:q16z,q16z interested local politics,Mostly agree|Completely agree|Mostly disagree|Completely disagree,Mostly agree,,,categorical,12,1987,2007
pew_microdata_1300_Merge_1987_2007_finalc_q2a,pew,q2a,pew:microdata:1300:Merge_1987-2007_finalc:q2a,q2a no say about gov,Mostly agree|Mostly disagree|Completely agree|Completely disagree,Mostly agree,,,categorical,13,1987,2007
pew_microdata_1300_Merge_1987_2007_finalc_q2b,pew,q2b,pew:microdata:1300:Merge_1987-2007_finalc:q2b,q2b officials lose touch,Mostly agree|Completely agree|Mostly disagree|Completely disagree,Mostly agree,,,categorical,13,1987,2007
pew_microdata_1300_Merge_1987_2007_finalc_q2c,pew,q2c,pew:microdata:1300:Merge_1987-2007_finalc:q2c,q2c officials care,Mostly disagree|Mostly agree|Completely disagree|Completely agree,Mostly disagree,,,categorical,13,1987,2007
pew_microdata_1300_Merge_1987_2007_finalc_q2d,pew,q2d,pew:microdata:1300:Merge_1987-2007_finalc:q2d,q2d voting gives some say,Mostly agree|Completely agree|Mostly disagree|Completely disagree,Mostly agree,,,categorical,11,1987,2007
pew_microdata_1300_Merge_1987_2007_finalc_q2e,pew,q2e,pew:microdata:1300:Merge_1987-2007_finalc:q2e,q2e success determined,Mostly disagree|Mostly agree|Completely disagree|Completely agree,Mostly disagree,,,categorical,11,1987,2007
pew_microdata_1300_Merge_1987_2007_finalc_q2f,pew,q2f,pew:microdata:1300:Merge_1987-2007_finalc:q2f,q2f little guarantee,Mostly disagree|Completely disagree|Mostly agree|Completely agree,Mostly disagree,,,categorical,12,1987,2007
pew_microdata_1300_Merge_1987_2007_finalc_q2g,pew,q2g,pew:microdata:1300:Merge_1987-2007_finalc:q2g,q2g admire hard work,Completely agree|Mostly agree|Mostly disagree|Completely disagree,Completely agree,,,categorical,6,1992,2003
pew_microdata_1300_Merge_1987_2007_finalc_q2h,pew,q2h,pew:microdata:1300:Merge_1987-2007_finalc:q2h,q2h US strength business,Mostly agree|Completely agree|Mostly disagree|Completely disagree,Mostly agree,,,categorical,12,1987,2007
pew_microdata_1300_Merge_1987_2007_finalc_q2hh,pew,q2hh,pew:microdata:1300:Merge_1987-2007_finalc:q2hh,q2hh Occasional acts of terrorism in the U.S. will be part of life in the future,Mostly agree|Completely agree|Mostly disagree|Completely disagree,Mostly agree,,,categorical,2,2003,2007
pew_microdata_1300_Merge_1987_2007_finalc_q2i,pew,q2i,pew:microdata:1300:Merge_1987-2007_finalc:q2i,q2i regulation harm-good,Mostly agree|Mostly disagree|Completely agree|Completely disagree,Mostly agree,,,categorical,10,1987,2007
pew_microdata_1300_Merge_1987_2007_finalc_q2j,pew,q2j,pew:microdata:1300:Merge_1987-2007_finalc:q2j,"q2j limit feds, local best",Mostly agree|Completely agree|Mostly disagree|Completely disagree,Mostly agree,,,categorical,9,1987,2007
pew_microdata_1300_Merge_1987_2007_finalc_q2k,pew,q2k,pew:microdata:1300:Merge_1987-2007_finalc:q2k,q2k govt inefficient-waste,Mostly agree|Mostly disagree|Completely agree|Completely disagree,Mostly agree,,,categorical,13,1987,2007
pew_microdata_1300_Merge_1987_2007_finalc_q2l,pew,q2l,pew:microdata:1300:Merge_1987-2007_finalc:q2l,q2l govt controls too much,Mostly agree|Mostly disagree|Completely agree|Completely disagree,Mostly agree,,,categorical,13,1987,2007
pew_microdata_1300_Merge_1987_2007_finalc_q2m,pew,q2m,pew:microdata:1300:Merge_1987-2007_finalc:q2m,q2m govt benefit of all,Mostly agree|Mostly disagree|Completely disagree|Completely agree,Mostly agree,,,categorical,12,1987,2007
pew_microdata_1300_Merge_1987_2007_finalc_q2n,pew,q2n,pew:microdata:1300:Merge_1987-2007_finalc:q2n,q2n business fair balance,Mostly disagree|Mostly agree|Completely disagree|Completely agree,Mostly disagree,,,categorical,12,1987,2007
pew_microdata_1300_Merge_1987_2007_finalc_q2o,pew,q2o,pew:microdata:1300:Merge_1987-2007_finalc:q2o,q2o business too powerful,Mostly agree|Completely agree|Mostly disagree|Completely disagree,Mostly agree,,,categorical,13,1987,2007
pew_microdata_1300_Merge_1987_2007_finalc_q2p,pew,q2p,pew:microdata:1300:Merge_1987-2007_finalc:q2p,q2p business too profits,Mostly agree|Mostly disagree|Completely agree|Completely disagree,Mostly agree,,,categorical,13,1987,2007
pew_microdata_1300_Merge_1987_2007_finalc_q2q,pew,q2q,pew:microdata:1300:Merge_1987-2007_finalc:q2q,q2q time pols to step aside,Mostly agree|Completely agree|Mostly disagree|Completely disagree,Mostly agree,,,categorical,11,1987,2003
pew_microdata_1300_Merge_1987_2007_finalc_q2r,pew,q2r,pew:microdata:1300:Merge_1987-2007_finalc:q2r,q2r agencies equal trouble,Mostly agree|Mostly disagree|Completely agree|Completely disagree,Mostly agree,,,categorical,9,1987,2007
pew_microdata_1300_Merge_1987_2007_finalc_q2s,pew,q2s,pew:microdata:1300:Merge_1987-2007_finalc:q2s,q2s many wont work hard,Mostly agree|Completely agree|Mostly disagree|Completely disagree,Mostly agree,,,categorical,5,1992,2003
pew_microdata_1300_Merge_1987_2007_finalc_q2t,pew,q2t,pew:microdata:1300:Merge_1987-2007_finalc:q2t,q2t Ams can solve probs,Mostly agree|Mostly disagree|Completely agree|Completely disagree,Mostly agree,,,categorical,13,1987,2007
pew_microdata_1300_Merge_1987_2007_finalc_q2u,pew,q2u,pew:microdata:1300:Merge_1987-2007_finalc:q2u,q2u no limits to growth,Mostly agree|Mostly disagree|Completely agree|Completely disagree,Mostly agree,,,categorical,13,1987,2007
pew_microdata_1300_Merge_1987_2007_finalc_q2v,pew,q2v,pew:microdata:1300:Merge_1987-2007_finalc:q2v,q2v new pp in Washington,Mostly agree|Mostly disagree|Completely agree|Completely disagree,Mostly agree,,,categorical,9,1987,2003
pew_microdata_1300_Merge_1987_2007_finalc_q87bb,pew,q87bb,pew:microdata:1300:Merge_1987-2007_finalc:q87bb,q87bb I do not pay attention to whether a candidate calls himself a liberal or a conservative,Mostly agree|Completely agree|Mostly disagree|Completely disagree,Mostly agree,,,categorical,6,1987,2007
pew_microdata_1300_Merge_1987_2007_finalc_q87d,pew,q87d,pew:microdata:1300:Merge_1987-2007_finalc:q87d,q87d I am sometimes very conscious of the presence of God,Completely agree|Mostly agree|Mostly disagree|Completely disagree,Completely agree,,,categorical,4,1987,1990
pew_microdata_1300_Merge_1987_2007_finalc_q87g,pew,q87g,pew:microdata:1300:Merge_1987-2007_finalc:q87g,q87g The federal government should be able to overrule individual states on important matters,Mostly agree|Mostly disagree|Completely disagree|Completely agree,Mostly agree,,,categorical,3,1987,1990
pew_microdata_1300_Merge_1987_2007_finalc_q87m,pew,q87m,pew:microdata:1300:Merge_1987-2007_finalc:q87m,q87m The government ought to be able to censor news stories that it feels threaten national security,Mostly agree|Completely agree|Mostly disagree|Completely disagree,Mostly agree,,,categorical,3,1987,1990
pew_microdata_1300_Merge_1987_2007_finalc_q87n,pew,q87n,pew:microdata:1300:Merge_1987-2007_finalc:q87n,q87n The news media should be free to report on any stories they feel are in the national interest,Mostly agree|Completely agree|Mostly disagree|Completely disagree,Mostly agree,,,categorical,3,1987,1990
pew_microdata_1300_Merge_1987_2007_finalc_q87oo,pew,q87oo,pew:microdata:1300:Merge_1987-2007_finalc:q87oo,q87oo There is an international communist conspiracy to rule the world,Mostly agree|Mostly disagree|Completely agree|Completely disagree,Mostly agree,,,categorical,4,1987,1990
pew_microdata_1300_Merge_1987_2007_finalc_q87pp,pew,q87pp,pew:microdata:1300:Merge_1987-2007_finalc:q87pp,q87pp Communist and non-communist countries can learn to live together peacefully,Mostly agree|Completely agree|Mostly disagree|Completely disagree,Mostly agree,,,categorical,4,1987,1990
pew_microdata_1300_Merge_1987_2007_finalc_q87qq,pew,q87qq,pew:microdata:1300:Merge_1987-2007_finalc:q87qq,q87qq Communist countries are all alike,Mostly disagree|Mostly agree|Completely disagree|Completely agree,Mostly disagree,,,categorical,3,1987,1990
pew_microdata_1300_Merge_1987_2007_finalc_q87rr,pew,q87rr,pew:microdata:1300:Merge_1987-2007_finalc:q87rr,q87rr Communists are responsible for a lot of the unrest in the United States today,Mostly agree|Mostly disagree|Completely agree|Completely disagree,Mostly agree,,,categorical,4,1987,1990
pew_microdata_1300_Merge_1987_2007_finalc_race,pew,race,pew:microdata:1300:Merge_1987-2007_finalc:race,race,White|Black,White,,,binary,13,1987,2007
pew_microdata_1300_Merge_1987_2007_finalc_race94,pew,race94,pew:microdata:1300:Merge_1987-2007_finalc:race94,"What is your race? Are you white, black, Asian, or some other?",White|Black|Asian,White,,,categorical,6,1994,2007
pew_microdata_1300_Merge_1987_2007_finalc_regicert,pew,regicert,pew:microdata:1300:Merge_1987-2007_finalc:regicert,Are you certain?,"Yes, certain|Not certain","Yes, certain",,,binary,7,1992,2007
pew_microdata_1300_Merge_1987_2007_finalc_regist,pew,regist,pew:microdata:1300:Merge_1987-2007_finalc:regist,Are you Registered?,"Yes, registered|No","Yes, registered",,,binary,12,1987,2007
pew_microdata_1300_Merge_1987_2007_finalc_relig,pew,relig,pew:microdata:1300:Merge_1987-2007_finalc:relig,"What is your religious preference — Protestant, Roman Catholic, Jewish, Mormon, or an orthodox church such as the Greek or Russian Orthodox Church?",Protestant|Catholic|No/None|Jewish|Mormon|Orthodox|Islam,Protestant,,,categorical,13,1987,2007
pew_microdata_1300_Merge_1987_2007_finalc_relig3,pew,relig3,pew:microdata:1300:Merge_1987-2007_finalc:relig3,"Religious Intensity based on three items (Prayer important, Judgment Day, Never doubt God)",Agree all|Disagree all,Agree all,,,binary,9,1987,2007
pew_microdata_1300_Merge_1987_2007_finalc_replicat,pew,replicat,pew:microdata:1300:Merge_1987-2007_finalc:replicat,replicat,1.0|2.0,1.0,,,binary,3,1987,1989
pew_microdata_1300_Merge_1987_2007_finalc_sex,pew,sex,pew:microdata:1300:Merge_1987-2007_finalc:sex,sex,FEMALE|MALE,FEMALE,,,binary,13,1987,2007
pew_microdata_1300_Merge_1987_2007_finalc_smsa123,pew,smsa123,pew:microdata:1300:Merge_1987-2007_finalc:smsa123,smsa123,2.0|1.0|3.0,2.0,,,categorical,3,1987,1989
pew_microdata_1300_Merge_1987_2007_finalc_state,pew,state,pew:microdata:1300:Merge_1987-2007_finalc:state,State from FIPS,California|New York|Texas|Pennsylvania|Ohio|Florida|Illinois|Michigan|North Carolina|New Jersey|Georgia|Virginia|Tennessee|Indiana|Missouri|Washington|Massachusetts|Wisconsin|Alabama|Maryland|Minnesota|Louisiana|Kentucky|Colorado|South Carolina|Iowa|Oregon|Oklahoma|Connecticut|Arizona|Mississippi|Arkansas|Kansas|West Virginia|Utah|New Mexico|Maine|Nebraska|Idaho|Montana|Nevada|Rhode Island|New Hampshire|South Dakota|Vermont|Washington DC|North Dakota|Delaware|Hawaii|Wyoming|Alaska,California,,,categorical,11,1987,2007
pew_microdata_1300_Merge_1987_2007_finalc_statev3,pew,statev3,pew:microdata:1300:Merge_1987-2007_finalc:statev3,statev3,Swing States|Dem States|Rep States,Swing States,,,categorical,11,1987,2007
pew_microdata_1300_Merge_1987_2007_finalc_statev4,pew,statev4,pew:microdata:1300:Merge_1987-2007_finalc:statev4,statev4,Rep States|Dem States|Swing States,Rep States,,,categorical,11,1987,2007
pew_microdata_1300_Merge_1987_2007_finalc_syear,pew,syear,pew:microdata:1300:Merge_1987-2007_finalc:syear,syear,1987.0|1988.0|1989.0|1990.0|1991.0|1992.0|1993.0|1994.0|1997.0|1999.0|2002.0|2003.0|2007.0,1991.0,,,categorical,13,1987,2007
pew_microdata_1300_Merge_1987_2007_finalc_typology,pew,typology,pew:microdata:1300:Merge_1987-2007_finalc:typology,typology,2.0|8.0|3.0|1.0|4.0|7.0|5.0|9.0|10.0|6.0|0.0|11.0|99.0,2.0,,,categorical,5,1987,1992
pew_microdata_1300_Merge_1987_2007_finalc_unionhh,pew,unionhh,pew:microdata:1300:Merge_1987-2007_finalc:unionhh,Labor Union Membership,"No, neither|Yes, respondent|Yes, spouse|Yes, both","No, neither",,,categorical,12,1987,2007
pew_microdata_1300_Merge_1987_2007_finalc_usr,pew,usr,pew:microdata:1300:Merge_1987-2007_finalc:usr,Community type,Suburban|Urban|Rural,Suburban,,,categorical,5,1997,2007
pew_microdata_1465_Merge_1987_2003_finalc_AGE,pew,AGE,pew:microdata:1465:Merge_1987-2003_finalc:AGE,What is your age?,18.0|33.0|34.0|32.0|40.0|35.0|30.0|37.0|42.0|31.0|38.0|28.0|25.0|36.0|29.0|39.0|27.0|45.0|24.0|43.0|41.0|26.0|21.0|22.0|19.0|23.0|44.0|50.0|20.0|47.0|48.0|46.0|49.0|52.0|55.0|65.0|62.0|56.0|53.0|51.0|54.0|57.0|60.0|59.0|67.0|70.0|58.0|63.0|64.0|61.0|69.0|66.0|68.0|72.0|71.0|74.0|73.0|75.0|77.0|78.0|76.0|79.0|80.0|81.0|82.0|83.0|85.0|84.0|88.0|87.0|86.0|90.0|91.0|89.0|92.0|97 and older|93.0|94.0|95.0,18.0,,,categorical,12,1987,2003
pew_microdata_1465_Merge_1987_2003_finalc_BORN,pew,BORN,pew:microdata:1465:Merge_1987-2003_finalc:BORN,"Would you describe yourself as a born again or evangelical Christian, or not?",No|Yes,No,,,binary,11,1987,2003
pew_microdata_1465_Merge_1987_2003_finalc_CHURCH87,pew,CHURCH87,pew:microdata:1465:Merge_1987-2003_finalc:CHURCH87,How often attend church,A few times a year|Every week|Never|Once or twice a month|Almost every week,A few times a year,,,categorical,3,1987,1994
pew_microdata_1465_Merge_1987_2003_finalc_CHURCH97,pew,CHURCH97,pew:microdata:1465:Merge_1987-2003_finalc:CHURCH97,How often attend church,Once a week|A few times a year|Once or twice a month|Seldom|More than once a week|Never,Once a week,,,categorical,4,1997,2003
pew_microdata_1465_Merge_1987_2003_finalc_CITYSIZE,pew,CITYSIZE,pew:microdata:1465:Merge_1987-2003_finalc:CITYSIZE,Respondent description of region,Sm.city/Town|Large city|Suburb|Rural area,Sm.city/Town,,,categorical,6,1993,2003
pew_microdata_1465_Merge_1987_2003_finalc_CREGION,pew,CREGION,pew:microdata:1465:Merge_1987-2003_finalc:CREGION,CREGION,South|Midwest|Northeast|West,South,,,categorical,12,1987,2003
pew_microdata_1465_Merge_1987_2003_finalc_EDUC,pew,EDUC,pew:microdata:1465:Merge_1987-2003_finalc:EDUC,EDUC,H.S. Grad|College +|Some College|Some H.S.|8th or less|Tech/Trade,H.S. Grad,,,categorical,12,1987,2003
pew_microdata_1465_Merge_1987_2003_finalc_EDUC87,pew,EDUC87,pew:microdata:1465:Merge_1987-2003_finalc:EDUC87,EDUC87,H.S. Grad|Some college|College Grad|Some H.S.|Tech/Trade|Grade 8|9.0|Grades 5-7,H.S. Grad,,,categorical,7,1987,1993
pew_microdata_1465_Merge_1987_2003_finalc_EDUC94,pew,EDUC94,pew:microdata:1465:Merge_1987-2003_finalc:EDUC94,What is the last grade or class that you completed in school? [DO NOT READ],H.S. Grad|Some College|College Grad|Some H.S.|Post-Grad|8th or less|Tech/Trade,H.S. Grad,,,categorical,5,1994,2003
pew_microdata_1465_Merge_1987_2003_finalc_EMPLOY,pew,EMPLOY,pew:microdata:1465:Merge_1987-2003_finalc:EMPLOY,"Are you now employed full-time, part-time or not employed?",Full-time|Not employed|Part-time,Full-time,,,categorical,7,1987,2003
pew_microdata_1465_Merge_1987_2003_finalc_FOLGOV,pew,FOLGOV,pew:microdata:1465:Merge_1987-2003_finalc:FOLGOV,Follow whats going on in govt and pub affairs,Most of the time|Some of the time|Only now and then|Hardly at all,Most of the time,,,categorical,9,1987,2003
pew_microdata_1465_Merge_1987_2003_finalc_FORM,pew,FORM,pew:microdata:1465:Merge_1987-2003_finalc:FORM,FORM,2.0|1.0|3.0|4.0,2.0,,,categorical,7,1987,1994
pew_microdata_1465_Merge_1987_2003_finalc_HISP,pew,HISP,pew:microdata:1465:Merge_1987-2003_finalc:HISP,"Are you, yourself, of Hispanic origin or descent, such as Mexican, Puerto Rican, Cuban, or some other Spanish background?",No|Hispanic|3.0,No,,,categorical,12,1987,2003
pew_microdata_1465_Merge_1987_2003_finalc_IDEO87,pew,IDEO87,pew:microdata:1465:Merge_1987-2003_finalc:IDEO87,IDEO87,Moderate|Conservative|Liberal,Moderate,,,categorical,4,1987,2003
pew_microdata_1465_Merge_1987_2003_finalc_IDEO94,pew,IDEO94,pew:microdata:1465:Merge_1987-2003_finalc:IDEO94,"In general, would you describe your political views as [READ]",Moderate|Conservative|Liberal|Very Liberal|Very Cons,Moderate,,,categorical,2,2002,2003
pew_microdata_1465_Merge_1987_2003_finalc_INCOME,pew,INCOME,pew:microdata:1465:Merge_1987-2003_finalc:INCOME,Income ranges 1987 to 2003,Lower middle|Upper middle|Upper|Low,Lower middle,,,categorical,12,1987,2003
pew_microdata_1465_Merge_1987_2003_finalc_INCOME87,pew,INCOME87,pew:microdata:1465:Merge_1987-2003_finalc:INCOME87,INCOME87,"15K-19,999|50K-99,999|40K-49,999|25K-29,999|20K-24,999|12K-14,999|30K-34,999|35K-39,999|10K-11,999|7K-9,999|6K-6,999|5K-5,999|4K-4,999|100,000 +|3K-3,999|< 2,000|2K-2,999","15K-19,999",,,categorical,3,1987,1990
pew_microdata_1465_Merge_1987_2003_finalc_INCOME91,pew,INCOME91,pew:microdata:1465:Merge_1987-2003_finalc:INCOME91,INCOME91,"30K-49,999|20K-29,999|50,000 +|15K-19,999|10K-14,999|< 10,000","30K-49,999",,,categorical,3,1991,1993
pew_microdata_1465_Merge_1987_2003_finalc_INCOME94,pew,INCOME94,pew:microdata:1465:Merge_1987-2003_finalc:INCOME94,"Last year, that is in 2001, what was your total family income from all sources, before taxes? Just stop me when I get to the right category [READ]","20K-29,999|30K-39,999|50-74,999|10K-19,999|40K-49,999|< 10,000|75k-99,999|100,000 +|9.0","20K-29,999",,,categorical,5,1994,2003
pew_microdata_1465_Merge_1987_2003_finalc_INC_EST,pew,INC_EST,pew:microdata:1465:Merge_1987-2003_finalc:INC_EST,How Income was estimated,Respondents answer|Interviewers estimate|0.0,Respondents answer,,,categorical,3,1987,1989
pew_microdata_1465_Merge_1987_2003_finalc_INTERNET,pew,INTERNET,pew:microdata:1465:Merge_1987-2003_finalc:INTERNET,Ever use internet,Yes|No,Yes,,,binary,4,1997,2003
pew_microdata_1465_Merge_1987_2003_finalc_KIDS87,pew,KIDS87,pew:microdata:1465:Merge_1987-2003_finalc:KIDS87,Children living in HH,"No kids|Yes, kids",No kids,,,binary,5,1987,1993
pew_microdata_1465_Merge_1987_2003_finalc_MARITAL,pew,MARITAL,pew:microdata:1465:Merge_1987-2003_finalc:MARITAL,Marital Status,Married|Never married|Divorced|Widowed|Separated,Married,,,categorical,12,1987,2003
pew_microdata_1465_Merge_1987_2003_finalc_OFTVOTE,pew,OFTVOTE,pew:microdata:1465:Merge_1987-2003_finalc:OFTVOTE,How often do you vote?,Always|Nearly always|Part of the time|Seldom|Never (VOL)|99.0,Always,,,categorical,11,1987,2003
pew_microdata_1465_Merge_1987_2003_finalc_OWNRENT,pew,OWNRENT,pew:microdata:1465:Merge_1987-2003_finalc:OWNRENT,Own or Rent Home,Own|Rent|Other arrangement,Own,,,categorical,8,1988,2003
pew_microdata_1465_Merge_1987_2003_finalc_PARENT94,pew,PARENT94,pew:microdata:1465:Merge_1987-2003_finalc:PARENT94,Parent of child living in HH,No|Yes,No,,,binary,5,1994,2003
pew_microdata_1465_Merge_1987_2003_finalc_PARTY1,pew,PARTY1,pew:microdata:1465:Merge_1987-2003_finalc:PARTY1,Party Identification,Democrat|Independent|Republican|No preference|Other party,Democrat,,,categorical,12,1987,2003
pew_microdata_1465_Merge_1987_2003_finalc_PARTY2,pew,PARTY2,pew:microdata:1465:Merge_1987-2003_finalc:PARTY2,Party Lean Follow Up,Lean Dem|Lean Repub,Lean Dem,,,binary,12,1987,2003
pew_microdata_1465_Merge_1987_2003_finalc_PARTY5,pew,PARTY5,pew:microdata:1465:Merge_1987-2003_finalc:PARTY5,Party ID with leaners,Democrat|Republican|Lean Dem|Lean Rep|Independent|0.0,Democrat,,,categorical,12,1987,2003
pew_microdata_1465_Merge_1987_2003_finalc_PRESVOTE,pew,PRESVOTE,pew:microdata:1465:Merge_1987-2003_finalc:PRESVOTE,Voted in last Presidential election,"Yes, Rep|Yes, Dem|No, Didnt vote|Yes, Other|(1987 ONLY)Combined Didnt vote/Other/Dont remember|Ref.|Yes, dont remember|Dont remember|5.0","Yes, Rep",,,categorical,11,1987,2003
pew_microdata_1465_Merge_1987_2003_finalc_Q10A,pew,Q10A,pew:microdata:1465:Merge_1987-2003_finalc:Q10A,q10a enviro stricter laws,Completely agree|Mostly agree|Mostly disagree|Completely disagree,Completely agree,,,categorical,6,1992,2003
pew_microdata_1465_Merge_1987_2003_finalc_Q10AA,pew,Q10AA,pew:microdata:1465:Merge_1987-2003_finalc:Q10AA,q10aa women fewer opport,Mostly agree|Mostly disagree|Completely agree|Completely disagree,Mostly agree,,,categorical,2,2002,2003
pew_microdata_1465_Merge_1987_2003_finalc_Q10B,pew,Q10B,pew:microdata:1465:Merge_1987-2003_finalc:Q10B,q10b enviro higher prices,Mostly agree|Mostly disagree|Completely agree|Completely disagree,Mostly agree,,,categorical,7,1992,2003
pew_microdata_1465_Merge_1987_2003_finalc_Q10BB,pew,Q10BB,pew:microdata:1465:Merge_1987-2003_finalc:Q10BB,q10bb men-wom difft things,Mostly agree|Completely agree|Mostly disagree|Completely disagree,Mostly agree,,,categorical,2,2002,2003
pew_microdata_1465_Merge_1987_2003_finalc_Q10C,pew,Q10C,pew:microdata:1465:Merge_1987-2003_finalc:Q10C,q10c ensure equal opportun,Completely agree|Mostly agree|Mostly disagree|Completely disagree,Completely agree,,,categorical,11,1987,2003
pew_microdata_1465_Merge_1987_2003_finalc_Q10CC,pew,Q10CC,pew:microdata:1465:Merge_1987-2003_finalc:Q10CC,q10cc rehabilitate criminals,Mostly agree|Completely agree|Mostly disagree|Completely disagree,Mostly agree,,,categorical,2,2002,2003
pew_microdata_1465_Merge_1987_2003_finalc_Q10D,pew,Q10D,pew:microdata:1465:Merge_1987-2003_finalc:Q10D,q10d too far on equal rights,Mostly disagree|Mostly agree|Completely disagree|Completely agree,Mostly disagree,,,categorical,12,1987,2003
pew_microdata_1465_Merge_1987_2003_finalc_Q10DD,pew,Q10DD,pew:microdata:1465:Merge_1987-2003_finalc:Q10DD,q10dd tax system is unfair,Mostly disagree|Mostly agree|Completely agree|Completely disagree,Mostly disagree,,,categorical,2,2002,2003
pew_microdata_1465_Merge_1987_2003_finalc_Q10E,pew,Q10E,pew:microdata:1465:Merge_1987-2003_finalc:Q10E,q10e govt care for helpless,Mostly agree|Completely agree|Mostly disagree|Completely disagree,Mostly agree,,,categorical,10,1987,2003
pew_microdata_1465_Merge_1987_2003_finalc_Q10F,pew,Q10F,pew:microdata:1465:Merge_1987-2003_finalc:Q10F,q10f govt should help needy,Mostly agree|Mostly disagree|Completely agree|Completely disagree,Mostly agree,,,categorical,11,1987,2003
pew_microdata_1465_Merge_1987_2003_finalc_Q10G,pew,Q10G,pew:microdata:1465:Merge_1987-2003_finalc:Q10G,q10g govt give food-shelter,Mostly agree|Completely agree|Mostly disagree|Completely disagree,Mostly agree,,,categorical,11,1987,2003
pew_microdata_1465_Merge_1987_2003_finalc_Q10H,pew,Q10H,pew:microdata:1465:Merge_1987-2003_finalc:Q10H,q10h like pols compromise,Mostly agree|Completely agree|Mostly disagree|Completely disagree,Mostly agree,,,categorical,7,1987,2003
pew_microdata_1465_Merge_1987_2003_finalc_Q10I,pew,Q10I,pew:microdata:1465:Merge_1987-2003_finalc:Q10I,q10i I am very patriotic,Completely agree|Mostly agree|Mostly disagree|Completely disagree,Completely agree,,,categorical,11,1987,2003
pew_microdata_1465_Merge_1987_2003_finalc_Q10J,pew,Q10J,pew:microdata:1465:Merge_1987-2003_finalc:Q10J,q10j blacks no recent gains,Mostly disagree|Mostly agree|Completely disagree|Completely agree,Mostly disagree,,,categorical,12,1987,2003
pew_microdata_1465_Merge_1987_2003_finalc_Q10K,pew,Q10K,pew:microdata:1465:Merge_1987-2003_finalc:Q10K,q10k blacks ok b-w dating,Completely agree|Mostly agree|Completely disagree|Mostly disagree,Completely agree,,,categorical,11,1987,2003
pew_microdata_1465_Merge_1987_2003_finalc_Q10L,pew,Q10L,pew:microdata:1465:Merge_1987-2003_finalc:Q10L,q10l blacks affirm-action,Mostly disagree|Completely disagree|Mostly agree|Completely agree,Mostly disagree,,,categorical,12,1987,2003
pew_microdata_1465_Merge_1987_2003_finalc_Q10M,pew,Q10M,pew:microdata:1465:Merge_1987-2003_finalc:Q10M,q10m blacks discrim is rare,Mostly disagree|Completely disagree|Mostly agree|Completely agree,Mostly disagree,,,categorical,9,1987,2003
pew_microdata_1465_Merge_1987_2003_finalc_Q10N,pew,Q10N,pew:microdata:1465:Merge_1987-2003_finalc:Q10N,q10n restrict immigration,Completely agree|Mostly agree|Mostly disagree|Completely disagree,Completely agree,,,categorical,6,1992,2003
pew_microdata_1465_Merge_1987_2003_finalc_Q10O,pew,Q10O,pew:microdata:1465:Merge_1987-2003_finalc:Q10O,q10o get even with countries,Mostly disagree|Mostly agree|Completely agree|Completely disagree,Mostly disagree,,,categorical,11,1987,2003
pew_microdata_1465_Merge_1987_2003_finalc_Q10P,pew,Q10P,pew:microdata:1465:Merge_1987-2003_finalc:Q10P,q10p peace through strength,Mostly agree|Mostly disagree|Completely agree|Completely disagree,Mostly agree,,,categorical,12,1987,2003
pew_microdata_1465_Merge_1987_2003_finalc_Q10Q,pew,Q10Q,pew:microdata:1465:Merge_1987-2003_finalc:Q10Q,q10q Am lives worth more,Completely disagree|Mostly disagree|Mostly agree|Completely agree,Completely disagree,,,categorical,10,1987,2003
pew_microdata_1465_Merge_1987_2003_finalc_Q10R,pew,Q10R,pew:microdata:1465:Merge_1987-2003_finalc:Q10R,q10r willing to fight,Mostly agree|Mostly disagree|Completely agree|Completely disagree,Mostly agree,,,categorical,12,1987,2003
pew_microdata_1465_Merge_1987_2003_finalc_Q10S,pew,Q10S,pew:microdata:1465:Merge_1987-2003_finalc:Q10S,q10s worry nuclear war,Mostly agree|Mostly disagree|Completely agree|Completely disagree,Mostly agree,,,categorical,8,1987,2003
pew_microdata_1465_Merge_1987_2003_finalc_Q10T,pew,Q10T,pew:microdata:1465:Merge_1987-2003_finalc:Q10T,q10t countries resent US,Mostly agree|Completely agree|Mostly disagree|Completely disagree,Mostly agree,,,categorical,9,1987,2003
pew_microdata_1465_Merge_1987_2003_finalc_Q10U,pew,Q10U,pew:microdata:1465:Merge_1987-2003_finalc:Q10U,q10u best to be active world,Completely agree|Mostly agree|Mostly disagree|Completely disagree,Completely agree,,,categorical,12,1987,2003
pew_microdata_1465_Merge_1987_2003_finalc_Q10V,pew,Q10V,pew:microdata:1465:Merge_1987-2003_finalc:Q10V,q10v poor are too dependent,Mostly agree|Completely agree|Mostly disagree|Completely disagree,Mostly agree,,,categorical,7,1992,2003
pew_microdata_1465_Merge_1987_2003_finalc_Q10W,pew,Q10W,pew:microdata:1465:Merge_1987-2003_finalc:Q10W,q10w Japan has taken unfair advantage of the United States,Mostly agree|Completely agree|Mostly disagree|Completely disagree,Mostly agree,,,categorical,4,1992,1999
pew_microdata_1465_Merge_1987_2003_finalc_Q10X,pew,Q10X,pew:microdata:1465:Merge_1987-2003_finalc:Q10X,q10x problems here at home,Mostly agree|Completely agree|Mostly disagree|Completely disagree,Mostly agree,,,categorical,7,1992,2003
pew_microdata_1465_Merge_1987_2003_finalc_Q10Y,pew,Q10Y,pew:microdata:1465:Merge_1987-2003_finalc:Q10Y,q10y fuel conservation,Mostly agree|Completely agree|Mostly disagree|Completely disagree,Mostly agree,,,categorical,2,2002,2003
pew_microdata_1465_Merge_1987_2003_finalc_Q10Z,pew,Q10Z,pew:microdata:1465:Merge_1987-2003_finalc:Q10Z,q10z newcomers threaten,Mostly disagree|Mostly agree|Completely agree|Completely disagree,Mostly disagree,,,categorical,2,2002,2003
pew_microdata_1465_Merge_1987_2003_finalc_Q16A,pew,Q16A,pew:microdata:1465:Merge_1987-2003_finalc:Q16A,q16a prayer important,Completely agree|Mostly agree|Mostly disagree|Completely disagree,Completely agree,,,categorical,9,1987,2003
pew_microdata_1465_Merge_1987_2003_finalc_Q16AA,pew,Q16AA,pew:microdata:1465:Merge_1987-2003_finalc:Q16AA,q16aa DC issues dont affect,Mostly disagree|Mostly agree|Completely disagree|Completely agree,Mostly disagree,,,categorical,11,1987,2003
pew_microdata_1465_Merge_1987_2003_finalc_Q16B,pew,Q16B,pew:microdata:1465:Merge_1987-2003_finalc:Q16B,q16b judgment day,Completely agree|Mostly agree|Mostly disagree|Completely disagree,Completely agree,,,categorical,11,1987,2003
pew_microdata_1465_Merge_1987_2003_finalc_Q16BB,pew,Q16BB,pew:microdata:1465:Merge_1987-2003_finalc:Q16BB,q16bb guilty when not vote,Completely agree|Mostly agree|Mostly disagree|Completely disagree,Completely agree,,,categorical,11,1987,2003
pew_microdata_1465_Merge_1987_2003_finalc_Q16C,pew,Q16C,pew:microdata:1465:Merge_1987-2003_finalc:Q16C,q16c Even today miracles are performed by the power of God,Completely agree|Mostly agree|Mostly disagree|Completely disagree,Completely agree,,,categorical,8,1987,1999
pew_microdata_1465_Merge_1987_2003_finalc_Q16CC,pew,Q16CC,pew:microdata:1465:Merge_1987-2003_finalc:Q16CC,q16cc vote without knowing,Mostly agree|Mostly disagree|Completely disagree|Completely agree,Mostly agree,,,categorical,10,1987,2003
pew_microdata_1465_Merge_1987_2003_finalc_Q16D,pew,Q16D,pew:microdata:1465:Merge_1987-2003_finalc:Q16D,q16d never doubt God,Completely agree|Mostly agree|Mostly disagree|Completely disagree,Completely agree,,,categorical,10,1987,2003
pew_microdata_1465_Merge_1987_2003_finalc_Q16DD,pew,Q16DD,pew:microdata:1465:Merge_1987-2003_finalc:Q16DD,q16dd business-privacy,Mostly agree|Completely agree|Mostly disagree|Completely disagree,Mostly agree,,,categorical,2,2002,2003
pew_microdata_1465_Merge_1987_2003_finalc_Q16E,pew,Q16E,pew:microdata:1465:Merge_1987-2003_finalc:Q16E,q16e school fire homosex,Mostly disagree|Completely disagree|Completely agree|Mostly agree,Mostly disagree,,,categorical,12,1987,2003
pew_microdata_1465_Merge_1987_2003_finalc_Q16EE,pew,Q16EE,pew:microdata:1465:Merge_1987-2003_finalc:Q16EE,q16ee science hurting-helping,Mostly disagree|Mostly agree|Completely disagree|Completely agree,Mostly disagree,,,categorical,2,2002,2003
pew_microdata_1465_Merge_1987_2003_finalc_Q16F,pew,Q16F,pew:microdata:1465:Merge_1987-2003_finalc:Q16F,q16f ban dangerous books,Completely agree|Completely disagree|Mostly disagree|Mostly agree,Completely agree,,,categorical,12,1987,2003
pew_microdata_1465_Merge_1987_2003_finalc_Q16FF,pew,Q16FF,pew:microdata:1465:Merge_1987-2003_finalc:Q16FF,q16ff tech life too complicat,Mostly disagree|Completely disagree|Mostly agree|Completely agree,Mostly disagree,,,categorical,2,2002,2003
pew_microdata_1465_Merge_1987_2003_finalc_Q16G,pew,Q16G,pew:microdata:1465:Merge_1987-2003_finalc:Q16G,q16g porn is harmless,Mostly agree|Completely disagree|Mostly disagree|Completely agree,Mostly agree,,,categorical,8,1987,2003
pew_microdata_1465_Merge_1987_2003_finalc_Q16H,pew,Q16H,pew:microdata:1465:Merge_1987-2003_finalc:Q16H,q16h free speech limits,Mostly disagree|Completely disagree|Mostly agree|Completely agree,Mostly disagree,,,categorical,8,1987,2003
pew_microdata_1465_Merge_1987_2003_finalc_Q16I,pew,Q16I,pew:microdata:1465:Merge_1987-2003_finalc:Q16I,q16i police searches,Completely agree|Completely disagree|Mostly disagree|Mostly agree,Completely agree,,,categorical,8,1987,2003
pew_microdata_1465_Merge_1987_2003_finalc_Q16J,pew,Q16J,pew:microdata:1465:Merge_1987-2003_finalc:Q16J,q16j women tradit roles,Completely disagree|Mostly disagree|Mostly agree|Completely agree,Completely disagree,,,categorical,10,1987,2003
pew_microdata_1465_Merge_1987_2003_finalc_Q16K,pew,Q16K,pew:microdata:1465:Merge_1987-2003_finalc:Q16K,q16k too many kids-day care,Mostly agree|Completely agree|Mostly disagree|Completely disagree,Mostly agree,,,categorical,8,1987,2003
pew_microdata_1465_Merge_1987_2003_finalc_Q16L,pew,Q16L,pew:microdata:1465:Merge_1987-2003_finalc:Q16L,q16l AIDS Gods punishm,Completely disagree|Mostly disagree|Mostly agree|Completely agree,Completely disagree,,,categorical,10,1987,2003
pew_microdata_1465_Merge_1987_2003_finalc_Q16M,pew,Q16M,pew:microdata:1465:Merge_1987-2003_finalc:Q16M,q16m old fashioned values,Completely agree|Mostly agree|Mostly disagree|Completely disagree,Completely agree,,,categorical,10,1987,2003
pew_microdata_1465_Merge_1987_2003_finalc_Q16N,pew,Q16N,pew:microdata:1465:Merge_1987-2003_finalc:Q16N,q16n good-evil applies to all,Completely agree|Mostly agree|Mostly disagree|Completely disagree,Completely agree,,,categorical,10,1987,2003
pew_microdata_1465_Merge_1987_2003_finalc_Q16O,pew,Q16O,pew:microdata:1465:Merge_1987-2003_finalc:Q16O,q16o labor unions necessary,Mostly agree|Completely agree|Mostly disagree|Completely disagree,Mostly agree,,,categorical,7,1987,2003
pew_microdata_1465_Merge_1987_2003_finalc_Q16P,pew,Q16P,pew:microdata:1465:Merge_1987-2003_finalc:Q16P,q16p Labor unions have too much power,Mostly agree|Mostly disagree|Completely agree|Completely disagree,Mostly agree,,,categorical,5,1987,1999
pew_microdata_1465_Merge_1987_2003_finalc_Q16Q,pew,Q16Q,pew:microdata:1465:Merge_1987-2003_finalc:Q16Q,q16q rich get richer,Mostly agree|Completely agree|Mostly disagree|Completely disagree,Mostly agree,,,categorical,11,1987,2003
pew_microdata_1465_Merge_1987_2003_finalc_Q16R,pew,Q16R,pew:microdata:1465:Merge_1987-2003_finalc:Q16R,q16r I can usually tell whether I have a lot in common with someone by knowing how much education he or she has',Mostly disagree|Completely disagree|Mostly agree|Completely agree,Mostly disagree,,,categorical,8,1987,1999
pew_microdata_1465_Merge_1987_2003_finalc_Q16S,pew,Q16S,pew:microdata:1465:Merge_1987-2003_finalc:Q16S,q16s in common other races,Mostly disagree|Completely disagree|Mostly agree|Completely agree,Mostly disagree,,,categorical,8,1987,2003
pew_microdata_1465_Merge_1987_2003_finalc_Q16T,pew,Q16T,pew:microdata:1465:Merge_1987-2003_finalc:Q16T,q16t can not make ends meet,Mostly disagree|Mostly agree|Completely agree|Completely disagree,Mostly disagree,,,categorical,12,1987,2003
pew_microdata_1465_Merge_1987_2003_finalc_Q16U,pew,Q16U,pew:microdata:1465:Merge_1987-2003_finalc:Q16U,q16u Money is one of my most important concerns,Mostly disagree|Mostly agree|Completely disagree|Completely agree,Mostly disagree,,,categorical,8,1987,1999
pew_microdata_1465_Merge_1987_2003_finalc_Q16V,pew,Q16V,pew:microdata:1465:Merge_1987-2003_finalc:Q16V,q16v satisfied financially,Mostly agree|Mostly disagree|Completely agree|Completely disagree,Mostly agree,,,categorical,12,1987,2003
pew_microdata_1465_Merge_1987_2003_finalc_Q16W,pew,Q16W,pew:microdata:1465:Merge_1987-2003_finalc:Q16W,q16w duty to vote,Completely agree|Mostly agree|Mostly disagree|Completely disagree,Completely agree,,,categorical,12,1987,2003
pew_microdata_1465_Merge_1987_2003_finalc_Q16X,pew,Q16X,pew:microdata:1465:Merge_1987-2003_finalc:Q16X,q16x interested natl affairs,Mostly agree|Completely agree|Mostly disagree|Completely disagree,Mostly agree,,,categorical,11,1987,2003
pew_microdata_1465_Merge_1987_2003_finalc_Q16Y,pew,Q16Y,pew:microdata:1465:Merge_1987-2003_finalc:Q16Y,q16y bored by Washington,Mostly agree|Mostly disagree|Completely disagree|Completely agree,Mostly agree,,,categorical,11,1987,2003
pew_microdata_1465_Merge_1987_2003_finalc_Q16Z,pew,Q16Z,pew:microdata:1465:Merge_1987-2003_finalc:Q16Z,q16z interested local politics,Mostly agree|Completely agree|Mostly disagree|Completely disagree,Mostly agree,,,categorical,11,1987,2003
pew_microdata_1465_Merge_1987_2003_finalc_Q2A,pew,Q2A,pew:microdata:1465:Merge_1987-2003_finalc:Q2A,q2a no say about gov,Mostly agree|Mostly disagree|Completely agree|Completely disagree,Mostly agree,,,categorical,12,1987,2003
pew_microdata_1465_Merge_1987_2003_finalc_Q2B,pew,Q2B,pew:microdata:1465:Merge_1987-2003_finalc:Q2B,q2b officials lose touch,Mostly agree|Completely agree|Mostly disagree|Completely disagree,Mostly agree,,,categorical,12,1987,2003
pew_microdata_1465_Merge_1987_2003_finalc_Q2C,pew,Q2C,pew:microdata:1465:Merge_1987-2003_finalc:Q2C,q2c officials care,Mostly disagree|Mostly agree|Completely disagree|Completely agree,Mostly disagree,,,categorical,12,1987,2003
pew_microdata_1465_Merge_1987_2003_finalc_Q2D,pew,Q2D,pew:microdata:1465:Merge_1987-2003_finalc:Q2D,q2d voting gives some say,Mostly agree|Completely agree|Mostly disagree|Completely disagree,Mostly agree,,,categorical,10,1987,2003
pew_microdata_1465_Merge_1987_2003_finalc_Q2E,pew,Q2E,pew:microdata:1465:Merge_1987-2003_finalc:Q2E,q2e success determined,Mostly disagree|Mostly agree|Completely disagree|Completely agree,Mostly disagree,,,categorical,10,1987,2003
pew_microdata_1465_Merge_1987_2003_finalc_Q2F,pew,Q2F,pew:microdata:1465:Merge_1987-2003_finalc:Q2F,q2f little guarantee,Mostly disagree|Completely disagree|Mostly agree|Completely agree,Mostly disagree,,,categorical,11,1987,2003
pew_microdata_1465_Merge_1987_2003_finalc_Q2G,pew,Q2G,pew:microdata:1465:Merge_1987-2003_finalc:Q2G,q2g admire hard work,Completely agree|Mostly agree|Mostly disagree|Completely disagree,Completely agree,,,categorical,6,1992,2003
pew_microdata_1465_Merge_1987_2003_finalc_Q2H,pew,Q2H,pew:microdata:1465:Merge_1987-2003_finalc:Q2H,q2h US strength business,Mostly agree|Completely agree|Mostly disagree|Completely disagree,Mostly agree,,,categorical,11,1987,2003
pew_microdata_1465_Merge_1987_2003_finalc_Q2I,pew,Q2I,pew:microdata:1465:Merge_1987-2003_finalc:Q2I,q2i regulation harm-good,Mostly agree|Mostly disagree|Completely agree|Completely disagree,Mostly agree,,,categorical,9,1987,2003
pew_microdata_1465_Merge_1987_2003_finalc_Q2J,pew,Q2J,pew:microdata:1465:Merge_1987-2003_finalc:Q2J,"q2j limit feds, local best",Mostly agree|Completely agree|Mostly disagree|Completely disagree,Mostly agree,,,categorical,8,1987,2003
pew_microdata_1465_Merge_1987_2003_finalc_Q2K,pew,Q2K,pew:microdata:1465:Merge_1987-2003_finalc:Q2K,q2k govt inefficient-waste,Mostly agree|Mostly disagree|Completely agree|Completely disagree,Mostly agree,,,categorical,12,1987,2003
pew_microdata_1465_Merge_1987_2003_finalc_Q2L,pew,Q2L,pew:microdata:1465:Merge_1987-2003_finalc:Q2L,q2l govt controls too much,Mostly agree|Mostly disagree|Completely agree|Completely disagree,Mostly agree,,,categorical,12,1987,2003
pew_microdata_1465_Merge_1987_2003_finalc_Q2M,pew,Q2M,pew:microdata:1465:Merge_1987-2003_finalc:Q2M,q2m govt benefit of all,Mostly agree|Mostly disagree|Completely disagree|Completely agree,Mostly agree,,,categorical,11,1987,2003
pew_microdata_1465_Merge_1987_2003_finalc_Q2N,pew,Q2N,pew:microdata:1465:Merge_1987-2003_finalc:Q2N,q2n business fair balance,Mostly disagree|Mostly agree|Completely disagree|Completely agree,Mostly disagree,,,categorical,11,1987,2003
pew_microdata_1465_Merge_1987_2003_finalc_Q2O,pew,Q2O,pew:microdata:1465:Merge_1987-2003_finalc:Q2O,q2o business too powerful,Mostly agree|Completely agree|Mostly disagree|Completely disagree,Mostly agree,,,categorical,12,1987,2003
pew_microdata_1465_Merge_1987_2003_finalc_Q2P,pew,Q2P,pew:microdata:1465:Merge_1987-2003_finalc:Q2P,q2p business too profits,Mostly agree|Mostly disagree|Completely agree|Completely disagree,Mostly agree,,,categorical,12,1987,2003
pew_microdata_1465_Merge_1987_2003_finalc_Q2Q,pew,Q2Q,pew:microdata:1465:Merge_1987-2003_finalc:Q2Q,q2q time pols to step aside,Mostly agree|Completely agree|Mostly disagree|Completely disagree,Mostly agree,,,categorical,11,1987,2003
pew_microdata_1465_Merge_1987_2003_finalc_Q2R,pew,Q2R,pew:microdata:1465:Merge_1987-2003_finalc:Q2R,q2r agencies equal trouble,Mostly agree|Mostly disagree|Completely agree|Completely disagree,Mostly agree,,,categorical,8,1987,2003
pew_microdata_1465_Merge_1987_2003_finalc_Q2S,pew,Q2S,pew:microdata:1465:Merge_1987-2003_finalc:Q2S,q2s many wont work hard,Mostly agree|Completely agree|Mostly disagree|Completely disagree,Mostly agree,,,categorical,5,1992,2003
pew_microdata_1465_Merge_1987_2003_finalc_Q2T,pew,Q2T,pew:microdata:1465:Merge_1987-2003_finalc:Q2T,q2t Ams can solve probs,Mostly agree|Mostly disagree|Completely agree|Completely disagree,Mostly agree,,,categorical,12,1987,2003
pew_microdata_1465_Merge_1987_2003_finalc_Q2U,pew,Q2U,pew:microdata:1465:Merge_1987-2003_finalc:Q2U,q2u no limits to growth,Mostly agree|Mostly disagree|Completely agree|Completely disagree,Mostly agree,,,categorical,12,1987,2003
pew_microdata_1465_Merge_1987_2003_finalc_Q2V,pew,Q2V,pew:microdata:1465:Merge_1987-2003_finalc:Q2V,q2v new pp in Washington,Mostly agree|Mostly disagree|Completely agree|Completely disagree,Mostly agree,,,categorical,9,1987,2003
pew_microdata_1465_Merge_1987_2003_finalc_Q87BB,pew,Q87BB,pew:microdata:1465:Merge_1987-2003_finalc:Q87BB,q87bb I do not pay attention to whether a candidate calls himself a liberal or a conservative,Mostly agree|Completely agree|Mostly disagree|Completely disagree,Mostly agree,,,categorical,5,1987,1991
pew_microdata_1465_Merge_1987_2003_finalc_Q87D,pew,Q87D,pew:microdata:1465:Merge_1987-2003_finalc:Q87D,q87d I am sometimes very conscious of the presence of God,Completely agree|Mostly agree|Mostly disagree|Completely disagree,Completely agree,,,categorical,4,1987,1990
pew_microdata_1465_Merge_1987_2003_finalc_Q87G,pew,Q87G,pew:microdata:1465:Merge_1987-2003_finalc:Q87G,q87g The federal government should be able to overrule individual states on important matters,Mostly agree|Mostly disagree|Completely disagree|Completely agree,Mostly agree,,,categorical,3,1987,1990
pew_microdata_1465_Merge_1987_2003_finalc_Q87M,pew,Q87M,pew:microdata:1465:Merge_1987-2003_finalc:Q87M,q87m The government ought to be able to censor news stories that it feels threaten national security,Mostly agree|Completely agree|Mostly disagree|Completely disagree,Mostly agree,,,categorical,3,1987,1990
pew_microdata_1465_Merge_1987_2003_finalc_Q87N,pew,Q87N,pew:microdata:1465:Merge_1987-2003_finalc:Q87N,q87n The news media should be free to report on any stories they feel are in the national interest,Mostly agree|Completely agree|Mostly disagree|Completely disagree,Mostly agree,,,categorical,3,1987,1990
pew_microdata_1465_Merge_1987_2003_finalc_Q87OO,pew,Q87OO,pew:microdata:1465:Merge_1987-2003_finalc:Q87OO,q87oo There is an international communist conspiracy to rule the world,Mostly agree|Mostly disagree|Completely agree|Completely disagree,Mostly agree,,,categorical,4,1987,1990
pew_microdata_1465_Merge_1987_2003_finalc_Q87PP,pew,Q87PP,pew:microdata:1465:Merge_1987-2003_finalc:Q87PP,q87pp Communist and non-communist countries can learn to live together peacefully,Mostly agree|Completely agree|Mostly disagree|Completely disagree,Mostly agree,,,categorical,4,1987,1990
pew_microdata_1465_Merge_1987_2003_finalc_Q87QQ,pew,Q87QQ,pew:microdata:1465:Merge_1987-2003_finalc:Q87QQ,q87qq Communist countries are all alike,Mostly disagree|Mostly agree|Completely disagree|Completely agree,Mostly disagree,,,categorical,3,1987,1990
pew_microdata_1465_Merge_1987_2003_finalc_Q87RR,pew,Q87RR,pew:microdata:1465:Merge_1987-2003_finalc:Q87RR,q87rr Communists are responsible for a lot of the unrest in the United States today,Mostly agree|Mostly disagree|Completely agree|Completely disagree,Mostly agree,,,categorical,4,1987,1990
pew_microdata_1465_Merge_1987_2003_finalc_RACE,pew,RACE,pew:microdata:1465:Merge_1987-2003_finalc:RACE,RACE,White|Black,White,,,binary,12,1987,2003
pew_microdata_1465_Merge_1987_2003_finalc_RACE94,pew,RACE94,pew:microdata:1465:Merge_1987-2003_finalc:RACE94,"What is your race? Are you white, black, Asian, or some other?",White|Black|Asian,White,,,categorical,5,1994,2003
pew_microdata_1465_Merge_1987_2003_finalc_REGICERT,pew,REGICERT,pew:microdata:1465:Merge_1987-2003_finalc:REGICERT,Are you certain?,"Yes, certain|Not certain","Yes, certain",,,binary,6,1992,2003
pew_microdata_1465_Merge_1987_2003_finalc_REGIST,pew,REGIST,pew:microdata:1465:Merge_1987-2003_finalc:REGIST,Are you Registered?,"Yes, registered|No","Yes, registered",,,binary,11,1987,2003
pew_microdata_1465_Merge_1987_2003_finalc_RELIG,pew,RELIG,pew:microdata:1465:Merge_1987-2003_finalc:RELIG,"What is your religious preference — Protestant, Roman Catholic, Jewish, Mormon, or an orthodox church such as the Greek or Russian Orthodox Church?",Protestant|Catholic|No/None|Jewish|Mormon|Orthodox|Islam,Protestant,,,categorical,12,1987,2003
pew_microdata_1465_Merge_1987_2003_finalc_SEX,pew,SEX,pew:microdata:1465:Merge_1987-2003_finalc:SEX,SEX,FEMALE|MALE,FEMALE,,,binary,12,1987,2003
pew_microdata_1465_Merge_1987_2003_finalc_STATE,pew,STATE,pew:microdata:1465:Merge_1987-2003_finalc:STATE,STATE,6.0|36.0|48.0|42.0|39.0|12.0|26.0|17.0|37.0|34.0|13.0|51.0|47.0|18.0|29.0|53.0|25.0|55.0|1.0|24.0|21.0|22.0|27.0|8.0|45.0|19.0|41.0|40.0|9.0|4.0|28.0|5.0|54.0|20.0|35.0|49.0|31.0|23.0|16.0|30.0|32.0|44.0|33.0|46.0|50.0|11.0|10.0|38.0|15.0|56.0|2.0,6.0,,,categorical,10,1987,2003
pew_microdata_1465_Merge_1987_2003_finalc_STATEV3,pew,STATEV3,pew:microdata:1465:Merge_1987-2003_finalc:STATEV3,STATEV3,Swing States|Dem States|Rep States,Swing States,,,categorical,10,1987,2003
pew_microdata_1465_Merge_1987_2003_finalc_SYEAR,pew,SYEAR,pew:microdata:1465:Merge_1987-2003_finalc:SYEAR,SYEAR,1987.0|1988.0|1989.0|1990.0|1991.0|1992.0|1993.0|1994.0|1997.0|1999.0|2002.0|2003.0,1999.0,,,categorical,12,1987,2003
pew_microdata_1465_Merge_1987_2003_finalc_UNIONHH,pew,UNIONHH,pew:microdata:1465:Merge_1987-2003_finalc:UNIONHH,Labor Union Membership,"No, neither|Yes, respondent|Yes, spouse|Yes, both","No, neither",,,categorical,11,1987,2003
pew_microdata_1465_Merge_1987_2003_finalc_USR,pew,USR,pew:microdata:1465:Merge_1987-2003_finalc:USR,USR,2.0|1.0|3.0,2.0,,,categorical,4,1997,2003
pew_microdata_1898_Top_100_terms_associated_with_engagement_boosts_in_each_party_Party,pew,Party,pew:microdata:1898:Top_100_terms_associated_with_engagement_boosts_in_each_party:Party,Party,D|R,D,,,binary,6,2015,2020
pew_microdata_1898_Top_100_terms_associated_with_engagement_boosts_in_each_party_Year,pew,Year,pew:microdata:1898:Top_100_terms_associated_with_engagement_boosts_in_each_party:Year,Year,2015|2016|2017|2018|2019|2020,2015,,,categorical,6,2015,2020
pew_microdata_261350_Religious_Composition_2010_2020_diversity_statistics_Diveristy_level,pew,Diveristy_level,pew:microdata:261350:Religious_Composition_2010-2020_diversity_statistics:Diveristy_level,Diveristy_level,Moderate|Very low|High|Low|Very high,Moderate,,,categorical,2,2010,2020
pew_microdata_261350_Religious_Composition_2010_2020_diversity_statistics_Level,pew,Level,pew:microdata:261350:Religious_Composition_2010-2020_diversity_statistics:Level,Level,1|2|3,1,,,categorical,2,2010,2020
pew_microdata_261350_Religious_Composition_2010_2020_diversity_statistics_Region,pew,Region,pew:microdata:261350:Religious_Composition_2010-2020_diversity_statistics:Region,Region,Asia-Pacific|Sub-Saharan Africa|Europe|Latin America-Caribbean|Middle East-North Africa|North America|World,Sub-Saharan Africa,,,categorical,2,2010,2020
pew_microdata_261350_Religious_Composition_2010_2020_diversity_statistics_Year,pew,Year,pew:microdata:261350:Religious_Composition_2010-2020_diversity_statistics:Year,Year,2010|2020,2020,,,binary,2,2010,2020
pew_microdata_261350_Religious_Composition_2010_2020_percentages_Level,pew,Level,pew:microdata:261350:Religious_Composition_2010-2020_percentages:Level,Level,1|2|3,1,,,categorical,2,2010,2020
pew_microdata_261350_Religious_Composition_2010_2020_percentages_Region,pew,Region,pew:microdata:261350:Religious_Composition_2010-2020_percentages:Region,Region,Asia-Pacific|Sub-Saharan Africa|Europe|Latin America-Caribbean|Middle East-North Africa|North America|World,Asia-Pacific,,,categorical,2,2010,2020
pew_microdata_261350_Religious_Composition_2010_2020_percentages_Year,pew,Year,pew:microdata:261350:Religious_Composition_2010-2020_percentages:Year,Year,2010|2020,2010,,,binary,2,2010,2020
pew_microdata_261350_Religious_Composition_2010_2020_rounded_counts_Buddhists,pew,Buddhists,pew:microdata:261350:Religious_Composition_2010-2020_rounded_counts:Buddhists,Buddhists,"< 10,000|20,000|10,000|40,000|30,000|50,000|60,000|520,000|330,000|250,000|70,000|90,000|380,000|1,680,000|42,960,000|46,990,000|47,210,000|470,000|400,000|5,050,000|5,680,000|4,850,000|53,380,000|6,400,000|53,580,000|580,000|4,540,000|600,000|630,000|64,090,000|660,000|67,620,000|670,000|76,100,000|8,690,000|840,000|9,550,000|9,850,000|950,000|4,710,000|1,010,000|4,380,000|2,540,000|1,730,000|1,780,000|1,860,000|110,000|12,470,000|130,000|14,060,000|14,640,000|15,700,000|150,000|16,240,000|2,010,000|2,380,000|2,470,000|22,580,000|4,050,000|220,000|24,130,000|260,000|280,000|290,000|3,580,000|3,960,000|310,000|316,110,000|324,190,000|336,320,000|340,000|342,750,000|1,460,000|370,000","< 10,000",,,categorical,2,2010,2020
pew_microdata_261350_Religious_Composition_2010_2020_rounded_counts_Hindus,pew,Hindus,pew:microdata:261350:Religious_Composition_2010-2020_rounded_counts:Hindus,Hindus,"< 10,000|20,000|10,000|30,000|40,000|60,000|100,000|50,000|190,000|140,000|300,000|220,000|540,000|170,000|130,000|160,000|80,000|620,000|580,000|3,620,000|994,460,000|930,000|310,000|320,000|370,000|4,170,000|4,350,000|810,000|760,000|430,000|5,030,000|750,000|500,000|700,000|70,000|660,000|3,280,000|640,000|3,510,000|1,043,560,000|3,220,000|13,140,000|1,110,000|1,113,200,000|1,140,000|1,166,710,000|1,177,860,000|1,340,000|1,460,000|1,650,000|1,790,000|1,800,000|1,990,000|13,030,000|180,000|3,040,000|2,070,000|2,150,000|2,330,000|2,630,000|22,290,000|23,520,000|230,000|250,000|260,000|1,051,540,000|280,000|290,000|270,000","< 10,000",,,categorical,2,2010,2020
pew_microdata_261350_Religious_Composition_2010_2020_rounded_counts_Jews,pew,Jews,pew:microdata:261350:Religious_Composition_2010-2020_rounded_counts:Jews,Jews,"< 10,000|20,000|10,000|30,000|40,000|110,000|120,000|50,000|180,000|70,000|6,780,000|5,760,000|5,770,000|6,050,000|6,090,000|13,910,000|6,790,000|5,710,000|60,000|80,000|90,000|5,730,000|460,000|490,000|14,780,000|450,000|1,390,000|390,000|350,000|340,000|300,000|280,000|200,000|190,000|170,000|1,280,000","< 10,000",,,categorical,2,2010,2020
pew_microdata_261350_Religious_Composition_2010_2020_rounded_counts_Level,pew,Level,pew:microdata:261350:Religious_Composition_2010-2020_rounded_counts:Level,Level,1|2|3,1,,,categorical,2,2010,2020
pew_microdata_261350_Religious_Composition_2010_2020_rounded_counts_Region,pew,Region,pew:microdata:261350:Religious_Composition_2010-2020_rounded_counts:Region,Region,Asia-Pacific|Sub-Saharan Africa|Europe|Latin America-Caribbean|Middle East-North Africa|North America|World,Sub-Saharan Africa,,,categorical,2,2010,2020
pew_microdata_261350_Religious_Composition_2010_2020_rounded_counts_Year,pew,Year,pew:microdata:261350:Religious_Composition_2010-2020_rounded_counts:Year,Year,2010|2020,2020,,,binary,2,2010,2020
pew_microdata_261350_Religious_Composition_2010_2020_unrounded_counts_Level,pew,Level,pew:microdata:261350:Religious_Composition_2010-2020_unrounded_counts:Level,Level,1|2|3,1,,,categorical,2,2010,2020
pew_microdata_261350_Religious_Composition_2010_2020_unrounded_counts_Region,pew,Region,pew:microdata:261350:Religious_Composition_2010-2020_unrounded_counts:Region,Region,Asia-Pacific|Sub-Saharan Africa|Europe|Latin America-Caribbean|Middle East-North Africa|North America|World,Sub-Saharan Africa,,,categorical,2,2010,2020
pew_microdata_261350_Religious_Composition_2010_2020_unrounded_counts_Year,pew,Year,pew:microdata:261350:Religious_Composition_2010-2020_unrounded_counts:Year,Year,2010|2020,2010,,,binary,2,2010,2020
prri_1030451,prri,1030451,prri:1030451,"Q1. In general, do you think things in this country are going in the right direction or do you feel things are going in the wrong direction?",Wrong direction|Right direction|Mixed,Wrong direction,,,categorical,7,2011,2020
prri_1030452,prri,1030452,prri:1030452,"Q2. Since the 1950s, do you think American culture and way of life has: {PRRI trend}",Mostly changed for the worse|Mostly changed for the better|Both/ Neither,Mostly changed for the worse,,,categorical,5,2013,2020
prri_1030454,prri,1030454,prri:1030454,Q3a. Joe Biden,Somewhat favorable|Very unfavorable|Somewhat unfavorable|Very favorable|Have not heard of,Somewhat favorable,,,categorical,4,2012,2020
prri_1030455,prri,1030455,prri:1030455,Q3b. Kamala Harris,Somewhat favorable|Very unfavorable|Have not heard of|Somewhat unfavorable|Very favorable,Somewhat favorable,,,categorical,2,2019,2020
prri_1030467,prri,1030467,prri:1030467,Q8a. Growing gap between rich and poor,Critical issue|One among many important issues|Not that important an issue,Critical issue,,,categorical,5,2015,2020
prri_1030468,prri,1030468,prri:1030468,Q8b. Racial inequality,Critical issue|One among many important issues|Not that important an issue,One among many important issues,,,categorical,5,2015,2020
prri_1030469,prri,1030469,prri:1030469,Q8c. Jobs and unemployment,Critical issue|One among many important issues|Not that important an issue,Critical issue,,,categorical,5,2013,2020
prri_1030470,prri,1030470,prri:1030470,Q8d. Immigration,One among many important issues|Critical issue|Not that important an issue,One among many important issues,,,categorical,5,2013,2020
prri_1030471,prri,1030471,prri:1030471,Q8e. Health care,Critical issue|One among many important issues|Not that important an issue,Critical issue,,,categorical,5,2013,2020
prri_1030472,prri,1030472,prri:1030472,Q8f. Terrorism,Critical issue|One among many important issues|Not that important an issue,Critical issue,,,categorical,4,2015,2020
prri_1030473,prri,1030473,prri:1030473,Q8g. Climate change,Critical issue|One among many important issues|Not that important an issue,Critical issue,,,categorical,3,2015,2020
prri_1030474,prri,1030474,prri:1030474,Q8h. Crime,Critical issue|One among many important issues|Not that important an issue,Critical issue,,,categorical,5,2015,2020
prri_1030476,prri,1030476,prri:1030476,Q8j. Abortion,One among many important issues|Critical issue|Not that important an issue,One among many important issues,,,categorical,4,2014,2020
prri_1030482,prri,1030482,prri:1030482,"Q12a. [FORM 1 ONLY] Thinking about U.S. elections in general, which do you think is a bigger problem today: [ROTATE] [N=1,270]",Eligible voters being denied the right to vote|People casting votes who are not eligible to vote|Other (SPECIFY),Eligible voters being denied the right to vote,,,categorical,3,2014,2018
prri_1030486,prri,1030486,prri:1030486,"Q15. Today, would you say that a college education is a smart investment in the future or is it more of a gamble that may not pay off in the end? [ROTATE]",Smart Investment|More of a Gamble,Smart Investment,,,binary,2,2016,2020
prri_1030501,prri,1030501,prri:1030501,Q19a. Laws that require transgender individuals to use bathrooms that correspond to their sex at birth rather than their current gender identity,Strongly oppose|Somewhat oppose|Somewhat favor|Strongly favor,Strongly oppose,,,categorical,3,2016,2019
prri_1030503,prri,1030503,prri:1030503,"Q19c. Laws that would protect gay, lesbian, bisexual, and transgender people against discrimination in jobs, public accommodations, and housing?",Strongly favor|Somewhat favor|Somewhat oppose|Strongly oppose,Strongly favor,,,categorical,6,2015,2020
prri_1030506,prri,1030506,prri:1030506,Q20a. These days society seems to punish men just for acting like men,Mostly disagree|Completely disagree|Mostly agree|Completely agree,Mostly disagree,,,categorical,3,2016,2020
prri_1030507,prri,1030507,prri:1030507,Q20b. Society as a whole has become too soft and feminine,Mostly disagree|Completely disagree|Mostly agree|Completely agree,Mostly disagree,,,categorical,4,2011,2020
prri_1030511,prri,1030511,prri:1030511,"Q21a. Would you say that, in general, the growing number of newcomers from other countries: [ROTATE]",Strengthens American society|Threatens traditional American customs and values|Other (SPECIFY),Strengthens American society,,,categorical,6,2011,2018
prri_1030513,prri,1030513,prri:1030513,Q22a. They make an effort to learn English,Somewhat well|Not too well|Not at all well|Very well,Somewhat well,,,categorical,4,2011,2020
prri_1030514,prri,1030514,prri:1030514,Q22b. They increase crime in local communities,Not too well|Somewhat well|Not at all well|Very well,Not too well,,,categorical,4,2016,2020
prri_1030515,prri,1030515,prri:1030515,Q22c. They burden local communities by using more than their share of social services,Not too well|Somewhat well|Very well|Not at all well,Not too well,,,categorical,3,2018,2020
prri_1030523,prri,1030523,prri:1030523,Q28. Thinking about how the issue of abortion might affect your vote for major political,Consider a candidate’s position on abortion as just one of many important factors|Not see abortion as a major issue|Only vote for a candidate who shares your views on abortion,Consider a candidate’s position on abortion as just one of many important factors,,,categorical,7,2012,2020
prri_1030531,prri,1030531,prri:1030531,Q30a. Asian People,"Yes, there is a lot of discrimination|No, not a lot of discrimination","Yes, there is a lot of discrimination",,,binary,2,2018,2020
prri_1030532,prri,1030532,prri:1030532,Q30b. Women,"Yes, there is a lot of discrimination|No, not a lot of discrimination","No, not a lot of discrimination",,,binary,3,2013,2018
prri_1030533,prri,1030533,prri:1030533,Q30c. Black people,"Yes, there is a lot of discrimination|No, not a lot of discrimination","Yes, there is a lot of discrimination",,,binary,6,2013,2020
prri_1030534,prri,1030534,prri:1030534,Q30d. Hispanic People,"Yes, there is a lot of discrimination|No, not a lot of discrimination","Yes, there is a lot of discrimination",,,binary,3,2015,2020
prri_1030535,prri,1030535,prri:1030535,Q30e. White people,"No, not a lot of discrimination|Yes, there is a lot of discrimination","No, not a lot of discrimination",,,binary,5,2015,2020
prri_1030536,prri,1030536,prri:1030536,Q30f. Christians,"No, not a lot of discrimination|Yes, there is a lot of discrimination","No, not a lot of discrimination",,,binary,3,2016,2020
prri_1030538,prri,1030538,prri:1030538,Q30h. Transgender people,"Yes, there is a lot of discrimination|No, not a lot of discrimination","Yes, there is a lot of discrimination",,,binary,5,2013,2018
prri_1030539,prri,1030539,prri:1030539,Q30i. Jews,"No, not a lot of discrimination|Yes, there is a lot of discrimination","No, not a lot of discrimination",,,binary,3,2013,2018
prri_1030540,prri,1030540,prri:1030540,Q30j. Muslims,"Yes, there is a lot of discrimination|No, not a lot of discrimination","Yes, there is a lot of discrimination",,,binary,5,2013,2018
prri_1030542,prri,1030542,prri:1030542,Q31a. Generations of slavery and discrimination have created conditions that make it difficult for Black Americans to work their way out of the lower class,Mostly disagree|Mostly agree|Completely disagree|Completely agree,Mostly disagree,,,categorical,3,2015,2020
prri_1030543,prri,1030543,prri:1030543,Q31b. A black person is more likely than a white person to receive the death penalty for the same crime,Mostly agree|Completely agree|Mostly disagree|Completely disagree,Mostly agree,,,categorical,2,2015,2018
prri_1030544,prri,1030544,prri:1030544,Q31c. Today discrimination against white Americans has become as big a problem as discrimination against Black Americans and other minorities,Mostly disagree|Completely disagree|Mostly agree|Completely agree,Mostly disagree,,,categorical,9,2011,2020
prri_1030552,prri,1030552,prri:1030552,Q35b. Immigrants are invading our country and replacing our cultural and ethnic background. {PRRI trend},Completely disagree|Mostly disagree|Mostly agree|Completely agree,Completely disagree,,,categorical,2,2019,2020
prri_1030553,prri,1030553,prri:1030553,Q35c. The American way of life needs to be protected from foreign influence,Mostly agree|Mostly disagree|Completely agree|Completely disagree,Mostly agree,,,categorical,3,2013,2018
prri_1030554,prri,1030554,prri:1030554,Q36. Do you believe presidential elections should be decided based on the popular vote or by the Electoral College? [ROTATE OPTIONS],Popular vote|Electoral college,Popular vote,,,binary,3,2018,2020
prri_1030559,prri,1030559,prri:1030559,"Q38c. is gay, lesbian, or bisexual","Yes, another acquaintance|No|Yes, close friend|Yes, family member|Yes, myself","Yes, another acquaintance",,,categorical,5,2011,2019
prri_1030560,prri,1030560,prri:1030560,Q38d. is transgender,"No|Yes, another acquaintance|Yes, close friend|Yes, family member|Yes, myself",No,,,categorical,5,2011,2019
prri_1192070,prri,1192070,prri:1192070,"Q.6a Laws that would protect gay, lesbian, bisexual, and transgender people against discrimination in jobs, public accommodations, and housing?",Strongly favor|Favor|Oppose|Strongly oppose,Strongly favor,,,categorical,6,2015,2020
prri_1192076,prri,1192076,prri:1192076,"Q.7a is gay, lesbian, or bisexual","Yes, another acquaintance|No|Yes, close friend|Yes, family member|Yes, myself","Yes, another acquaintance",,,categorical,5,2011,2019
prri_1192077,prri,1192077,prri:1192077,Q.7b is transgender,"No|Yes, another acquaintance|Yes, close friend|Yes, family member|Yes, myself",No,,,categorical,5,2011,2019
prri_1192082,prri,1192082,prri:1192082,"Q.9 Thinking about how the issue of abortion might affect your vote for major political offices, would you:",Consider a candidate’s position on abortion as just one of many important factors|Not see abortion as a major issue|Only vote for a candidate who shares your views on abortion,Consider a candidate’s position on abortion as just one of many important factors,,,categorical,3,2018,2020
prri_1192090,prri,1192090,prri:1192090,Q.11a Joe Biden,Somewhat favorable|Very unfavorable|Somewhat unfavorable|Very favorable|Have not heard of,Somewhat favorable,,,categorical,4,2012,2020
prri_1192096,prri,1192096,prri:1192096,Q.12 Which of the following television news sources do you trust the MOST to provide accurate information about politics and current events? [RANDOMIZE LIST],"Once a week|Never|Seldom|A few times a year|More than once a week|Once or twice a month|Do not watch television news|Broadcast network news, such as NBC, ABC, or CBS|Fox News|Local television news|CNN|Public television|MSNBC|Other (please specify) [SPECIFY]",Once a week,,,categorical,10,2011,2020
prri_1192171,prri,1192171,prri:1192171,Q1a. Abortion,Consider a candidate’s position on this issue as just one of many important factors|Not see this as a major issue|Only vote for a candidate who shares your views on this issue,Consider a candidate’s position on this issue as just one of many important factors,,,categorical,3,2018,2020
prri_1192176,prri,1192176,prri:1192176,Q2. Which of the following three statements comes closest to your view about climate change…,Climate change is caused mostly by human activity such as burning fossil fuels|Climate change is mostly caused by natural patterns in the earth’s environment,Climate change is caused mostly by human activity such as burning fossil fuels,,,binary,4,2011,2019
prri_1192187,prri,1192187,prri:1192187,"Q4d. The severity of recent natural disasters is evidence of global climate change [FORM 1] [N=2,760]",Mostly agree|Completely agree|Mostly disagree|Completely disagree,Mostly agree,,,categorical,4,2011,2017
prri_1192188,prri,1192188,prri:1192188,"Q4e. The severity of recent natural disasters is evidence that we are in what the Bible calls “the end of times” [FORM 2] [N=2,780]",Completely disagree|Mostly agree|Completely agree|Mostly disagree,Completely disagree,,,categorical,3,2011,2014
prri_1192212,prri,1192212,prri:1192212,Q9a. Joe Biden,Somewhat favorable|Very unfavorable|Somewhat unfavorable|Very favorable|Have not heard of,Somewhat favorable,,,categorical,4,2012,2020
prri_1192218,prri,1192218,prri:1192218,"Q9g. QAnon [FORM 2] [N=2,780]","Once a week|Never|Seldom|A few times a year|More than once a week|Once or twice a month|Religion is one among many important things in my life|Do not watch television news|Religion is not important in my life|Religion is the most important thing in my life|Religion is not as important as other things in my life|Broadcast network news, such as NBC, ABC, or CBS|Fox News|Local television news|CNN|Public television|MSNBC|Other (please specify) [SPECIFY]",Once a week,,,categorical,10,2011,2020
prri_1192220,prri,1192220,prri:1192220,"Q13a. Laws that would protect gay, lesbian, bisexual, and transgender people against discrimination in jobs, public accommodations, and housing?",Strongly favor|Favor|Oppose|Strongly oppose,Strongly favor,,,categorical,6,2015,2020
prri_1196015,prri,1196015,prri:1196015,Q.4c Black people,"Yes, there is a lot of discrimination|No, not a lot of discrimination","Yes, there is a lot of discrimination",,,binary,6,2013,2020
prri_1196020,prri,1196020,prri:1196020,Q.4h Transgender people,"Yes, there is a lot of discrimination|No, not a lot of discrimination","Yes, there is a lot of discrimination",,,binary,5,2013,2018
prri_1196022,prri,1196022,prri:1196022,Q.4j Muslims,"Yes, there is a lot of discrimination|No, not a lot of discrimination","Yes, there is a lot of discrimination",,,binary,5,2013,2018
prri_1196026,prri,1196026,prri:1196026,"Q.6b Laws that would protect gay, lesbian, bisexual, and transgender people against discrimination in jobs, public accommodations, and housing?",Strongly favor|Favor|Oppose|Strongly oppose,Strongly favor,,,categorical,6,2015,2020
prri_1210340,prri,1210340,prri:1210340,"Q2. Thinking about how the issue of abortion might affect your vote for major political offices, would you: [ROTATE ORDER OF 1 and 2; anchor 3]",Consider a candidate’s position on abortion is just one of many important factors|Not see abortion as a major issue|Only vote for a candidate who shares your views on abortion,Consider a candidate’s position on abortion is just one of many important factors,,,categorical,3,2018,2020
prri_1210343,prri,1210343,prri:1210343,"Q4a. Laws that would protect gay, lesbian, bisexual, and transgender people against discrimination in jobs, public accommodations, and housing?",Strongly favor|Favor|Oppose|Strongly oppose,Strongly favor,,,categorical,6,2015,2020
prri_1210348,prri,1210348,prri:1210348,Q5a. Joe Biden,Somewhat favorable|Very unfavorable|Somewhat unfavorable|Very favorable|Have not heard of,Somewhat favorable,,,categorical,4,2012,2020
prri_1210360,prri,1210360,prri:1210360,Q6f. We must maintain a strict separation of church and state.,Completely agree|Mostly agree|Mostly disagree|Completely disagree,Completely agree,,,categorical,3,2010,2014
prri_1210367,prri,1210367,prri:1210367,Q9b. We should prevent people from some majority Muslim countries from entering the U.S.,Mostly disagree|Mostly agree|Completely disagree|Completely agree,Mostly disagree,,,categorical,3,2017,2019
prri_1210368,prri,1210368,prri:1210368,Q9c. Generations of slavery and discrimination have created conditions that make it difficult for many Black Americans to work their way out of the lower class.,Mostly disagree|Mostly agree|Completely disagree|Completely agree,Mostly disagree,,,categorical,3,2015,2020
prri_1210369,prri,1210369,prri:1210369,Q9d. Today discrimination against white Americans has become as big a problem as discrimination against Black Americans and other minorities.,Mostly disagree|Completely disagree|Mostly agree|Completely agree,Mostly disagree,,,categorical,9,2011,2020
prri_1210370,prri,1210370,prri:1210370,Q9e. A Black person is more likely than a white person to receive the death penalty for the same crime.,Mostly agree|Completely agree|Mostly disagree|Completely disagree,Mostly agree,,,categorical,2,2015,2018
prri_1210371,prri,1210371,prri:1210371,Q9f. Immigrants are invading our country and replacing our cultural and ethnic background.,Completely disagree|Mostly disagree|Mostly agree|Completely agree,Completely disagree,,,categorical,2,2019,2020
prri_1210373,prri,1210373,prri:1210373,Q9h. The American way of life needs to be protected from foreign influence.,Mostly agree|Mostly disagree|Completely agree|Completely disagree,Mostly agree,,,categorical,3,2013,2018
prri_1210375,prri,1210375,prri:1210375,"Q10a. Because things have gotten so far off track in this country, we need a leader who is willing to break some rules if that’s what it takes to set things right.",Mostly disagree|Mostly agree|Completely disagree|Completely agree,Mostly disagree,,,categorical,3,2016,2020
prri_1210382,prri,1210382,prri:1210382,Q11c. The values of Islam are at odds with American values and way of life.,A little bit|Somewhat|Completely|Not at all,A little bit,,,categorical,4,2011,2020
prri_1210388,prri,1210388,prri:1210388,Q12c. These days society seems to punish men just for acting like men.,Mostly disagree|Completely disagree|Mostly agree|Completely agree,Mostly disagree,,,categorical,3,2016,2020
prri_1210389,prri,1210389,prri:1210389,Q12d. Society as a whole has become too soft and feminine.,Mostly disagree|Completely disagree|Mostly agree|Completely agree,Mostly disagree,,,categorical,4,2011,2020
prri_1210584,prri,1210584,prri:1210584,"Q1. In general, do you think things in this country are going in the right direction or do you feel things are going in the wrong direction?",Wrong direction|Right direction|Mixed,Wrong direction,,,categorical,7,2011,2020
prri_1210585,prri,1210585,prri:1210585,"Q2. Since the 1950s, do you think American culture and way of life has: {PRRI trend}",Mostly changed for the worse|Mostly changed for the better|Both/ Neither,Mostly changed for the worse,,,categorical,5,2013,2020
prri_1210587,prri,1210587,prri:1210587,Q3a. Racial inequality,Critical issue|One among many important issues|Not that important an issue,One among many important issues,,,categorical,5,2015,2020
prri_1210588,prri,1210588,prri:1210588,Q3b. Jobs and unemployment,Critical issue|One among many important issues|Not that important an issue,Critical issue,,,categorical,5,2013,2020
prri_1210589,prri,1210589,prri:1210589,Q3c. Immigration,One among many important issues|Critical issue|Not that important an issue,One among many important issues,,,categorical,5,2013,2020
prri_1210590,prri,1210590,prri:1210590,Q3d. Health care,Critical issue|One among many important issues|Not that important an issue,Critical issue,,,categorical,5,2013,2020
prri_1210591,prri,1210591,prri:1210591,Q3e. Terrorism,Critical issue|One among many important issues|Not that important an issue,Critical issue,,,categorical,4,2015,2020
prri_1210592,prri,1210592,prri:1210592,Q3f. Climate change,Critical issue|One among many important issues|Not that important an issue,Critical issue,,,categorical,3,2015,2020
prri_1210593,prri,1210593,prri:1210593,Q3g. Crime,Critical issue|One among many important issues|Not that important an issue,Critical issue,,,categorical,5,2015,2020
prri_1210595,prri,1210595,prri:1210595,Q3i. Abortion,One among many important issues|Critical issue|Not that important an issue,One among many important issues,,,categorical,4,2014,2020
prri_1210597,prri,1210597,prri:1210597,"Q3k. The growing gap between rich and poor [FORM 1 ONLY] [N=1,268]",Critical issue|One among many important issues|Not that important an issue,Critical issue,,,categorical,5,2015,2020
prri_1210608,prri,1210608,prri:1210608,Q4a. Abortion,Consider a candidate’s position on this issue as just one of many important factors|Not see this as a major issue|Only vote for a candidate who shares your views on this issue,Consider a candidate’s position on this issue as just one of many important factors,,,categorical,3,2018,2020
prri_1210614,prri,1210614,prri:1210614,Q5a. Joe Biden,Somewhat favorable|Very unfavorable|Somewhat unfavorable|Very favorable|Have not heard of,Somewhat favorable,,,categorical,4,2012,2020
prri_1210624,prri,1210624,prri:1210624,"Q9. Which of the following statements about the Republican Party comes closest to your view, even if neither is exactly right?",The Republican Party is trying to protect the American way of life against outside threats|The Republican Party has been taken over by racists,The Republican Party is trying to protect the American way of life against outside threats,,,binary,2,2019,2020
prri_1210625,prri,1210625,prri:1210625,"Q10. Which of the following statements about the Democratic Party comes closest to your view, even if neither is exactly right?",The Democratic Party is trying to make capitalism work for average Americans|The Democratic Party has been taken over by socialists,The Democratic Party is trying to make capitalism work for average Americans,,,binary,2,2019,2020
prri_1210639,prri,1210639,prri:1210639,"Q22b. Because things have gotten so far off track in this country, we need a leader who is willing to break some rules if that’s what it takes to set things right.",Mostly disagree|Mostly agree|Completely disagree|Completely agree,Mostly disagree,,,categorical,3,2016,2020
prri_1210657,prri,1210657,prri:1210657,"Q27. Today, would you say that a college education is a smart investment in the future or is it more of a gamble that may not pay off in the end? [ROTATE]",Smart Investment|More of a Gamble,Smart Investment,,,binary,2,2016,2020
prri_1210659,prri,1210659,prri:1210659,Q28a. Russia,"Unfriendly, but not an enemy|Enemy of the US|Friendly, but not an ally|Ally of the US","Unfriendly, but not an enemy",,,categorical,3,2017,2020
prri_1210668,prri,1210668,prri:1210668,Q32a. People who belong to different racial or ethnic groups,Optimistic|Pessimistic,Optimistic,,,binary,2,2018,2019
prri_1210669,prri,1210669,prri:1210669,Q32b. People who hold different political views,Pessimistic|Optimistic,Pessimistic,,,binary,2,2018,2019
prri_1210670,prri,1210670,prri:1210670,Q32c. People who belong to different religious groups,Optimistic|Pessimistic,Optimistic,,,binary,2,2018,2019
prri_1210685,prri,1210685,prri:1210685,"Q35. Would you say that, in general, the growing number of newcomers from other countries: [ROTATE]",Strengthens American society|Threatens traditional American customs and values|Other (SPECIFY),Strengthens American society,,,categorical,6,2011,2018
prri_1210688,prri,1210688,prri:1210688,Q37a. Passing a law that places stricter limits on the number of LEGAL immigrants coming to the U.S.,Somewhat favor|Somewhat oppose|Strongly favor|Strongly oppose,Somewhat oppose,,,categorical,2,2018,2019
prri_1210689,prri,1210689,prri:1210689,Q37b. Building a wall along the U.S. border with Mexico,Strongly oppose|Oppose|Strongly favor|Favor,Strongly oppose,,,categorical,5,2016,2020
prri_1210690,prri,1210690,prri:1210690,Q37c. Passing a law to prevent refugees from entering the U.S.,Oppose|Strongly oppose|Favor|Strongly favor,Oppose,,,categorical,4,2017,2020
prri_1210696,prri,1210696,prri:1210696,Q40a. Laws that require transgender individuals to use bathrooms that correspond to their sex at birth rather than their current gender identity,Strongly oppose|Somewhat oppose|Somewhat favor|Strongly favor,Strongly oppose,,,categorical,3,2016,2019
prri_1210698,prri,1210698,prri:1210698,"Q40c. Laws that would protect gay, lesbian, bisexual, and transgender people against discrimination in jobs, public accommodations, and housing?",Strongly favor|Favor|Oppose|Strongly oppose,Strongly favor,,,categorical,6,2015,2020
prri_1210707,prri,1210707,prri:1210707,Q41f. Society as a whole has become too soft and feminine.,Mostly disagree|Completely disagree|Mostly agree|Completely agree,Mostly disagree,,,categorical,4,2011,2020
prri_1210721,prri,1210721,prri:1210721,Q45e. Immigrants are invading our country and replacing our cultural and ethnic background.,Completely disagree|Mostly disagree|Mostly agree|Completely agree,Completely disagree,,,categorical,2,2019,2020
prri_1210727,prri,1210727,prri:1210727,Q45k. Generations of slavery and discrimination against Black people and Native Americans have given white people unfair economic advantages,Mostly disagree|Mostly agree|Completely disagree|Completely agree,Mostly disagree,,,categorical,3,2015,2020
prri_1210799,prri,1210799,prri:1210799,"Q29. [IF NO RELIGION, RELIG = 13] Even though you don’t identify with a particular religion, how well, if at all, would you say each of the following statements describes you? [RANDOMIZE]",Once a week|Never|Seldom|A few times a year|More than once a week|Once or twice a month,Once a week,,,categorical,10,2011,2020
prri_1210801,prri,1210801,prri:1210801,Q31. [IF ATTEND_b=1-4] Please indicate whether you have experienced or witnessed the following while attending a religious service in the past year: [RANDOMIZE],Religion is one among many important things in my life|Religion is the most important thing in my life|Religion is not important in my life|Religion is not as important as other things in my life,Religion is one among many important things in my life,,,categorical,2,2013,2016
prri_1210807,prri,1210807,prri:1210807,"Q12. Thinking about how the following issues might affect your vote for major political offices, would you:",Consider a candidate’s position on this issue as just one of many important factors|Not see this as a major issue|Only vote for a candidate who shares your views on this issue,Consider a candidate’s position on this issue as just one of many important factors,,,categorical,3,2018,2020
prri_1223452,prri,1223452,prri:1223452,"Q.1 (a) Aside from weddings and funerals, attended religious services, either virtually or in person",Once a week|Seldom|Never|A few times a year|Once or twice a month|More than once a week,Once a week,,,categorical,10,2011,2020
prri_1223481,prri,1223481,prri:1223481,Q.36 Which of the following statements comes closest to your view?,"America was a Christian nation in the past, but it is not now|America has always been and is currently a Christian nation|America has never been a Christian nation","America was a Christian nation in the past, but it is not now",,,categorical,7,2010,2020
prri_1223482,prri,1223482,prri:1223482,"Q37. [IF Q37=2] And do you think this is generally a good thing or a bad thing? [N=2,247]",Bad Thing|Good Thing,Bad Thing,,,binary,4,2015,2020
prri_1223485,prri,1223485,prri:1223485,"Q.40 (a). Laws that would protect gay, lesbian, bisexual, and transgender people against discrimination in jobs, public accommodations, and housing.",Strongly Favor|Favor|Oppose|Strongly Oppose,Strongly Favor,,,categorical,6,2015,2020
prri_1223491,prri,1223491,prri:1223491,"Q.10 3 . Thinking about how the issue of abortion might affect your vote for major political offices, would you:",Consider a candidate’s position on abortion as just one of many important factors|Not see abortion as a major issue [ANCHOR]|Only vote for a candidate who shares your views on abortion,Consider a candidate’s position on abortion as just one of many important factors,,,categorical,7,2012,2020
prri_1225602,prri,1225602,prri:1225602,Q3a. The Confederate flag,Southern pride|Racism|Other [SPECIFY],Southern pride,,,categorical,4,2015,2020
prri_1225603,prri,1225603,prri:1225603,Q3b. Monuments to confederate soldiers,Southern pride|Racism|Other [SPECIFY],Southern pride,,,categorical,3,2017,2020
prri_1225609,prri,1225609,prri:1225609,"Q5a. It's really a matter of some people not trying hard enough; if Black Americans would only try harder, they could be just as well off as white Americans.",Mostly Agree|Mostly Disagree|Completely Disagree|Completely Agree,Mostly Agree,,,categorical,3,2015,2018
prri_1225610,prri,1225610,prri:1225610,Q5b. Generations of slavery and discrimination have created conditions that make it difficult for many Black Americans to work their way out of the lower class.,Mostly Disagree|Mostly Agree|Completely Disagree|Completely Agree,Mostly Disagree,,,categorical,3,2015,2020
prri_1225611,prri,1225611,prri:1225611,Q5c. A Black person is more likely than a white person to receive the death penalty for the same crime.,Mostly Agree|Completely Agree|Mostly Disagree|Completely Disagree,Mostly Agree,,,categorical,2,2015,2018
prri_1225615,prri,1225615,prri:1225615,Q5g. Today discrimination against white Americans has become as big a problem as discrimination against Black Americans and other minorities.,Mostly Disagree|Completely Disagree|Mostly Agree|Completely Agree,Mostly Disagree,,,categorical,9,2011,2020
prri_1225616,prri,1225616,prri:1225616,Q5h. Generations of slavery and discrimination against Black people have given white people unfair economic advantages,Mostly Disagree|Mostly Agree|Completely Disagree|Completely Agree,Mostly Disagree,,,categorical,3,2015,2020
prri_1225620,prri,1225620,prri:1225620,"Q5l. Because things have gotten so far off track in this country, we need a leader who is willing to break some rules if that’s what it takes to set things right.",Mostly disagree|Mostly agree|Completely disagree|Completely agree,Mostly disagree,,,categorical,3,2016,2020
prri_1225636,prri,1225636,prri:1225636,"Q10a. Laws that would protect gay, lesbian, bisexual, and transgender people against discrimination in jobs, public accommodations, and housing?",Strongly favor|Favor|Oppose|Strongly oppose,Strongly favor,,,categorical,6,2015,2020
prri_1225649,prri,1225649,prri:1225649,Q12a. Joe Biden,Somewhat favorable|Very unfavorable|Somewhat unfavorable|Very favorable|Have not heard of,Somewhat favorable,,,categorical,4,2012,2020
prri_1225666,prri,1225666,prri:1225666,Q14f. Immigrants are invading our country and replacing our cultural and ethnic background.,Once a week|Never|Seldom|A few times a year|More than once a week|Once or twice a month|Completely disagree|Mostly disagree|Mostly agree|Completely agree,Once a week,,,categorical,10,2011,2020
prri_1237676,prri,1237676,prri:1237676,"Q16f. Because things have gotten so far off track in this country, we need a leader who is willing to break some rules if that’s what it takes to set things right.",Mostly disagree|Mostly agree|Completely disagree|Completely agree,Mostly disagree,,,categorical,3,2016,2020
prri_1237697,prri,1237697,prri:1237697,Q20b. Society as a whole has become too soft and feminine.,Mostly disagree|Completely disagree|Mostly agree|Completely agree,Mostly disagree,,,categorical,4,2011,2020
prri_1237703,prri,1237703,prri:1237703,Q12a. Joe Biden,Somewhat favorable|Very unfavorable|Somewhat unfavorable|Very favorable|Have not heard of,Somewhat favorable,,,categorical,4,2012,2020
prri_1237726,prri,1237726,prri:1237726,Q22f. News organizations,"Some|Little|Do not watch television news|None at all|Broadcast network news, such as NBC, ABC, or CBS|Fox News|Local television news|CNN|Public television|A great deal|MSNBC|Other (please specify) [SPECIFY]",Some,,,categorical,2,2015,2020
prri_1237728,prri,1237728,prri:1237728,"Q10a. Laws that would protect gay, lesbian, bisexual, and transgender people against discrimination in jobs, public accommodations, and housing?",Strongly favor|Favor|Oppose|Strongly oppose,Strongly favor,,,categorical,6,2015,2020
prri_1237751,prri,1237751,prri:1237751,Q14f. Immigrants are invading our country and replacing our cultural and ethnic background.,Once a week|Never|Seldom|A few times a year|More than once a week|Once or twice a month|Completely disagree|Mostly disagree|Mostly agree|Completely agree,Once a week,,,categorical,10,2011,2020
prri_1241376,prri,1241376,prri:1241376,Q23a. Things in this country,Wrong direction|Right direction|Mixed,Wrong direction,,,categorical,7,2011,2020
prri_1241382,prri,1241382,prri:1241382,Q24a. Jobs and unemployment,Critical issue|One among many important issues|Not that important an issue,Critical issue,,,categorical,5,2013,2020
prri_1241383,prri,1241383,prri:1241383,Q24b. Immigration,One among many important issues|Critical issue|Not that important an issue,One among many important issues,,,categorical,5,2013,2020
prri_1241384,prri,1241384,prri:1241384,Q24c. Health care,Critical issue|One among many important issues|Not that important an issue,Critical issue,,,categorical,5,2013,2020
prri_1241385,prri,1241385,prri:1241385,Q24d. Racial inequality,Critical issue|One among many important issues|Not that important an issue,One among many important issues,,,categorical,5,2015,2020
prri_1241387,prri,1241387,prri:1241387,Q24f. Abortion,One among many important issues|Critical issue|Not that important an issue,One among many important issues,,,categorical,4,2014,2020
prri_1241390,prri,1241390,prri:1241390,Q24i. Crime,Critical issue|One among many important issues|Not that important an issue,Critical issue,,,categorical,5,2015,2020
prri_1241394,prri,1241394,prri:1241394,Q25a. Abortion,Consider a candidate’s position on this issue as just one of many important factors|Not see this as a major issue|Only vote for a candidate who shares your views on this issue,Consider a candidate’s position on this issue as just one of many important factors,,,categorical,3,2018,2020
prri_1241400,prri,1241400,prri:1241400,Q12a. Joe Biden,Somewhat favorable|Very unfavorable|Somewhat unfavorable|Very favorable|Have not heard of,Somewhat favorable,,,categorical,4,2012,2020
prri_1241403,prri,1241403,prri:1241403,Q12g. Kamala Harris,Somewhat favorable|Very unfavorable|Have not heard of|Somewhat unfavorable|Very favorable,Somewhat favorable,,,categorical,2,2019,2020
prri_1241420,prri,1241420,prri:1241420,Q28a. Since the 1950s//American culture and way of life.,Mostly changed for the worse|Mostly changed for the better|Both/ Neither,Mostly changed for the worse,,,categorical,5,2013,2020
prri_1241432,prri,1241432,prri:1241432,Q30a. Allowing immigrants brought illegally to the U.S. as children to gain legal resident status.,Favor|Strongly favor|Oppose|Strongly oppose,Favor,,,categorical,3,2018,2020
prri_1241433,prri,1241433,prri:1241433,Q30b. Building a wall along the U.S. border with Mexico.,Strongly oppose|Oppose|Strongly favor|Favor,Strongly oppose,,,categorical,5,2016,2020
prri_1241444,prri,1241444,prri:1241444,"Q32. Thinking about U.S. elections in general, which do you think is a bigger problem today: [ROTATE]",Eligible voters being denied the right to vote|People casting votes who are not eligible to vote|Other (SPECIFY),Eligible voters being denied the right to vote,,,categorical,3,2014,2018
prri_1241453,prri,1241453,prri:1241453,Q33b. Generations of slavery and discrimination against Black people and Native Americans have given white people unfair economic advantages.,Mostly disagree|Mostly agree|Completely disagree|Completely agree,Mostly disagree,,,categorical,3,2015,2020
prri_1241454,prri,1241454,prri:1241454,Q33c. Society as a whole has become too soft and feminine.,Mostly disagree|Completely disagree|Mostly agree|Completely agree,Mostly disagree,,,categorical,4,2011,2020
prri_1241465,prri,1241465,prri:1241465,Q35a. Is a smart investment OR Is more of a gamble.,Is a smart investment|Is more of a gamble,Is a smart investment,,,binary,2,2016,2020
prri_1241476,prri,1241476,prri:1241476,Q14f. Immigrants are invading our country and replacing our cultural and ethnic background.,Completely disagree|Mostly disagree|Mostly agree|Completely agree,Completely disagree,,,categorical,2,2019,2020
prri_1241478,prri,1241478,prri:1241478,"Q10a. Laws that would protect gay, lesbian, bisexual, and transgender people against discrimination in jobs, public accommodations, and housing.",Strongly favor|Favor|Oppose|Strongly oppose,Strongly favor,,,categorical,6,2015,2020
prri_1241494,prri,1241494,prri:1241494,Q13e. God has called Christians to exercise dominion over all areas of American society.,"Once a week|Never|Seldom|A few times a year|More than once a week|Once or twice a month|Do not watch television news|Broadcast network news, such as NBC, ABC, or CBS|Fox News|Local television news|CNN|Public television|MSNBC|Other (please specify) [SPECIFY]",Once a week,,,categorical,10,2011,2020
prri_1257119,prri,1257119,prri:1257119,Q44. Which of the following best describes how you feel about the outcome of this election?,Satisfied|Worried|Disappointed|Excited|Angry|Other [OPEN END]|Don’t care/ Makes no difference,Satisfied,,,categorical,5,2010,2017
prri_1257121,prri,1257121,prri:1257121,Q45a. Society as a whole has become too soft and feminine.,Mostly disagree|Completely disagree|Mostly agree|Completely agree,Mostly disagree,,,categorical,4,2011,2020
prri_1257127,prri,1257127,prri:1257127,Q46a. The Democratic Party,Misguided but not dangerous|Right direction|Pose a serious threat,Misguided but not dangerous,,,categorical,2,2016,2017
prri_1257128,prri,1257128,prri:1257128,Q46b. The Republican Party,Misguided but not dangerous|Pose a serious threat|Right direction,Misguided but not dangerous,,,categorical,2,2016,2017
prri_1257136,prri,1257136,prri:1257136,"Q10a. Laws that would protect gay, lesbian, bisexual, and transgender people against discrimination in jobs, public accommodations, and housing.",Strongly favor|Favor|Oppose|Strongly oppose,Strongly favor,,,categorical,6,2015,2020
prri_1257158,prri,1257158,prri:1257158,"Q47e. Because things have gotten so far off track in this country, we need a leader who is willing to break some rules if that’s what it takes to set things right.","Once a week|Never|Seldom|A few times a year|More than once a week|Once or twice a month|Mostly disagree|Mostly agree|Completely disagree|Completely agree|Do not watch television news|Broadcast network news, such as NBC, ABC, or CBS|Fox News|Local television news|CNN|Public television|MSNBC|Other (please specify) [SPECIFY]",Once a week,,,categorical,10,2011,2020
prri_1288613,prri,1288613,prri:1288613,Q4a. the job Donald Trump is doing as president,Strongly disapprove|Strongly approve|Somewhat approve|Somewhat disapprove,Strongly disapprove,,,categorical,4,2017,2020
prri_1288619,prri,1288619,prri:1288619,Q5a. Generations of slavery and discrimination against Black people and Native Americans have given white people unfair economic advantages.,Mostly disagree|Mostly agree|Completely disagree|Completely agree,Mostly disagree,,,categorical,3,2015,2020
prri_1288620,prri,1288620,prri:1288620,Q5b. Today discrimination against white Americans has become as big a problem as discrimination against Black Americans and other minorities.,Mostly Disagree|Completely Disagree|Mostly Agree|Completely Agree,Mostly Disagree,,,categorical,9,2011,2020
prri_1288621,prri,1288621,prri:1288621,Q5c. Today discrimination against Christians has become as big a problem as discrimination against other groups.,Mostly Disagree|Mostly Agree|Completely Agree|Completely Disagree,Mostly Disagree,,,categorical,2,2015,2016
prri_1288656,prri,1288656,prri:1288656,Q11b. Immigrants are invading our country and replacing our cultural and ethnic background.,Completely disagree|Mostly disagree|Mostly agree|Completely agree,Completely disagree,,,categorical,2,2019,2020
prri_1288661,prri,1288661,prri:1288661,"Q12a. Laws that would protect gay, lesbian, bisexual, and transgender people against discrimination in jobs, public accommodations, and housing.",Strongly favor|Favor|Oppose|Strongly oppose,Strongly favor,,,categorical,6,2015,2020
prri_1288664,prri,1288664,prri:1288664,Q12d. Laws that require transgender individuals to use bathrooms that correspond to their sex at birth rather than their current gender identity,Strongly oppose|Somewhat oppose|Somewhat favor|Strongly favor,Strongly oppose,,,categorical,3,2016,2019
prri_1288671,prri,1288671,prri:1288671,Q13e. God has called Christians to exercise dominion over all areas of American society.,"Once a week|Never|Seldom|A few times a year|More than once a week|Once or twice a month|Do not watch television news|Broadcast network news, such as NBC, ABC, or CBS|Fox News|Local television news|CNN|Public television|MSNBC|Other (please specify) [SPECIFY]",Once a week,,,categorical,10,2011,2020
prri_1303793,prri,1303793,prri:1303793,Q1a. Things in this country,Wrong direction|Right direction|Mixed,Wrong direction,,,categorical,7,2011,2020
prri_1303799,prri,1303799,prri:1303799,Q2a. Jobs and unemployment,Critical issue|One among many important issues|Not that important an issue,Critical issue,,,categorical,5,2013,2020
prri_1303800,prri,1303800,prri:1303800,Q2b. Immigration,One among many important issues|Critical issue|Not that important an issue,One among many important issues,,,categorical,5,2013,2020
prri_1303801,prri,1303801,prri:1303801,Q2c. Health care,Critical issue|One among many important issues|Not that important an issue,Critical issue,,,categorical,5,2013,2020
prri_1303802,prri,1303802,prri:1303802,Q2d. Racial inequality,Critical issue|One among many important issues|Not that important an issue,One among many important issues,,,categorical,5,2015,2020
prri_1303804,prri,1303804,prri:1303804,Q2f. Abortion,One among many important issues|Critical issue|Not that important an issue,One among many important issues,,,categorical,4,2014,2020
prri_1303805,prri,1303805,prri:1303805,Q2g. Crime,Critical issue|One among many important issues|Not that important an issue,Critical issue,,,categorical,5,2015,2020
prri_1303824,prri,1303824,prri:1303824,Q7c. The Republican Party,Mostly favorable|Mostly unfavorable|Very unfavorable|Very favorable|Have not heard of,Mostly favorable,,,categorical,6,2012,2018
prri_1303825,prri,1303825,prri:1303825,Q7d. The Democratic Party,Mostly favorable|Mostly unfavorable|Very unfavorable|Very favorable|Have not heard of,Mostly favorable,,,categorical,6,2012,2018
prri_1303831,prri,1303831,prri:1303831,Q10a. As president,Strongly disapprove|Strongly approve|Somewhat approve|Somewhat disapprove,Strongly disapprove,,,categorical,4,2017,2020
prri_1303838,prri,1303838,prri:1303838,Q11a. Since the 1950s//American culture and way of life.,Mostly changed for the worse|Mostly changed for the better|Both/ Neither,Mostly changed for the worse,,,categorical,5,2013,2020
prri_1303850,prri,1303850,prri:1303850,Q13a. Being a Christian,Not at all important|Very important|Somewhat important|Not too important,Not at all important,,,categorical,2,2015,2018
prri_1303851,prri,1303851,prri:1303851,Q13b. Being born in America,Very important|Somewhat important|Not too important|Not at all important,Very important,,,categorical,2,2015,2018
prri_1303852,prri,1303852,prri:1303852,Q13c. Being able to speak English,Very important|Somewhat important|Not too important|Not at all important,Very important,,,categorical,2,2015,2018
prri_1303853,prri,1303853,prri:1303853,Q13d. Believing in God,Very important|Not at all important|Somewhat important|Not too important,Very important,,,categorical,2,2015,2018
prri_1303871,prri,1303871,prri:1303871,Q16d. Things have changed so much that I often feel like a stranger in my own country.,Mostly disagree|Mostly agree|Completely disagree|Completely agree,Mostly disagree,,,categorical,3,2016,2018
prri_1303872,prri,1303872,prri:1303872,"Q16e. Because things have gotten so far off track in this country, we need a leader who is willing to break some rules if that’s what it takes to set things right.",Mostly disagree|Mostly agree|Completely disagree|Completely agree,Mostly disagree,,,categorical,3,2016,2020
prri_1303879,prri,1303879,prri:1303879,Q18. Which statement comes closest to your view about how the immigration system should deal with immigrants who are currently living in the U.S. illegally?,"Allow them a way to become citizens provided they meet certain requirements|Identify and deport them|Allow them to become permanent legal residents, but not citizens",Allow them a way to become citizens provided they meet certain requirements,,,categorical,4,2016,2020
prri_1303881,prri,1303881,prri:1303881,Q19a. Immigrants are invading our country and replacing our cultural and ethnic background.,Completely disagree|Mostly disagree|Mostly agree|Completely agree,Completely disagree,,,categorical,2,2019,2020
prri_1303887,prri,1303887,prri:1303887,Q20a. Allowing immigrants brought illegally to the U.S. as children to gain legal resident status.,Favor|Strongly favor|Oppose|Strongly oppose,Favor,,,categorical,3,2018,2020
prri_1303903,prri,1303903,prri:1303903,Q22e. Today discrimination against white Americans has become as big a problem as discrimination against Black Americans and other minorities.,Mostly Disagree|Completely Disagree|Mostly Agree|Completely Agree,Mostly Disagree,,,categorical,9,2011,2020
prri_1303911,prri,1303911,prri:1303911,Q24a. Society as a whole has become too soft and feminine.,Mostly disagree|Completely disagree|Mostly agree|Completely agree,Mostly disagree,,,categorical,4,2011,2020
prri_1303915,prri,1303915,prri:1303915,Q24e. Today discrimination against Christians has become as big a problem as discrimination against other groups.,Mostly Disagree|Mostly Agree|Completely Agree|Completely Disagree,Mostly Disagree,,,categorical,2,2015,2016
prri_1303917,prri,1303917,prri:1303917,"Q25a. Laws that would protect gay, lesbian, bisexual, and transgender people against discrimination in jobs, public accommodations, and housing.",Strongly favor|Favor|Oppose|Strongly oppose,Strongly favor,,,categorical,6,2015,2020
prri_1303922,prri,1303922,prri:1303922,Q25f. Laws that require transgender individuals to use bathrooms that correspond to their sex at birth rather than their current gender identity,Strongly oppose|Somewhat oppose|Somewhat favor|Strongly favor,Strongly oppose,,,categorical,3,2016,2019
prri_1303940,prri,1303940,prri:1303940,"Q28e. Our country will be great if we honor the ways of our forefathers, do what the authorities tell us to do, and get rid of the “rotten apples” who are ruining everything.",Once a week|Never|Seldom|A few times a year|More than once a week|Once or twice a month,Once a week,,,categorical,10,2011,2020
prri_1312102,prri,1312102,prri:1312102,"Q12a. Laws that would protect gay, lesbian, bisexual, and transgender people against discrimination in jobs, public accommodations, and housing.",Strongly favor|Favor|Oppose|Strongly oppose,Strongly favor,,,categorical,6,2015,2020
prri_1312112,prri,1312112,prri:1312112,Q13e. God has called Christians to exercise dominion over all areas of American society.,Once a week|Never|Seldom|A few times a year|More than once a week|Once or twice a month,Once a week,,,categorical,10,2011,2020
prri_1323134,prri,1323134,prri:1323134,Q1a. Harsh and violent language in politics.,A lot|A little|Not at all,A lot,,,categorical,2,2019,2020
prri_1323154,prri,1323154,prri:1323154,"Q4e. When Americans speak up and protest unfair treatment by the government, it always makes our country better.",Mostly agree|Mostly disagree|Completely agree|Completely disagree,Mostly agree,,,categorical,2,2015,2020
prri_1327161,prri,1327161,prri:1327161,Q2a. Immigrants are invading our country and replacing our cultural and ethnic background.,Completely disagree|Mostly disagree|Mostly agree|Completely agree,Completely disagree,,,categorical,2,2019,2020
prri_1327166,prri,1327166,prri:1327166,Q2f. The best way to fix illegal immigration is to make life so hard for illegal immigrants that they decide to go back to their home country by themselves.,Completely disagree|Mostly disagree|Mostly agree|Completely agree,Completely disagree,,,categorical,2,2013,2018
prri_1327167,prri,1327167,prri:1327167,Q2g. We should provide refuge for people who come to the U.S. if they are in serious danger in their home country.,Mostly agree|Completely agree|Mostly disagree|Completely disagree,Mostly agree,,,categorical,2,2014,2018
prri_1330650,prri,1330650,prri:1330650,Q2a. God has granted America a special role in human history,Mostly agree|Completely agree|Completely disagree|Mostly disagree,Mostly agree,,,categorical,6,2011,2020
prri_1330652,prri,1330652,prri:1330652,"Q2c. The values of Islam, the Muslim religion, are at odds with American values and way of life.",Mostly disagree|Mostly agree|Completely agree|Completely disagree,Mostly disagree,,,categorical,4,2011,2020
prri_709820,prri,709820,prri:709820,"Q.3a How likely are you to watch any of the following sporting events? First… [INSERT; RANDOMIZE]. Are you very likely, somewhat likely, not too likely or not at all likely to watch [INSERT]? Next… The Super Bowl",Very likely|Somewhat likely|Not at all likely|Not too likely,Very likely,,,categorical,6,2013,2018
prri_709858,prri,709858,prri:709858,"Q.6a Now, we would like to get your views on some issues that are being discussed in the country today. Do you strongly favor, favor, oppose or strongly oppose the following… [RANDOMIZE LIST] Increasing the tax rate on Americans earning more than $250,000 a year",Strongly favor|Favor|Oppose|Strongly oppose,Strongly favor,,,categorical,5,2012,2017
prri_709878,prri,709878,prri:709878,Q.9 Please say whether the first statement or the second statement comes closer to your own views--even if neither is exactly right.... [ROTATE STATEMENTS],One of the big problems in this country is that we don’t give everyone an equal chance in life|It is not really that big a problem if some people have more of a chance in life than others|Please say whether the first statement or the second statement comes closer to your own views--even if neither is exactly right.... [ROTATE STATEMENTS]|Other [SPECIFY],One of the big problems in this country is that we don’t give everyone an equal chance in life,,,categorical,7,2010,2017
prri_709894,prri,709894,prri:709894,"Q.16a Now, please read the following statements on a few different topics and say if you agree or disagree with each one. [RANDOMIZE LIST]. It bothers me when I come in contact with immigrants who speak little or no English",Completely disagree|Mostly disagree|Mostly agree|Completely agree,Completely disagree,,,categorical,3,2015,2017
prri_709895,prri,709895,prri:709895,"Q.16b Now, please read the following statements on a few different topics and say if you agree or disagree with each one. [RANDOMIZE LIST]. Today discrimination against whites has become as big a problem as discrimination against blacks and other minorities",Mostly disagree|Mostly agree|Completely disagree|Completely agree,Mostly disagree,,,categorical,6,2011,2017
prri_709900,prri,709900,prri:709900,"Q.16g Now, please read the following statements on a few different topics and say if you agree or disagree with each one. [RANDOMIZE LIST]. Over the past couple of decades, the government has paid too much attention to the problems of blacks and other minorities",Mostly disagree|Mostly agree|Completely disagree|Completely agree,Mostly disagree,,,categorical,5,2010,2017
prri_709901,prri,709901,prri:709901,"Q.16h Now, please read the following statements on a few different topics and say if you agree or disagree with each one. [RANDOMIZE LIST]. Police officers generally treat blacks and other minorities the same as whites",Mostly agree|Mostly disagree|Completely disagree|Completely agree,Mostly agree,,,categorical,4,2014,2017
prri_710071,prri,710071,prri:710071,"Q.9 Thinking about how the abortion issue might affect your vote for major offices, would you – only vote for a candidate who shares your views on abortion (or) consider a candidate’s position on abortion as just one of many important factors (or) not see abortion as a major issue?","Abortion is one of many important factors|Abortion is not a major issue|Candidate must share views on abortion|Thinking about how the abortion issue might affect your vote for major offices, would you – only vote for a candidate who shares your views on abortion (or) consider a candidate’s position on abortion as just one of many important factors (or) not see abortion as a major issue?",Abortion is one of many important factors,,,categorical,12,1996,2018
prri_710103,prri,710103,prri:710103,"Q.5b Just your impression, in the United States today, is there a lot of discrimination against [INSERT ITEMS; RANDOMIZE], or not? And is there a lot of discrimination against [INSERT NEXT ITEM], or not? Transgender people","Yes, there is a lot of discrimination|No, not a lot of discrimination","Yes, there is a lot of discrimination",,,binary,5,2013,2018
prri_710106,prri,710106,prri:710106,"Q.5e Just your impression, in the United States today, is there a lot of discrimination against [INSERT ITEMS; RANDOMIZE], or not? And is there a lot of discrimination against [INSERT NEXT ITEM], or not? Muslims","Yes, there is a lot of discrimination|No, not a lot of discrimination","Yes, there is a lot of discrimination",,,binary,5,2013,2018
prri_710219,prri,710219,prri:710219,Q.1 Do you think things in this country are generally going in the right direction or do you feel things have gotten pretty seriously off on the wrong track?,Wrong track|Right direction|Do you think things in this country are generally going in the right direction or do,Wrong track,,,categorical,5,2011,2018
prri_710265,prri,710265,prri:710265,"Q.1c Now we’d like your views on a few things. Please say whether your overall opinion of each of the following is very favorable, mostly favorable, mostly unfavorable, or very unfavorable. First… [RANDOMIZE LIST] George W. Bush","Mostly favorable|Mostly unfavorable|Very unfavorable|Very favorable|Have not heard of|Now we’d like your views on a few things. Please say whether your overall opinion of each of the following is very favorable, mostly favorable, mostly unfavorable, or very unfavorable. First… [RANDOMIZE LIST] George W. Bush",Mostly favorable,,,categorical,4,2010,2017
prri_710286,prri,710286,prri:710286,"Q.11g Now, we would like to get your views on some issues that are being discussed in the country today. Do you strongly favor, favor, oppose or strongly oppose [INSERT RANDOMIZE]? What about [INSERT NEXT; RANDOMIZE]? [READ AS NECESSARY: Do you strongly favor, favor, oppose or strongly oppose this?] Allowing illegal immigrants brought to the U.S. as children to gain legal resident status if they join the military or go to college",Favor|Strongly favor|Oppose|Strongly oppose,Favor,,,categorical,6,2011,2017
prri_710306,prri,710306,prri:710306,"Q.8f Now, we would like to get your views on some issues that are being discussed in the country today. Do you strongly favor, favor, oppose or strongly oppose [INSERT RANDOMIZE]? What about [INSERT NEXT; RANDOMIZE]? [READ AS NECESSARY: Do you strongly favor, favor, oppose or strongly oppose this?] Laws that would protect gay, lesbian, bisexual, and transgender people against discrimination in jobs, public accommodations, and housing",Strongly favor|Favor|Oppose|Strongly oppose,Strongly favor,,,categorical,3,2015,2017
prri_710309,prri,710309,prri:710309,"Q.9b Just your impression, in the United States today, is there a lot of discrimination against [INSERT ITEMS; RANDOMIZE], or not? And is there a lot of discrimination against [INSERT NEXT ITEM], or not? Transgender people","Yes, there is a lot of discrimination|No, not a lot of discrimination","Yes, there is a lot of discrimination",,,binary,4,2013,2017
prri_710311,prri,710311,prri:710311,"Q.9d Just your impression, in the United States today, is there a lot of discrimination against [INSERT ITEMS; RANDOMIZE], or not? And is there a lot of discrimination against [INSERT NEXT ITEM], or not? Blacks","Yes, there is a lot of discrimination|No, not a lot of discrimination","Yes, there is a lot of discrimination",,,binary,4,2013,2017
prri_710312,prri,710312,prri:710312,"Q.9e Just your impression, in the United States today, is there a lot of discrimination against [INSERT ITEMS; RANDOMIZE], or not? And is there a lot of discrimination against [INSERT NEXT ITEM], or not? Muslims","Yes, there is a lot of discrimination|No, not a lot of discrimination","Yes, there is a lot of discrimination",,,binary,4,2013,2017
prri_710315,prri,710315,prri:710315,Q.10a Now thinking about the people that you know…Please tell me whether you have a close friend or family member who is [INSERT; RANDOMIZE]? And do you have a close friend or family member who is [INSERT]? [RANDOMIZE ITEMS] Gay or lesbian,Yes|No,Yes,,,binary,4,2011,2017
prri_710316,prri,710316,prri:710316,Q.10b Now thinking about the people that you know…Please tell me whether you have a close friend or family member who is [INSERT; RANDOMIZE]? And do you have a close friend or family member who is [INSERT]? [RANDOMIZE ITEMS] Transgender,No|Yes,No,,,binary,4,2011,2017
prri_710319,prri,710319,prri:710319,Q.3 How likely are you to watch the Super Bowl this year? Are you…? [READ IN ORDER],Very likely|Somewhat likely|Not at all likely|Not too likely|How likely are you to watch the Super Bowl this year? Are you…? [READ IN ORDER],Very likely,,,categorical,5,2013,2017
prri_710335,prri,710335,prri:710335,"Q.14a Now we would like your views on some political leaders. Please say whether your overall opinion of [INSERT; RANDOMIZE] is very favorable, mostly favorable, mostly UNfavorable, or very unfavorable. What about…? Barack Obama",Mostly favorable|Very unfavorable|Very favorable|Mostly unfavorable,Mostly favorable,,,categorical,7,2010,2017
prri_710366,prri,710366,prri:710366,"Q.17f We would like to get your views on some issues that are being discussed in the country today. Do you strongly favor, favor, oppose or strongly oppose the following? First… [RANDOMIZE LIST] Allowing illegal immigrants brought to the U.S. as children to gain legal resident status if they join the military or go to college",Favor|Strongly favor|Oppose|Strongly oppose,Favor,,,categorical,6,2011,2017
prri_710481,prri,710481,prri:710481,"Q.15c Just your impression, in the United States today, is there a lot of discrimination against [INSERT ITEMS; RANDOMIZE], or not? And is there a lot of discrimination against [INSERT NEXT ITEM], or not? Blacks","Yes, there is a lot of discrimination|No, not a lot of discrimination","Yes, there is a lot of discrimination",,,binary,3,2013,2016
prri_710482,prri,710482,prri:710482,"Q.15d Just your impression, in the United States today, is there a lot of discrimination against [INSERT ITEMS; RANDOMIZE], or not? And is there a lot of discrimination against [INSERT NEXT ITEM], or not? Transgender people","Yes, there is a lot of discrimination|No, not a lot of discrimination","Yes, there is a lot of discrimination",,,binary,3,2013,2016
prri_710500,prri,710500,prri:710500,Q.5 To what extent do you consider yourself a spiritual person? Are you… [READ IN ORDER],Moderately spiritual|Very spiritual|Slightly spiritual|Not spiritual at all|To what extent do you consider yourself a spiritual person? Are you… [READ IN ORDER],Moderately spiritual,,,categorical,7,1998,2016
prri_710532,prri,710532,prri:710532,"Q.1b Now we’d like your views on some political leaders. Would you say your overall opinion of [INSERT; RANDOMIZE LIST] is very favorable, mostly favorable, mostly unfavorable, or very unfavorable? And what about… [INSERT NEXT]? Bernie Sanders",Mostly favorable|Mostly unfavorable|Very unfavorable|Very favorable,Mostly favorable,,,categorical,2,2015,2016
prri_710534,prri,710534,prri:710534,"Q.1d Now we’d like your views on some political leaders. Would you say your overall opinion of [INSERT; RANDOMIZE LIST] is very favorable, mostly favorable, mostly unfavorable, or very unfavorable? And what about… [INSERT NEXT]? Ted Cruz",Very unfavorable|Mostly unfavorable|Mostly favorable|Very favorable,Very unfavorable,,,categorical,3,2013,2016
prri_710555,prri,710555,prri:710555,"Q.5 A lot of people have been telling us they didn’t get a chance to vote in the 2012 presidential election. How about you… did things come up that kept you from voting, or did you happen to vote?","answer_1|Yes, voted|No, did not vote","Yes, voted",,,categorical,3,2013,2016
prri_710566,prri,710566,prri:710566,"Q.15b Now, I’d like to get your views on some issues that are being discussed in the country today. All in all, do you strongly favor, favor, oppose, or strongly oppose [INSERT FIRST ITEM; RANDOMIZE]? What about [NEXT ITEM]? Increasing the minimum wage from $7.25 an hour to $15 an hour",Strongly favor|Favor|Oppose|Strongly oppose,Strongly favor,,,categorical,2,2015,2016
prri_710567,prri,710567,prri:710567,"Q.15c Now, I’d like to get your views on some issues that are being discussed in the country today. All in all, do you strongly favor, favor, oppose, or strongly oppose [INSERT FIRST ITEM; RANDOMIZE]? What about [NEXT ITEM]? Increasing the tax rate on Americans earning more than $250,000 a year",Favor|Strongly favor|Oppose|Strongly oppose,Favor,,,categorical,4,2012,2016
prri_710571,prri,710571,prri:710571,"Q.17 Do you think the American Dream—that if you work hard you'll get ahead—still holds true, never held true, or once held true but does not anymore?","Still holds true|Once held true, but not anymore|Never held true|Do you think the American Dream—that if you work hard you'll get ahead—still holds true, never held true, or once held true but does not anymore?",Still holds true,,,categorical,4,2011,2016
prri_710575,prri,710575,prri:710575,"Q.20b Now, as I read some statements on a few different topics, please tell me if you completely agree, mostly agree, mostly DISagree or completely disagree with each one. (First/Next) [INSERT; RANDOMIZE]. Today discrimination against whites has become as big a problem as discrimination against blacks and other minorities",Mostly disagree|Mostly agree|Completely disagree|Completely agree,Mostly disagree,,,categorical,5,2011,2016
prri_710579,prri,710579,prri:710579,"Q.20f Now, as I read some statements on a few different topics, please tell me if you completely agree, mostly agree, mostly DISagree or completely disagree with each one. (First/Next) [INSERT; RANDOMIZE]. God has granted America a special role in human history",Completely agree|Mostly agree|Completely disagree|Mostly disagree,Completely agree,,,categorical,5,2011,2016
prri_710580,prri,710580,prri:710580,"Q.20g Now, as I read some statements on a few different topics, please tell me if you completely agree, mostly agree, mostly DISagree or completely disagree with each one. (First/Next) [INSERT; RANDOMIZE]. The economic system in this country unfairly favors the wealthy",Completely agree|Mostly agree|Mostly disagree|Completely disagree,Completely agree,,,categorical,4,2012,2016
prri_710588,prri,710588,prri:710588,"Q.24c Just your impression, in the United States today, is there a lot of discrimination against [INSERT ITEM; RANDOMIZE], or not? And is there a lot of discrimination against [INSERT NEXT ITEM], or not? Blacks","Yes, there is a lot of discrimination|No, not a lot of discrimination","Yes, there is a lot of discrimination",,,binary,3,2013,2016
prri_710589,prri,710589,prri:710589,"Q.24d Just your impression, in the United States today, is there a lot of discrimination against [INSERT ITEM; RANDOMIZE], or not? And is there a lot of discrimination against [INSERT NEXT ITEM], or not? Transgender people","Yes, there is a lot of discrimination|No, not a lot of discrimination","Yes, there is a lot of discrimination",,,binary,3,2013,2016
prri_710599,prri,710599,prri:710599,"Q.27 Thinking about your current financial situation. Would you say you are currently in excellent financial shape, good shape, only fair shape, or in poor shape financially?","Good shape|Only fair shape|Poor shape|Excellent shape|Thinking about your current financial situation. Would you say you are currently in excellent financial shape, good shape, only fair shape, or in poor shape financially?",Good shape,,,categorical,4,2010,2016
prri_710601,prri,710601,prri:710601,"Q.29 CLASS If you were asked to use one of these five names for your social class, which would you say you belong in? [READ IN ORDER]","Middle class|Working class|Upper-middle class|Lower class|If you were asked to use one of these five names for your social class, which would you say you belong in? [READ IN ORDER]|Upper class",Middle class,,,categorical,4,2012,2016
prri_710610,prri,710610,prri:710610,Q.1 Do you think things in this country are generally going in the right direction or do you feel things have gotten pretty seriously off on the wrong track?,Wrong track|Right direction|Do you think things in this country are generally going in the right direction or do,Wrong track,,,categorical,4,2011,2016
prri_710643,prri,710643,prri:710643,"Q.22d Now, we would like to get your views on some issues that are being discussed in the country today. Do you strongly favor, favor, oppose or strongly oppose the following… [RANDOMIZE LIST] Increasing the tax rate on Americans earning more than $250,000 a year",Favor|Strongly favor|Oppose|Strongly oppose,Favor,,,categorical,4,2012,2016
prri_710645,prri,710645,prri:710645,"Q.22f Now, we would like to get your views on some issues that are being discussed in the country today. Do you strongly favor, favor, oppose or strongly oppose the following… [RANDOMIZE LIST] Making the use of marijuana legal",Favor|Oppose|Strongly oppose|Strongly favor,Favor,,,categorical,4,2012,2016
prri_710648,prri,710648,prri:710648,Q.23c Which of the following statements comes closest to your own view – even if neither is exactly right? [ROTATE OPTIONS],The growing number of newcomers from other countries strengthens American society|The growing number of newcomers from other countries threatens traditional American customs and values|Other (SPECIFY),The growing number of newcomers from other countries strengthens American society,,,categorical,5,2011,2016
prri_710651,prri,710651,prri:710651,"Q.26a Now we’d like your views on some political leaders or groups. Please say whether your overall opinion of each of the following is very favorable, mostly favorable, mostly unfavorable, or very unfavorable. [RANDOMIZE LIST] Barack Obama","Mostly favorable|Very unfavorable|Very favorable|Mostly unfavorable|your overall opinion of each of the following is very favorable, mostly favorable,|Have not heard of",Mostly favorable,,,categorical,6,2010,2016
prri_710654,prri,710654,prri:710654,"Q.26d Now we’d like your views on some political leaders or groups. Please say whether your overall opinion of each of the following is very favorable, mostly favorable, mostly unfavorable, or very unfavorable. [RANDOMIZE LIST] Bill Clinton","Mostly favorable|Very favorable|Mostly unfavorable|Very unfavorable|your overall opinion of each of the following is very favorable, mostly favorable,|Have not heard of",Mostly favorable,,,categorical,3,2010,2016
prri_710655,prri,710655,prri:710655,"Q.26e Now we’d like your views on some political leaders or groups. Please say whether your overall opinion of each of the following is very favorable, mostly favorable, mostly unfavorable, or very unfavorable. [RANDOMIZE LIST] George W. Bush","Mostly favorable|Very unfavorable|Mostly unfavorable|Very favorable|your overall opinion of each of the following is very favorable, mostly favorable,|Have not heard of",Mostly favorable,,,categorical,3,2010,2016
prri_710656,prri,710656,prri:710656,"Q.26f Now we’d like your views on some political leaders or groups. Please say whether your overall opinion of each of the following is very favorable, mostly favorable, mostly unfavorable, or very unfavorable. [RANDOMIZE LIST] The Republican Party","Mostly favorable|Mostly unfavorable|Very unfavorable|Very favorable|your overall opinion of each of the following is very favorable, mostly favorable,|Have not heard of",Mostly favorable,,,categorical,5,2012,2016
prri_710657,prri,710657,prri:710657,"Q.26g Now we’d like your views on some political leaders or groups. Please say whether your overall opinion of each of the following is very favorable, mostly favorable, mostly unfavorable, or very unfavorable. [RANDOMIZE LIST] The Democratic Party","Mostly favorable|Mostly unfavorable|Very unfavorable|Very favorable|your overall opinion of each of the following is very favorable, mostly favorable,|Have not heard of",Mostly favorable,,,categorical,5,2012,2016
prri_710681,prri,710681,prri:710681,"Q.33e Now, as you read some statements on a few different topics, please say if you agree or disagree with each one. [RANDOMIZE]. Today discrimination against whites has become as big a problem as discrimination against blacks and other minorities",Mostly disagree|Mostly agree|Completely disagree|Completely agree,Mostly disagree,,,categorical,5,2011,2016
prri_710686,prri,710686,prri:710686,"Q.37a And thinking about concerns that people may have, how worried are you that you or someone in your family will… [RANDOMIZE LIST] Be a victim of terrorism",Not too worried|Somewhat worried|Not at all worried|Very worried,Not too worried,,,categorical,3,2014,2016
prri_710696,prri,710696,prri:710696,"Q.44 CLASS If you were asked to use one of these five names for your social class, which would you say you belong in? [ROTATE LIST ORDER 1-5; 5-1]",Middle class|Working class|Upper-middle class|Lower class|Upper class|answer_2,Middle class,,,categorical,4,2012,2016
prri_710706,prri,710706,prri:710706,"Q.1 Do you think things in this country are generally going in the right direction, or do you feel things have gotten pretty seriously off on the wrong track?","Wrong track|Right direction|Do you think things in this country are generally going in the right direction, or do you feel things have gotten pretty seriously off on the wrong track?",Wrong track,,,categorical,4,2011,2016
prri_710728,prri,710728,prri:710728,"Q.10g Now we’d like your views on some political leaders and groups. Please say whether your overall opinion of each of the following is very favorable, mostly favorable, mostly unfavorable, or very unfavorable. [RANDOMIZE LIST] The Republican Party",Mostly favorable|Mostly unfavorable|Very unfavorable|Very favorable|Have not heard of,Mostly favorable,,,categorical,5,2012,2016
prri_710729,prri,710729,prri:710729,"Q.10h Now we’d like your views on some political leaders and groups. Please say whether your overall opinion of each of the following is very favorable, mostly favorable, mostly unfavorable, or very unfavorable. [RANDOMIZE LIST] The Democratic Party",Mostly favorable|Mostly unfavorable|Very unfavorable|Very favorable|Have not heard of,Mostly favorable,,,categorical,5,2012,2016
prri_710730,prri,710730,prri:710730,"Q.10i Now we’d like your views on some political leaders and groups. Please say whether your overall opinion of each of the following is very favorable, mostly favorable, mostly unfavorable, or very unfavorable. [RANDOMIZE LIST] Bill Clinton",Mostly favorable|Very favorable|Mostly unfavorable|Very unfavorable|Have not heard of,Mostly favorable,,,categorical,3,2010,2016
prri_710731,prri,710731,prri:710731,Q.11 Do you think the current immigration system in the United States is… [LIST IN ORDER],Broken but working in some areas|Working but with some major problems|Completely broken|Generally working|Do you think the current immigration system in the United States is… [LIST IN ORDER],Broken but working in some areas,,,categorical,5,2010,2016
prri_710733,prri,710733,prri:710733,"Q.13a Now, we would like to get your views on some issues that are being discussed in the country today. Do you favor or oppose the following… [RANDOMIZE LIST] Increasing the tax rate on Americans earning more than $250,000 a year",Favor|Strongly favor|Oppose|Strongly oppose,Favor,,,categorical,4,2012,2016
prri_710767,prri,710767,prri:710767,"Q.30b Now, read each statement and please say if you completely agree, mostly agree, mostly disagree or completely disagree with each one. [ROTATE BLOCK A – F; G – J; RANDOMIZE LIST] The idea of America where most people are not white bothers me",answer_1|Mostly agree|Mostly disagree|Completely agree|Completely disagree,answer_1,,,categorical,4,2011,2016
prri_710768,prri,710768,prri:710768,"Q.30d Now, read each statement and please say if you completely agree, mostly agree, mostly disagree or completely disagree with each one. [ROTATE BLOCK A – F; G – J; RANDOMIZE LIST] We should make a serious effort to deport all illegal immigrants back to their home countries",Mostly disagree|Mostly agree|Completely disagree|Completely agree,Mostly disagree,,,categorical,4,2010,2016
prri_710769,prri,710769,prri:710769,"Q.30e Now, read each statement and please say if you completely agree, mostly agree, mostly disagree or completely disagree with each one. [ROTATE BLOCK A – F; G – J; RANDOMIZE LIST] It bothers me when I come in contact with immigrants who speak little or no English",Mostly disagree|Completely disagree|Mostly agree|Completely agree,Mostly disagree,,,categorical,2,2015,2016
prri_710770,prri,710770,prri:710770,"Q.30f Now, read each statement and please say if you completely agree, mostly agree, mostly disagree or completely disagree with each one. [ROTATE BLOCK A – F; G – J; RANDOMIZE LIST] Today discrimination against whites has become as big a problem as discrimination against blacks and other minorities",Mostly disagree|Mostly agree|Completely disagree|Completely agree,Mostly disagree,,,categorical,5,2011,2016
prri_710783,prri,710783,prri:710783,"Q.35 Thinking about your current financial situation. Would you say you are currently in excellent financial shape, good shape, only fair shape, or in poor shape financially?","Good shape|Only fair shape|Poor shape|Excellent shape|Thinking about your current financial situation. Would you say you are currently in excellent financial shape, good shape, only fair shape, or in poor shape financially?",Good shape,,,categorical,4,2010,2016
prri_710797,prri,710797,prri:710797,"Q.49 CLASS If you were asked to use one of these five names for your social class, which would you say you belong in? [ROTATE LIST ORDER 1-5; 5-1]",Middle class|Working class|Upper-middle class|Lower class|Upper class|answer_1,Middle class,,,categorical,4,2012,2016
prri_710883,prri,710883,prri:710883,"Q.2c We would like your views on some leaders and groups. Please say whether your overall opinion of each of the following is very favorable, mostly favorable, mostly UNfavorable, or very unfavorable. First… [RANDOMIZE LIST] Barack Obama","Mostly favorable|Very unfavorable|Very favorable|Mostly unfavorable|We would like your views on some leaders and groups. Please say whether your overall opinion of each of the following is very favorable, mostly favorable, mostly UNfavorable, or very unfavorable. First… [RANDOMIZE LIST] Barack Obama",Mostly favorable,,,categorical,5,2010,2015
prri_710884,prri,710884,prri:710884,"Q.2d We would like your views on some leaders and groups. Please say whether your overall opinion of each of the following is very favorable, mostly favorable, mostly UNfavorable, or very unfavorable. First… [RANDOMIZE LIST] The Republican Party",Mostly favorable|Mostly unfavorable|Very unfavorable|Very favorable,Mostly favorable,,,categorical,4,2012,2015
prri_710885,prri,710885,prri:710885,"Q.2e We would like your views on some leaders and groups. Please say whether your overall opinion of each of the following is very favorable, mostly favorable, mostly UNfavorable, or very unfavorable. First… [RANDOMIZE LIST] The Democratic Party",Mostly favorable|Mostly unfavorable|Very unfavorable|Very favorable,Mostly favorable,,,categorical,4,2012,2015
prri_710908,prri,710908,prri:710908,"Q.17 Would you say that, in general, the growing number of newcomers from other countries… [INSERT; RANDOMIZE]?","Strengthens American society|Threatens traditional American customs and values|Would you say that, in general, the growing number of newcomers from other countries… [INSERT; RANDOMIZE]?",Strengthens American society,,,categorical,4,2011,2015
prri_710924,prri,710924,prri:710924,"Q.3 Would you say that, in general, the growing number of newcomers from other countries…?","Strengthens American society|Threatens traditional American customs and values|Would you say that, in general, the growing number of newcomers from other countries…?",Strengthens American society,,,categorical,4,2011,2015
prri_710945,prri,710945,prri:710945,"Q.3a All in all, do you strongly favor, favor, oppose or strongly oppose [INSERT; RANDOMIZE]? And do you strongly favor, favor, oppose or strongly oppose [INSERT NEXT]? Allowing illegal immigrants brought to the U.S. as children to gain legal resident status if they join the military or go to college.",Favor|Strongly favor|Oppose|Strongly oppose,Favor,,,categorical,5,2011,2015
prri_710967,prri,710967,prri:710967,"Q.7a All in all, do you strongly favor, favor, oppose or strongly oppose [INSERT; RANDOMIZE]? And do you strongly favor, favor, oppose or strongly oppose [INSERT NEXT]? Allowing illegal immigrants brought to the U.S. as children to gain legal resident status if they join the military or go to college.",Favor|Strongly favor|Oppose|Strongly oppose,Favor,,,categorical,5,2011,2015
prri_710972,prri,710972,prri:710972,"Q.11 Would you say that, in general, the growing number of newcomers from other countries… [INSERT; RANDOMIZE]?","Strengthens American society|Threatens traditional American customs and values|Would you say that, in general, the growing number of newcomers from other countries… [INSERT; RANDOMIZE]?",Strengthens American society,,,categorical,4,2011,2015
prri_711028,prri,711028,prri:711028,"Q.9e Now, we would like to get your views on some issues that are being discussed in the country today. Do you favor or oppose the following… [RANDOMIZE LIST] Increasing the minimum wage from $7.25 an hour to $10.10 an hour",Strongly favor|Favor|Oppose|Strongly oppose,Strongly favor,,,categorical,5,2010,2015
prri_711032,prri,711032,prri:711032,"Q.12a Now we’d like your views on some political leaders or groups. Please say whether your overall opinion of each of the following is very favorable, mostly favorable, mostly unfavorable, or very unfavorable. [RANDOMIZE LIST] Barack Obama",Mostly favorable|Very unfavorable|Very favorable|Mostly unfavorable|Have not heard of,Mostly favorable,,,categorical,5,2010,2015
prri_711044,prri,711044,prri:711044,Q.16a Which of the following statements comes closest to your own view — even if neither is exactly right? [ROTATE OPTIONS],One of the big problems in this country is that we don’t give everyone an equal chance in life|It is not really that big a problem if some people have more of a chance in life than others|Other [SPECIFY],One of the big problems in this country is that we don’t give everyone an equal chance in life,,,categorical,6,2010,2015
prri_711107,prri,711107,prri:711107,"Q.37 TPARTY Do you consider yourself a part of the Tea Party movement, or not?",No|Yes,No,,,binary,6,2010,2015
prri_711124,prri,711124,prri:711124,"Q.5 Would you say that, in general, the growing number of newcomers from other countries… [INSERT; RANDOMIZE]?","Strengthens American society|Threatens traditional American customs and values|Would you say that, in general, the growing number of newcomers from other countries… [INSERT; RANDOMIZE]?",Strengthens American society,,,categorical,4,2011,2015
prri_711435,prri,711435,prri:711435,Q.1 Do you approve or disapprove of the way Barack Obama is handling his job as President?,Approve|Disapprove|Do you approve or disapprove of the way Barack Obama is handling his job,Approve,,,categorical,5,2010,2014
prri_711436,prri,711436,prri:711436,"Q.2 Over the last two years do you think the economy has gotten better, gotten worse or stayed about the same? [READ IN ORDER]","Worse|About the same|Better|Over the last two years do you think the economy has gotten better, gotten worse or stayed about the same? [READ IN ORDER]",Worse,,,categorical,4,2010,2014
prri_711445,prri,711445,prri:711445,"Q.12a Now, we would like to get your views on some issues that are being discussed in the country today. Do you strongly favor, favor, oppose or strongly oppose [INSERT; RANDOMIZE]? What about [INSERT NEXT]? [READ AS NECESSARY: Do you strongly favor, favor, oppose or strongly oppose this?] Making the use of marijuana legal",Favor|Oppose|Strongly oppose|Strongly favor,Favor,,,categorical,3,2012,2014
prri_711446,prri,711446,prri:711446,"Q.12b Now, we would like to get your views on some issues that are being discussed in the country today. Do you strongly favor, favor, oppose or strongly oppose [INSERT; RANDOMIZE]? What about [INSERT NEXT]? [READ AS NECESSARY: Do you strongly favor, favor, oppose or strongly oppose this?] Allowing gay and lesbian couples to marry legally",Favor|Strongly oppose|Strongly favor|Oppose,Favor,,,categorical,4,2011,2014
prri_711447,prri,711447,prri:711447,"Q.12c Now, we would like to get your views on some issues that are being discussed in the country today. Do you strongly favor, favor, oppose or strongly oppose [INSERT; RANDOMIZE]? What about [INSERT NEXT]? [READ AS NECESSARY: Do you strongly favor, favor, oppose or strongly oppose this?] Increasing the tax rate on Americans earning more than $250,000 a year",Favor|Strongly favor|Oppose|Strongly oppose,Favor,,,categorical,3,2012,2014
prri_711449,prri,711449,prri:711449,"Q.12e Now, we would like to get your views on some issues that are being discussed in the country today. Do you strongly favor, favor, oppose or strongly oppose [INSERT; RANDOMIZE]? What about [INSERT NEXT]? [READ AS NECESSARY: Do you strongly favor, favor, oppose or strongly oppose this?] Increasing the minimum wage from $7.25 an hour to $10.10 an hour",Strongly favor|Favor|Oppose|Strongly oppose,Strongly favor,,,categorical,4,2010,2014
prri_711452,prri,711452,prri:711452,Q.14 Do you think abortion should be... [RANDOMIZE LIST ORDER 1-4; 4-1],Legal in most cases|Illegal in most cases|Legal in all cases|Illegal in all cases|answer_1,Legal in most cases,,,categorical,5,2010,2014
prri_711454,prri,711454,prri:711454,"Q.18a Now we would like your views on some political leaders and groups. Please say whether your overall opinion of each of the following is very favorable, mostly favorable, mostly UNfavorable, or very unfavorable. First [RANDOMIZE LIST] Barack Obama",Mostly Favor-able|Very Unfavor-able|Very Favor-able|Mostly Unfavor-able,Mostly Favor-able,,,categorical,4,2010,2014
prri_711455,prri,711455,prri:711455,"Q.18b Now we would like your views on some political leaders and groups. Please say whether your overall opinion of each of the following is very favorable, mostly favorable, mostly UNfavorable, or very unfavorable. First [RANDOMIZE LIST] The Democratic Party",Mostly Favor-able|Mostly Unfavor-able|Very Unfavor-able|Very Favor-able,Mostly Favor-able,,,categorical,3,2012,2014
prri_711456,prri,711456,prri:711456,"Q.18c Now we would like your views on some political leaders and groups. Please say whether your overall opinion of each of the following is very favorable, mostly favorable, mostly UNfavorable, or very unfavorable. First [RANDOMIZE LIST] The Republican Party",Mostly Favor-able|Mostly Unfavor-able|Very Unfavor-able|Very Favor-able,Mostly Favor-able,,,categorical,3,2012,2014
prri_711458,prri,711458,prri:711458,Q.19 Now as I read the following statements please tell me which statement comes closest to your own view — even if neither is exactly right. [ROTATE OPTIONS],One of the big problems in this country is that we don’t give everyone an equal chance in life|It is not really that big a problem if some people have more of a chance in life than others|Now as I read the following statements please tell me which statement comes closest to your own view — even if neither is exactly right. [ROTATE OPTIONS],One of the big problems in this country is that we don’t give everyone an equal chance in life,,,categorical,5,2010,2014
prri_711459,prri,711459,prri:711459,Q.20 Which do you think is the best way to promote economic growth in the U.S.? [READ; ROTATE STATEMENTS],"Spend more on education and the nation’s infrastructure, and raise taxes on wealthy individuals and businesses to pay for that spending|Lower taxes on individuals and businesses and pay for those tax cuts by cutting spending on some government services and programs|Which do you think is the best way to promote economic growth in the U.S.? [READ; ROTATE STATEMENTS]","Spend more on education and the nation’s infrastructure, and raise taxes on wealthy individuals and businesses to pay for that spending",,,categorical,3,2012,2014
prri_711464,prri,711464,prri:711464,"Q.21f Now, as I read some statements on a few different topics, please tell me if you completely agree, mostly agree, mostly DISagree or completely disagree with each one. (First/Next) [INSERT; RANDOMIZE]. The government should do more to reduce the gap between the rich and poor.",Mostly agree|Completely agree|Mostly disagree|Completely disagree,Mostly agree,,,categorical,3,2012,2014
prri_711472,prri,711472,prri:711472,"Q.29a Now, as I read some statements on a few different topics, please tell me if you completely agree, mostly agree, mostly DISagree or completely disagree with each one. (First/Next) [INSERT; RANDOMIZE]. We must maintain a strict separation of church and state",Completely agree|Mostly agree|Mostly disagree|Completely disagree,Completely agree,,,categorical,3,2010,2014
prri_711475,prri,711475,prri:711475,"Q.29d Now, as I read some statements on a few different topics, please tell me if you completely agree, mostly agree, mostly DISagree or completely disagree with each one. (First/Next) [INSERT; RANDOMIZE]. Over the past couple of decades, the government has paid too much attention to the problems of blacks and other minorities",Mostly disagree|Mostly agree|Completely disagree|Completely agree,Mostly disagree,,,categorical,3,2010,2014
prri_711477,prri,711477,prri:711477,"Q.29f Now, as I read some statements on a few different topics, please tell me if you completely agree, mostly agree, mostly DISagree or completely disagree with each one. (First/Next) [INSERT; RANDOMIZE]. Today discrimination against whites has become as big a problem as discrimination against blacks and other minorities",Mostly disagree|Mostly agree|Completely disagree|Completely agree,Mostly disagree,,,categorical,4,2010,2014
prri_711478,prri,711478,prri:711478,"Q.30 Thinking about your current financial situation. Would you say you are currently in excellent financial shape, good shape, only fair shape, or in poor shape financially?","Good shape|Only fair shape|Poor shape|Thinking about your current financial situation. Would you say you are currently in excellent financial shape, good shape, only fair shape, or in poor shape financially?|Excellent shape",Good shape,,,categorical,3,2010,2014
prri_711489,prri,711489,prri:711489,"Q.35 TPARTY Do you consider yourself a part of the Tea Party movement, or not?","No|Yes|Do you consider yourself a part of the Tea Party movement, or not?",No,,,categorical,5,2010,2014
prri_712960,prri,712960,prri:712960,"Q.22 Thinking about how the abortion issue might affect your vote for major offices, would you – only vote for a candidate who shares your views on abortion (or) consider a candidate’s position on abortion as just one of many important factors (or) not see abortion as a major issue?","Abortion is one of many important factors|Abortion is not a major issue|Candidate must share views on abortion|Thinking about how the abortion issue might affect your vote for major offices, would you – only vote for a candidate who shares your views on abortion (or) consider a candidate’s position on abortion as just one of many important factors (or) not see abortion as a major issue?",Abortion is one of many important factors,,,categorical,12,1996,2018
prri_713065,prri,713065,prri:713065,"Q.18f Please say whether your overall opinion of each of the following is very favorable, mostly favorable, mostly unfavorable, or very unfavorable. First… [RANDOMIZE LIST] The Democratic Party","Mostly favorable|Mostly unfavorable|Very unfavorable|Very favorable|Please say whether your overall opinion of each of the following is very favorable, mostly favorable, mostly unfavorable, or very unfavorable. First… [RANDOMIZE LIST] The Democratic Party|Have not heard of",Mostly favorable,,,categorical,6,2012,2018
prri_713066,prri,713066,prri:713066,"Q.18g Please say whether your overall opinion of each of the following is very favorable, mostly favorable, mostly unfavorable, or very unfavorable. First… [RANDOMIZE LIST] The Republican Party","Mostly favorable|Mostly unfavorable|Very unfavorable|Very favorable|Please say whether your overall opinion of each of the following is very favorable, mostly favorable, mostly unfavorable, or very unfavorable. First… [RANDOMIZE LIST] The Republican Party|Have not heard of",Mostly favorable,,,categorical,6,2012,2018
prri_713067,prri,713067,prri:713067,"Q.19 Do you consider Russia an ally of the United States, friendly but not an ally, unfriendly, or an enemy of the United States?","Unfriendly|Friendly|Enemy|Ally|Do you consider Russia an ally of the United States, friendly but not an ally, unfriendly, or an enemy of the United States?",Unfriendly,,,categorical,6,2003,2018
prri_713091,prri,713091,prri:713091,"Q.26c Just your impression, in the United States today, is there a lot of discrimination against any of the following groups, or not? [RANDOMIZE LIST] Blacks","Yes, there is a lot of discrimination|No, not a lot of discrimination|Just your impression, in the United States today, is there a lot of discrimination against any of the following groups, or not? [RANDOMIZE LIST] Blacks","Yes, there is a lot of discrimination",,,categorical,5,2013,2018
prri_713109,prri,713109,prri:713109,"Q.27o Now, read each statement and please say if you completely agree, mostly agree, mostly disagree or completely disagree with each one. [RANDOMIZE LIST] Today discrimination against whites has become as big a problem as discrimination against blacks and other minorities","Mostly disagree|Mostly agree|Completely disagree|Completely agree|Now, read each statement and please say if you completely agree, mostly agree, mostly disagree or completely disagree with each one. [RANDOMIZE LIST] Today discrimination against whites has become as big a problem as discrimination against blacks and other minorities",Mostly disagree,,,categorical,7,2011,2018
prri_713114,prri,713114,prri:713114,"Q.30 Would you say that, in general, the growing number of newcomers from other countries… [INSERT; RANDOMIZE]?","Strengthens American society|Threatens traditional American customs and values|Would you say that, in general, the growing number of newcomers from other countries… [INSERT; RANDOMIZE]?|Other (SPECIFY)",Strengthens American society,,,categorical,6,2011,2018
prri_713363,prri,713363,prri:713363,"Q.20a We would like to get your views on some issues that are being discussed in the country today. Do you strongly favor, favor, oppose or strongly oppose the following? Increasing the minimum wage from $7.25 an hour to $15 an hour.",Strongly favor|Favor|Oppose|Strongly oppose,Strongly favor,,,categorical,3,2015,2018
prri_713410,prri,713410,prri:713410,"Q.12a Now thinking about the people that you know, do you have a close friend or family member who is… transgender","No|Net Yes close friend or family member|Yes, close friend|Now thinking about the people that you know, do you have a close friend or family member who is… transgender|Yes, family member|Yes, myself",No,,,categorical,5,2011,2019
prri_713411,prri,713411,prri:713411,"Q.12b Now thinking about the people that you know, do you have a close friend or family member who is… gay or lesbian","Net Yes close friend or family member|No|Yes, close friend|Yes, family member|Yes, myself",Net Yes close friend or family member,,,categorical,5,2011,2019
prri_713422,prri,713422,prri:713422,Q.1 Do you think things in this country are generally going in the right direction or do you feel things have gotten pretty seriously off on the wrong track?,Wrong track|Right direction|Do you think things in this country are generally going in the right direction or do,Wrong track,,,categorical,6,2011,2019
prri_713431,prri,713431,prri:713431,e. Bernie Sanders,Mostly favorable|Very unfavorable|Mostly unfavorable|Very favorable|Have not heard of,Mostly favorable,,,categorical,3,2015,2019
prri_713450,prri,713450,prri:713450,"Q.8 Based on what you have read or heard, do you believe that President Donald Trump should be impeached and removed from office, or don't you feel that way?","Don’t feel that way|Should be impeached|Based on what you have read or heard, do you believe that President Donald Trump should be impeached and removed from office, or don't you feel that way?",Don’t feel that way,,,categorical,3,2017,2019
prri_713482,prri,713482,prri:713482,c. Today discrimination against whites has become as big a problem as discrimination against blacks and other minorities,Mostly disagree|Mostly agree|Completely disagree|Completely agree,Mostly disagree,,,categorical,8,2011,2019
prri_713485,prri,713485,prri:713485,g. It is necessary to believe in God in order to be moral and have good values,Completely disagree|Mostly agree|Completely agree|Mostly disagree,Completely disagree,,,categorical,4,2012,2019
prri_713499,prri,713499,prri:713499,a. Growing gap between rich and poor,Growing gap between rich and poor Critical issue|One among many important issues|Not that important an issue,Growing gap between rich and poor Critical issue,,,categorical,4,2015,2019
prri_713500,prri,713500,prri:713500,b. Race relations,One among many important issues|Critical issue|Not that important an issue,One among many important issues,,,categorical,4,2015,2019
prri_713501,prri,713501,prri:713501,c. Jobs and unemployment,Critical issue|One among many important issues|Not that important an issue,Critical issue,,,categorical,4,2013,2019
prri_713502,prri,713502,prri:713502,d. Immigration,Critical issue|One among many important issues|Not that important an issue,Critical issue,,,categorical,4,2013,2019
prri_713507,prri,713507,prri:713507,"i. Crime [FORM 1 ONLY] [N=1,273]:",Critical issue|One among many important issues|Not that important an issue|answer_1,Critical issue,,,categorical,4,2015,2019
prri_713513,prri,713513,prri:713513,"b. Making the use of marijuana legal [FORM 1 ONLY] [N=1,289]:",Favor|Strongly favor|Oppose|Strongly oppose|answer_1,Favor,,,categorical,5,2012,2019
prri_713519,prri,713519,prri:713519,b. Building a wall along the U.S. border with Mexico,Strongly oppose|Oppose|Strongly favor|Favor,Strongly oppose,,,categorical,4,2016,2019
prri_855476,prri,855476,prri:855476,"Q3 Now, as I read some statements on a few different topics, please tell me if you completely agree, mostly agree, mostly disagree or completely disagree with each one. (First/Next) [INSERT; RANDOMIZE].",answer_1|answer_2|Mostly disagree|Mostly agree|Completely disagree|Completely agree,Mostly disagree,,,categorical,9,2011,2020
prri_880588,prri,880588,prri:880588,"Q.1 Thinking about the past four years, do you think things in this country are generally going in the right direction or do you feel things are going in the wrong direction?","Wrong direction|Right direction|Mixed|Thinking about the past four years, do you think things in this country are generally going in the right direction or do you feel things are going in the wrong direction?",Wrong direction,,,categorical,7,2011,2020
prri_880593,prri,880593,prri:880593,"Q.4b [FORM 1 ONLY] Nancy Pelosi [N=1,254]",Very unfavorable|Mostly favorable|Mostly unfavorable|Very favorable|Have not heard of,Very unfavorable,,,categorical,2,2019,2020
prri_880594,prri,880594,prri:880594,"Q.4c [FORM 2 ONLY] Mitch McConnell [N=1,284]",Very unfavorable|Mostly unfavorable|Mostly favorable|Have not heard of|Very favorable,Very unfavorable,,,categorical,2,2019,2020
prri_880595,prri,880595,prri:880595,Q.4e Joe Biden,Mostly favorable|Very unfavorable|Mostly unfavorable|Very favorable|Have not heard of,Mostly favorable,,,categorical,4,2012,2020
prri_880597,prri,880597,prri:880597,Q.4g Kamala Harris,Mostly favorable|Very unfavorable|Have not heard of|Mostly unfavorable|Very favorable,Mostly favorable,,,categorical,2,2019,2020
prri_880646,prri,880646,prri:880646,"Q.25a Because things have gotten so far off track in this country, we need a leader who is willing to break some rules if that’s what it takes to set things right","Mostly disagree|Mostly agree|Completely disagree|Completely agree|Because things have gotten so far off track in this country, we need a leader who is willing to break some rules if that’s what it takes to set things right",Mostly disagree,,,categorical,3,2016,2020
prri_880648,prri,880648,prri:880648,Q.25c Today discrimination against white Americans has become as big a problem as discrimination against Black Americans and other minorities,Mostly disagree|Completely disagree|Mostly agree|Completely agree|Today discrimination against white Americans has become as big a problem as discrimination against Black Americans and other minorities,Mostly disagree,,,categorical,9,2011,2020
prri_880649,prri,880649,prri:880649,Q.25d Generations of slavery and discrimination have created conditions that make,Mostly disagree|Mostly agree|Completely disagree|Completely agree|Generations of slavery and discrimination have created conditions that make,Mostly disagree,,,categorical,3,2015,2020
prri_880650,prri,880650,prri:880650,Q.25e Religion causes more problems in society than it solves,Mostly disagree|Completely disagree|Mostly agree|Completely agree|Religion causes more problems in society than it solves,Mostly disagree,,,categorical,5,2011,2020
prri_880651,prri,880651,prri:880651,Q.25f It is necessary to believe in God in order to be moral and have good values,Completely disagree|Mostly agree|Completely agree|Mostly disagree|It is necessary to believe in God in order to be moral and have good values,Completely disagree,,,categorical,5,2012,2020
prri_880652,prri,880652,prri:880652,Q.25g The values of Islam are at odds with American values and way of life,Mostly disagree|Mostly agree|Completely agree|Completely disagree|The values of Islam are at odds with American values and way of life,Mostly disagree,,,categorical,4,2011,2020
prri_880655,prri,880655,prri:880655,"Q.25j [FORM 1 ONLY] Society as a whole has become too soft and feminine [N=1,274]",Mostly disagree|Completely disagree|Mostly agree|Completely agree|answer_1,Mostly disagree,,,categorical,4,2011,2020
prri_880656,prri,880656,prri:880656,"Q.25k [FORM 2 ONLY] God has granted America a special role in human history [N=1,264]",Mostly agree|Completely agree|Completely disagree|Mostly disagree|answer_1,Mostly agree,,,categorical,6,2011,2020
prri_880657,prri,880657,prri:880657,"Q.25l [FORM 2 ONLY] America today sets a good moral example for the world [N=1,264]",Mostly disagree|Mostly agree|Completely disagree|Completely agree|answer_1,Mostly disagree,,,categorical,4,2015,2020
prri_880659,prri,880659,prri:880659,Q.26a Growing gap between rich and poor,Critical issue|One among many important issues|Not that important an issue|Growing gap between rich and poor,Critical issue,,,categorical,5,2015,2020
prri_880660,prri,880660,prri:880660,Q.26b Racial inequality,One among many important issues|Critical issue|Not that important an issue|Racial inequality,One among many important issues,,,categorical,5,2015,2020
prri_880661,prri,880661,prri:880661,Q.26c Jobs and unemployment,Critical issue|One among many important issues|Not that important an issue|Jobs and unemployment,Critical issue,,,categorical,5,2013,2020
prri_880662,prri,880662,prri:880662,Q.26d Immigration,One among many important issues|Critical issue|Not that important an issue|Immigration,One among many important issues,,,categorical,5,2013,2020
prri_880663,prri,880663,prri:880663,Q.26e Health care,Critical issue|One among many important issues|Health care|Not that important an issue,Critical issue,,,categorical,5,2013,2020
prri_880664,prri,880664,prri:880664,Q.26f Terrorism,Critical issue|One among many important issues|Not that important an issue|Terrorism,Critical issue,,,categorical,4,2015,2020
prri_880667,prri,880667,prri:880667,Q.26i Crime,Critical issue|One among many important issues|Not that important an issue|Crime,Critical issue,,,categorical,5,2015,2020
prri_880679,prri,880679,prri:880679,"Q.27e [FORM 2 ONLY] Making the use of marijuana legal [N=1,237]",Favor|Strongly favor|Oppose|Strongly oppose|answer_1,Favor,,,categorical,6,2012,2020
prri_880681,prri,880681,prri:880681,"Q.27g [FORM 2 ONLY] Laws that would protect gay, lesbian, bisexual, and transgender people against discrimination in jobs, public accommodations, and housing? [N=1,237]",Strongly favor|Favor|Oppose|Strongly oppose|answer_1,Strongly favor,,,categorical,6,2015,2020
prri_880693,prri,880693,prri:880693,Q.35 What kind of shape would you say your current financial situation is in?,Good shape|Only fair shape|Poor shape|What kind of shape would you say your current financial situation is in? Excellent shape,Good shape,,,categorical,6,2010,2020
prri_880711,prri,880711,prri:880711,Q.42b Building a wall along the U.S. border with Mexico,Strongly oppose|Oppose|Strongly favor|Favor|Building a wall along the U.S. border with Mexico,Strongly oppose,,,categorical,5,2016,2020
prri_880731,prri,880731,prri:880731,Q.47b Black people,"Yes, there is a lot of discrimination|No, not a lot of discrimination|Black people","Yes, there is a lot of discrimination",,,categorical,6,2013,2020
prri_880736,prri,880736,prri:880736,"Q.49 Thinking about how the abortion issue might affect your vote for major offices, would you:","Consider a candidate’s position on abortion as just one of many important factors|Not see abortion as a major issue|Thinking about how the abortion issue might affect your vote for major offices, would you: Only vote for a candidate who shares your views on abortion",Consider a candidate’s position on abortion as just one of many important factors,,,categorical,7,2012,2020
prri_880739,prri,880739,prri:880739,Q.51a Russia,"Unfriendly, but not an enemy|Enemy of the US|Friendly, but not an ally|Russia|Ally of the US","Unfriendly, but not an enemy",,,categorical,3,2017,2020
prri_880741,prri,880741,prri:880741,Q.55 Which of the following statements comes closest to your view? [READ IN ORDER],ORDER] America was a Christian nation in the past but is not now|Which of the following statements comes closest to your view? [READ IN America has always been and is currently a Christian nation|America has never been a Christian nation,ORDER] America was a Christian nation in the past but is not now,,,categorical,7,2010,2020
prri_948776,prri,948776,prri:948776,Q.1b Joe Biden,Mostly favorable|Very unfavorable|Mostly unfavorable|Very favorable|Have not heard of,Mostly favorable,,,categorical,4,2012,2020
prri_948777,prri,948777,prri:948777,Q.1c Kamala Harris,Mostly favorable|Very unfavorable|Have not heard of|Mostly unfavorable|Very favorable,Mostly favorable,,,categorical,2,2019,2020
prri_948801,prri,948801,prri:948801,"Q.5c Laws that would protect gay, lesbian, bisexual, and transgender people against discrimination in jobs, public accommodations, and housing [PRRI trend]",Strongly favor|Favor|Oppose|Strongly oppose,Strongly favor,,,categorical,6,2015,2020
prri_948804,prri,948804,prri:948804,"Q.5f [FORM 1 ONLY] Making the use of marijuana legal [PRRI trend] [N=2,704]",Favor|Strongly favor|Oppose|Strongly oppose,Favor,,,categorical,6,2012,2020
prri_948819,prri,948819,prri:948819,Q.9a transgender,"No|Net Yes close friend or family member|Yes, close friend|Yes, family member|Yes, myself",No,,,categorical,5,2011,2019
prri_948820,prri,948820,prri:948820,Q.9b gay or lesbian,"Net Yes close friend or family member|No|Yes, close friend|Yes, family member|Yes, myself",Net Yes close friend or family member,,,categorical,5,2011,2019
prri_948821,prri,948821,prri:948821,Q.9c bisexual,"No|Net Yes close friend or family member|Yes, close friend|Yes, family member|Yes, myself",No,,,categorical,2,2015,2019
prri_948847,prri,948847,prri:948847,Q2a. Joe Biden,Mostly favorable|Very unfavorable|Mostly unfavorable|Very favorable|Have not heard of,Mostly favorable,,,categorical,4,2012,2020
prri_948848,prri,948848,prri:948848,Q2b. Kamala Harris,Mostly favorable|Very unfavorable|Have not heard of|Mostly unfavorable|Very favorable,Mostly favorable,,,categorical,2,2019,2020
prri_948850,prri,948850,prri:948850,Q2d. Barack Obama,Mostly favorable|Very unfavorable|Very favorable|Mostly unfavorable,Mostly favorable,,,categorical,7,2010,2017
prri_948851,prri,948851,prri:948851,Q2e. George W. Bush,Mostly favorable|Mostly unfavorable|Very unfavorable|Very favorable|Have not heard of,Mostly favorable,,,categorical,4,2010,2017
prri_948863,prri,948863,prri:948863,"Q4. Since the 1950s, do you think American culture and way of life has mostly changed for the better, or has it mostly changed for the worse? [ROTATE ORDER OF STATEMENTS]",Mostly changed for the worse|Mostly changed for the better|Both/ Neither,Mostly changed for the worse,,,categorical,5,2013,2020
prri_948887,prri,948887,prri:948887,Q11b. God has granted America a special role in human history,Mostly agree|Completely agree|Completely disagree|Mostly disagree,Mostly agree,,,categorical,6,2011,2020
prri_948891,prri,948891,prri:948891,Q11f. The values of Islam are at odds with American values and way of life,Mostly disagree|Mostly agree|Completely agree|Completely disagree,Mostly disagree,,,categorical,4,2011,2020
prri_948924,prri,948924,prri:948924,"Q26a. [FORM 1 ONLY] Growing gap between rich and poor [N=1,254]",Critical issue|One among many important issues|Don’t know/ Skipped|Not that important an issue,Critical issue,,,categorical,5,2015,2020
prri_948925,prri,948925,prri:948925,Q26b. Racial inequality,Critical issue|One among many important issues|Don’t know/ Skipped|Not that important an issue,One among many important issues,,,categorical,5,2015,2020
prri_948927,prri,948927,prri:948927,"Q26d. [FORM 2 ONLY] Immigration [N=1,254]",One among many important issues|Critical issue|Don’t know/ Skipped|Not that important an issue,One among many important issues,,,categorical,5,2013,2020
prri_948929,prri,948929,prri:948929,Q26f. [FORM 2 ONLY] Terrorism,Don’t know/ Skipped|Critical issue|One among many important issues|Not that important an issue,Critical issue,,,categorical,4,2015,2020
prri_948932,prri,948932,prri:948932,Q26i. [FORM 2 ONLY] Crime,Critical issue|One among many important issues|Not that important an issue,Critical issue,,,categorical,5,2015,2020
prri_948940,prri,948940,prri:948940,"Q28. Would you say that, in general, the growing number of newcomers from other countries: [ROTATE]",Strengthens American society|Threatens traditional American customs and values|Don’t know/ Skipped|Other (SPECIFY),Strengthens American society,,,categorical,6,2011,2018
prri_948945,prri,948945,prri:948945,Q30c. Building a wall along the U.S. border with Mexico,Strongly oppose|Oppose|Strongly favor|Favor,Strongly oppose,,,categorical,5,2016,2020
prri_986619,prri,986619,prri:986619,"Q6. Since the 1950s, do you think American culture and way of life has mostly changed for the better, or has it mostly changed for the worse? [ROTATE ORDER OF STATEMENTS]",Mostly changed for the worse|Mostly changed for the better|Both/ Neither,Mostly changed for the worse,,,categorical,5,2013,2020
prri_986620,prri,986620,prri:986620,"Q7a. Thinking about what would be your own ideal for the country, please place yourself on the following scale.",I would prefer the U.S. to be a nation made up of people from all over the world. 1|5|nation primarily made up of people from western European heritage. 6|I would prefer the U.S. to be a 3|Middle of the scale 2|7|4|8|10|9,I would prefer the U.S. to be a nation made up of people from all over the world. 1,,,categorical,2,2018,2020
prri_986621,prri,986621,prri:986621,"Q7b. Thinking about what would be your own ideal for the country, please place yourself on the following scale.",I would prefer the U.S. to be a nation made up of people belonging to a wide variety of religions. 1|5|nation primarily made up of people who follow the Christian faith. 6|I would prefer the U.S. to be a 3|Middle of the scale 2|7|4|8|10|9,I would prefer the U.S. to be a nation made up of people belonging to a wide variety of religions. 1,,,categorical,2,2018,2020
prri_986628,prri,986628,prri:986628,Q9e. God has granted America a special role in human history,Mostly agree|Completely agree|Completely disagree|Mostly disagree,Mostly agree,,,categorical,6,2011,2020
prri_986629,prri,986629,prri:986629,"Q10. Would you say that, in general, the growing number of newcomers from other countries: [ROTATE]",Strengthens American society|Threatens traditional American customs and values|Don’t know/ Skipped|Other (SPECIFY),Strengthens American society,,,categorical,6,2011,2018
prri_986633,prri,986633,prri:986633,"Q12a. [FORM 1 ONLY] Being a Christian [N=2,735]",Not at all important|Very important|Somewhat important|Not too important,Not at all important,,,categorical,2,2015,2018
prri_986634,prri,986634,prri:986634,"Q12b. [FORM 1 ONLY] Being born in America [N=2,735]",Very important|Somewhat important|Not too important|Not at all important,Very important,,,categorical,2,2015,2018
prri_986635,prri,986635,prri:986635,"Q12c. [FORM 1 ONLY] Being able to speak English [N=2,735]",Very important|Somewhat important|Not too important|Not at all important,Very important,,,categorical,2,2015,2018
prri_986636,prri,986636,prri:986636,"Q12d. [FORM 1 ONLY] Believing in God [N=2,735]",Very important|Not at all important|Somewhat important|Not too important,Very important,,,categorical,2,2015,2018
prri_986644,prri,986644,prri:986644,Q13a. Over the past few years Black Americans have gotten less than they deserve,Mostly disagree|Mostly agree|Completely disagree|Completely agree,Mostly disagree,,,categorical,2,2015,2018
prri_986645,prri,986645,prri:986645,"Q13b. It’s really a matter of some people not trying hard enough; if Black Americans would only try harder, they could be just as well off as white Americans",Mostly agree|Mostly disagree|Completely disagree|Completely agree,Mostly agree,,,categorical,3,2015,2018
prri_986646,prri,986646,prri:986646,Q13c. Generations of slavery and discrimination have created conditions that make it difficult for Black Americans to work their way out of the lower class,Mostly disagree|Mostly agree|Completely disagree|Completely agree,Mostly disagree,,,categorical,3,2015,2020
prri_986647,prri,986647,prri:986647,Q13d. A black person is more likely than a white person to receive the death penalty for the same crime,Mostly agree|Completely agree|Mostly disagree|Completely disagree,Mostly agree,,,categorical,2,2015,2018
prri_986651,prri,986651,prri:986651,Q13h. Today discrimination against white Americans has become as big a problem as discrimination against Black Americans and other minorities,Mostly disagree|Completely disagree|Mostly agree|Completely agree,Mostly disagree,,,categorical,9,2011,2020
